timestamp_utc,load_kw
2025-01-01 00:00:00+00:00,2614.338425
2025-01-01 01:00:00+00:00,2470.768955
2025-01-01 02:00:00+00:00,2521.886488
2025-01-01 03:00:00+00:00,2524.021095
2025-01-01 04:00:00+00:00,2548.414178
2025-01-01 05:00:00+00:00,2557.566262
2025-01-01 06:00:00+00:00,2416.255645
2025-01-01 07:00:00+00:00,2750.111071
2025-01-01 08:00:00+00:00,2719.270242
2025-01-01 09:00:00+00:00,2857.043582
2025-01-01 10:00:00+00:00,2793.109551
2025-01-01 11:00:00+00:00,2823.011014
2025-01-01 12:00:00+00:00,2876.781158
2025-01-01 13:00:00+00:00,2845.297940
2025-01-01 14:00:00+00:00,2898.907560
2025-01-01 15:00:00+00:00,2903.355464
2025-01-01 16:00:00+00:00,2722.011001
2025-01-01 17:00:00+00:00,2877.694129
2025-01-01 18:00:00+00:00,2849.937529
2025-01-01 19:00:00+00:00,2845.726026
2025-01-01 20:00:00+00:00,2737.649455
2025-01-01 21:00:00+00:00,2806.664646
2025-01-01 22:00:00+00:00,2836.561593
2025-01-01 23:00:00+00:00,2515.998866
2025-01-02 00:00:00+00:00,2416.000681
2025-01-02 01:00:00+00:00,2504.135950
2025-01-02 02:00:00+00:00,2508.370261
2025-01-02 03:00:00+00:00,2512.336473
2025-01-02 04:00:00+00:00,2474.282983
2025-01-02 05:00:00+00:00,2416.568229
2025-01-02 06:00:00+00:00,2480.193340
2025-01-02 07:00:00+00:00,2663.200616
2025-01-02 08:00:00+00:00,2838.255866
2025-01-02 09:00:00+00:00,2789.381431
2025-01-02 10:00:00+00:00,2726.914866
2025-01-02 11:00:00+00:00,2736.923574
2025-01-02 12:00:00+00:00,2859.636872
2025-01-02 13:00:00+00:00,2606.069539
2025-01-02 14:00:00+00:00,2842.327948
2025-01-02 15:00:00+00:00,2808.147918
2025-01-02 16:00:00+00:00,2994.388187
2025-01-02 17:00:00+00:00,2703.176828
2025-01-02 18:00:00+00:00,2742.138504
2025-01-02 19:00:00+00:00,2747.337652
2025-01-02 20:00:00+00:00,2761.959100
2025-01-02 21:00:00+00:00,2727.478435
2025-01-02 22:00:00+00:00,2797.075460
2025-01-02 23:00:00+00:00,2447.354696
2025-01-03 00:00:00+00:00,2493.667554
2025-01-03 01:00:00+00:00,2606.892473
2025-01-03 02:00:00+00:00,2468.771199
2025-01-03 03:00:00+00:00,2438.948294
2025-01-03 04:00:00+00:00,2500.638923
2025-01-03 05:00:00+00:00,2563.651610
2025-01-03 06:00:00+00:00,2397.918101
2025-01-03 07:00:00+00:00,2802.812323
2025-01-03 08:00:00+00:00,2844.133020
2025-01-03 09:00:00+00:00,2826.240889
2025-01-03 10:00:00+00:00,2881.155669
2025-01-03 11:00:00+00:00,2689.008681
2025-01-03 12:00:00+00:00,2855.042209
2025-01-03 13:00:00+00:00,2767.364242
2025-01-03 14:00:00+00:00,2885.459732
2025-01-03 15:00:00+00:00,2760.814129
2025-01-03 16:00:00+00:00,2784.096593
2025-01-03 17:00:00+00:00,2831.899626
2025-01-03 18:00:00+00:00,2746.538222
2025-01-03 19:00:00+00:00,2830.164688
2025-01-03 20:00:00+00:00,2824.662343
2025-01-03 21:00:00+00:00,2760.021657
2025-01-03 22:00:00+00:00,2723.308558
2025-01-03 23:00:00+00:00,2457.691177
2025-01-04 00:00:00+00:00,2178.052763
2025-01-04 01:00:00+00:00,2205.109463
2025-01-04 02:00:00+00:00,2246.555500
2025-01-04 03:00:00+00:00,2162.263910
2025-01-04 04:00:00+00:00,2149.215457
2025-01-04 05:00:00+00:00,2212.478475
2025-01-04 06:00:00+00:00,2174.444613
2025-01-04 07:00:00+00:00,2477.181154
2025-01-04 08:00:00+00:00,2504.693683
2025-01-04 09:00:00+00:00,2416.372650
2025-01-04 10:00:00+00:00,2512.553996
2025-01-04 11:00:00+00:00,2459.292797
2025-01-04 12:00:00+00:00,2473.994149
2025-01-04 13:00:00+00:00,2450.054914
2025-01-04 14:00:00+00:00,2397.146596
2025-01-04 15:00:00+00:00,2496.835710
2025-01-04 16:00:00+00:00,2468.599437
2025-01-04 17:00:00+00:00,2534.674022
2025-01-04 18:00:00+00:00,2572.352839
2025-01-04 19:00:00+00:00,2483.284232
2025-01-04 20:00:00+00:00,2316.884774
2025-01-04 21:00:00+00:00,2428.576815
2025-01-04 22:00:00+00:00,2524.418656
2025-01-04 23:00:00+00:00,2204.925577
2025-01-05 00:00:00+00:00,2088.398132
2025-01-05 01:00:00+00:00,2277.477178
2025-01-05 02:00:00+00:00,2232.186487
2025-01-05 03:00:00+00:00,2151.908306
2025-01-05 04:00:00+00:00,2171.057322
2025-01-05 05:00:00+00:00,2277.892678
2025-01-05 06:00:00+00:00,2263.591251
2025-01-05 07:00:00+00:00,2513.530544
2025-01-05 08:00:00+00:00,2460.252391
2025-01-05 09:00:00+00:00,2525.247667
2025-01-05 10:00:00+00:00,2452.252984
2025-01-05 11:00:00+00:00,2508.342142
2025-01-05 12:00:00+00:00,2543.528013
2025-01-05 13:00:00+00:00,2471.468786
2025-01-05 14:00:00+00:00,2336.985443
2025-01-05 15:00:00+00:00,2483.985691
2025-01-05 16:00:00+00:00,2492.585136
2025-01-05 17:00:00+00:00,2477.916442
2025-01-05 18:00:00+00:00,2401.720703
2025-01-05 19:00:00+00:00,2458.924782
2025-01-05 20:00:00+00:00,2555.587514
2025-01-05 21:00:00+00:00,2474.358664
2025-01-05 22:00:00+00:00,2491.084186
2025-01-05 23:00:00+00:00,2231.094242
2025-01-06 00:00:00+00:00,2527.253851
2025-01-06 01:00:00+00:00,2463.404181
2025-01-06 02:00:00+00:00,2476.741980
2025-01-06 03:00:00+00:00,2575.905568
2025-01-06 04:00:00+00:00,2548.818458
2025-01-06 05:00:00+00:00,2542.492201
2025-01-06 06:00:00+00:00,2439.782323
2025-01-06 07:00:00+00:00,2807.630072
2025-01-06 08:00:00+00:00,2824.710442
2025-01-06 09:00:00+00:00,2799.041945
2025-01-06 10:00:00+00:00,2844.291672
2025-01-06 11:00:00+00:00,2774.617122
2025-01-06 12:00:00+00:00,2681.288861
2025-01-06 13:00:00+00:00,2852.321233
2025-01-06 14:00:00+00:00,2796.097090
2025-01-06 15:00:00+00:00,2762.170062
2025-01-06 16:00:00+00:00,2979.741506
2025-01-06 17:00:00+00:00,2690.993535
2025-01-06 18:00:00+00:00,2706.440664
2025-01-06 19:00:00+00:00,2765.711930
2025-01-06 20:00:00+00:00,2659.768975
2025-01-06 21:00:00+00:00,2899.643964
2025-01-06 22:00:00+00:00,2825.344949
2025-01-06 23:00:00+00:00,2552.297208
2025-01-07 00:00:00+00:00,2615.937175
2025-01-07 01:00:00+00:00,2568.340570
2025-01-07 02:00:00+00:00,2398.407808
2025-01-07 03:00:00+00:00,2530.230802
2025-01-07 04:00:00+00:00,2441.788797
2025-01-07 05:00:00+00:00,2534.033740
2025-01-07 06:00:00+00:00,2485.002821
2025-01-07 07:00:00+00:00,2792.711448
2025-01-07 08:00:00+00:00,2896.018952
2025-01-07 09:00:00+00:00,2717.327080
2025-01-07 10:00:00+00:00,2823.852238
2025-01-07 11:00:00+00:00,2806.191412
2025-01-07 12:00:00+00:00,2712.237653
2025-01-07 13:00:00+00:00,2868.551304
2025-01-07 14:00:00+00:00,2818.589573
2025-01-07 15:00:00+00:00,2825.258604
2025-01-07 16:00:00+00:00,2709.352400
2025-01-07 17:00:00+00:00,2862.860912
2025-01-07 18:00:00+00:00,2781.155964
2025-01-07 19:00:00+00:00,2810.382793
2025-01-07 20:00:00+00:00,2896.558337
2025-01-07 21:00:00+00:00,2685.759066
2025-01-07 22:00:00+00:00,2840.888931
2025-01-07 23:00:00+00:00,2486.744938
2025-01-08 00:00:00+00:00,2489.749129
2025-01-08 01:00:00+00:00,2611.477331
2025-01-08 02:00:00+00:00,2440.740510
2025-01-08 03:00:00+00:00,2557.815250
2025-01-08 04:00:00+00:00,2608.200177
2025-01-08 05:00:00+00:00,2526.498477
2025-01-08 06:00:00+00:00,2524.477856
2025-01-08 07:00:00+00:00,2881.019430
2025-01-08 08:00:00+00:00,2690.033653
2025-01-08 09:00:00+00:00,2738.574493
2025-01-08 10:00:00+00:00,2829.199817
2025-01-08 11:00:00+00:00,2735.139541
2025-01-08 12:00:00+00:00,2701.204109
2025-01-08 13:00:00+00:00,2752.066962
2025-01-08 14:00:00+00:00,2751.219035
2025-01-08 15:00:00+00:00,2793.871174
2025-01-08 16:00:00+00:00,2862.278044
2025-01-08 17:00:00+00:00,2867.127331
2025-01-08 18:00:00+00:00,2800.041512
2025-01-08 19:00:00+00:00,2806.751431
2025-01-08 20:00:00+00:00,2672.617473
2025-01-08 21:00:00+00:00,2845.267384
2025-01-08 22:00:00+00:00,2778.194785
2025-01-08 23:00:00+00:00,2588.639433
2025-01-09 00:00:00+00:00,2463.080604
2025-01-09 01:00:00+00:00,2491.804167
2025-01-09 02:00:00+00:00,2487.130479
2025-01-09 03:00:00+00:00,2622.842374
2025-01-09 04:00:00+00:00,2552.053663
2025-01-09 05:00:00+00:00,2470.652615
2025-01-09 06:00:00+00:00,2459.506859
2025-01-09 07:00:00+00:00,2837.520796
2025-01-09 08:00:00+00:00,2827.263165
2025-01-09 09:00:00+00:00,2881.962480
2025-01-09 10:00:00+00:00,2844.584041
2025-01-09 11:00:00+00:00,2790.807968
2025-01-09 12:00:00+00:00,2669.967142
2025-01-09 13:00:00+00:00,2771.853256
2025-01-09 14:00:00+00:00,2732.351875
2025-01-09 15:00:00+00:00,2723.554891
2025-01-09 16:00:00+00:00,2789.970124
2025-01-09 17:00:00+00:00,2728.077397
2025-01-09 18:00:00+00:00,2777.492663
2025-01-09 19:00:00+00:00,2792.744843
2025-01-09 20:00:00+00:00,2739.925755
2025-01-09 21:00:00+00:00,2762.060176
2025-01-09 22:00:00+00:00,2819.013884
2025-01-09 23:00:00+00:00,2586.503000
2025-01-10 00:00:00+00:00,2488.377510
2025-01-10 01:00:00+00:00,2477.295055
2025-01-10 02:00:00+00:00,2598.812169
2025-01-10 03:00:00+00:00,2554.361518
2025-01-10 04:00:00+00:00,2532.923039
2025-01-10 05:00:00+00:00,2603.974517
2025-01-10 06:00:00+00:00,2493.872041
2025-01-10 07:00:00+00:00,2782.979970
2025-01-10 08:00:00+00:00,2860.387117
2025-01-10 09:00:00+00:00,2759.385733
2025-01-10 10:00:00+00:00,2794.218268
2025-01-10 11:00:00+00:00,2793.763354
2025-01-10 12:00:00+00:00,2938.089507
2025-01-10 13:00:00+00:00,2725.979658
2025-01-10 14:00:00+00:00,2836.066093
2025-01-10 15:00:00+00:00,2794.929900
2025-01-10 16:00:00+00:00,2845.331464
2025-01-10 17:00:00+00:00,2783.866617
2025-01-10 18:00:00+00:00,2892.992234
2025-01-10 19:00:00+00:00,2841.750840
2025-01-10 20:00:00+00:00,2720.626286
2025-01-10 21:00:00+00:00,2812.618043
2025-01-10 22:00:00+00:00,2741.231316
2025-01-10 23:00:00+00:00,2488.008669
2025-01-11 00:00:00+00:00,2110.290655
2025-01-11 01:00:00+00:00,2254.063573
2025-01-11 02:00:00+00:00,2252.816702
2025-01-11 03:00:00+00:00,2271.998024
2025-01-11 04:00:00+00:00,2198.992432
2025-01-11 05:00:00+00:00,2157.565174
2025-01-11 06:00:00+00:00,2252.690932
2025-01-11 07:00:00+00:00,2469.743132
2025-01-11 08:00:00+00:00,2579.282340
2025-01-11 09:00:00+00:00,2490.410916
2025-01-11 10:00:00+00:00,2496.400740
2025-01-11 11:00:00+00:00,2502.713317
2025-01-11 12:00:00+00:00,2453.508284
2025-01-11 13:00:00+00:00,2484.865401
2025-01-11 14:00:00+00:00,2526.592223
2025-01-11 15:00:00+00:00,2473.041962
2025-01-11 16:00:00+00:00,2452.189983
2025-01-11 17:00:00+00:00,2416.922954
2025-01-11 18:00:00+00:00,2427.016959
2025-01-11 19:00:00+00:00,2464.900063
2025-01-11 20:00:00+00:00,2404.364125
2025-01-11 21:00:00+00:00,2401.930945
2025-01-11 22:00:00+00:00,2524.960571
2025-01-11 23:00:00+00:00,2247.083949
2025-01-12 00:00:00+00:00,2222.001052
2025-01-12 01:00:00+00:00,2207.830030
2025-01-12 02:00:00+00:00,2224.808880
2025-01-12 03:00:00+00:00,2111.349151
2025-01-12 04:00:00+00:00,2158.592978
2025-01-12 05:00:00+00:00,2262.232704
2025-01-12 06:00:00+00:00,2190.861678
2025-01-12 07:00:00+00:00,2499.775785
2025-01-12 08:00:00+00:00,2499.401347
2025-01-12 09:00:00+00:00,2489.352320
2025-01-12 10:00:00+00:00,2513.511983
2025-01-12 11:00:00+00:00,2418.529837
2025-01-12 12:00:00+00:00,2455.553063
2025-01-12 13:00:00+00:00,2454.147598
2025-01-12 14:00:00+00:00,2500.796840
2025-01-12 15:00:00+00:00,2453.910279
2025-01-12 16:00:00+00:00,2470.660921
2025-01-12 17:00:00+00:00,2548.734275
2025-01-12 18:00:00+00:00,2536.907407
2025-01-12 19:00:00+00:00,2416.077277
2025-01-12 20:00:00+00:00,2434.048864
2025-01-12 21:00:00+00:00,2522.536823
2025-01-12 22:00:00+00:00,2501.532167
2025-01-12 23:00:00+00:00,2243.796569
2025-01-13 00:00:00+00:00,2473.728338
2025-01-13 01:00:00+00:00,2503.922862
2025-01-13 02:00:00+00:00,2398.428680
2025-01-13 03:00:00+00:00,2561.951851
2025-01-13 04:00:00+00:00,2422.813958
2025-01-13 05:00:00+00:00,2523.093913
2025-01-13 06:00:00+00:00,2577.695116
2025-01-13 07:00:00+00:00,2838.609527
2025-01-13 08:00:00+00:00,2862.369893
2025-01-13 09:00:00+00:00,2775.398082
2025-01-13 10:00:00+00:00,2843.972949
2025-01-13 11:00:00+00:00,2888.392133
2025-01-13 12:00:00+00:00,2770.117624
2025-01-13 13:00:00+00:00,2769.346190
2025-01-13 14:00:00+00:00,2805.805550
2025-01-13 15:00:00+00:00,2820.744536
2025-01-13 16:00:00+00:00,2833.110876
2025-01-13 17:00:00+00:00,2829.259236
2025-01-13 18:00:00+00:00,2886.653001
2025-01-13 19:00:00+00:00,2929.699891
2025-01-13 20:00:00+00:00,2644.391108
2025-01-13 21:00:00+00:00,2838.062855
2025-01-13 22:00:00+00:00,2860.309617
2025-01-13 23:00:00+00:00,2362.275019
2025-01-14 00:00:00+00:00,2477.122643
2025-01-14 01:00:00+00:00,2521.057529
2025-01-14 02:00:00+00:00,2490.075943
2025-01-14 03:00:00+00:00,2506.464631
2025-01-14 04:00:00+00:00,2588.023213
2025-01-14 05:00:00+00:00,2472.056541
2025-01-14 06:00:00+00:00,2564.071813
2025-01-14 07:00:00+00:00,2700.200141
2025-01-14 08:00:00+00:00,2778.059461
2025-01-14 09:00:00+00:00,2746.498168
2025-01-14 10:00:00+00:00,2877.688547
2025-01-14 11:00:00+00:00,2705.875122
2025-01-14 12:00:00+00:00,2730.649327
2025-01-14 13:00:00+00:00,2960.195895
2025-01-14 14:00:00+00:00,2712.048751
2025-01-14 15:00:00+00:00,2833.883200
2025-01-14 16:00:00+00:00,2812.760902
2025-01-14 17:00:00+00:00,2712.343791
2025-01-14 18:00:00+00:00,2802.927838
2025-01-14 19:00:00+00:00,2742.227909
2025-01-14 20:00:00+00:00,2878.621183
2025-01-14 21:00:00+00:00,2793.992850
2025-01-14 22:00:00+00:00,2710.380815
2025-01-14 23:00:00+00:00,2507.483578
2025-01-15 00:00:00+00:00,2590.265505
2025-01-15 01:00:00+00:00,2553.362502
2025-01-15 02:00:00+00:00,2551.099933
2025-01-15 03:00:00+00:00,2519.624385
2025-01-15 04:00:00+00:00,2481.801134
2025-01-15 05:00:00+00:00,2451.776806
2025-01-15 06:00:00+00:00,2416.148726
2025-01-15 07:00:00+00:00,2847.755769
2025-01-15 08:00:00+00:00,2695.358670
2025-01-15 09:00:00+00:00,2802.104138
2025-01-15 10:00:00+00:00,2821.621867
2025-01-15 11:00:00+00:00,2839.137384
2025-01-15 12:00:00+00:00,2734.582415
2025-01-15 13:00:00+00:00,2885.190094
2025-01-15 14:00:00+00:00,2822.904775
2025-01-15 15:00:00+00:00,2719.597959
2025-01-15 16:00:00+00:00,2774.115836
2025-01-15 17:00:00+00:00,2793.326448
2025-01-15 18:00:00+00:00,2792.409429
2025-01-15 19:00:00+00:00,2779.312218
2025-01-15 20:00:00+00:00,2790.391025
2025-01-15 21:00:00+00:00,2738.941463
2025-01-15 22:00:00+00:00,3036.472785
2025-01-15 23:00:00+00:00,2456.980564
2025-01-16 00:00:00+00:00,2483.611593
2025-01-16 01:00:00+00:00,2520.344417
2025-01-16 02:00:00+00:00,2558.836132
2025-01-16 03:00:00+00:00,2508.144886
2025-01-16 04:00:00+00:00,2547.306456
2025-01-16 05:00:00+00:00,2569.374230
2025-01-16 06:00:00+00:00,2530.464124
2025-01-16 07:00:00+00:00,2772.056616
2025-01-16 08:00:00+00:00,2862.353955
2025-01-16 09:00:00+00:00,2718.099444
2025-01-16 10:00:00+00:00,2804.262414
2025-01-16 11:00:00+00:00,2757.815145
2025-01-16 12:00:00+00:00,2775.579135
2025-01-16 13:00:00+00:00,2786.509554
2025-01-16 14:00:00+00:00,2752.503149
2025-01-16 15:00:00+00:00,2688.176733
2025-01-16 16:00:00+00:00,2773.624587
2025-01-16 17:00:00+00:00,2663.259057
2025-01-16 18:00:00+00:00,2785.282791
2025-01-16 19:00:00+00:00,2832.529033
2025-01-16 20:00:00+00:00,2970.690661
2025-01-16 21:00:00+00:00,2867.108155
2025-01-16 22:00:00+00:00,2927.728253
2025-01-16 23:00:00+00:00,2444.909292
2025-01-17 00:00:00+00:00,2442.599350
2025-01-17 01:00:00+00:00,2487.533016
2025-01-17 02:00:00+00:00,2422.162467
2025-01-17 03:00:00+00:00,2434.200281
2025-01-17 04:00:00+00:00,2474.796169
2025-01-17 05:00:00+00:00,2480.254149
2025-01-17 06:00:00+00:00,2414.070934
2025-01-17 07:00:00+00:00,2842.835320
2025-01-17 08:00:00+00:00,2813.154560
2025-01-17 09:00:00+00:00,2734.751622
2025-01-17 10:00:00+00:00,2697.217547
2025-01-17 11:00:00+00:00,2768.312170
2025-01-17 12:00:00+00:00,2844.864967
2025-01-17 13:00:00+00:00,2800.774761
2025-01-17 14:00:00+00:00,2637.858860
2025-01-17 15:00:00+00:00,2762.380588
2025-01-17 16:00:00+00:00,2752.842337
2025-01-17 17:00:00+00:00,2910.590665
2025-01-17 18:00:00+00:00,2702.433272
2025-01-17 19:00:00+00:00,2691.884377
2025-01-17 20:00:00+00:00,2755.098459
2025-01-17 21:00:00+00:00,2932.755308
2025-01-17 22:00:00+00:00,2856.092534
2025-01-17 23:00:00+00:00,2524.965398
2025-01-18 00:00:00+00:00,2187.587922
2025-01-18 01:00:00+00:00,2231.167885
2025-01-18 02:00:00+00:00,2237.985208
2025-01-18 03:00:00+00:00,2223.373250
2025-01-18 04:00:00+00:00,2283.470172
2025-01-18 05:00:00+00:00,2259.650588
2025-01-18 06:00:00+00:00,2237.667340
2025-01-18 07:00:00+00:00,2578.505309
2025-01-18 08:00:00+00:00,2580.101787
2025-01-18 09:00:00+00:00,2542.812628
2025-01-18 10:00:00+00:00,2361.662878
2025-01-18 11:00:00+00:00,2531.725769
2025-01-18 12:00:00+00:00,2445.118924
2025-01-18 13:00:00+00:00,2502.662980
2025-01-18 14:00:00+00:00,2350.815678
2025-01-18 15:00:00+00:00,2403.586573
2025-01-18 16:00:00+00:00,2495.137920
2025-01-18 17:00:00+00:00,2428.582816
2025-01-18 18:00:00+00:00,2555.964744
2025-01-18 19:00:00+00:00,2389.545911
2025-01-18 20:00:00+00:00,2407.899636
2025-01-18 21:00:00+00:00,2538.310326
2025-01-18 22:00:00+00:00,2349.759651
2025-01-18 23:00:00+00:00,2181.266357
2025-01-19 00:00:00+00:00,2205.561870
2025-01-19 01:00:00+00:00,2270.584098
2025-01-19 02:00:00+00:00,2302.023353
2025-01-19 03:00:00+00:00,2269.923351
2025-01-19 04:00:00+00:00,2154.246251
2025-01-19 05:00:00+00:00,2178.478125
2025-01-19 06:00:00+00:00,2201.932692
2025-01-19 07:00:00+00:00,2511.367705
2025-01-19 08:00:00+00:00,2454.027525
2025-01-19 09:00:00+00:00,2371.771390
2025-01-19 10:00:00+00:00,2507.233931
2025-01-19 11:00:00+00:00,2500.196783
2025-01-19 12:00:00+00:00,2398.364144
2025-01-19 13:00:00+00:00,2500.557898
2025-01-19 14:00:00+00:00,2480.196224
2025-01-19 15:00:00+00:00,2549.308875
2025-01-19 16:00:00+00:00,2534.450056
2025-01-19 17:00:00+00:00,2480.197830
2025-01-19 18:00:00+00:00,2470.705566
2025-01-19 19:00:00+00:00,2434.816226
2025-01-19 20:00:00+00:00,2509.041858
2025-01-19 21:00:00+00:00,2440.475129
2025-01-19 22:00:00+00:00,2494.568255
2025-01-19 23:00:00+00:00,2141.380782
2025-01-20 00:00:00+00:00,2626.987270
2025-01-20 01:00:00+00:00,2516.610688
2025-01-20 02:00:00+00:00,2454.685231
2025-01-20 03:00:00+00:00,2506.547905
2025-01-20 04:00:00+00:00,2441.996439
2025-01-20 05:00:00+00:00,2484.848012
2025-01-20 06:00:00+00:00,2576.151240
2025-01-20 07:00:00+00:00,2773.299810
2025-01-20 08:00:00+00:00,2848.876797
2025-01-20 09:00:00+00:00,2771.403639
2025-01-20 10:00:00+00:00,2843.472762
2025-01-20 11:00:00+00:00,2892.520532
2025-01-20 12:00:00+00:00,2978.080538
2025-01-20 13:00:00+00:00,2807.054458
2025-01-20 14:00:00+00:00,2713.756519
2025-01-20 15:00:00+00:00,2937.373415
2025-01-20 16:00:00+00:00,2732.532247
2025-01-20 17:00:00+00:00,2786.639895
2025-01-20 18:00:00+00:00,2902.156784
2025-01-20 19:00:00+00:00,2850.303874
2025-01-20 20:00:00+00:00,2798.318215
2025-01-20 21:00:00+00:00,2786.887961
2025-01-20 22:00:00+00:00,2718.744979
2025-01-20 23:00:00+00:00,2516.640508
2025-01-21 00:00:00+00:00,2467.859385
2025-01-21 01:00:00+00:00,2539.809920
2025-01-21 02:00:00+00:00,2477.090789
2025-01-21 03:00:00+00:00,2439.947760
2025-01-21 04:00:00+00:00,2422.978462
2025-01-21 05:00:00+00:00,2539.532613
2025-01-21 06:00:00+00:00,2533.604314
2025-01-21 07:00:00+00:00,2746.173917
2025-01-21 08:00:00+00:00,2877.343570
2025-01-21 09:00:00+00:00,2630.987158
2025-01-21 10:00:00+00:00,2677.753602
2025-01-21 11:00:00+00:00,2860.378342
2025-01-21 12:00:00+00:00,2787.114844
2025-01-21 13:00:00+00:00,2769.552366
2025-01-21 14:00:00+00:00,2795.740782
2025-01-21 15:00:00+00:00,2786.186875
2025-01-21 16:00:00+00:00,2746.994287
2025-01-21 17:00:00+00:00,2869.648454
2025-01-21 18:00:00+00:00,2843.588537
2025-01-21 19:00:00+00:00,2784.776099
2025-01-21 20:00:00+00:00,2746.203184
2025-01-21 21:00:00+00:00,2748.036885
2025-01-21 22:00:00+00:00,2893.556099
2025-01-21 23:00:00+00:00,2478.649939
2025-01-22 00:00:00+00:00,2442.669257
2025-01-22 01:00:00+00:00,2534.561457
2025-01-22 02:00:00+00:00,2473.454990
2025-01-22 03:00:00+00:00,2497.062947
2025-01-22 04:00:00+00:00,2557.170488
2025-01-22 05:00:00+00:00,2464.498785
2025-01-22 06:00:00+00:00,2355.646486
2025-01-22 07:00:00+00:00,2681.796487
2025-01-22 08:00:00+00:00,2697.519891
2025-01-22 09:00:00+00:00,2767.007333
2025-01-22 10:00:00+00:00,2828.576253
2025-01-22 11:00:00+00:00,2721.054902
2025-01-22 12:00:00+00:00,2869.218667
2025-01-22 13:00:00+00:00,2849.348662
2025-01-22 14:00:00+00:00,2859.473508
2025-01-22 15:00:00+00:00,2826.264908
2025-01-22 16:00:00+00:00,2775.957107
2025-01-22 17:00:00+00:00,2797.207196
2025-01-22 18:00:00+00:00,2786.213772
2025-01-22 19:00:00+00:00,2888.894422
2025-01-22 20:00:00+00:00,2692.412185
2025-01-22 21:00:00+00:00,2844.223562
2025-01-22 22:00:00+00:00,2761.409933
2025-01-22 23:00:00+00:00,2439.081522
2025-01-23 00:00:00+00:00,2570.727807
2025-01-23 01:00:00+00:00,2551.271617
2025-01-23 02:00:00+00:00,2420.536245
2025-01-23 03:00:00+00:00,2511.340203
2025-01-23 04:00:00+00:00,2613.987734
2025-01-23 05:00:00+00:00,2510.767926
2025-01-23 06:00:00+00:00,2575.503606
2025-01-23 07:00:00+00:00,2799.762498
2025-01-23 08:00:00+00:00,2749.984136
2025-01-23 09:00:00+00:00,2813.494869
2025-01-23 10:00:00+00:00,2798.387739
2025-01-23 11:00:00+00:00,2835.112765
2025-01-23 12:00:00+00:00,2810.276886
2025-01-23 13:00:00+00:00,2841.299030
2025-01-23 14:00:00+00:00,2769.935940
2025-01-23 15:00:00+00:00,2717.584399
2025-01-23 16:00:00+00:00,2780.849106
2025-01-23 17:00:00+00:00,2837.452044
2025-01-23 18:00:00+00:00,2877.514728
2025-01-23 19:00:00+00:00,2815.241320
2025-01-23 20:00:00+00:00,2722.435744
2025-01-23 21:00:00+00:00,2837.938997
2025-01-23 22:00:00+00:00,2882.897477
2025-01-23 23:00:00+00:00,2582.615975
2025-01-24 00:00:00+00:00,2490.532268
2025-01-24 01:00:00+00:00,2625.355541
2025-01-24 02:00:00+00:00,2522.647566
2025-01-24 03:00:00+00:00,2451.462523
2025-01-24 04:00:00+00:00,2533.236482
2025-01-24 05:00:00+00:00,2505.997411
2025-01-24 06:00:00+00:00,2397.808158
2025-01-24 07:00:00+00:00,2636.155995
2025-01-24 08:00:00+00:00,2814.620576
2025-01-24 09:00:00+00:00,2946.916708
2025-01-24 10:00:00+00:00,2896.545074
2025-01-24 11:00:00+00:00,2968.165618
2025-01-24 12:00:00+00:00,2751.004728
2025-01-24 13:00:00+00:00,2729.623220
2025-01-24 14:00:00+00:00,2792.864122
2025-01-24 15:00:00+00:00,2782.996952
2025-01-24 16:00:00+00:00,2851.409991
2025-01-24 17:00:00+00:00,2880.105781
2025-01-24 18:00:00+00:00,2744.915661
2025-01-24 19:00:00+00:00,2696.139521
2025-01-24 20:00:00+00:00,2867.544274
2025-01-24 21:00:00+00:00,2842.266598
2025-01-24 22:00:00+00:00,2750.908473
2025-01-24 23:00:00+00:00,2550.460744
2025-01-25 00:00:00+00:00,2249.093427
2025-01-25 01:00:00+00:00,2165.566364
2025-01-25 02:00:00+00:00,2192.849652
2025-01-25 03:00:00+00:00,2216.824694
2025-01-25 04:00:00+00:00,2261.152731
2025-01-25 05:00:00+00:00,2212.611036
2025-01-25 06:00:00+00:00,2250.554370
2025-01-25 07:00:00+00:00,2380.316807
2025-01-25 08:00:00+00:00,2449.988760
2025-01-25 09:00:00+00:00,2369.990295
2025-01-25 10:00:00+00:00,2611.564227
2025-01-25 11:00:00+00:00,2398.249211
2025-01-25 12:00:00+00:00,2557.242208
2025-01-25 13:00:00+00:00,2448.057443
2025-01-25 14:00:00+00:00,2526.488306
2025-01-25 15:00:00+00:00,2420.419228
2025-01-25 16:00:00+00:00,2511.529242
2025-01-25 17:00:00+00:00,2487.055291
2025-01-25 18:00:00+00:00,2461.017401
2025-01-25 19:00:00+00:00,2526.808375
2025-01-25 20:00:00+00:00,2499.219795
2025-01-25 21:00:00+00:00,2382.900755
2025-01-25 22:00:00+00:00,2463.092830
2025-01-25 23:00:00+00:00,2276.835930
2025-01-26 00:00:00+00:00,2206.720133
2025-01-26 01:00:00+00:00,2236.927939
2025-01-26 02:00:00+00:00,2126.027113
2025-01-26 03:00:00+00:00,2279.816668
2025-01-26 04:00:00+00:00,2165.250531
2025-01-26 05:00:00+00:00,2252.395452
2025-01-26 06:00:00+00:00,2287.677489
2025-01-26 07:00:00+00:00,2326.053353
2025-01-26 08:00:00+00:00,2601.131785
2025-01-26 09:00:00+00:00,2413.079387
2025-01-26 10:00:00+00:00,2534.471887
2025-01-26 11:00:00+00:00,2519.769182
2025-01-26 12:00:00+00:00,2474.310733
2025-01-26 13:00:00+00:00,2527.634376
2025-01-26 14:00:00+00:00,2532.525496
2025-01-26 15:00:00+00:00,2485.565589
2025-01-26 16:00:00+00:00,2367.882034
2025-01-26 17:00:00+00:00,2445.953628
2025-01-26 18:00:00+00:00,2414.325782
2025-01-26 19:00:00+00:00,2391.262356
2025-01-26 20:00:00+00:00,2459.463858
2025-01-26 21:00:00+00:00,2403.597597
2025-01-26 22:00:00+00:00,2468.727029
2025-01-26 23:00:00+00:00,2300.913594
2025-01-27 00:00:00+00:00,2560.985647
2025-01-27 01:00:00+00:00,2514.728108
2025-01-27 02:00:00+00:00,2592.744982
2025-01-27 03:00:00+00:00,2464.063366
2025-01-27 04:00:00+00:00,2489.753897
2025-01-27 05:00:00+00:00,2449.052232
2025-01-27 06:00:00+00:00,2561.280703
2025-01-27 07:00:00+00:00,2753.954117
2025-01-27 08:00:00+00:00,2859.281308
2025-01-27 09:00:00+00:00,2786.723775
2025-01-27 10:00:00+00:00,2798.653290
2025-01-27 11:00:00+00:00,2883.156824
2025-01-27 12:00:00+00:00,2829.862795
2025-01-27 13:00:00+00:00,2724.591610
2025-01-27 14:00:00+00:00,2805.341626
2025-01-27 15:00:00+00:00,2690.860200
2025-01-27 16:00:00+00:00,2824.056171
2025-01-27 17:00:00+00:00,2832.144931
2025-01-27 18:00:00+00:00,2739.949457
2025-01-27 19:00:00+00:00,2882.182791
2025-01-27 20:00:00+00:00,2751.632533
2025-01-27 21:00:00+00:00,2824.442046
2025-01-27 22:00:00+00:00,2660.887832
2025-01-27 23:00:00+00:00,2436.148391
2025-01-28 00:00:00+00:00,2577.477039
2025-01-28 01:00:00+00:00,2506.987935
2025-01-28 02:00:00+00:00,2345.545332
2025-01-28 03:00:00+00:00,2425.624318
2025-01-28 04:00:00+00:00,2522.304707
2025-01-28 05:00:00+00:00,2415.078653
2025-01-28 06:00:00+00:00,2528.703942
2025-01-28 07:00:00+00:00,2821.352037
2025-01-28 08:00:00+00:00,2721.325752
2025-01-28 09:00:00+00:00,2792.620170
2025-01-28 10:00:00+00:00,2899.724652
2025-01-28 11:00:00+00:00,2770.874183
2025-01-28 12:00:00+00:00,2987.848443
2025-01-28 13:00:00+00:00,2895.189704
2025-01-28 14:00:00+00:00,2805.303498
2025-01-28 15:00:00+00:00,2625.144659
2025-01-28 16:00:00+00:00,2710.941939
2025-01-28 17:00:00+00:00,2800.856937
2025-01-28 18:00:00+00:00,2760.497600
2025-01-28 19:00:00+00:00,2946.524768
2025-01-28 20:00:00+00:00,2749.048185
2025-01-28 21:00:00+00:00,2725.661353
2025-01-28 22:00:00+00:00,2803.372111
2025-01-28 23:00:00+00:00,2457.830240
2025-01-29 00:00:00+00:00,2487.475061
2025-01-29 01:00:00+00:00,2505.299317
2025-01-29 02:00:00+00:00,2417.825911
2025-01-29 03:00:00+00:00,2630.165189
2025-01-29 04:00:00+00:00,2495.455014
2025-01-29 05:00:00+00:00,2448.536565
2025-01-29 06:00:00+00:00,2492.212140
2025-01-29 07:00:00+00:00,2939.033721
2025-01-29 08:00:00+00:00,2820.074758
2025-01-29 09:00:00+00:00,2781.181801
2025-01-29 10:00:00+00:00,2694.555745
2025-01-29 11:00:00+00:00,2713.012290
2025-01-29 12:00:00+00:00,2795.330683
2025-01-29 13:00:00+00:00,2808.416913
2025-01-29 14:00:00+00:00,2873.459717
2025-01-29 15:00:00+00:00,2711.381578
2025-01-29 16:00:00+00:00,2797.696742
2025-01-29 17:00:00+00:00,2824.217434
2025-01-29 18:00:00+00:00,2795.017823
2025-01-29 19:00:00+00:00,2736.169436
2025-01-29 20:00:00+00:00,2810.039761
2025-01-29 21:00:00+00:00,2719.096082
2025-01-29 22:00:00+00:00,2875.970799
2025-01-29 23:00:00+00:00,2462.696986
2025-01-30 00:00:00+00:00,2438.746016
2025-01-30 01:00:00+00:00,2437.385952
2025-01-30 02:00:00+00:00,2482.629672
2025-01-30 03:00:00+00:00,2436.437150
2025-01-30 04:00:00+00:00,2512.868298
2025-01-30 05:00:00+00:00,2564.892293
2025-01-30 06:00:00+00:00,2509.492484
2025-01-30 07:00:00+00:00,2762.087558
2025-01-30 08:00:00+00:00,2758.625304
2025-01-30 09:00:00+00:00,2812.952029
2025-01-30 10:00:00+00:00,2810.937874
2025-01-30 11:00:00+00:00,2743.973394
2025-01-30 12:00:00+00:00,2857.562896
2025-01-30 13:00:00+00:00,2966.685094
2025-01-30 14:00:00+00:00,2799.300949
2025-01-30 15:00:00+00:00,2808.851765
2025-01-30 16:00:00+00:00,2765.966885
2025-01-30 17:00:00+00:00,2780.820869
2025-01-30 18:00:00+00:00,2677.687147
2025-01-30 19:00:00+00:00,2878.816267
2025-01-30 20:00:00+00:00,2875.747563
2025-01-30 21:00:00+00:00,2888.403011
2025-01-30 22:00:00+00:00,2702.811282
2025-01-30 23:00:00+00:00,2566.446422
2025-01-31 00:00:00+00:00,2632.525200
2025-01-31 01:00:00+00:00,2566.054069
2025-01-31 02:00:00+00:00,2595.670397
2025-01-31 03:00:00+00:00,2445.213982
2025-01-31 04:00:00+00:00,2542.940704
2025-01-31 05:00:00+00:00,2477.140135
2025-01-31 06:00:00+00:00,2467.656923
2025-01-31 07:00:00+00:00,2764.681513
2025-01-31 08:00:00+00:00,2708.314865
2025-01-31 09:00:00+00:00,2734.812513
2025-01-31 10:00:00+00:00,2814.728202
2025-01-31 11:00:00+00:00,2786.895414
2025-01-31 12:00:00+00:00,2695.864403
2025-01-31 13:00:00+00:00,2836.359462
2025-01-31 14:00:00+00:00,2769.024110
2025-01-31 15:00:00+00:00,2769.877595
2025-01-31 16:00:00+00:00,2735.162358
2025-01-31 17:00:00+00:00,2744.889820
2025-01-31 18:00:00+00:00,2783.661069
2025-01-31 19:00:00+00:00,2687.275219
2025-01-31 20:00:00+00:00,2823.375974
2025-01-31 21:00:00+00:00,2787.211166
2025-01-31 22:00:00+00:00,2738.553589
2025-01-31 23:00:00+00:00,2565.518142
2025-02-01 00:00:00+00:00,2264.199707
2025-02-01 01:00:00+00:00,2103.852311
2025-02-01 02:00:00+00:00,2199.800507
2025-02-01 03:00:00+00:00,2154.939308
2025-02-01 04:00:00+00:00,2270.699796
2025-02-01 05:00:00+00:00,2221.714688
2025-02-01 06:00:00+00:00,2342.309953
2025-02-01 07:00:00+00:00,2475.573958
2025-02-01 08:00:00+00:00,2542.719852
2025-02-01 09:00:00+00:00,2521.407566
2025-02-01 10:00:00+00:00,2539.710529
2025-02-01 11:00:00+00:00,2443.283863
2025-02-01 12:00:00+00:00,2405.170369
2025-02-01 13:00:00+00:00,2578.253733
2025-02-01 14:00:00+00:00,2412.611878
2025-02-01 15:00:00+00:00,2540.078573
2025-02-01 16:00:00+00:00,2490.991791
2025-02-01 17:00:00+00:00,2497.532945
2025-02-01 18:00:00+00:00,2501.220130
2025-02-01 19:00:00+00:00,2392.561669
2025-02-01 20:00:00+00:00,2478.978232
2025-02-01 21:00:00+00:00,2479.421133
2025-02-01 22:00:00+00:00,2484.431907
2025-02-01 23:00:00+00:00,2195.828087
2025-02-02 00:00:00+00:00,2319.207782
2025-02-02 01:00:00+00:00,2181.794431
2025-02-02 02:00:00+00:00,2121.999908
2025-02-02 03:00:00+00:00,2249.022203
2025-02-02 04:00:00+00:00,2183.627276
2025-02-02 05:00:00+00:00,2230.925327
2025-02-02 06:00:00+00:00,2156.232899
2025-02-02 07:00:00+00:00,2415.011308
2025-02-02 08:00:00+00:00,2414.419632
2025-02-02 09:00:00+00:00,2507.508942
2025-02-02 10:00:00+00:00,2506.156266
2025-02-02 11:00:00+00:00,2510.842885
2025-02-02 12:00:00+00:00,2443.468868
2025-02-02 13:00:00+00:00,2435.151898
2025-02-02 14:00:00+00:00,2411.910719
2025-02-02 15:00:00+00:00,2553.669245
2025-02-02 16:00:00+00:00,2529.945499
2025-02-02 17:00:00+00:00,2424.579457
2025-02-02 18:00:00+00:00,2466.234972
2025-02-02 19:00:00+00:00,2597.486542
2025-02-02 20:00:00+00:00,2531.855582
2025-02-02 21:00:00+00:00,2366.939840
2025-02-02 22:00:00+00:00,2448.694178
2025-02-02 23:00:00+00:00,2189.524623
2025-02-03 00:00:00+00:00,2536.993846
2025-02-03 01:00:00+00:00,2509.904659
2025-02-03 02:00:00+00:00,2485.923972
2025-02-03 03:00:00+00:00,2592.800339
2025-02-03 04:00:00+00:00,2423.746468
2025-02-03 05:00:00+00:00,2422.578088
2025-02-03 06:00:00+00:00,2558.683837
2025-02-03 07:00:00+00:00,2885.751356
2025-02-03 08:00:00+00:00,2845.288312
2025-02-03 09:00:00+00:00,2815.084090
2025-02-03 10:00:00+00:00,2846.216913
2025-02-03 11:00:00+00:00,2792.292000
2025-02-03 12:00:00+00:00,2798.876971
2025-02-03 13:00:00+00:00,2822.717710
2025-02-03 14:00:00+00:00,2822.347200
2025-02-03 15:00:00+00:00,2798.283650
2025-02-03 16:00:00+00:00,2782.142158
2025-02-03 17:00:00+00:00,2911.768906
2025-02-03 18:00:00+00:00,2783.793458
2025-02-03 19:00:00+00:00,2845.979652
2025-02-03 20:00:00+00:00,2813.386043
2025-02-03 21:00:00+00:00,2757.821475
2025-02-03 22:00:00+00:00,2796.023060
2025-02-03 23:00:00+00:00,2483.419798
2025-02-04 00:00:00+00:00,2393.453476
2025-02-04 01:00:00+00:00,2563.315267
2025-02-04 02:00:00+00:00,2451.194832
2025-02-04 03:00:00+00:00,2508.597576
2025-02-04 04:00:00+00:00,2587.758777
2025-02-04 05:00:00+00:00,2378.826841
2025-02-04 06:00:00+00:00,2472.180913
2025-02-04 07:00:00+00:00,2805.264083
2025-02-04 08:00:00+00:00,2810.393678
2025-02-04 09:00:00+00:00,2781.042813
2025-02-04 10:00:00+00:00,2769.603521
2025-02-04 11:00:00+00:00,2736.850272
2025-02-04 12:00:00+00:00,2835.327089
2025-02-04 13:00:00+00:00,2979.501840
2025-02-04 14:00:00+00:00,2831.812023
2025-02-04 15:00:00+00:00,2877.690141
2025-02-04 16:00:00+00:00,2626.532321
2025-02-04 17:00:00+00:00,2841.302025
2025-02-04 18:00:00+00:00,2929.868777
2025-02-04 19:00:00+00:00,2839.074092
2025-02-04 20:00:00+00:00,2908.724838
2025-02-04 21:00:00+00:00,2886.974255
2025-02-04 22:00:00+00:00,2865.040158
2025-02-04 23:00:00+00:00,2485.526894
2025-02-05 00:00:00+00:00,2531.992117
2025-02-05 01:00:00+00:00,2550.360337
2025-02-05 02:00:00+00:00,2367.658700
2025-02-05 03:00:00+00:00,2534.418458
2025-02-05 04:00:00+00:00,2555.955376
2025-02-05 05:00:00+00:00,2474.344461
2025-02-05 06:00:00+00:00,2510.409506
2025-02-05 07:00:00+00:00,2673.777524
2025-02-05 08:00:00+00:00,2788.226025
2025-02-05 09:00:00+00:00,2829.963279
2025-02-05 10:00:00+00:00,2765.844557
2025-02-05 11:00:00+00:00,2774.959292
2025-02-05 12:00:00+00:00,2830.519345
2025-02-05 13:00:00+00:00,2765.436181
2025-02-05 14:00:00+00:00,2859.027433
2025-02-05 15:00:00+00:00,2731.753730
2025-02-05 16:00:00+00:00,2787.337412
2025-02-05 17:00:00+00:00,2791.875296
2025-02-05 18:00:00+00:00,2608.095796
2025-02-05 19:00:00+00:00,2806.607347
2025-02-05 20:00:00+00:00,2884.372549
2025-02-05 21:00:00+00:00,2744.342927
2025-02-05 22:00:00+00:00,2747.546197
2025-02-05 23:00:00+00:00,2492.945851
2025-02-06 00:00:00+00:00,2473.069907
2025-02-06 01:00:00+00:00,2403.485379
2025-02-06 02:00:00+00:00,2460.703170
2025-02-06 03:00:00+00:00,2613.482503
2025-02-06 04:00:00+00:00,2490.833314
2025-02-06 05:00:00+00:00,2482.538602
2025-02-06 06:00:00+00:00,2498.536970
2025-02-06 07:00:00+00:00,2648.108162
2025-02-06 08:00:00+00:00,2697.687163
2025-02-06 09:00:00+00:00,2811.100287
2025-02-06 10:00:00+00:00,2792.378402
2025-02-06 11:00:00+00:00,2643.629402
2025-02-06 12:00:00+00:00,2912.617614
2025-02-06 13:00:00+00:00,2828.937862
2025-02-06 14:00:00+00:00,2735.507439
2025-02-06 15:00:00+00:00,2631.846395
2025-02-06 16:00:00+00:00,2881.720998
2025-02-06 17:00:00+00:00,2768.563934
2025-02-06 18:00:00+00:00,2779.803687
2025-02-06 19:00:00+00:00,2816.538245
2025-02-06 20:00:00+00:00,2742.790780
2025-02-06 21:00:00+00:00,2908.419023
2025-02-06 22:00:00+00:00,2723.318347
2025-02-06 23:00:00+00:00,2517.488727
2025-02-07 00:00:00+00:00,2546.507228
2025-02-07 01:00:00+00:00,2455.285142
2025-02-07 02:00:00+00:00,2455.085754
2025-02-07 03:00:00+00:00,2470.207082
2025-02-07 04:00:00+00:00,2536.071067
2025-02-07 05:00:00+00:00,2436.827701
2025-02-07 06:00:00+00:00,2479.294004
2025-02-07 07:00:00+00:00,2719.657472
2025-02-07 08:00:00+00:00,2674.489858
2025-02-07 09:00:00+00:00,2852.529930
2025-02-07 10:00:00+00:00,2664.464462
2025-02-07 11:00:00+00:00,2738.224354
2025-02-07 12:00:00+00:00,2772.323117
2025-02-07 13:00:00+00:00,2925.196309
2025-02-07 14:00:00+00:00,2797.974611
2025-02-07 15:00:00+00:00,2746.628752
2025-02-07 16:00:00+00:00,2688.590121
2025-02-07 17:00:00+00:00,2820.639472
2025-02-07 18:00:00+00:00,2816.078258
2025-02-07 19:00:00+00:00,2761.239614
2025-02-07 20:00:00+00:00,2679.891598
2025-02-07 21:00:00+00:00,2778.242271
2025-02-07 22:00:00+00:00,2868.741372
2025-02-07 23:00:00+00:00,2575.676709
2025-02-08 00:00:00+00:00,2312.172876
2025-02-08 01:00:00+00:00,2172.284080
2025-02-08 02:00:00+00:00,2143.444358
2025-02-08 03:00:00+00:00,2223.474622
2025-02-08 04:00:00+00:00,2305.061872
2025-02-08 05:00:00+00:00,2235.775489
2025-02-08 06:00:00+00:00,2200.062675
2025-02-08 07:00:00+00:00,2567.923476
2025-02-08 08:00:00+00:00,2486.619268
2025-02-08 09:00:00+00:00,2420.279659
2025-02-08 10:00:00+00:00,2461.761643
2025-02-08 11:00:00+00:00,2528.432464
2025-02-08 12:00:00+00:00,2514.575510
2025-02-08 13:00:00+00:00,2378.746551
2025-02-08 14:00:00+00:00,2474.945336
2025-02-08 15:00:00+00:00,2459.676013
2025-02-08 16:00:00+00:00,2461.198553
2025-02-08 17:00:00+00:00,2463.893544
2025-02-08 18:00:00+00:00,2457.012791
2025-02-08 19:00:00+00:00,2395.895607
2025-02-08 20:00:00+00:00,2516.588502
2025-02-08 21:00:00+00:00,2558.303174
2025-02-08 22:00:00+00:00,2394.719319
2025-02-08 23:00:00+00:00,2186.473402
2025-02-09 00:00:00+00:00,2169.617073
2025-02-09 01:00:00+00:00,2132.589439
2025-02-09 02:00:00+00:00,2251.756916
2025-02-09 03:00:00+00:00,2338.131705
2025-02-09 04:00:00+00:00,2185.163947
2025-02-09 05:00:00+00:00,2250.779990
2025-02-09 06:00:00+00:00,2215.627745
2025-02-09 07:00:00+00:00,2436.530667
2025-02-09 08:00:00+00:00,2476.025366
2025-02-09 09:00:00+00:00,2385.441649
2025-02-09 10:00:00+00:00,2485.405419
2025-02-09 11:00:00+00:00,2547.181512
2025-02-09 12:00:00+00:00,2340.850229
2025-02-09 13:00:00+00:00,2500.304277
2025-02-09 14:00:00+00:00,2462.310630
2025-02-09 15:00:00+00:00,2531.881352
2025-02-09 16:00:00+00:00,2463.727995
2025-02-09 17:00:00+00:00,2418.413381
2025-02-09 18:00:00+00:00,2398.514299
2025-02-09 19:00:00+00:00,2404.539816
2025-02-09 20:00:00+00:00,2474.346121
2025-02-09 21:00:00+00:00,2441.825060
2025-02-09 22:00:00+00:00,2365.373868
2025-02-09 23:00:00+00:00,2259.017932
2025-02-10 00:00:00+00:00,2454.014443
2025-02-10 01:00:00+00:00,2583.854588
2025-02-10 02:00:00+00:00,2452.643510
2025-02-10 03:00:00+00:00,2566.734661
2025-02-10 04:00:00+00:00,2545.079701
2025-02-10 05:00:00+00:00,2600.141613
2025-02-10 06:00:00+00:00,2588.965366
2025-02-10 07:00:00+00:00,2889.007154
2025-02-10 08:00:00+00:00,2785.929475
2025-02-10 09:00:00+00:00,2857.548932
2025-02-10 10:00:00+00:00,2797.607286
2025-02-10 11:00:00+00:00,2794.608427
2025-02-10 12:00:00+00:00,2820.409421
2025-02-10 13:00:00+00:00,2669.103692
2025-02-10 14:00:00+00:00,2777.315354
2025-02-10 15:00:00+00:00,2795.849600
2025-02-10 16:00:00+00:00,2847.853544
2025-02-10 17:00:00+00:00,2795.543752
2025-02-10 18:00:00+00:00,2823.169095
2025-02-10 19:00:00+00:00,2718.922157
2025-02-10 20:00:00+00:00,2748.987424
2025-02-10 21:00:00+00:00,2875.990921
2025-02-10 22:00:00+00:00,2850.195199
2025-02-10 23:00:00+00:00,2514.131801
2025-02-11 00:00:00+00:00,2495.843418
2025-02-11 01:00:00+00:00,2484.225447
2025-02-11 02:00:00+00:00,2541.181454
2025-02-11 03:00:00+00:00,2513.986210
2025-02-11 04:00:00+00:00,2408.421871
2025-02-11 05:00:00+00:00,2555.089560
2025-02-11 06:00:00+00:00,2516.010335
2025-02-11 07:00:00+00:00,2771.627562
2025-02-11 08:00:00+00:00,2706.674454
2025-02-11 09:00:00+00:00,2798.436123
2025-02-11 10:00:00+00:00,2845.975008
2025-02-11 11:00:00+00:00,2857.897590
2025-02-11 12:00:00+00:00,2855.510327
2025-02-11 13:00:00+00:00,2631.076727
2025-02-11 14:00:00+00:00,2822.595466
2025-02-11 15:00:00+00:00,2764.091003
2025-02-11 16:00:00+00:00,2783.917030
2025-02-11 17:00:00+00:00,2836.216855
2025-02-11 18:00:00+00:00,2795.956428
2025-02-11 19:00:00+00:00,2910.265910
2025-02-11 20:00:00+00:00,2792.020791
2025-02-11 21:00:00+00:00,2796.611547
2025-02-11 22:00:00+00:00,2776.288553
2025-02-11 23:00:00+00:00,2413.383976
2025-02-12 00:00:00+00:00,2553.626584
2025-02-12 01:00:00+00:00,2498.424829
2025-02-12 02:00:00+00:00,2522.834627
2025-02-12 03:00:00+00:00,2509.387597
2025-02-12 04:00:00+00:00,2461.910814
2025-02-12 05:00:00+00:00,2556.259321
2025-02-12 06:00:00+00:00,2483.628762
2025-02-12 07:00:00+00:00,2645.555840
2025-02-12 08:00:00+00:00,2802.730842
2025-02-12 09:00:00+00:00,2798.669719
2025-02-12 10:00:00+00:00,2791.666435
2025-02-12 11:00:00+00:00,2714.936525
2025-02-12 12:00:00+00:00,2668.325056
2025-02-12 13:00:00+00:00,2783.217361
2025-02-12 14:00:00+00:00,2788.419239
2025-02-12 15:00:00+00:00,2908.298745
2025-02-12 16:00:00+00:00,2743.609237
2025-02-12 17:00:00+00:00,2862.926664
2025-02-12 18:00:00+00:00,2782.330372
2025-02-12 19:00:00+00:00,2777.062668
2025-02-12 20:00:00+00:00,2778.160274
2025-02-12 21:00:00+00:00,2785.850270
2025-02-12 22:00:00+00:00,2715.009477
2025-02-12 23:00:00+00:00,2430.204878
2025-02-13 00:00:00+00:00,2534.766549
2025-02-13 01:00:00+00:00,2612.917987
2025-02-13 02:00:00+00:00,2511.299398
2025-02-13 03:00:00+00:00,2454.579355
2025-02-13 04:00:00+00:00,2421.007151
2025-02-13 05:00:00+00:00,2524.852589
2025-02-13 06:00:00+00:00,2519.179607
2025-02-13 07:00:00+00:00,2719.948616
2025-02-13 08:00:00+00:00,2618.482957
2025-02-13 09:00:00+00:00,2790.096062
2025-02-13 10:00:00+00:00,2852.207280
2025-02-13 11:00:00+00:00,2902.223994
2025-02-13 12:00:00+00:00,2854.630998
2025-02-13 13:00:00+00:00,2749.204002
2025-02-13 14:00:00+00:00,2762.324640
2025-02-13 15:00:00+00:00,2798.318970
2025-02-13 16:00:00+00:00,2733.664819
2025-02-13 17:00:00+00:00,2719.561491
2025-02-13 18:00:00+00:00,2815.243268
2025-02-13 19:00:00+00:00,2795.902574
2025-02-13 20:00:00+00:00,2725.848088
2025-02-13 21:00:00+00:00,2732.677221
2025-02-13 22:00:00+00:00,2686.020653
2025-02-13 23:00:00+00:00,2518.834143
2025-02-14 00:00:00+00:00,2408.912222
2025-02-14 01:00:00+00:00,2518.807898
2025-02-14 02:00:00+00:00,2518.590115
2025-02-14 03:00:00+00:00,2488.893412
2025-02-14 04:00:00+00:00,2464.490536
2025-02-14 05:00:00+00:00,2579.619546
2025-02-14 06:00:00+00:00,2321.409673
2025-02-14 07:00:00+00:00,2837.625957
2025-02-14 08:00:00+00:00,2820.495532
2025-02-14 09:00:00+00:00,2759.956971
2025-02-14 10:00:00+00:00,2824.364223
2025-02-14 11:00:00+00:00,2719.967792
2025-02-14 12:00:00+00:00,2769.105676
2025-02-14 13:00:00+00:00,2913.286358
2025-02-14 14:00:00+00:00,2714.116572
2025-02-14 15:00:00+00:00,2773.356379
2025-02-14 16:00:00+00:00,2727.142274
2025-02-14 17:00:00+00:00,2819.241529
2025-02-14 18:00:00+00:00,2899.970373
2025-02-14 19:00:00+00:00,2711.901486
2025-02-14 20:00:00+00:00,2844.635180
2025-02-14 21:00:00+00:00,2833.817984
2025-02-14 22:00:00+00:00,2774.658732
2025-02-14 23:00:00+00:00,2453.893865
2025-02-15 00:00:00+00:00,2265.989620
2025-02-15 01:00:00+00:00,2110.054597
2025-02-15 02:00:00+00:00,2164.481767
2025-02-15 03:00:00+00:00,2273.540294
2025-02-15 04:00:00+00:00,2222.323736
2025-02-15 05:00:00+00:00,2152.188614
2025-02-15 06:00:00+00:00,2111.792781
2025-02-15 07:00:00+00:00,2504.154574
2025-02-15 08:00:00+00:00,2538.120981
2025-02-15 09:00:00+00:00,2373.502857
2025-02-15 10:00:00+00:00,2438.118205
2025-02-15 11:00:00+00:00,2473.939650
2025-02-15 12:00:00+00:00,2448.976415
2025-02-15 13:00:00+00:00,2321.119034
2025-02-15 14:00:00+00:00,2268.971941
2025-02-15 15:00:00+00:00,2505.225509
2025-02-15 16:00:00+00:00,2418.483037
2025-02-15 17:00:00+00:00,2452.226638
2025-02-15 18:00:00+00:00,2507.878169
2025-02-15 19:00:00+00:00,2377.889609
2025-02-15 20:00:00+00:00,2534.593511
2025-02-15 21:00:00+00:00,2581.230432
2025-02-15 22:00:00+00:00,2392.865761
2025-02-15 23:00:00+00:00,2250.340718
2025-02-16 00:00:00+00:00,2239.547925
2025-02-16 01:00:00+00:00,2262.640422
2025-02-16 02:00:00+00:00,2088.676674
2025-02-16 03:00:00+00:00,2055.793555
2025-02-16 04:00:00+00:00,2204.668069
2025-02-16 05:00:00+00:00,2182.192923
2025-02-16 06:00:00+00:00,2165.409042
2025-02-16 07:00:00+00:00,2423.523632
2025-02-16 08:00:00+00:00,2536.689086
2025-02-16 09:00:00+00:00,2443.078558
2025-02-16 10:00:00+00:00,2486.612869
2025-02-16 11:00:00+00:00,2497.973984
2025-02-16 12:00:00+00:00,2537.738806
2025-02-16 13:00:00+00:00,2364.130684
2025-02-16 14:00:00+00:00,2455.460460
2025-02-16 15:00:00+00:00,2529.932667
2025-02-16 16:00:00+00:00,2559.973978
2025-02-16 17:00:00+00:00,2438.661593
2025-02-16 18:00:00+00:00,2497.039921
2025-02-16 19:00:00+00:00,2448.851920
2025-02-16 20:00:00+00:00,2524.839002
2025-02-16 21:00:00+00:00,2493.286555
2025-02-16 22:00:00+00:00,2454.809934
2025-02-16 23:00:00+00:00,2218.986314
2025-02-17 00:00:00+00:00,2558.122346
2025-02-17 01:00:00+00:00,2348.330739
2025-02-17 02:00:00+00:00,2602.180312
2025-02-17 03:00:00+00:00,2391.347233
2025-02-17 04:00:00+00:00,2483.945234
2025-02-17 05:00:00+00:00,2460.209215
2025-02-17 06:00:00+00:00,2418.084643
2025-02-17 07:00:00+00:00,2775.611094
2025-02-17 08:00:00+00:00,2895.740596
2025-02-17 09:00:00+00:00,2679.438864
2025-02-17 10:00:00+00:00,2779.699116
2025-02-17 11:00:00+00:00,2874.806993
2025-02-17 12:00:00+00:00,2729.856013
2025-02-17 13:00:00+00:00,2835.017538
2025-02-17 14:00:00+00:00,2765.866004
2025-02-17 15:00:00+00:00,2888.921201
2025-02-17 16:00:00+00:00,2905.244184
2025-02-17 17:00:00+00:00,2827.875887
2025-02-17 18:00:00+00:00,2663.920447
2025-02-17 19:00:00+00:00,2798.140819
2025-02-17 20:00:00+00:00,2697.486250
2025-02-17 21:00:00+00:00,2837.742030
2025-02-17 22:00:00+00:00,2761.548090
2025-02-17 23:00:00+00:00,2493.231574
2025-02-18 00:00:00+00:00,2468.940975
2025-02-18 01:00:00+00:00,2445.941270
2025-02-18 02:00:00+00:00,2539.738264
2025-02-18 03:00:00+00:00,2639.085148
2025-02-18 04:00:00+00:00,2547.677463
2025-02-18 05:00:00+00:00,2415.050885
2025-02-18 06:00:00+00:00,2570.009750
2025-02-18 07:00:00+00:00,2613.450319
2025-02-18 08:00:00+00:00,2752.861261
2025-02-18 09:00:00+00:00,2832.375151
2025-02-18 10:00:00+00:00,2651.072373
2025-02-18 11:00:00+00:00,2712.386358
2025-02-18 12:00:00+00:00,2825.252232
2025-02-18 13:00:00+00:00,2832.178383
2025-02-18 14:00:00+00:00,2845.969636
2025-02-18 15:00:00+00:00,2870.380624
2025-02-18 16:00:00+00:00,2730.049743
2025-02-18 17:00:00+00:00,2758.583965
2025-02-18 18:00:00+00:00,2810.247744
2025-02-18 19:00:00+00:00,2846.375186
2025-02-18 20:00:00+00:00,2740.442740
2025-02-18 21:00:00+00:00,2723.616729
2025-02-18 22:00:00+00:00,2780.010885
2025-02-18 23:00:00+00:00,2467.456893
2025-02-19 00:00:00+00:00,2471.807551
2025-02-19 01:00:00+00:00,2542.629080
2025-02-19 02:00:00+00:00,2450.920770
2025-02-19 03:00:00+00:00,2542.748312
2025-02-19 04:00:00+00:00,2611.301177
2025-02-19 05:00:00+00:00,2574.962733
2025-02-19 06:00:00+00:00,2512.506128
2025-02-19 07:00:00+00:00,2806.208111
2025-02-19 08:00:00+00:00,2773.006717
2025-02-19 09:00:00+00:00,2829.717059
2025-02-19 10:00:00+00:00,2727.651412
2025-02-19 11:00:00+00:00,2830.043882
2025-02-19 12:00:00+00:00,2799.763026
2025-02-19 13:00:00+00:00,2892.979867
2025-02-19 14:00:00+00:00,2714.919496
2025-02-19 15:00:00+00:00,2793.067631
2025-02-19 16:00:00+00:00,2775.581379
2025-02-19 17:00:00+00:00,2841.778838
2025-02-19 18:00:00+00:00,2770.050558
2025-02-19 19:00:00+00:00,2822.199757
2025-02-19 20:00:00+00:00,2918.268757
2025-02-19 21:00:00+00:00,2829.502503
2025-02-19 22:00:00+00:00,2762.067800
2025-02-19 23:00:00+00:00,2447.743549
2025-02-20 00:00:00+00:00,2495.162296
2025-02-20 01:00:00+00:00,2518.241591
2025-02-20 02:00:00+00:00,2522.944106
2025-02-20 03:00:00+00:00,2561.032427
2025-02-20 04:00:00+00:00,2492.634472
2025-02-20 05:00:00+00:00,2460.711188
2025-02-20 06:00:00+00:00,2481.659829
2025-02-20 07:00:00+00:00,2745.427041
2025-02-20 08:00:00+00:00,2816.298936
2025-02-20 09:00:00+00:00,2879.001119
2025-02-20 10:00:00+00:00,2795.754831
2025-02-20 11:00:00+00:00,2649.810571
2025-02-20 12:00:00+00:00,2868.992329
2025-02-20 13:00:00+00:00,2707.989003
2025-02-20 14:00:00+00:00,2767.515920
2025-02-20 15:00:00+00:00,2731.713206
2025-02-20 16:00:00+00:00,2729.287673
2025-02-20 17:00:00+00:00,2770.447367
2025-02-20 18:00:00+00:00,2742.369997
2025-02-20 19:00:00+00:00,2913.589607
2025-02-20 20:00:00+00:00,2773.518289
2025-02-20 21:00:00+00:00,2801.201637
2025-02-20 22:00:00+00:00,2694.754064
2025-02-20 23:00:00+00:00,2494.143284
2025-02-21 00:00:00+00:00,2527.986836
2025-02-21 01:00:00+00:00,2453.221202
2025-02-21 02:00:00+00:00,2466.444226
2025-02-21 03:00:00+00:00,2550.185224
2025-02-21 04:00:00+00:00,2502.896206
2025-02-21 05:00:00+00:00,2504.531472
2025-02-21 06:00:00+00:00,2510.162608
2025-02-21 07:00:00+00:00,2726.597455
2025-02-21 08:00:00+00:00,2816.761114
2025-02-21 09:00:00+00:00,2754.879064
2025-02-21 10:00:00+00:00,2826.458704
2025-02-21 11:00:00+00:00,2732.786070
2025-02-21 12:00:00+00:00,2961.233104
2025-02-21 13:00:00+00:00,2874.344321
2025-02-21 14:00:00+00:00,2679.707573
2025-02-21 15:00:00+00:00,2710.350716
2025-02-21 16:00:00+00:00,2781.542089
2025-02-21 17:00:00+00:00,2677.332865
2025-02-21 18:00:00+00:00,2853.180486
2025-02-21 19:00:00+00:00,2835.675861
2025-02-21 20:00:00+00:00,2861.672259
2025-02-21 21:00:00+00:00,2683.313884
2025-02-21 22:00:00+00:00,2750.903716
2025-02-21 23:00:00+00:00,2479.257771
2025-02-22 00:00:00+00:00,2227.577655
2025-02-22 01:00:00+00:00,2237.256625
2025-02-22 02:00:00+00:00,2137.005190
2025-02-22 03:00:00+00:00,2306.085158
2025-02-22 04:00:00+00:00,2086.599534
2025-02-22 05:00:00+00:00,2295.037793
2025-02-22 06:00:00+00:00,2172.993986
2025-02-22 07:00:00+00:00,2426.705712
2025-02-22 08:00:00+00:00,2472.374626
2025-02-22 09:00:00+00:00,2465.905305
2025-02-22 10:00:00+00:00,2420.787528
2025-02-22 11:00:00+00:00,2448.070265
2025-02-22 12:00:00+00:00,2490.564206
2025-02-22 13:00:00+00:00,2466.586583
2025-02-22 14:00:00+00:00,2433.952142
2025-02-22 15:00:00+00:00,2480.484422
2025-02-22 16:00:00+00:00,2588.629642
2025-02-22 17:00:00+00:00,2484.334990
2025-02-22 18:00:00+00:00,2505.989821
2025-02-22 19:00:00+00:00,2386.680536
2025-02-22 20:00:00+00:00,2432.644055
2025-02-22 21:00:00+00:00,2536.258052
2025-02-22 22:00:00+00:00,2536.550338
2025-02-22 23:00:00+00:00,2201.578319
2025-02-23 00:00:00+00:00,2266.418591
2025-02-23 01:00:00+00:00,2272.086353
2025-02-23 02:00:00+00:00,2263.201271
2025-02-23 03:00:00+00:00,2269.821936
2025-02-23 04:00:00+00:00,2170.028860
2025-02-23 05:00:00+00:00,2181.867311
2025-02-23 06:00:00+00:00,2231.144741
2025-02-23 07:00:00+00:00,2501.195014
2025-02-23 08:00:00+00:00,2310.415894
2025-02-23 09:00:00+00:00,2504.948923
2025-02-23 10:00:00+00:00,2462.119756
2025-02-23 11:00:00+00:00,2345.427841
2025-02-23 12:00:00+00:00,2495.673114
2025-02-23 13:00:00+00:00,2468.761562
2025-02-23 14:00:00+00:00,2348.051160
2025-02-23 15:00:00+00:00,2474.459322
2025-02-23 16:00:00+00:00,2345.748718
2025-02-23 17:00:00+00:00,2614.080696
2025-02-23 18:00:00+00:00,2464.614485
2025-02-23 19:00:00+00:00,2521.507473
2025-02-23 20:00:00+00:00,2374.339589
2025-02-23 21:00:00+00:00,2447.218012
2025-02-23 22:00:00+00:00,2422.418287
2025-02-23 23:00:00+00:00,2203.390986
2025-02-24 00:00:00+00:00,2525.147146
2025-02-24 01:00:00+00:00,2375.808149
2025-02-24 02:00:00+00:00,2450.218990
2025-02-24 03:00:00+00:00,2651.995127
2025-02-24 04:00:00+00:00,2464.155382
2025-02-24 05:00:00+00:00,2383.649936
2025-02-24 06:00:00+00:00,2489.575560
2025-02-24 07:00:00+00:00,2721.601956
2025-02-24 08:00:00+00:00,2718.424672
2025-02-24 09:00:00+00:00,2717.570079
2025-02-24 10:00:00+00:00,2721.221035
2025-02-24 11:00:00+00:00,2795.394517
2025-02-24 12:00:00+00:00,2902.649091
2025-02-24 13:00:00+00:00,2834.100998
2025-02-24 14:00:00+00:00,2659.766754
2025-02-24 15:00:00+00:00,2816.888422
2025-02-24 16:00:00+00:00,2830.429526
2025-02-24 17:00:00+00:00,2851.084399
2025-02-24 18:00:00+00:00,2712.061464
2025-02-24 19:00:00+00:00,2820.989006
2025-02-24 20:00:00+00:00,2862.452603
2025-02-24 21:00:00+00:00,2793.341368
2025-02-24 22:00:00+00:00,2761.583715
2025-02-24 23:00:00+00:00,2404.321281
2025-02-25 00:00:00+00:00,2492.061027
2025-02-25 01:00:00+00:00,2445.223444
2025-02-25 02:00:00+00:00,2505.168757
2025-02-25 03:00:00+00:00,2442.976606
2025-02-25 04:00:00+00:00,2516.679392
2025-02-25 05:00:00+00:00,2394.619169
2025-02-25 06:00:00+00:00,2462.614812
2025-02-25 07:00:00+00:00,2703.721424
2025-02-25 08:00:00+00:00,2717.017758
2025-02-25 09:00:00+00:00,2661.509241
2025-02-25 10:00:00+00:00,2838.958888
2025-02-25 11:00:00+00:00,2692.577960
2025-02-25 12:00:00+00:00,2846.149825
2025-02-25 13:00:00+00:00,2699.961704
2025-02-25 14:00:00+00:00,2790.115813
2025-02-25 15:00:00+00:00,2809.364227
2025-02-25 16:00:00+00:00,2824.392567
2025-02-25 17:00:00+00:00,2784.392514
2025-02-25 18:00:00+00:00,2756.221146
2025-02-25 19:00:00+00:00,2743.875725
2025-02-25 20:00:00+00:00,2712.479031
2025-02-25 21:00:00+00:00,2764.337738
2025-02-25 22:00:00+00:00,2811.798376
2025-02-25 23:00:00+00:00,2421.816916
2025-02-26 00:00:00+00:00,2594.200799
2025-02-26 01:00:00+00:00,2586.497533
2025-02-26 02:00:00+00:00,2505.832485
2025-02-26 03:00:00+00:00,2380.940447
2025-02-26 04:00:00+00:00,2508.851237
2025-02-26 05:00:00+00:00,2618.022320
2025-02-26 06:00:00+00:00,2447.113876
2025-02-26 07:00:00+00:00,2812.353892
2025-02-26 08:00:00+00:00,2846.571838
2025-02-26 09:00:00+00:00,2780.056741
2025-02-26 10:00:00+00:00,2696.373405
2025-02-26 11:00:00+00:00,2768.810719
2025-02-26 12:00:00+00:00,2929.318505
2025-02-26 13:00:00+00:00,2681.826227
2025-02-26 14:00:00+00:00,2826.535560
2025-02-26 15:00:00+00:00,2754.443975
2025-02-26 16:00:00+00:00,2791.242626
2025-02-26 17:00:00+00:00,2787.834826
2025-02-26 18:00:00+00:00,2775.720410
2025-02-26 19:00:00+00:00,2803.543387
2025-02-26 20:00:00+00:00,2796.460262
2025-02-26 21:00:00+00:00,2777.321121
2025-02-26 22:00:00+00:00,2826.525832
2025-02-26 23:00:00+00:00,2473.808815
2025-02-27 00:00:00+00:00,2503.645179
2025-02-27 01:00:00+00:00,2442.894623
2025-02-27 02:00:00+00:00,2410.446072
2025-02-27 03:00:00+00:00,2502.345296
2025-02-27 04:00:00+00:00,2587.310755
2025-02-27 05:00:00+00:00,2428.043109
2025-02-27 06:00:00+00:00,2541.738269
2025-02-27 07:00:00+00:00,2750.956855
2025-02-27 08:00:00+00:00,2680.744541
2025-02-27 09:00:00+00:00,2758.189028
2025-02-27 10:00:00+00:00,2727.626652
2025-02-27 11:00:00+00:00,2810.220209
2025-02-27 12:00:00+00:00,2756.401012
2025-02-27 13:00:00+00:00,2819.960522
2025-02-27 14:00:00+00:00,2696.406278
2025-02-27 15:00:00+00:00,2706.995454
2025-02-27 16:00:00+00:00,2741.009877
2025-02-27 17:00:00+00:00,2723.835897
2025-02-27 18:00:00+00:00,2833.899337
2025-02-27 19:00:00+00:00,2765.009342
2025-02-27 20:00:00+00:00,2733.343683
2025-02-27 21:00:00+00:00,2805.641179
2025-02-27 22:00:00+00:00,2827.545619
2025-02-27 23:00:00+00:00,2428.369261
2025-02-28 00:00:00+00:00,2404.496527
2025-02-28 01:00:00+00:00,2473.515451
2025-02-28 02:00:00+00:00,2449.816747
2025-02-28 03:00:00+00:00,2401.907803
2025-02-28 04:00:00+00:00,2435.427399
2025-02-28 05:00:00+00:00,2386.384130
2025-02-28 06:00:00+00:00,2529.839038
2025-02-28 07:00:00+00:00,2694.350715
2025-02-28 08:00:00+00:00,2710.943018
2025-02-28 09:00:00+00:00,2771.323225
2025-02-28 10:00:00+00:00,2832.558587
2025-02-28 11:00:00+00:00,2879.272417
2025-02-28 12:00:00+00:00,2877.275266
2025-02-28 13:00:00+00:00,2798.666844
2025-02-28 14:00:00+00:00,2741.211290
2025-02-28 15:00:00+00:00,2620.554444
2025-02-28 16:00:00+00:00,2642.394542
2025-02-28 17:00:00+00:00,2794.193998
2025-02-28 18:00:00+00:00,2759.027989
2025-02-28 19:00:00+00:00,2758.510375
2025-02-28 20:00:00+00:00,2750.712551
2025-02-28 21:00:00+00:00,2743.800178
2025-02-28 22:00:00+00:00,2790.407656
2025-02-28 23:00:00+00:00,2451.283193
2025-03-01 00:00:00+00:00,2247.358265
2025-03-01 01:00:00+00:00,2251.061508
2025-03-01 02:00:00+00:00,2120.514094
2025-03-01 03:00:00+00:00,2231.192724
2025-03-01 04:00:00+00:00,2160.198740
2025-03-01 05:00:00+00:00,2199.140275
2025-03-01 06:00:00+00:00,2170.487426
2025-03-01 07:00:00+00:00,2503.190393
2025-03-01 08:00:00+00:00,2458.354334
2025-03-01 09:00:00+00:00,2373.902061
2025-03-01 10:00:00+00:00,2483.599020
2025-03-01 11:00:00+00:00,2504.427291
2025-03-01 12:00:00+00:00,2380.121611
2025-03-01 13:00:00+00:00,2328.087305
2025-03-01 14:00:00+00:00,2508.745006
2025-03-01 15:00:00+00:00,2490.523859
2025-03-01 16:00:00+00:00,2437.426372
2025-03-01 17:00:00+00:00,2469.469591
2025-03-01 18:00:00+00:00,2499.403239
2025-03-01 19:00:00+00:00,2464.726895
2025-03-01 20:00:00+00:00,2462.408558
2025-03-01 21:00:00+00:00,2471.456996
2025-03-01 22:00:00+00:00,2383.034369
2025-03-01 23:00:00+00:00,2323.824219
2025-03-02 00:00:00+00:00,2221.836851
2025-03-02 01:00:00+00:00,2182.478230
2025-03-02 02:00:00+00:00,2180.038995
2025-03-02 03:00:00+00:00,2183.504167
2025-03-02 04:00:00+00:00,2110.940173
2025-03-02 05:00:00+00:00,2205.102106
2025-03-02 06:00:00+00:00,2214.633950
2025-03-02 07:00:00+00:00,2447.632271
2025-03-02 08:00:00+00:00,2415.403765
2025-03-02 09:00:00+00:00,2415.747157
2025-03-02 10:00:00+00:00,2472.360949
2025-03-02 11:00:00+00:00,2405.620225
2025-03-02 12:00:00+00:00,2486.364329
2025-03-02 13:00:00+00:00,2436.891283
2025-03-02 14:00:00+00:00,2402.929246
2025-03-02 15:00:00+00:00,2353.500129
2025-03-02 16:00:00+00:00,2470.737395
2025-03-02 17:00:00+00:00,2387.747890
2025-03-02 18:00:00+00:00,2466.406643
2025-03-02 19:00:00+00:00,2384.660247
2025-03-02 20:00:00+00:00,2489.593059
2025-03-02 21:00:00+00:00,2491.257283
2025-03-02 22:00:00+00:00,2456.041820
2025-03-02 23:00:00+00:00,2196.271102
2025-03-03 00:00:00+00:00,2487.861532
2025-03-03 01:00:00+00:00,2631.000766
2025-03-03 02:00:00+00:00,2513.455007
2025-03-03 03:00:00+00:00,2332.151314
2025-03-03 04:00:00+00:00,2500.980365
2025-03-03 05:00:00+00:00,2563.430958
2025-03-03 06:00:00+00:00,2504.667623
2025-03-03 07:00:00+00:00,2847.322627
2025-03-03 08:00:00+00:00,2871.951623
2025-03-03 09:00:00+00:00,2780.315101
2025-03-03 10:00:00+00:00,2856.237911
2025-03-03 11:00:00+00:00,2730.350108
2025-03-03 12:00:00+00:00,2912.935455
2025-03-03 13:00:00+00:00,2779.069128
2025-03-03 14:00:00+00:00,2804.490807
2025-03-03 15:00:00+00:00,2794.577822
2025-03-03 16:00:00+00:00,2802.145712
2025-03-03 17:00:00+00:00,2697.068843
2025-03-03 18:00:00+00:00,2742.906582
2025-03-03 19:00:00+00:00,2656.706314
2025-03-03 20:00:00+00:00,2847.259080
2025-03-03 21:00:00+00:00,2728.153141
2025-03-03 22:00:00+00:00,2815.577077
2025-03-03 23:00:00+00:00,2530.412185
2025-03-04 00:00:00+00:00,2453.765202
2025-03-04 01:00:00+00:00,2478.118643
2025-03-04 02:00:00+00:00,2498.993475
2025-03-04 03:00:00+00:00,2420.637336
2025-03-04 04:00:00+00:00,2513.220952
2025-03-04 05:00:00+00:00,2523.718593
2025-03-04 06:00:00+00:00,2449.479308
2025-03-04 07:00:00+00:00,2685.189173
2025-03-04 08:00:00+00:00,2653.117012
2025-03-04 09:00:00+00:00,2617.686389
2025-03-04 10:00:00+00:00,2879.890421
2025-03-04 11:00:00+00:00,2711.404865
2025-03-04 12:00:00+00:00,2875.518418
2025-03-04 13:00:00+00:00,2799.052536
2025-03-04 14:00:00+00:00,2815.419678
2025-03-04 15:00:00+00:00,2780.635909
2025-03-04 16:00:00+00:00,2923.311017
2025-03-04 17:00:00+00:00,2837.905186
2025-03-04 18:00:00+00:00,2833.697010
2025-03-04 19:00:00+00:00,2854.433131
2025-03-04 20:00:00+00:00,2672.137177
2025-03-04 21:00:00+00:00,2819.390219
2025-03-04 22:00:00+00:00,2824.145334
2025-03-04 23:00:00+00:00,2441.690598
2025-03-05 00:00:00+00:00,2402.761592
2025-03-05 01:00:00+00:00,2484.983722
2025-03-05 02:00:00+00:00,2526.847499
2025-03-05 03:00:00+00:00,2515.459592
2025-03-05 04:00:00+00:00,2627.337494
2025-03-05 05:00:00+00:00,2537.535926
2025-03-05 06:00:00+00:00,2452.664527
2025-03-05 07:00:00+00:00,2722.429256
2025-03-05 08:00:00+00:00,2740.909651
2025-03-05 09:00:00+00:00,2734.811654
2025-03-05 10:00:00+00:00,2752.965014
2025-03-05 11:00:00+00:00,2758.278497
2025-03-05 12:00:00+00:00,2885.989428
2025-03-05 13:00:00+00:00,2788.333947
2025-03-05 14:00:00+00:00,2831.133354
2025-03-05 15:00:00+00:00,2732.103700
2025-03-05 16:00:00+00:00,2766.734954
2025-03-05 17:00:00+00:00,2792.387879
2025-03-05 18:00:00+00:00,2762.051737
2025-03-05 19:00:00+00:00,2716.826360
2025-03-05 20:00:00+00:00,2799.468413
2025-03-05 21:00:00+00:00,2693.586816
2025-03-05 22:00:00+00:00,2882.528504
2025-03-05 23:00:00+00:00,2514.402298
2025-03-06 00:00:00+00:00,2502.914099
2025-03-06 01:00:00+00:00,2428.313742
2025-03-06 02:00:00+00:00,2563.863088
2025-03-06 03:00:00+00:00,2486.454502
2025-03-06 04:00:00+00:00,2571.057218
2025-03-06 05:00:00+00:00,2467.734559
2025-03-06 06:00:00+00:00,2497.927105
2025-03-06 07:00:00+00:00,2749.001891
2025-03-06 08:00:00+00:00,2655.571724
2025-03-06 09:00:00+00:00,2848.447577
2025-03-06 10:00:00+00:00,2800.523364
2025-03-06 11:00:00+00:00,2777.825936
2025-03-06 12:00:00+00:00,2732.551997
2025-03-06 13:00:00+00:00,2776.510347
2025-03-06 14:00:00+00:00,2830.309301
2025-03-06 15:00:00+00:00,2886.948617
2025-03-06 16:00:00+00:00,2652.049592
2025-03-06 17:00:00+00:00,2827.296778
2025-03-06 18:00:00+00:00,2840.292054
2025-03-06 19:00:00+00:00,2649.537447
2025-03-06 20:00:00+00:00,2634.034970
2025-03-06 21:00:00+00:00,2700.150071
2025-03-06 22:00:00+00:00,2672.116343
2025-03-06 23:00:00+00:00,2461.828664
2025-03-07 00:00:00+00:00,2459.086461
2025-03-07 01:00:00+00:00,2355.449087
2025-03-07 02:00:00+00:00,2440.670811
2025-03-07 03:00:00+00:00,2398.306610
2025-03-07 04:00:00+00:00,2453.042375
2025-03-07 05:00:00+00:00,2340.941850
2025-03-07 06:00:00+00:00,2469.163607
2025-03-07 07:00:00+00:00,2815.865183
2025-03-07 08:00:00+00:00,2720.353242
2025-03-07 09:00:00+00:00,2777.017346
2025-03-07 10:00:00+00:00,2835.133199
2025-03-07 11:00:00+00:00,2824.426214
2025-03-07 12:00:00+00:00,2709.181143
2025-03-07 13:00:00+00:00,2883.289684
2025-03-07 14:00:00+00:00,2857.814300
2025-03-07 15:00:00+00:00,2795.434838
2025-03-07 16:00:00+00:00,2819.719411
2025-03-07 17:00:00+00:00,2808.502360
2025-03-07 18:00:00+00:00,2851.412035
2025-03-07 19:00:00+00:00,2807.123154
2025-03-07 20:00:00+00:00,2715.262960
2025-03-07 21:00:00+00:00,2664.253671
2025-03-07 22:00:00+00:00,2774.641089
2025-03-07 23:00:00+00:00,2499.098216
2025-03-08 00:00:00+00:00,2194.161534
2025-03-08 01:00:00+00:00,2156.496244
2025-03-08 02:00:00+00:00,2218.037899
2025-03-08 03:00:00+00:00,2190.346191
2025-03-08 04:00:00+00:00,2235.180660
2025-03-08 05:00:00+00:00,2159.349640
2025-03-08 06:00:00+00:00,2166.602525
2025-03-08 07:00:00+00:00,2464.629955
2025-03-08 08:00:00+00:00,2294.241853
2025-03-08 09:00:00+00:00,2511.239432
2025-03-08 10:00:00+00:00,2361.852703
2025-03-08 11:00:00+00:00,2505.010676
2025-03-08 12:00:00+00:00,2516.667138
2025-03-08 13:00:00+00:00,2498.752485
2025-03-08 14:00:00+00:00,2507.110376
2025-03-08 15:00:00+00:00,2417.978134
2025-03-08 16:00:00+00:00,2422.543052
2025-03-08 17:00:00+00:00,2495.003165
2025-03-08 18:00:00+00:00,2522.000097
2025-03-08 19:00:00+00:00,2379.896408
2025-03-08 20:00:00+00:00,2452.458873
2025-03-08 21:00:00+00:00,2492.047498
2025-03-08 22:00:00+00:00,2471.414548
2025-03-08 23:00:00+00:00,2172.440856
2025-03-09 00:00:00+00:00,2078.479523
2025-03-09 01:00:00+00:00,2120.540283
2025-03-09 02:00:00+00:00,2220.882347
2025-03-09 03:00:00+00:00,2120.549413
2025-03-09 04:00:00+00:00,2198.921844
2025-03-09 05:00:00+00:00,2184.658802
2025-03-09 06:00:00+00:00,2146.490817
2025-03-09 07:00:00+00:00,2455.419107
2025-03-09 08:00:00+00:00,2434.904868
2025-03-09 09:00:00+00:00,2512.201370
2025-03-09 10:00:00+00:00,2495.565558
2025-03-09 11:00:00+00:00,2316.832509
2025-03-09 12:00:00+00:00,2520.593131
2025-03-09 13:00:00+00:00,2520.960559
2025-03-09 14:00:00+00:00,2498.691481
2025-03-09 15:00:00+00:00,2468.067874
2025-03-09 16:00:00+00:00,2482.046822
2025-03-09 17:00:00+00:00,2393.708691
2025-03-09 18:00:00+00:00,2411.014927
2025-03-09 19:00:00+00:00,2342.376677
2025-03-09 20:00:00+00:00,2514.523303
2025-03-09 21:00:00+00:00,2392.167072
2025-03-09 22:00:00+00:00,2389.536659
2025-03-09 23:00:00+00:00,2128.642812
2025-03-10 00:00:00+00:00,2515.938372
2025-03-10 01:00:00+00:00,2487.672276
2025-03-10 02:00:00+00:00,2463.880426
2025-03-10 03:00:00+00:00,2457.547345
2025-03-10 04:00:00+00:00,2520.062141
2025-03-10 05:00:00+00:00,2469.905249
2025-03-10 06:00:00+00:00,2490.464607
2025-03-10 07:00:00+00:00,2837.806115
2025-03-10 08:00:00+00:00,2817.608229
2025-03-10 09:00:00+00:00,2809.786106
2025-03-10 10:00:00+00:00,2785.919211
2025-03-10 11:00:00+00:00,2845.694699
2025-03-10 12:00:00+00:00,2826.072920
2025-03-10 13:00:00+00:00,2690.184171
2025-03-10 14:00:00+00:00,2900.441719
2025-03-10 15:00:00+00:00,2696.675986
2025-03-10 16:00:00+00:00,2843.464386
2025-03-10 17:00:00+00:00,2817.972979
2025-03-10 18:00:00+00:00,2772.830586
2025-03-10 19:00:00+00:00,2806.903897
2025-03-10 20:00:00+00:00,2926.659870
2025-03-10 21:00:00+00:00,2744.069830
2025-03-10 22:00:00+00:00,2773.055678
2025-03-10 23:00:00+00:00,2429.563709
2025-03-11 00:00:00+00:00,2562.718167
2025-03-11 01:00:00+00:00,2482.295619
2025-03-11 02:00:00+00:00,2460.399697
2025-03-11 03:00:00+00:00,2410.628816
2025-03-11 04:00:00+00:00,2490.524388
2025-03-11 05:00:00+00:00,2483.938693
2025-03-11 06:00:00+00:00,2437.791697
2025-03-11 07:00:00+00:00,2745.986192
2025-03-11 08:00:00+00:00,2649.455195
2025-03-11 09:00:00+00:00,2665.991212
2025-03-11 10:00:00+00:00,2775.050783
2025-03-11 11:00:00+00:00,2705.012041
2025-03-11 12:00:00+00:00,2724.019919
2025-03-11 13:00:00+00:00,2694.895630
2025-03-11 14:00:00+00:00,2733.311512
2025-03-11 15:00:00+00:00,2675.214687
2025-03-11 16:00:00+00:00,2719.711309
2025-03-11 17:00:00+00:00,2613.148100
2025-03-11 18:00:00+00:00,2825.898412
2025-03-11 19:00:00+00:00,2762.762652
2025-03-11 20:00:00+00:00,2756.782822
2025-03-11 21:00:00+00:00,2640.206283
2025-03-11 22:00:00+00:00,2697.722114
2025-03-11 23:00:00+00:00,2514.240846
2025-03-12 00:00:00+00:00,2509.651878
2025-03-12 01:00:00+00:00,2517.505184
2025-03-12 02:00:00+00:00,2448.304536
2025-03-12 03:00:00+00:00,2490.582993
2025-03-12 04:00:00+00:00,2402.164694
2025-03-12 05:00:00+00:00,2470.661688
2025-03-12 06:00:00+00:00,2533.048202
2025-03-12 07:00:00+00:00,2815.954826
2025-03-12 08:00:00+00:00,2824.109058
2025-03-12 09:00:00+00:00,2725.812595
2025-03-12 10:00:00+00:00,2796.706598
2025-03-12 11:00:00+00:00,2807.873868
2025-03-12 12:00:00+00:00,2731.636857
2025-03-12 13:00:00+00:00,2770.071914
2025-03-12 14:00:00+00:00,2761.241020
2025-03-12 15:00:00+00:00,2728.021333
2025-03-12 16:00:00+00:00,2724.809448
2025-03-12 17:00:00+00:00,2771.613829
2025-03-12 18:00:00+00:00,2769.051863
2025-03-12 19:00:00+00:00,2826.685388
2025-03-12 20:00:00+00:00,2744.306839
2025-03-12 21:00:00+00:00,2817.877703
2025-03-12 22:00:00+00:00,2759.438638
2025-03-12 23:00:00+00:00,2566.037702
2025-03-13 00:00:00+00:00,2412.413282
2025-03-13 01:00:00+00:00,2481.609435
2025-03-13 02:00:00+00:00,2418.424091
2025-03-13 03:00:00+00:00,2431.144344
2025-03-13 04:00:00+00:00,2452.873272
2025-03-13 05:00:00+00:00,2604.314730
2025-03-13 06:00:00+00:00,2470.989853
2025-03-13 07:00:00+00:00,2653.108371
2025-03-13 08:00:00+00:00,2765.544426
2025-03-13 09:00:00+00:00,2617.360036
2025-03-13 10:00:00+00:00,2862.884954
2025-03-13 11:00:00+00:00,2875.921971
2025-03-13 12:00:00+00:00,2772.717341
2025-03-13 13:00:00+00:00,2740.143004
2025-03-13 14:00:00+00:00,2704.585670
2025-03-13 15:00:00+00:00,2743.465123
2025-03-13 16:00:00+00:00,2608.332150
2025-03-13 17:00:00+00:00,2786.104209
2025-03-13 18:00:00+00:00,2720.895853
2025-03-13 19:00:00+00:00,2621.897856
2025-03-13 20:00:00+00:00,2708.750969
2025-03-13 21:00:00+00:00,2695.723354
2025-03-13 22:00:00+00:00,2904.204788
2025-03-13 23:00:00+00:00,2482.078522
2025-03-14 00:00:00+00:00,2459.498358
2025-03-14 01:00:00+00:00,2395.237350
2025-03-14 02:00:00+00:00,2437.003435
2025-03-14 03:00:00+00:00,2603.566794
2025-03-14 04:00:00+00:00,2433.722338
2025-03-14 05:00:00+00:00,2443.305274
2025-03-14 06:00:00+00:00,2536.154003
2025-03-14 07:00:00+00:00,2580.952121
2025-03-14 08:00:00+00:00,2735.354440
2025-03-14 09:00:00+00:00,2747.326422
2025-03-14 10:00:00+00:00,2761.359039
2025-03-14 11:00:00+00:00,2701.518550
2025-03-14 12:00:00+00:00,2713.586865
2025-03-14 13:00:00+00:00,2724.682990
2025-03-14 14:00:00+00:00,2754.196873
2025-03-14 15:00:00+00:00,2738.415990
2025-03-14 16:00:00+00:00,2767.915992
2025-03-14 17:00:00+00:00,2650.627952
2025-03-14 18:00:00+00:00,2954.524790
2025-03-14 19:00:00+00:00,2702.944267
2025-03-14 20:00:00+00:00,2688.370573
2025-03-14 21:00:00+00:00,2815.570383
2025-03-14 22:00:00+00:00,2775.683754
2025-03-14 23:00:00+00:00,2558.002386
2025-03-15 00:00:00+00:00,2149.221690
2025-03-15 01:00:00+00:00,2117.406849
2025-03-15 02:00:00+00:00,2224.754298
2025-03-15 03:00:00+00:00,2241.061630
2025-03-15 04:00:00+00:00,2190.958895
2025-03-15 05:00:00+00:00,2163.229560
2025-03-15 06:00:00+00:00,2122.193033
2025-03-15 07:00:00+00:00,2517.561844
2025-03-15 08:00:00+00:00,2542.149814
2025-03-15 09:00:00+00:00,2301.514986
2025-03-15 10:00:00+00:00,2435.171402
2025-03-15 11:00:00+00:00,2387.615797
2025-03-15 12:00:00+00:00,2519.248901
2025-03-15 13:00:00+00:00,2397.939707
2025-03-15 14:00:00+00:00,2573.250497
2025-03-15 15:00:00+00:00,2341.873246
2025-03-15 16:00:00+00:00,2310.701490
2025-03-15 17:00:00+00:00,2516.381033
2025-03-15 18:00:00+00:00,2453.549259
2025-03-15 19:00:00+00:00,2476.270568
2025-03-15 20:00:00+00:00,2468.779056
2025-03-15 21:00:00+00:00,2420.580274
2025-03-15 22:00:00+00:00,2461.861278
2025-03-15 23:00:00+00:00,2129.970085
2025-03-16 00:00:00+00:00,2141.144550
2025-03-16 01:00:00+00:00,2155.795425
2025-03-16 02:00:00+00:00,2094.852413
2025-03-16 03:00:00+00:00,2167.710242
2025-03-16 04:00:00+00:00,2166.909517
2025-03-16 05:00:00+00:00,2194.671424
2025-03-16 06:00:00+00:00,2150.178024
2025-03-16 07:00:00+00:00,2494.822273
2025-03-16 08:00:00+00:00,2405.840449
2025-03-16 09:00:00+00:00,2343.267388
2025-03-16 10:00:00+00:00,2302.729162
2025-03-16 11:00:00+00:00,2446.231533
2025-03-16 12:00:00+00:00,2351.532986
2025-03-16 13:00:00+00:00,2526.587051
2025-03-16 14:00:00+00:00,2441.769929
2025-03-16 15:00:00+00:00,2378.295805
2025-03-16 16:00:00+00:00,2493.095033
2025-03-16 17:00:00+00:00,2338.882237
2025-03-16 18:00:00+00:00,2447.999197
2025-03-16 19:00:00+00:00,2442.039567
2025-03-16 20:00:00+00:00,2382.511975
2025-03-16 21:00:00+00:00,2360.964062
2025-03-16 22:00:00+00:00,2366.888074
2025-03-16 23:00:00+00:00,2239.117104
2025-03-17 00:00:00+00:00,2491.455655
2025-03-17 01:00:00+00:00,2448.193109
2025-03-17 02:00:00+00:00,2459.464617
2025-03-17 03:00:00+00:00,2578.317469
2025-03-17 04:00:00+00:00,2325.783966
2025-03-17 05:00:00+00:00,2382.322828
2025-03-17 06:00:00+00:00,2485.714275
2025-03-17 07:00:00+00:00,2744.705247
2025-03-17 08:00:00+00:00,2668.823791
2025-03-17 09:00:00+00:00,2785.132150
2025-03-17 10:00:00+00:00,2768.719738
2025-03-17 11:00:00+00:00,2754.548150
2025-03-17 12:00:00+00:00,2930.403842
2025-03-17 13:00:00+00:00,2775.953219
2025-03-17 14:00:00+00:00,2742.308264
2025-03-17 15:00:00+00:00,2768.525214
2025-03-17 16:00:00+00:00,2852.852498
2025-03-17 17:00:00+00:00,2765.337002
2025-03-17 18:00:00+00:00,2760.922170
2025-03-17 19:00:00+00:00,2724.316333
2025-03-17 20:00:00+00:00,2818.169159
2025-03-17 21:00:00+00:00,2770.326608
2025-03-17 22:00:00+00:00,2813.982193
2025-03-17 23:00:00+00:00,2429.957402
2025-03-18 00:00:00+00:00,2373.704877
2025-03-18 01:00:00+00:00,2481.799203
2025-03-18 02:00:00+00:00,2498.461597
2025-03-18 03:00:00+00:00,2304.636375
2025-03-18 04:00:00+00:00,2470.290325
2025-03-18 05:00:00+00:00,2563.466763
2025-03-18 06:00:00+00:00,2486.657545
2025-03-18 07:00:00+00:00,2729.994264
2025-03-18 08:00:00+00:00,2699.412318
2025-03-18 09:00:00+00:00,2700.834351
2025-03-18 10:00:00+00:00,2844.024350
2025-03-18 11:00:00+00:00,2520.285520
2025-03-18 12:00:00+00:00,2721.183939
2025-03-18 13:00:00+00:00,2714.871211
2025-03-18 14:00:00+00:00,2781.816799
2025-03-18 15:00:00+00:00,2767.551590
2025-03-18 16:00:00+00:00,2622.530920
2025-03-18 17:00:00+00:00,2834.117630
2025-03-18 18:00:00+00:00,2721.653457
2025-03-18 19:00:00+00:00,2790.849338
2025-03-18 20:00:00+00:00,2742.741252
2025-03-18 21:00:00+00:00,2662.216790
2025-03-18 22:00:00+00:00,2734.242441
2025-03-18 23:00:00+00:00,2502.206192
2025-03-19 00:00:00+00:00,2469.052298
2025-03-19 01:00:00+00:00,2444.122615
2025-03-19 02:00:00+00:00,2402.688924
2025-03-19 03:00:00+00:00,2408.631229
2025-03-19 04:00:00+00:00,2536.734796
2025-03-19 05:00:00+00:00,2492.526644
2025-03-19 06:00:00+00:00,2405.825659
2025-03-19 07:00:00+00:00,2816.502122
2025-03-19 08:00:00+00:00,2723.693317
2025-03-19 09:00:00+00:00,2763.212025
2025-03-19 10:00:00+00:00,2742.156423
2025-03-19 11:00:00+00:00,2718.949801
2025-03-19 12:00:00+00:00,2689.282704
2025-03-19 13:00:00+00:00,2703.163891
2025-03-19 14:00:00+00:00,2788.940987
2025-03-19 15:00:00+00:00,2751.607257
2025-03-19 16:00:00+00:00,2787.109277
2025-03-19 17:00:00+00:00,2750.315403
2025-03-19 18:00:00+00:00,2725.565798
2025-03-19 19:00:00+00:00,2857.741333
2025-03-19 20:00:00+00:00,2788.417141
2025-03-19 21:00:00+00:00,2779.139040
2025-03-19 22:00:00+00:00,2841.605886
2025-03-19 23:00:00+00:00,2427.938487
2025-03-20 00:00:00+00:00,2426.233003
2025-03-20 01:00:00+00:00,2439.872104
2025-03-20 02:00:00+00:00,2475.298971
2025-03-20 03:00:00+00:00,2431.858819
2025-03-20 04:00:00+00:00,2562.315079
2025-03-20 05:00:00+00:00,2457.661866
2025-03-20 06:00:00+00:00,2628.324944
2025-03-20 07:00:00+00:00,2569.096315
2025-03-20 08:00:00+00:00,2824.879099
2025-03-20 09:00:00+00:00,2670.077839
2025-03-20 10:00:00+00:00,2631.997857
2025-03-20 11:00:00+00:00,2647.958833
2025-03-20 12:00:00+00:00,2739.914629
2025-03-20 13:00:00+00:00,2709.230456
2025-03-20 14:00:00+00:00,2819.912275
2025-03-20 15:00:00+00:00,2601.452932
2025-03-20 16:00:00+00:00,2759.023585
2025-03-20 17:00:00+00:00,2691.359415
2025-03-20 18:00:00+00:00,2784.024121
2025-03-20 19:00:00+00:00,2774.019571
2025-03-20 20:00:00+00:00,2776.854352
2025-03-20 21:00:00+00:00,2763.145810
2025-03-20 22:00:00+00:00,2847.895208
2025-03-20 23:00:00+00:00,2497.581157
2025-03-21 00:00:00+00:00,2419.822882
2025-03-21 01:00:00+00:00,2316.533216
2025-03-21 02:00:00+00:00,2474.485688
2025-03-21 03:00:00+00:00,2490.624781
2025-03-21 04:00:00+00:00,2439.460012
2025-03-21 05:00:00+00:00,2406.254939
2025-03-21 06:00:00+00:00,2411.508616
2025-03-21 07:00:00+00:00,2738.028046
2025-03-21 08:00:00+00:00,2874.367612
2025-03-21 09:00:00+00:00,2820.897858
2025-03-21 10:00:00+00:00,2635.705395
2025-03-21 11:00:00+00:00,2732.513070
2025-03-21 12:00:00+00:00,2727.252791
2025-03-21 13:00:00+00:00,2693.571720
2025-03-21 14:00:00+00:00,2683.537191
2025-03-21 15:00:00+00:00,2816.749894
2025-03-21 16:00:00+00:00,2680.345760
2025-03-21 17:00:00+00:00,2742.563713
2025-03-21 18:00:00+00:00,2702.311548
2025-03-21 19:00:00+00:00,2666.773342
2025-03-21 20:00:00+00:00,2826.438063
2025-03-21 21:00:00+00:00,2864.028739
2025-03-21 22:00:00+00:00,2784.952497
2025-03-21 23:00:00+00:00,2400.589210
2025-03-22 00:00:00+00:00,2114.686084
2025-03-22 01:00:00+00:00,2136.543210
2025-03-22 02:00:00+00:00,2113.599328
2025-03-22 03:00:00+00:00,2164.080058
2025-03-22 04:00:00+00:00,2140.291425
2025-03-22 05:00:00+00:00,2205.196488
2025-03-22 06:00:00+00:00,2149.601464
2025-03-22 07:00:00+00:00,2390.718520
2025-03-22 08:00:00+00:00,2496.710115
2025-03-22 09:00:00+00:00,2471.097669
2025-03-22 10:00:00+00:00,2389.434556
2025-03-22 11:00:00+00:00,2500.651750
2025-03-22 12:00:00+00:00,2355.654121
2025-03-22 13:00:00+00:00,2447.154792
2025-03-22 14:00:00+00:00,2429.592012
2025-03-22 15:00:00+00:00,2416.780011
2025-03-22 16:00:00+00:00,2478.671740
2025-03-22 17:00:00+00:00,2368.994810
2025-03-22 18:00:00+00:00,2466.350024
2025-03-22 19:00:00+00:00,2454.399192
2025-03-22 20:00:00+00:00,2292.175797
2025-03-22 21:00:00+00:00,2455.179205
2025-03-22 22:00:00+00:00,2498.701309
2025-03-22 23:00:00+00:00,2241.102802
2025-03-23 00:00:00+00:00,2176.251201
2025-03-23 01:00:00+00:00,2192.874391
2025-03-23 02:00:00+00:00,2184.679782
2025-03-23 03:00:00+00:00,2059.642013
2025-03-23 04:00:00+00:00,2167.718892
2025-03-23 05:00:00+00:00,2212.243169
2025-03-23 06:00:00+00:00,2141.423316
2025-03-23 07:00:00+00:00,2433.429294
2025-03-23 08:00:00+00:00,2457.403231
2025-03-23 09:00:00+00:00,2359.597018
2025-03-23 10:00:00+00:00,2451.885377
2025-03-23 11:00:00+00:00,2518.174238
2025-03-23 12:00:00+00:00,2514.908605
2025-03-23 13:00:00+00:00,2566.338971
2025-03-23 14:00:00+00:00,2470.155726
2025-03-23 15:00:00+00:00,2485.079655
2025-03-23 16:00:00+00:00,2592.621096
2025-03-23 17:00:00+00:00,2329.016996
2025-03-23 18:00:00+00:00,2443.362627
2025-03-23 19:00:00+00:00,2440.329449
2025-03-23 20:00:00+00:00,2554.417826
2025-03-23 21:00:00+00:00,2502.503770
2025-03-23 22:00:00+00:00,2501.849054
2025-03-23 23:00:00+00:00,2132.294657
2025-03-24 00:00:00+00:00,2472.315295
2025-03-24 01:00:00+00:00,2438.111294
2025-03-24 02:00:00+00:00,2547.277233
2025-03-24 03:00:00+00:00,2561.748371
2025-03-24 04:00:00+00:00,2415.648087
2025-03-24 05:00:00+00:00,2430.302205
2025-03-24 06:00:00+00:00,2456.511764
2025-03-24 07:00:00+00:00,2751.368462
2025-03-24 08:00:00+00:00,2836.883791
2025-03-24 09:00:00+00:00,2627.441447
2025-03-24 10:00:00+00:00,2731.965926
2025-03-24 11:00:00+00:00,2825.414693
2025-03-24 12:00:00+00:00,2789.520930
2025-03-24 13:00:00+00:00,2690.246665
2025-03-24 14:00:00+00:00,2682.672598
2025-03-24 15:00:00+00:00,2721.295496
2025-03-24 16:00:00+00:00,2749.443657
2025-03-24 17:00:00+00:00,2637.931337
2025-03-24 18:00:00+00:00,2694.735968
2025-03-24 19:00:00+00:00,2683.703230
2025-03-24 20:00:00+00:00,2517.155088
2025-03-24 21:00:00+00:00,2834.311678
2025-03-24 22:00:00+00:00,2778.305113
2025-03-24 23:00:00+00:00,2379.026282
2025-03-25 00:00:00+00:00,2458.888625
2025-03-25 01:00:00+00:00,2463.601978
2025-03-25 02:00:00+00:00,2435.084119
2025-03-25 03:00:00+00:00,2353.714987
2025-03-25 04:00:00+00:00,2424.192747
2025-03-25 05:00:00+00:00,2368.568013
2025-03-25 06:00:00+00:00,2476.371113
2025-03-25 07:00:00+00:00,2727.428896
2025-03-25 08:00:00+00:00,2694.091967
2025-03-25 09:00:00+00:00,2755.586755
2025-03-25 10:00:00+00:00,2730.418642
2025-03-25 11:00:00+00:00,2693.861162
2025-03-25 12:00:00+00:00,2701.901179
2025-03-25 13:00:00+00:00,2706.951661
2025-03-25 14:00:00+00:00,2581.974455
2025-03-25 15:00:00+00:00,2808.107222
2025-03-25 16:00:00+00:00,2776.746877
2025-03-25 17:00:00+00:00,2728.238283
2025-03-25 18:00:00+00:00,2653.847173
2025-03-25 19:00:00+00:00,2828.402409
2025-03-25 20:00:00+00:00,2706.366263
2025-03-25 21:00:00+00:00,2781.901730
2025-03-25 22:00:00+00:00,2698.775297
2025-03-25 23:00:00+00:00,2565.608236
2025-03-26 00:00:00+00:00,2525.627547
2025-03-26 01:00:00+00:00,2439.358680
2025-03-26 02:00:00+00:00,2478.724683
2025-03-26 03:00:00+00:00,2546.015411
2025-03-26 04:00:00+00:00,2462.340089
2025-03-26 05:00:00+00:00,2429.237942
2025-03-26 06:00:00+00:00,2398.358890
2025-03-26 07:00:00+00:00,2717.060584
2025-03-26 08:00:00+00:00,2658.141455
2025-03-26 09:00:00+00:00,2769.088875
2025-03-26 10:00:00+00:00,2765.893356
2025-03-26 11:00:00+00:00,2787.074525
2025-03-26 12:00:00+00:00,2797.540272
2025-03-26 13:00:00+00:00,2806.908678
2025-03-26 14:00:00+00:00,2745.789531
2025-03-26 15:00:00+00:00,2703.110091
2025-03-26 16:00:00+00:00,2763.015784
2025-03-26 17:00:00+00:00,2729.703536
2025-03-26 18:00:00+00:00,2666.205118
2025-03-26 19:00:00+00:00,2762.925153
2025-03-26 20:00:00+00:00,2779.531631
2025-03-26 21:00:00+00:00,2721.168142
2025-03-26 22:00:00+00:00,2753.522820
2025-03-26 23:00:00+00:00,2390.503162
2025-03-27 00:00:00+00:00,2486.190971
2025-03-27 01:00:00+00:00,2388.701230
2025-03-27 02:00:00+00:00,2448.900072
2025-03-27 03:00:00+00:00,2493.993447
2025-03-27 04:00:00+00:00,2390.947213
2025-03-27 05:00:00+00:00,2335.091566
2025-03-27 06:00:00+00:00,2443.411927
2025-03-27 07:00:00+00:00,2767.719313
2025-03-27 08:00:00+00:00,2750.160869
2025-03-27 09:00:00+00:00,2758.853620
2025-03-27 10:00:00+00:00,2727.063927
2025-03-27 11:00:00+00:00,2592.938815
2025-03-27 12:00:00+00:00,2641.160229
2025-03-27 13:00:00+00:00,2649.359059
2025-03-27 14:00:00+00:00,2735.807100
2025-03-27 15:00:00+00:00,2689.439143
2025-03-27 16:00:00+00:00,2695.947803
2025-03-27 17:00:00+00:00,2784.195747
2025-03-27 18:00:00+00:00,2660.521171
2025-03-27 19:00:00+00:00,2730.313041
2025-03-27 20:00:00+00:00,2714.186030
2025-03-27 21:00:00+00:00,2749.714789
2025-03-27 22:00:00+00:00,2695.293586
2025-03-27 23:00:00+00:00,2471.551676
2025-03-28 00:00:00+00:00,2510.083049
2025-03-28 01:00:00+00:00,2378.128782
2025-03-28 02:00:00+00:00,2518.413533
2025-03-28 03:00:00+00:00,2428.347648
2025-03-28 04:00:00+00:00,2482.045366
2025-03-28 05:00:00+00:00,2393.766554
2025-03-28 06:00:00+00:00,2381.910416
2025-03-28 07:00:00+00:00,2686.099044
2025-03-28 08:00:00+00:00,2725.534566
2025-03-28 09:00:00+00:00,2700.237880
2025-03-28 10:00:00+00:00,2781.939119
2025-03-28 11:00:00+00:00,2692.432117
2025-03-28 12:00:00+00:00,2778.487963
2025-03-28 13:00:00+00:00,2704.873960
2025-03-28 14:00:00+00:00,2665.247457
2025-03-28 15:00:00+00:00,2784.142967
2025-03-28 16:00:00+00:00,2806.566673
2025-03-28 17:00:00+00:00,2691.491351
2025-03-28 18:00:00+00:00,2675.841688
2025-03-28 19:00:00+00:00,2709.162065
2025-03-28 20:00:00+00:00,2733.652788
2025-03-28 21:00:00+00:00,2712.137374
2025-03-28 22:00:00+00:00,2654.311571
2025-03-28 23:00:00+00:00,2420.225257
2025-03-29 00:00:00+00:00,2148.136781
2025-03-29 01:00:00+00:00,2200.829118
2025-03-29 02:00:00+00:00,2189.547153
2025-03-29 03:00:00+00:00,2304.097553
2025-03-29 04:00:00+00:00,2198.277791
2025-03-29 05:00:00+00:00,2085.911332
2025-03-29 06:00:00+00:00,2091.050545
2025-03-29 07:00:00+00:00,2436.790552
2025-03-29 08:00:00+00:00,2393.816771
2025-03-29 09:00:00+00:00,2403.639050
2025-03-29 10:00:00+00:00,2382.548910
2025-03-29 11:00:00+00:00,2327.464589
2025-03-29 12:00:00+00:00,2453.041983
2025-03-29 13:00:00+00:00,2429.770435
2025-03-29 14:00:00+00:00,2377.116812
2025-03-29 15:00:00+00:00,2440.372060
2025-03-29 16:00:00+00:00,2349.352282
2025-03-29 17:00:00+00:00,2456.880819
2025-03-29 18:00:00+00:00,2360.819876
2025-03-29 19:00:00+00:00,2500.553962
2025-03-29 20:00:00+00:00,2454.198803
2025-03-29 21:00:00+00:00,2411.739536
2025-03-29 22:00:00+00:00,2287.122383
2025-03-29 23:00:00+00:00,2204.217190
2025-03-30 00:00:00+00:00,2230.768694
2025-03-30 01:00:00+00:00,2261.467951
2025-03-30 02:00:00+00:00,2154.841348
2025-03-30 03:00:00+00:00,2193.508561
2025-03-30 04:00:00+00:00,2085.091953
2025-03-30 05:00:00+00:00,2129.655858
2025-03-30 06:00:00+00:00,2217.870241
2025-03-30 07:00:00+00:00,2464.665524
2025-03-30 08:00:00+00:00,2276.997243
2025-03-30 09:00:00+00:00,2375.889842
2025-03-30 10:00:00+00:00,2427.360141
2025-03-30 11:00:00+00:00,2468.077236
2025-03-30 12:00:00+00:00,2325.794056
2025-03-30 13:00:00+00:00,2420.603917
2025-03-30 14:00:00+00:00,2390.125567
2025-03-30 15:00:00+00:00,2353.152526
2025-03-30 16:00:00+00:00,2480.952452
2025-03-30 17:00:00+00:00,2424.752828
2025-03-30 18:00:00+00:00,2388.617853
2025-03-30 19:00:00+00:00,2600.896678
2025-03-30 20:00:00+00:00,2477.740927
2025-03-30 21:00:00+00:00,2455.359700
2025-03-30 22:00:00+00:00,2529.563476
2025-03-30 23:00:00+00:00,2231.830839
2025-03-31 00:00:00+00:00,2344.100706
2025-03-31 01:00:00+00:00,2435.052540
2025-03-31 02:00:00+00:00,2325.632445
2025-03-31 03:00:00+00:00,2273.416060
2025-03-31 04:00:00+00:00,2550.716551
2025-03-31 05:00:00+00:00,2452.629250
2025-03-31 06:00:00+00:00,2484.399586
2025-03-31 07:00:00+00:00,2707.944338
2025-03-31 08:00:00+00:00,2869.596955
2025-03-31 09:00:00+00:00,2627.387682
2025-03-31 10:00:00+00:00,2560.266261
2025-03-31 11:00:00+00:00,2701.481783
2025-03-31 12:00:00+00:00,2755.248858
2025-03-31 13:00:00+00:00,2615.697346
2025-03-31 14:00:00+00:00,2836.108291
2025-03-31 15:00:00+00:00,2853.123029
2025-03-31 16:00:00+00:00,2708.048916
2025-03-31 17:00:00+00:00,2777.424499
2025-03-31 18:00:00+00:00,2707.972187
2025-03-31 19:00:00+00:00,2809.969928
2025-03-31 20:00:00+00:00,2651.426307
2025-03-31 21:00:00+00:00,2714.155667
2025-03-31 22:00:00+00:00,2721.116367
2025-03-31 23:00:00+00:00,2476.702627
2025-04-01 00:00:00+00:00,2512.331147
2025-04-01 01:00:00+00:00,2389.485110
2025-04-01 02:00:00+00:00,2385.894156
2025-04-01 03:00:00+00:00,2437.091606
2025-04-01 04:00:00+00:00,2475.527114
2025-04-01 05:00:00+00:00,2461.612812
2025-04-01 06:00:00+00:00,2353.661267
2025-04-01 07:00:00+00:00,2788.313008
2025-04-01 08:00:00+00:00,2773.847393
2025-04-01 09:00:00+00:00,2703.200891
2025-04-01 10:00:00+00:00,2645.837083
2025-04-01 11:00:00+00:00,2641.310626
2025-04-01 12:00:00+00:00,2699.103522
2025-04-01 13:00:00+00:00,2717.253450
2025-04-01 14:00:00+00:00,2752.618573
2025-04-01 15:00:00+00:00,2767.212364
2025-04-01 16:00:00+00:00,2748.950062
2025-04-01 17:00:00+00:00,2711.257629
2025-04-01 18:00:00+00:00,2659.927535
2025-04-01 19:00:00+00:00,2878.479175
2025-04-01 20:00:00+00:00,2684.763538
2025-04-01 21:00:00+00:00,2834.181694
2025-04-01 22:00:00+00:00,2790.712458
2025-04-01 23:00:00+00:00,2331.127268
2025-04-02 00:00:00+00:00,2378.524986
2025-04-02 01:00:00+00:00,2410.100621
2025-04-02 02:00:00+00:00,2521.922896
2025-04-02 03:00:00+00:00,2479.247130
2025-04-02 04:00:00+00:00,2464.227738
2025-04-02 05:00:00+00:00,2388.889586
2025-04-02 06:00:00+00:00,2432.834842
2025-04-02 07:00:00+00:00,2712.960254
2025-04-02 08:00:00+00:00,2759.341927
2025-04-02 09:00:00+00:00,2699.662139
2025-04-02 10:00:00+00:00,2679.986894
2025-04-02 11:00:00+00:00,2723.115557
2025-04-02 12:00:00+00:00,2727.875502
2025-04-02 13:00:00+00:00,2711.630326
2025-04-02 14:00:00+00:00,2716.843255
2025-04-02 15:00:00+00:00,2739.318073
2025-04-02 16:00:00+00:00,2650.815423
2025-04-02 17:00:00+00:00,2687.438616
2025-04-02 18:00:00+00:00,2639.287713
2025-04-02 19:00:00+00:00,2749.251191
2025-04-02 20:00:00+00:00,2730.871580
2025-04-02 21:00:00+00:00,2728.760743
2025-04-02 22:00:00+00:00,2831.048159
2025-04-02 23:00:00+00:00,2507.311078
2025-04-03 00:00:00+00:00,2395.353891
2025-04-03 01:00:00+00:00,2377.278235
2025-04-03 02:00:00+00:00,2419.586484
2025-04-03 03:00:00+00:00,2386.332789
2025-04-03 04:00:00+00:00,2430.076492
2025-04-03 05:00:00+00:00,2397.371073
2025-04-03 06:00:00+00:00,2427.171045
2025-04-03 07:00:00+00:00,2726.092477
2025-04-03 08:00:00+00:00,2687.987617
2025-04-03 09:00:00+00:00,2796.013703
2025-04-03 10:00:00+00:00,2656.548819
2025-04-03 11:00:00+00:00,2722.771448
2025-04-03 12:00:00+00:00,2596.547928
2025-04-03 13:00:00+00:00,2652.347227
2025-04-03 14:00:00+00:00,2762.029313
2025-04-03 15:00:00+00:00,2721.673842
2025-04-03 16:00:00+00:00,2643.665828
2025-04-03 17:00:00+00:00,2762.851629
2025-04-03 18:00:00+00:00,2676.676128
2025-04-03 19:00:00+00:00,2772.266762
2025-04-03 20:00:00+00:00,2632.249426
2025-04-03 21:00:00+00:00,2767.606894
2025-04-03 22:00:00+00:00,2785.454793
2025-04-03 23:00:00+00:00,2569.260214
2025-04-04 00:00:00+00:00,2498.902482
2025-04-04 01:00:00+00:00,2465.744049
2025-04-04 02:00:00+00:00,2483.273031
2025-04-04 03:00:00+00:00,2443.729209
2025-04-04 04:00:00+00:00,2367.217680
2025-04-04 05:00:00+00:00,2456.505048
2025-04-04 06:00:00+00:00,2350.949594
2025-04-04 07:00:00+00:00,2608.077682
2025-04-04 08:00:00+00:00,2704.636531
2025-04-04 09:00:00+00:00,2715.610595
2025-04-04 10:00:00+00:00,2634.826535
2025-04-04 11:00:00+00:00,2704.871443
2025-04-04 12:00:00+00:00,2716.385605
2025-04-04 13:00:00+00:00,2538.709014
2025-04-04 14:00:00+00:00,2657.960910
2025-04-04 15:00:00+00:00,2737.072310
2025-04-04 16:00:00+00:00,2697.996203
2025-04-04 17:00:00+00:00,2822.102659
2025-04-04 18:00:00+00:00,2730.472754
2025-04-04 19:00:00+00:00,2711.341778
2025-04-04 20:00:00+00:00,2672.161230
2025-04-04 21:00:00+00:00,2860.297554
2025-04-04 22:00:00+00:00,2772.379541
2025-04-04 23:00:00+00:00,2440.588261
2025-04-05 00:00:00+00:00,2125.061089
2025-04-05 01:00:00+00:00,2211.144586
2025-04-05 02:00:00+00:00,2189.050593
2025-04-05 03:00:00+00:00,2159.794808
2025-04-05 04:00:00+00:00,2128.033033
2025-04-05 05:00:00+00:00,2225.603070
2025-04-05 06:00:00+00:00,2182.238603
2025-04-05 07:00:00+00:00,2337.606830
2025-04-05 08:00:00+00:00,2382.346887
2025-04-05 09:00:00+00:00,2531.217009
2025-04-05 10:00:00+00:00,2550.119630
2025-04-05 11:00:00+00:00,2372.680918
2025-04-05 12:00:00+00:00,2421.830303
2025-04-05 13:00:00+00:00,2354.080337
2025-04-05 14:00:00+00:00,2327.805949
2025-04-05 15:00:00+00:00,2369.446201
2025-04-05 16:00:00+00:00,2283.028834
2025-04-05 17:00:00+00:00,2485.311718
2025-04-05 18:00:00+00:00,2388.788898
2025-04-05 19:00:00+00:00,2472.541778
2025-04-05 20:00:00+00:00,2491.861814
2025-04-05 21:00:00+00:00,2480.989162
2025-04-05 22:00:00+00:00,2315.805768
2025-04-05 23:00:00+00:00,2156.561497
2025-04-06 00:00:00+00:00,2111.354508
2025-04-06 01:00:00+00:00,2153.911787
2025-04-06 02:00:00+00:00,2198.862656
2025-04-06 03:00:00+00:00,2130.068189
2025-04-06 04:00:00+00:00,2185.989079
2025-04-06 05:00:00+00:00,2246.971237
2025-04-06 06:00:00+00:00,2205.153217
2025-04-06 07:00:00+00:00,2342.515762
2025-04-06 08:00:00+00:00,2380.645984
2025-04-06 09:00:00+00:00,2350.968427
2025-04-06 10:00:00+00:00,2335.505009
2025-04-06 11:00:00+00:00,2426.264208
2025-04-06 12:00:00+00:00,2357.187512
2025-04-06 13:00:00+00:00,2417.971645
2025-04-06 14:00:00+00:00,2390.960711
2025-04-06 15:00:00+00:00,2384.397817
2025-04-06 16:00:00+00:00,2448.265982
2025-04-06 17:00:00+00:00,2431.464404
2025-04-06 18:00:00+00:00,2409.094376
2025-04-06 19:00:00+00:00,2419.476100
2025-04-06 20:00:00+00:00,2430.049297
2025-04-06 21:00:00+00:00,2434.283926
2025-04-06 22:00:00+00:00,2343.942262
2025-04-06 23:00:00+00:00,2102.935078
2025-04-07 00:00:00+00:00,2442.009692
2025-04-07 01:00:00+00:00,2350.480784
2025-04-07 02:00:00+00:00,2471.391126
2025-04-07 03:00:00+00:00,2357.504350
2025-04-07 04:00:00+00:00,2342.046674
2025-04-07 05:00:00+00:00,2419.994797
2025-04-07 06:00:00+00:00,2396.006042
2025-04-07 07:00:00+00:00,2661.663059
2025-04-07 08:00:00+00:00,2773.070608
2025-04-07 09:00:00+00:00,2723.047561
2025-04-07 10:00:00+00:00,2758.212240
2025-04-07 11:00:00+00:00,2713.706123
2025-04-07 12:00:00+00:00,2583.510541
2025-04-07 13:00:00+00:00,2714.521708
2025-04-07 14:00:00+00:00,2778.298362
2025-04-07 15:00:00+00:00,2771.585537
2025-04-07 16:00:00+00:00,2691.509756
2025-04-07 17:00:00+00:00,2715.921793
2025-04-07 18:00:00+00:00,2775.057708
2025-04-07 19:00:00+00:00,2701.607072
2025-04-07 20:00:00+00:00,2692.768358
2025-04-07 21:00:00+00:00,2684.338754
2025-04-07 22:00:00+00:00,2722.991072
2025-04-07 23:00:00+00:00,2505.312577
2025-04-08 00:00:00+00:00,2476.418376
2025-04-08 01:00:00+00:00,2425.155504
2025-04-08 02:00:00+00:00,2489.050639
2025-04-08 03:00:00+00:00,2489.791691
2025-04-08 04:00:00+00:00,2394.135196
2025-04-08 05:00:00+00:00,2363.190420
2025-04-08 06:00:00+00:00,2434.195992
2025-04-08 07:00:00+00:00,2731.179841
2025-04-08 08:00:00+00:00,2760.533246
2025-04-08 09:00:00+00:00,2602.915765
2025-04-08 10:00:00+00:00,2745.486873
2025-04-08 11:00:00+00:00,2714.080791
2025-04-08 12:00:00+00:00,2681.462478
2025-04-08 13:00:00+00:00,2680.813438
2025-04-08 14:00:00+00:00,2628.175923
2025-04-08 15:00:00+00:00,2558.394788
2025-04-08 16:00:00+00:00,2695.814573
2025-04-08 17:00:00+00:00,2751.773726
2025-04-08 18:00:00+00:00,2761.280113
2025-04-08 19:00:00+00:00,2727.307669
2025-04-08 20:00:00+00:00,2734.637998
2025-04-08 21:00:00+00:00,2697.047205
2025-04-08 22:00:00+00:00,2743.944476
2025-04-08 23:00:00+00:00,2523.532084
2025-04-09 00:00:00+00:00,2445.467703
2025-04-09 01:00:00+00:00,2430.453378
2025-04-09 02:00:00+00:00,2387.831050
2025-04-09 03:00:00+00:00,2485.720009
2025-04-09 04:00:00+00:00,2461.445140
2025-04-09 05:00:00+00:00,2401.557898
2025-04-09 06:00:00+00:00,2474.098060
2025-04-09 07:00:00+00:00,2733.855178
2025-04-09 08:00:00+00:00,2776.310198
2025-04-09 09:00:00+00:00,2744.519859
2025-04-09 10:00:00+00:00,2670.897616
2025-04-09 11:00:00+00:00,2704.934452
2025-04-09 12:00:00+00:00,2787.703174
2025-04-09 13:00:00+00:00,2732.376607
2025-04-09 14:00:00+00:00,2721.996236
2025-04-09 15:00:00+00:00,2790.279214
2025-04-09 16:00:00+00:00,2666.214307
2025-04-09 17:00:00+00:00,2755.127465
2025-04-09 18:00:00+00:00,2754.926901
2025-04-09 19:00:00+00:00,2695.752100
2025-04-09 20:00:00+00:00,2657.363442
2025-04-09 21:00:00+00:00,2688.949488
2025-04-09 22:00:00+00:00,2810.009440
2025-04-09 23:00:00+00:00,2484.339740
2025-04-10 00:00:00+00:00,2440.360528
2025-04-10 01:00:00+00:00,2363.458533
2025-04-10 02:00:00+00:00,2375.075632
2025-04-10 03:00:00+00:00,2399.735049
2025-04-10 04:00:00+00:00,2329.387268
2025-04-10 05:00:00+00:00,2539.043765
2025-04-10 06:00:00+00:00,2333.668698
2025-04-10 07:00:00+00:00,2796.465737
2025-04-10 08:00:00+00:00,2699.525306
2025-04-10 09:00:00+00:00,2711.676434
2025-04-10 10:00:00+00:00,2748.095060
2025-04-10 11:00:00+00:00,2768.241014
2025-04-10 12:00:00+00:00,2740.793036
2025-04-10 13:00:00+00:00,2657.786988
2025-04-10 14:00:00+00:00,2775.106739
2025-04-10 15:00:00+00:00,2876.610771
2025-04-10 16:00:00+00:00,2670.830741
2025-04-10 17:00:00+00:00,2630.970783
2025-04-10 18:00:00+00:00,2623.563594
2025-04-10 19:00:00+00:00,2605.550115
2025-04-10 20:00:00+00:00,2631.127444
2025-04-10 21:00:00+00:00,2701.546039
2025-04-10 22:00:00+00:00,2591.291864
2025-04-10 23:00:00+00:00,2410.595377
2025-04-11 00:00:00+00:00,2359.148549
2025-04-11 01:00:00+00:00,2372.152397
2025-04-11 02:00:00+00:00,2437.850570
2025-04-11 03:00:00+00:00,2442.338811
2025-04-11 04:00:00+00:00,2432.242657
2025-04-11 05:00:00+00:00,2334.754552
2025-04-11 06:00:00+00:00,2464.627710
2025-04-11 07:00:00+00:00,2814.981296
2025-04-11 08:00:00+00:00,2722.692792
2025-04-11 09:00:00+00:00,2623.319712
2025-04-11 10:00:00+00:00,2710.227587
2025-04-11 11:00:00+00:00,2766.932651
2025-04-11 12:00:00+00:00,2728.052497
2025-04-11 13:00:00+00:00,2641.798802
2025-04-11 14:00:00+00:00,2727.427303
2025-04-11 15:00:00+00:00,2722.489348
2025-04-11 16:00:00+00:00,2698.379158
2025-04-11 17:00:00+00:00,2715.352615
2025-04-11 18:00:00+00:00,2758.062456
2025-04-11 19:00:00+00:00,2768.617948
2025-04-11 20:00:00+00:00,2745.022790
2025-04-11 21:00:00+00:00,2840.516807
2025-04-11 22:00:00+00:00,2672.766041
2025-04-11 23:00:00+00:00,2429.226044
2025-04-12 00:00:00+00:00,2126.964702
2025-04-12 01:00:00+00:00,2218.627850
2025-04-12 02:00:00+00:00,2165.438180
2025-04-12 03:00:00+00:00,2190.033594
2025-04-12 04:00:00+00:00,2159.886249
2025-04-12 05:00:00+00:00,2108.556854
2025-04-12 06:00:00+00:00,2158.832289
2025-04-12 07:00:00+00:00,2340.795674
2025-04-12 08:00:00+00:00,2423.921819
2025-04-12 09:00:00+00:00,2351.609759
2025-04-12 10:00:00+00:00,2325.609315
2025-04-12 11:00:00+00:00,2423.100173
2025-04-12 12:00:00+00:00,2386.606254
2025-04-12 13:00:00+00:00,2346.625415
2025-04-12 14:00:00+00:00,2344.282211
2025-04-12 15:00:00+00:00,2369.808317
2025-04-12 16:00:00+00:00,2464.958203
2025-04-12 17:00:00+00:00,2326.939198
2025-04-12 18:00:00+00:00,2264.007662
2025-04-12 19:00:00+00:00,2374.653291
2025-04-12 20:00:00+00:00,2430.229147
2025-04-12 21:00:00+00:00,2305.391373
2025-04-12 22:00:00+00:00,2329.889533
2025-04-12 23:00:00+00:00,2121.276053
2025-04-13 00:00:00+00:00,2193.540583
2025-04-13 01:00:00+00:00,2120.465909
2025-04-13 02:00:00+00:00,2191.618765
2025-04-13 03:00:00+00:00,2092.385092
2025-04-13 04:00:00+00:00,2152.777725
2025-04-13 05:00:00+00:00,2244.978119
2025-04-13 06:00:00+00:00,2111.559008
2025-04-13 07:00:00+00:00,2438.624839
2025-04-13 08:00:00+00:00,2346.968227
2025-04-13 09:00:00+00:00,2417.275247
2025-04-13 10:00:00+00:00,2404.727926
2025-04-13 11:00:00+00:00,2418.058555
2025-04-13 12:00:00+00:00,2513.650599
2025-04-13 13:00:00+00:00,2341.336451
2025-04-13 14:00:00+00:00,2423.481588
2025-04-13 15:00:00+00:00,2304.213045
2025-04-13 16:00:00+00:00,2427.764285
2025-04-13 17:00:00+00:00,2387.775241
2025-04-13 18:00:00+00:00,2344.314824
2025-04-13 19:00:00+00:00,2412.212075
2025-04-13 20:00:00+00:00,2371.629764
2025-04-13 21:00:00+00:00,2352.954176
2025-04-13 22:00:00+00:00,2456.552677
2025-04-13 23:00:00+00:00,2154.894977
2025-04-14 00:00:00+00:00,2550.696762
2025-04-14 01:00:00+00:00,2465.621750
2025-04-14 02:00:00+00:00,2412.203227
2025-04-14 03:00:00+00:00,2384.887689
2025-04-14 04:00:00+00:00,2450.605462
2025-04-14 05:00:00+00:00,2531.506930
2025-04-14 06:00:00+00:00,2397.392656
2025-04-14 07:00:00+00:00,2703.119950
2025-04-14 08:00:00+00:00,2690.842253
2025-04-14 09:00:00+00:00,2573.747352
2025-04-14 10:00:00+00:00,2704.986290
2025-04-14 11:00:00+00:00,2772.648693
2025-04-14 12:00:00+00:00,2763.221376
2025-04-14 13:00:00+00:00,2784.315282
2025-04-14 14:00:00+00:00,2661.823078
2025-04-14 15:00:00+00:00,2691.435729
2025-04-14 16:00:00+00:00,2716.841549
2025-04-14 17:00:00+00:00,2747.219395
2025-04-14 18:00:00+00:00,2673.023410
2025-04-14 19:00:00+00:00,2663.931713
2025-04-14 20:00:00+00:00,2654.539521
2025-04-14 21:00:00+00:00,2797.373193
2025-04-14 22:00:00+00:00,2732.416205
2025-04-14 23:00:00+00:00,2378.120596
2025-04-15 00:00:00+00:00,2448.340730
2025-04-15 01:00:00+00:00,2467.476308
2025-04-15 02:00:00+00:00,2430.509449
2025-04-15 03:00:00+00:00,2392.881095
2025-04-15 04:00:00+00:00,2473.124883
2025-04-15 05:00:00+00:00,2333.336632
2025-04-15 06:00:00+00:00,2395.580648
2025-04-15 07:00:00+00:00,2843.688801
2025-04-15 08:00:00+00:00,2772.201254
2025-04-15 09:00:00+00:00,2832.525145
2025-04-15 10:00:00+00:00,2735.264527
2025-04-15 11:00:00+00:00,2651.122590
2025-04-15 12:00:00+00:00,2625.794403
2025-04-15 13:00:00+00:00,2671.105073
2025-04-15 14:00:00+00:00,2733.405871
2025-04-15 15:00:00+00:00,2640.854426
2025-04-15 16:00:00+00:00,2720.108123
2025-04-15 17:00:00+00:00,2648.416748
2025-04-15 18:00:00+00:00,2681.109330
2025-04-15 19:00:00+00:00,2752.395854
2025-04-15 20:00:00+00:00,2721.681252
2025-04-15 21:00:00+00:00,2809.630191
2025-04-15 22:00:00+00:00,2666.383725
2025-04-15 23:00:00+00:00,2391.435297
2025-04-16 00:00:00+00:00,2514.650455
2025-04-16 01:00:00+00:00,2346.514457
2025-04-16 02:00:00+00:00,2438.162161
2025-04-16 03:00:00+00:00,2514.180634
2025-04-16 04:00:00+00:00,2423.045028
2025-04-16 05:00:00+00:00,2487.865052
2025-04-16 06:00:00+00:00,2401.191704
2025-04-16 07:00:00+00:00,2771.489666
2025-04-16 08:00:00+00:00,2532.598437
2025-04-16 09:00:00+00:00,2565.611089
2025-04-16 10:00:00+00:00,2696.442931
2025-04-16 11:00:00+00:00,2638.427663
2025-04-16 12:00:00+00:00,2738.478573
2025-04-16 13:00:00+00:00,2569.193814
2025-04-16 14:00:00+00:00,2777.208487
2025-04-16 15:00:00+00:00,2738.802424
2025-04-16 16:00:00+00:00,2540.188035
2025-04-16 17:00:00+00:00,2695.068619
2025-04-16 18:00:00+00:00,2797.679642
2025-04-16 19:00:00+00:00,2566.893784
2025-04-16 20:00:00+00:00,2643.833815
2025-04-16 21:00:00+00:00,2690.847840
2025-04-16 22:00:00+00:00,2670.530881
2025-04-16 23:00:00+00:00,2380.729324
2025-04-17 00:00:00+00:00,2458.558143
2025-04-17 01:00:00+00:00,2370.303820
2025-04-17 02:00:00+00:00,2384.877708
2025-04-17 03:00:00+00:00,2442.244360
2025-04-17 04:00:00+00:00,2419.568687
2025-04-17 05:00:00+00:00,2417.598921
2025-04-17 06:00:00+00:00,2376.354764
2025-04-17 07:00:00+00:00,2762.665670
2025-04-17 08:00:00+00:00,2656.154401
2025-04-17 09:00:00+00:00,2719.495282
2025-04-17 10:00:00+00:00,2737.202889
2025-04-17 11:00:00+00:00,2790.617135
2025-04-17 12:00:00+00:00,2666.599405
2025-04-17 13:00:00+00:00,2715.545786
2025-04-17 14:00:00+00:00,2740.137237
2025-04-17 15:00:00+00:00,2595.177663
2025-04-17 16:00:00+00:00,2706.279938
2025-04-17 17:00:00+00:00,2615.426265
2025-04-17 18:00:00+00:00,2604.343295
2025-04-17 19:00:00+00:00,2713.311915
2025-04-17 20:00:00+00:00,2560.384033
2025-04-17 21:00:00+00:00,2760.442479
2025-04-17 22:00:00+00:00,2687.329477
2025-04-17 23:00:00+00:00,2442.141139
2025-04-18 00:00:00+00:00,2344.274354
2025-04-18 01:00:00+00:00,2342.873787
2025-04-18 02:00:00+00:00,2426.744478
2025-04-18 03:00:00+00:00,2409.130750
2025-04-18 04:00:00+00:00,2379.523335
2025-04-18 05:00:00+00:00,2474.165539
2025-04-18 06:00:00+00:00,2347.077878
2025-04-18 07:00:00+00:00,2652.753045
2025-04-18 08:00:00+00:00,2771.337249
2025-04-18 09:00:00+00:00,2590.631190
2025-04-18 10:00:00+00:00,2744.906165
2025-04-18 11:00:00+00:00,2755.155382
2025-04-18 12:00:00+00:00,2737.087517
2025-04-18 13:00:00+00:00,2602.650467
2025-04-18 14:00:00+00:00,2752.076464
2025-04-18 15:00:00+00:00,2677.814465
2025-04-18 16:00:00+00:00,2664.237780
2025-04-18 17:00:00+00:00,2588.288516
2025-04-18 18:00:00+00:00,2778.267518
2025-04-18 19:00:00+00:00,2638.579253
2025-04-18 20:00:00+00:00,2642.168389
2025-04-18 21:00:00+00:00,2683.279268
2025-04-18 22:00:00+00:00,2673.455998
2025-04-18 23:00:00+00:00,2433.907848
2025-04-19 00:00:00+00:00,2100.933366
2025-04-19 01:00:00+00:00,2187.877342
2025-04-19 02:00:00+00:00,2197.869442
2025-04-19 03:00:00+00:00,2073.793010
2025-04-19 04:00:00+00:00,2112.870368
2025-04-19 05:00:00+00:00,2198.620447
2025-04-19 06:00:00+00:00,2110.753087
2025-04-19 07:00:00+00:00,2302.659487
2025-04-19 08:00:00+00:00,2456.521752
2025-04-19 09:00:00+00:00,2407.873067
2025-04-19 10:00:00+00:00,2483.277355
2025-04-19 11:00:00+00:00,2343.374674
2025-04-19 12:00:00+00:00,2344.689933
2025-04-19 13:00:00+00:00,2424.959632
2025-04-19 14:00:00+00:00,2525.110717
2025-04-19 15:00:00+00:00,2410.777511
2025-04-19 16:00:00+00:00,2425.461960
2025-04-19 17:00:00+00:00,2356.808127
2025-04-19 18:00:00+00:00,2397.498087
2025-04-19 19:00:00+00:00,2442.261205
2025-04-19 20:00:00+00:00,2338.826208
2025-04-19 21:00:00+00:00,2301.306792
2025-04-19 22:00:00+00:00,2411.268123
2025-04-19 23:00:00+00:00,2054.627345
2025-04-20 00:00:00+00:00,2190.267668
2025-04-20 01:00:00+00:00,2169.946980
2025-04-20 02:00:00+00:00,2113.143885
2025-04-20 03:00:00+00:00,2118.927816
2025-04-20 04:00:00+00:00,2127.693354
2025-04-20 05:00:00+00:00,2101.595162
2025-04-20 06:00:00+00:00,2128.755166
2025-04-20 07:00:00+00:00,2368.972605
2025-04-20 08:00:00+00:00,2409.372409
2025-04-20 09:00:00+00:00,2478.483875
2025-04-20 10:00:00+00:00,2465.303492
2025-04-20 11:00:00+00:00,2441.574828
2025-04-20 12:00:00+00:00,2308.135609
2025-04-20 13:00:00+00:00,2381.126698
2025-04-20 14:00:00+00:00,2365.409321
2025-04-20 15:00:00+00:00,2314.025172
2025-04-20 16:00:00+00:00,2282.862070
2025-04-20 17:00:00+00:00,2296.364096
2025-04-20 18:00:00+00:00,2400.571993
2025-04-20 19:00:00+00:00,2389.109798
2025-04-20 20:00:00+00:00,2382.886318
2025-04-20 21:00:00+00:00,2445.883225
2025-04-20 22:00:00+00:00,2309.026239
2025-04-20 23:00:00+00:00,2191.849161
2025-04-21 00:00:00+00:00,2417.507213
2025-04-21 01:00:00+00:00,2401.351911
2025-04-21 02:00:00+00:00,2365.962581
2025-04-21 03:00:00+00:00,2430.723447
2025-04-21 04:00:00+00:00,2397.102558
2025-04-21 05:00:00+00:00,2400.284846
2025-04-21 06:00:00+00:00,2215.992330
2025-04-21 07:00:00+00:00,2757.573260
2025-04-21 08:00:00+00:00,2793.156515
2025-04-21 09:00:00+00:00,2798.246012
2025-04-21 10:00:00+00:00,2659.453526
2025-04-21 11:00:00+00:00,2758.105564
2025-04-21 12:00:00+00:00,2709.596559
2025-04-21 13:00:00+00:00,2668.125348
2025-04-21 14:00:00+00:00,2666.114496
2025-04-21 15:00:00+00:00,2682.603385
2025-04-21 16:00:00+00:00,2613.234670
2025-04-21 17:00:00+00:00,2652.765815
2025-04-21 18:00:00+00:00,2641.604791
2025-04-21 19:00:00+00:00,2743.366881
2025-04-21 20:00:00+00:00,2634.690337
2025-04-21 21:00:00+00:00,2806.311662
2025-04-21 22:00:00+00:00,2659.017654
2025-04-21 23:00:00+00:00,2284.059471
2025-04-22 00:00:00+00:00,2429.708425
2025-04-22 01:00:00+00:00,2351.815368
2025-04-22 02:00:00+00:00,2358.498684
2025-04-22 03:00:00+00:00,2477.595527
2025-04-22 04:00:00+00:00,2420.856661
2025-04-22 05:00:00+00:00,2529.683363
2025-04-22 06:00:00+00:00,2429.465715
2025-04-22 07:00:00+00:00,2603.384401
2025-04-22 08:00:00+00:00,2793.417064
2025-04-22 09:00:00+00:00,2674.109314
2025-04-22 10:00:00+00:00,2692.372872
2025-04-22 11:00:00+00:00,2693.203656
2025-04-22 12:00:00+00:00,2736.233673
2025-04-22 13:00:00+00:00,2643.928438
2025-04-22 14:00:00+00:00,2632.147158
2025-04-22 15:00:00+00:00,2740.638294
2025-04-22 16:00:00+00:00,2693.721622
2025-04-22 17:00:00+00:00,2682.250597
2025-04-22 18:00:00+00:00,2602.396089
2025-04-22 19:00:00+00:00,2551.952049
2025-04-22 20:00:00+00:00,2763.481217
2025-04-22 21:00:00+00:00,2675.670525
2025-04-22 22:00:00+00:00,2757.856279
2025-04-22 23:00:00+00:00,2437.280846
2025-04-23 00:00:00+00:00,2254.878306
2025-04-23 01:00:00+00:00,2497.066622
2025-04-23 02:00:00+00:00,2404.476202
2025-04-23 03:00:00+00:00,2468.097820
2025-04-23 04:00:00+00:00,2496.630563
2025-04-23 05:00:00+00:00,2314.136852
2025-04-23 06:00:00+00:00,2457.110894
2025-04-23 07:00:00+00:00,2693.706837
2025-04-23 08:00:00+00:00,2670.532277
2025-04-23 09:00:00+00:00,2734.461835
2025-04-23 10:00:00+00:00,2741.101052
2025-04-23 11:00:00+00:00,2569.480065
2025-04-23 12:00:00+00:00,2685.350912
2025-04-23 13:00:00+00:00,2674.713621
2025-04-23 14:00:00+00:00,2657.142100
2025-04-23 15:00:00+00:00,2758.548797
2025-04-23 16:00:00+00:00,2771.735137
2025-04-23 17:00:00+00:00,2561.741820
2025-04-23 18:00:00+00:00,2706.159634
2025-04-23 19:00:00+00:00,2727.094447
2025-04-23 20:00:00+00:00,2758.984204
2025-04-23 21:00:00+00:00,2688.747732
2025-04-23 22:00:00+00:00,2729.550178
2025-04-23 23:00:00+00:00,2436.147943
2025-04-24 00:00:00+00:00,2379.030614
2025-04-24 01:00:00+00:00,2373.655943
2025-04-24 02:00:00+00:00,2364.156548
2025-04-24 03:00:00+00:00,2462.704201
2025-04-24 04:00:00+00:00,2474.141236
2025-04-24 05:00:00+00:00,2334.537776
2025-04-24 06:00:00+00:00,2382.443844
2025-04-24 07:00:00+00:00,2693.891192
2025-04-24 08:00:00+00:00,2767.583939
2025-04-24 09:00:00+00:00,2872.809336
2025-04-24 10:00:00+00:00,2775.944033
2025-04-24 11:00:00+00:00,2658.245233
2025-04-24 12:00:00+00:00,2699.200022
2025-04-24 13:00:00+00:00,2661.505586
2025-04-24 14:00:00+00:00,2694.845496
2025-04-24 15:00:00+00:00,2667.071817
2025-04-24 16:00:00+00:00,2711.233334
2025-04-24 17:00:00+00:00,2607.216319
2025-04-24 18:00:00+00:00,2669.385953
2025-04-24 19:00:00+00:00,2733.453589
2025-04-24 20:00:00+00:00,2759.612960
2025-04-24 21:00:00+00:00,2729.440844
2025-04-24 22:00:00+00:00,2657.703548
2025-04-24 23:00:00+00:00,2409.348006
2025-04-25 00:00:00+00:00,2410.111638
2025-04-25 01:00:00+00:00,2471.826101
2025-04-25 02:00:00+00:00,2532.332105
2025-04-25 03:00:00+00:00,2323.329687
2025-04-25 04:00:00+00:00,2443.803772
2025-04-25 05:00:00+00:00,2367.502105
2025-04-25 06:00:00+00:00,2369.872592
2025-04-25 07:00:00+00:00,2693.759933
2025-04-25 08:00:00+00:00,2544.773970
2025-04-25 09:00:00+00:00,2519.126062
2025-04-25 10:00:00+00:00,2666.699803
2025-04-25 11:00:00+00:00,2792.492738
2025-04-25 12:00:00+00:00,2691.909121
2025-04-25 13:00:00+00:00,2670.259745
2025-04-25 14:00:00+00:00,2668.743700
2025-04-25 15:00:00+00:00,2641.456428
2025-04-25 16:00:00+00:00,2589.314229
2025-04-25 17:00:00+00:00,2583.194578
2025-04-25 18:00:00+00:00,2613.287787
2025-04-25 19:00:00+00:00,2668.213498
2025-04-25 20:00:00+00:00,2711.546781
2025-04-25 21:00:00+00:00,2664.686751
2025-04-25 22:00:00+00:00,2730.027340
2025-04-25 23:00:00+00:00,2300.600142
2025-04-26 00:00:00+00:00,2059.949497
2025-04-26 01:00:00+00:00,2024.959495
2025-04-26 02:00:00+00:00,2183.908282
2025-04-26 03:00:00+00:00,2168.041531
2025-04-26 04:00:00+00:00,2068.868423
2025-04-26 05:00:00+00:00,2128.777572
2025-04-26 06:00:00+00:00,2124.242199
2025-04-26 07:00:00+00:00,2384.948281
2025-04-26 08:00:00+00:00,2463.601823
2025-04-26 09:00:00+00:00,2455.928998
2025-04-26 10:00:00+00:00,2331.334756
2025-04-26 11:00:00+00:00,2419.991824
2025-04-26 12:00:00+00:00,2498.543153
2025-04-26 13:00:00+00:00,2370.835861
2025-04-26 14:00:00+00:00,2433.612086
2025-04-26 15:00:00+00:00,2311.440663
2025-04-26 16:00:00+00:00,2232.794135
2025-04-26 17:00:00+00:00,2388.487725
2025-04-26 18:00:00+00:00,2330.511956
2025-04-26 19:00:00+00:00,2431.309692
2025-04-26 20:00:00+00:00,2246.406033
2025-04-26 21:00:00+00:00,2305.941788
2025-04-26 22:00:00+00:00,2343.354579
2025-04-26 23:00:00+00:00,2216.031815
2025-04-27 00:00:00+00:00,2043.818004
2025-04-27 01:00:00+00:00,2035.349436
2025-04-27 02:00:00+00:00,2098.936939
2025-04-27 03:00:00+00:00,2090.657842
2025-04-27 04:00:00+00:00,2152.424543
2025-04-27 05:00:00+00:00,2130.460679
2025-04-27 06:00:00+00:00,2071.436539
2025-04-27 07:00:00+00:00,2376.924268
2025-04-27 08:00:00+00:00,2360.007567
2025-04-27 09:00:00+00:00,2379.961253
2025-04-27 10:00:00+00:00,2461.486290
2025-04-27 11:00:00+00:00,2303.361940
2025-04-27 12:00:00+00:00,2444.912530
2025-04-27 13:00:00+00:00,2351.988291
2025-04-27 14:00:00+00:00,2409.061878
2025-04-27 15:00:00+00:00,2332.365306
2025-04-27 16:00:00+00:00,2228.122539
2025-04-27 17:00:00+00:00,2334.081153
2025-04-27 18:00:00+00:00,2414.975983
2025-04-27 19:00:00+00:00,2346.646518
2025-04-27 20:00:00+00:00,2398.523592
2025-04-27 21:00:00+00:00,2314.654487
2025-04-27 22:00:00+00:00,2401.769452
2025-04-27 23:00:00+00:00,2103.598843
2025-04-28 00:00:00+00:00,2395.054565
2025-04-28 01:00:00+00:00,2388.628753
2025-04-28 02:00:00+00:00,2466.628981
2025-04-28 03:00:00+00:00,2333.632203
2025-04-28 04:00:00+00:00,2279.838622
2025-04-28 05:00:00+00:00,2535.671235
2025-04-28 06:00:00+00:00,2377.840304
2025-04-28 07:00:00+00:00,2691.559847
2025-04-28 08:00:00+00:00,2667.834645
2025-04-28 09:00:00+00:00,2645.445883
2025-04-28 10:00:00+00:00,2593.314126
2025-04-28 11:00:00+00:00,2848.568748
2025-04-28 12:00:00+00:00,2674.713576
2025-04-28 13:00:00+00:00,2679.913597
2025-04-28 14:00:00+00:00,2633.964594
2025-04-28 15:00:00+00:00,2624.796248
2025-04-28 16:00:00+00:00,2756.586331
2025-04-28 17:00:00+00:00,2525.077383
2025-04-28 18:00:00+00:00,2748.438057
2025-04-28 19:00:00+00:00,2844.251264
2025-04-28 20:00:00+00:00,2654.489189
2025-04-28 21:00:00+00:00,2596.736142
2025-04-28 22:00:00+00:00,2668.981635
2025-04-28 23:00:00+00:00,2393.059288
2025-04-29 00:00:00+00:00,2270.380689
2025-04-29 01:00:00+00:00,2497.696899
2025-04-29 02:00:00+00:00,2375.671929
2025-04-29 03:00:00+00:00,2414.236177
2025-04-29 04:00:00+00:00,2392.994029
2025-04-29 05:00:00+00:00,2397.906819
2025-04-29 06:00:00+00:00,2413.727351
2025-04-29 07:00:00+00:00,2596.097069
2025-04-29 08:00:00+00:00,2721.524914
2025-04-29 09:00:00+00:00,2755.413572
2025-04-29 10:00:00+00:00,2589.729206
2025-04-29 11:00:00+00:00,2722.788418
2025-04-29 12:00:00+00:00,2569.738664
2025-04-29 13:00:00+00:00,2734.212224
2025-04-29 14:00:00+00:00,2727.877352
2025-04-29 15:00:00+00:00,2603.528965
2025-04-29 16:00:00+00:00,2601.942479
2025-04-29 17:00:00+00:00,2761.584466
2025-04-29 18:00:00+00:00,2612.409900
2025-04-29 19:00:00+00:00,2713.154293
2025-04-29 20:00:00+00:00,2674.826298
2025-04-29 21:00:00+00:00,2645.531739
2025-04-29 22:00:00+00:00,2721.266346
2025-04-29 23:00:00+00:00,2349.094918
2025-04-30 00:00:00+00:00,2446.667695
2025-04-30 01:00:00+00:00,2333.348357
2025-04-30 02:00:00+00:00,2396.035775
2025-04-30 03:00:00+00:00,2432.477420
2025-04-30 04:00:00+00:00,2487.462560
2025-04-30 05:00:00+00:00,2377.336405
2025-04-30 06:00:00+00:00,2443.181251
2025-04-30 07:00:00+00:00,2510.776535
2025-04-30 08:00:00+00:00,2669.449198
2025-04-30 09:00:00+00:00,2651.624275
2025-04-30 10:00:00+00:00,2631.283814
2025-04-30 11:00:00+00:00,2680.499258
2025-04-30 12:00:00+00:00,2600.415329
2025-04-30 13:00:00+00:00,2555.450321
2025-04-30 14:00:00+00:00,2600.575450
2025-04-30 15:00:00+00:00,2693.281712
2025-04-30 16:00:00+00:00,2728.710573
2025-04-30 17:00:00+00:00,2642.105099
2025-04-30 18:00:00+00:00,2625.467371
2025-04-30 19:00:00+00:00,2668.530533
2025-04-30 20:00:00+00:00,2646.849529
2025-04-30 21:00:00+00:00,2756.772304
2025-04-30 22:00:00+00:00,2664.714569
2025-04-30 23:00:00+00:00,2329.616731
2025-05-01 00:00:00+00:00,2520.955429
2025-05-01 01:00:00+00:00,2386.097689
2025-05-01 02:00:00+00:00,2326.269924
2025-05-01 03:00:00+00:00,2416.258773
2025-05-01 04:00:00+00:00,2403.249990
2025-05-01 05:00:00+00:00,2385.537334
2025-05-01 06:00:00+00:00,2458.837137
2025-05-01 07:00:00+00:00,2597.168262
2025-05-01 08:00:00+00:00,2592.916732
2025-05-01 09:00:00+00:00,2616.711990
2025-05-01 10:00:00+00:00,2583.835831
2025-05-01 11:00:00+00:00,2629.921994
2025-05-01 12:00:00+00:00,2606.748703
2025-05-01 13:00:00+00:00,2636.369168
2025-05-01 14:00:00+00:00,2716.311317
2025-05-01 15:00:00+00:00,2630.379304
2025-05-01 16:00:00+00:00,2575.624867
2025-05-01 17:00:00+00:00,2843.563076
2025-05-01 18:00:00+00:00,2777.894102
2025-05-01 19:00:00+00:00,2553.187657
2025-05-01 20:00:00+00:00,2713.669951
2025-05-01 21:00:00+00:00,2669.571066
2025-05-01 22:00:00+00:00,2620.059741
2025-05-01 23:00:00+00:00,2385.146618
2025-05-02 00:00:00+00:00,2427.054414
2025-05-02 01:00:00+00:00,2452.381705
2025-05-02 02:00:00+00:00,2501.679610
2025-05-02 03:00:00+00:00,2305.568373
2025-05-02 04:00:00+00:00,2406.385794
2025-05-02 05:00:00+00:00,2438.511202
2025-05-02 06:00:00+00:00,2385.928278
2025-05-02 07:00:00+00:00,2587.288395
2025-05-02 08:00:00+00:00,2632.467755
2025-05-02 09:00:00+00:00,2618.105227
2025-05-02 10:00:00+00:00,2609.718639
2025-05-02 11:00:00+00:00,2682.536729
2025-05-02 12:00:00+00:00,2712.706250
2025-05-02 13:00:00+00:00,2693.009757
2025-05-02 14:00:00+00:00,2560.979061
2025-05-02 15:00:00+00:00,2651.952230
2025-05-02 16:00:00+00:00,2650.693656
2025-05-02 17:00:00+00:00,2627.089123
2025-05-02 18:00:00+00:00,2590.016778
2025-05-02 19:00:00+00:00,2708.473978
2025-05-02 20:00:00+00:00,2711.337971
2025-05-02 21:00:00+00:00,2647.802045
2025-05-02 22:00:00+00:00,2666.813969
2025-05-02 23:00:00+00:00,2425.519381
2025-05-03 00:00:00+00:00,2102.028248
2025-05-03 01:00:00+00:00,2110.050523
2025-05-03 02:00:00+00:00,2159.263458
2025-05-03 03:00:00+00:00,2102.294247
2025-05-03 04:00:00+00:00,2137.121418
2025-05-03 05:00:00+00:00,2140.036943
2025-05-03 06:00:00+00:00,2120.342013
2025-05-03 07:00:00+00:00,2457.618227
2025-05-03 08:00:00+00:00,2433.195752
2025-05-03 09:00:00+00:00,2424.585574
2025-05-03 10:00:00+00:00,2380.197842
2025-05-03 11:00:00+00:00,2243.291275
2025-05-03 12:00:00+00:00,2429.748595
2025-05-03 13:00:00+00:00,2279.780944
2025-05-03 14:00:00+00:00,2375.371588
2025-05-03 15:00:00+00:00,2426.536041
2025-05-03 16:00:00+00:00,2387.955017
2025-05-03 17:00:00+00:00,2415.618161
2025-05-03 18:00:00+00:00,2293.610723
2025-05-03 19:00:00+00:00,2436.388050
2025-05-03 20:00:00+00:00,2315.805823
2025-05-03 21:00:00+00:00,2268.812402
2025-05-03 22:00:00+00:00,2391.028161
2025-05-03 23:00:00+00:00,2166.827203
2025-05-04 00:00:00+00:00,2014.711604
2025-05-04 01:00:00+00:00,2127.657129
2025-05-04 02:00:00+00:00,2158.843903
2025-05-04 03:00:00+00:00,2180.789186
2025-05-04 04:00:00+00:00,2072.751467
2025-05-04 05:00:00+00:00,2070.405283
2025-05-04 06:00:00+00:00,2092.921663
2025-05-04 07:00:00+00:00,2395.527276
2025-05-04 08:00:00+00:00,2321.004969
2025-05-04 09:00:00+00:00,2347.914035
2025-05-04 10:00:00+00:00,2335.838941
2025-05-04 11:00:00+00:00,2325.633957
2025-05-04 12:00:00+00:00,2342.860543
2025-05-04 13:00:00+00:00,2391.883311
2025-05-04 14:00:00+00:00,2414.830862
2025-05-04 15:00:00+00:00,2206.748496
2025-05-04 16:00:00+00:00,2385.712811
2025-05-04 17:00:00+00:00,2213.953390
2025-05-04 18:00:00+00:00,2315.956366
2025-05-04 19:00:00+00:00,2396.184053
2025-05-04 20:00:00+00:00,2341.603924
2025-05-04 21:00:00+00:00,2284.649570
2025-05-04 22:00:00+00:00,2347.001906
2025-05-04 23:00:00+00:00,2137.851329
2025-05-05 00:00:00+00:00,2343.875588
2025-05-05 01:00:00+00:00,2460.559213
2025-05-05 02:00:00+00:00,2344.665002
2025-05-05 03:00:00+00:00,2395.385759
2025-05-05 04:00:00+00:00,2424.699752
2025-05-05 05:00:00+00:00,2382.943649
2025-05-05 06:00:00+00:00,2353.755683
2025-05-05 07:00:00+00:00,2688.911273
2025-05-05 08:00:00+00:00,2622.647081
2025-05-05 09:00:00+00:00,2672.394840
2025-05-05 10:00:00+00:00,2680.174032
2025-05-05 11:00:00+00:00,2591.624644
2025-05-05 12:00:00+00:00,2568.822586
2025-05-05 13:00:00+00:00,2636.800390
2025-05-05 14:00:00+00:00,2588.724581
2025-05-05 15:00:00+00:00,2726.417410
2025-05-05 16:00:00+00:00,2769.152607
2025-05-05 17:00:00+00:00,2617.361050
2025-05-05 18:00:00+00:00,2694.454340
2025-05-05 19:00:00+00:00,2644.942797
2025-05-05 20:00:00+00:00,2654.563369
2025-05-05 21:00:00+00:00,2621.502064
2025-05-05 22:00:00+00:00,2739.251845
2025-05-05 23:00:00+00:00,2439.809933
2025-05-06 00:00:00+00:00,2330.618049
2025-05-06 01:00:00+00:00,2495.469202
2025-05-06 02:00:00+00:00,2219.364924
2025-05-06 03:00:00+00:00,2517.403647
2025-05-06 04:00:00+00:00,2401.942957
2025-05-06 05:00:00+00:00,2492.792806
2025-05-06 06:00:00+00:00,2439.428983
2025-05-06 07:00:00+00:00,2631.488842
2025-05-06 08:00:00+00:00,2632.459006
2025-05-06 09:00:00+00:00,2640.769725
2025-05-06 10:00:00+00:00,2739.670066
2025-05-06 11:00:00+00:00,2656.735065
2025-05-06 12:00:00+00:00,2737.806689
2025-05-06 13:00:00+00:00,2809.999977
2025-05-06 14:00:00+00:00,2563.979970
2025-05-06 15:00:00+00:00,2651.610304
2025-05-06 16:00:00+00:00,2632.932186
2025-05-06 17:00:00+00:00,2702.554995
2025-05-06 18:00:00+00:00,2559.531731
2025-05-06 19:00:00+00:00,2727.366576
2025-05-06 20:00:00+00:00,2730.281052
2025-05-06 21:00:00+00:00,2567.570395
2025-05-06 22:00:00+00:00,2568.861279
2025-05-06 23:00:00+00:00,2461.388985
2025-05-07 00:00:00+00:00,2360.961926
2025-05-07 01:00:00+00:00,2405.264482
2025-05-07 02:00:00+00:00,2291.639479
2025-05-07 03:00:00+00:00,2421.802308
2025-05-07 04:00:00+00:00,2305.097029
2025-05-07 05:00:00+00:00,2334.884359
2025-05-07 06:00:00+00:00,2407.545758
2025-05-07 07:00:00+00:00,2636.266745
2025-05-07 08:00:00+00:00,2682.149181
2025-05-07 09:00:00+00:00,2723.851249
2025-05-07 10:00:00+00:00,2559.803689
2025-05-07 11:00:00+00:00,2629.088599
2025-05-07 12:00:00+00:00,2740.999828
2025-05-07 13:00:00+00:00,2654.661471
2025-05-07 14:00:00+00:00,2755.151437
2025-05-07 15:00:00+00:00,2712.281868
2025-05-07 16:00:00+00:00,2703.832413
2025-05-07 17:00:00+00:00,2819.340732
2025-05-07 18:00:00+00:00,2684.568037
2025-05-07 19:00:00+00:00,2633.488957
2025-05-07 20:00:00+00:00,2623.457166
2025-05-07 21:00:00+00:00,2766.294809
2025-05-07 22:00:00+00:00,2707.515125
2025-05-07 23:00:00+00:00,2394.838106
2025-05-08 00:00:00+00:00,2449.759218
2025-05-08 01:00:00+00:00,2346.584284
2025-05-08 02:00:00+00:00,2316.852979
2025-05-08 03:00:00+00:00,2353.935370
2025-05-08 04:00:00+00:00,2400.035919
2025-05-08 05:00:00+00:00,2383.954831
2025-05-08 06:00:00+00:00,2390.586585
2025-05-08 07:00:00+00:00,2631.017252
2025-05-08 08:00:00+00:00,2496.033849
2025-05-08 09:00:00+00:00,2662.911638
2025-05-08 10:00:00+00:00,2560.773396
2025-05-08 11:00:00+00:00,2679.038901
2025-05-08 12:00:00+00:00,2558.179212
2025-05-08 13:00:00+00:00,2833.881558
2025-05-08 14:00:00+00:00,2698.074961
2025-05-08 15:00:00+00:00,2700.364845
2025-05-08 16:00:00+00:00,2591.806809
2025-05-08 17:00:00+00:00,2701.027779
2025-05-08 18:00:00+00:00,2736.615094
2025-05-08 19:00:00+00:00,2641.838991
2025-05-08 20:00:00+00:00,2748.887708
2025-05-08 21:00:00+00:00,2650.653347
2025-05-08 22:00:00+00:00,2768.237646
2025-05-08 23:00:00+00:00,2347.325333
2025-05-09 00:00:00+00:00,2458.588957
2025-05-09 01:00:00+00:00,2335.472903
2025-05-09 02:00:00+00:00,2458.709522
2025-05-09 03:00:00+00:00,2434.610135
2025-05-09 04:00:00+00:00,2476.568399
2025-05-09 05:00:00+00:00,2299.024293
2025-05-09 06:00:00+00:00,2515.451208
2025-05-09 07:00:00+00:00,2674.193280
2025-05-09 08:00:00+00:00,2572.387324
2025-05-09 09:00:00+00:00,2691.065013
2025-05-09 10:00:00+00:00,2655.108556
2025-05-09 11:00:00+00:00,2663.598230
2025-05-09 12:00:00+00:00,2605.175418
2025-05-09 13:00:00+00:00,2689.158953
2025-05-09 14:00:00+00:00,2662.262595
2025-05-09 15:00:00+00:00,2711.001909
2025-05-09 16:00:00+00:00,2617.079937
2025-05-09 17:00:00+00:00,2642.441494
2025-05-09 18:00:00+00:00,2581.809494
2025-05-09 19:00:00+00:00,2722.712896
2025-05-09 20:00:00+00:00,2621.273235
2025-05-09 21:00:00+00:00,2731.304509
2025-05-09 22:00:00+00:00,2662.617472
2025-05-09 23:00:00+00:00,2368.167678
2025-05-10 00:00:00+00:00,2040.511902
2025-05-10 01:00:00+00:00,2117.169225
2025-05-10 02:00:00+00:00,1999.873652
2025-05-10 03:00:00+00:00,2085.940944
2025-05-10 04:00:00+00:00,2091.210155
2025-05-10 05:00:00+00:00,2115.712130
2025-05-10 06:00:00+00:00,2199.413752
2025-05-10 07:00:00+00:00,2248.775808
2025-05-10 08:00:00+00:00,2430.565272
2025-05-10 09:00:00+00:00,2305.077686
2025-05-10 10:00:00+00:00,2391.423787
2025-05-10 11:00:00+00:00,2458.881713
2025-05-10 12:00:00+00:00,2335.358375
2025-05-10 13:00:00+00:00,2344.169261
2025-05-10 14:00:00+00:00,2337.380645
2025-05-10 15:00:00+00:00,2390.439711
2025-05-10 16:00:00+00:00,2423.798667
2025-05-10 17:00:00+00:00,2316.200178
2025-05-10 18:00:00+00:00,2388.048075
2025-05-10 19:00:00+00:00,2379.326304
2025-05-10 20:00:00+00:00,2380.169137
2025-05-10 21:00:00+00:00,2401.793499
2025-05-10 22:00:00+00:00,2371.261470
2025-05-10 23:00:00+00:00,2065.153927
2025-05-11 00:00:00+00:00,2106.148355
2025-05-11 01:00:00+00:00,2102.251208
2025-05-11 02:00:00+00:00,2077.728117
2025-05-11 03:00:00+00:00,2070.104635
2025-05-11 04:00:00+00:00,2082.277567
2025-05-11 05:00:00+00:00,2108.531986
2025-05-11 06:00:00+00:00,2080.987773
2025-05-11 07:00:00+00:00,2363.536593
2025-05-11 08:00:00+00:00,2199.128874
2025-05-11 09:00:00+00:00,2327.055227
2025-05-11 10:00:00+00:00,2349.990175
2025-05-11 11:00:00+00:00,2366.478598
2025-05-11 12:00:00+00:00,2428.905995
2025-05-11 13:00:00+00:00,2354.426427
2025-05-11 14:00:00+00:00,2380.375187
2025-05-11 15:00:00+00:00,2432.755820
2025-05-11 16:00:00+00:00,2323.307337
2025-05-11 17:00:00+00:00,2360.354508
2025-05-11 18:00:00+00:00,2292.801237
2025-05-11 19:00:00+00:00,2218.720997
2025-05-11 20:00:00+00:00,2338.105251
2025-05-11 21:00:00+00:00,2312.106158
2025-05-11 22:00:00+00:00,2432.115949
2025-05-11 23:00:00+00:00,2157.665461
2025-05-12 00:00:00+00:00,2260.348686
2025-05-12 01:00:00+00:00,2297.573461
2025-05-12 02:00:00+00:00,2475.966389
2025-05-12 03:00:00+00:00,2381.306710
2025-05-12 04:00:00+00:00,2252.874724
2025-05-12 05:00:00+00:00,2307.812486
2025-05-12 06:00:00+00:00,2393.514456
2025-05-12 07:00:00+00:00,2740.502518
2025-05-12 08:00:00+00:00,2796.146413
2025-05-12 09:00:00+00:00,2564.255179
2025-05-12 10:00:00+00:00,2635.458508
2025-05-12 11:00:00+00:00,2691.268466
2025-05-12 12:00:00+00:00,2665.364809
2025-05-12 13:00:00+00:00,2765.687887
2025-05-12 14:00:00+00:00,2624.698699
2025-05-12 15:00:00+00:00,2612.283274
2025-05-12 16:00:00+00:00,2631.281686
2025-05-12 17:00:00+00:00,2645.572200
2025-05-12 18:00:00+00:00,2716.248405
2025-05-12 19:00:00+00:00,2720.204169
2025-05-12 20:00:00+00:00,2700.647911
2025-05-12 21:00:00+00:00,2678.365347
2025-05-12 22:00:00+00:00,2631.540856
2025-05-12 23:00:00+00:00,2297.226801
2025-05-13 00:00:00+00:00,2341.529967
2025-05-13 01:00:00+00:00,2361.974844
2025-05-13 02:00:00+00:00,2401.223593
2025-05-13 03:00:00+00:00,2368.369128
2025-05-13 04:00:00+00:00,2387.964069
2025-05-13 05:00:00+00:00,2404.201774
2025-05-13 06:00:00+00:00,2288.528100
2025-05-13 07:00:00+00:00,2629.054897
2025-05-13 08:00:00+00:00,2714.780218
2025-05-13 09:00:00+00:00,2615.529355
2025-05-13 10:00:00+00:00,2624.252788
2025-05-13 11:00:00+00:00,2576.477645
2025-05-13 12:00:00+00:00,2554.232769
2025-05-13 13:00:00+00:00,2653.245897
2025-05-13 14:00:00+00:00,2685.334954
2025-05-13 15:00:00+00:00,2646.808436
2025-05-13 16:00:00+00:00,2593.631926
2025-05-13 17:00:00+00:00,2580.533162
2025-05-13 18:00:00+00:00,2747.828549
2025-05-13 19:00:00+00:00,2574.492759
2025-05-13 20:00:00+00:00,2629.359534
2025-05-13 21:00:00+00:00,2700.363122
2025-05-13 22:00:00+00:00,2643.826414
2025-05-13 23:00:00+00:00,2452.554764
2025-05-14 00:00:00+00:00,2391.574183
2025-05-14 01:00:00+00:00,2306.416068
2025-05-14 02:00:00+00:00,2304.742674
2025-05-14 03:00:00+00:00,2299.790269
2025-05-14 04:00:00+00:00,2348.296781
2025-05-14 05:00:00+00:00,2332.136302
2025-05-14 06:00:00+00:00,2477.689109
2025-05-14 07:00:00+00:00,2674.147386
2025-05-14 08:00:00+00:00,2643.198197
2025-05-14 09:00:00+00:00,2657.913767
2025-05-14 10:00:00+00:00,2690.431142
2025-05-14 11:00:00+00:00,2679.514108
2025-05-14 12:00:00+00:00,2651.510738
2025-05-14 13:00:00+00:00,2670.344436
2025-05-14 14:00:00+00:00,2592.040547
2025-05-14 15:00:00+00:00,2624.124763
2025-05-14 16:00:00+00:00,2634.716550
2025-05-14 17:00:00+00:00,2596.137213
2025-05-14 18:00:00+00:00,2671.503600
2025-05-14 19:00:00+00:00,2740.840971
2025-05-14 20:00:00+00:00,2820.023473
2025-05-14 21:00:00+00:00,2687.642555
2025-05-14 22:00:00+00:00,2572.173611
2025-05-14 23:00:00+00:00,2323.887339
2025-05-15 00:00:00+00:00,2251.543716
2025-05-15 01:00:00+00:00,2331.737118
2025-05-15 02:00:00+00:00,2306.100000
2025-05-15 03:00:00+00:00,2274.717516
2025-05-15 04:00:00+00:00,2306.090956
2025-05-15 05:00:00+00:00,2280.004775
2025-05-15 06:00:00+00:00,2421.426871
2025-05-15 07:00:00+00:00,2550.811695
2025-05-15 08:00:00+00:00,2753.805234
2025-05-15 09:00:00+00:00,2433.339218
2025-05-15 10:00:00+00:00,2744.327807
2025-05-15 11:00:00+00:00,2718.264412
2025-05-15 12:00:00+00:00,2773.718097
2025-05-15 13:00:00+00:00,2599.648140
2025-05-15 14:00:00+00:00,2692.345819
2025-05-15 15:00:00+00:00,2697.879299
2025-05-15 16:00:00+00:00,2637.865572
2025-05-15 17:00:00+00:00,2718.141712
2025-05-15 18:00:00+00:00,2597.605980
2025-05-15 19:00:00+00:00,2679.295300
2025-05-15 20:00:00+00:00,2808.136424
2025-05-15 21:00:00+00:00,2584.647084
2025-05-15 22:00:00+00:00,2613.227211
2025-05-15 23:00:00+00:00,2396.933789
2025-05-16 00:00:00+00:00,2469.576089
2025-05-16 01:00:00+00:00,2418.880489
2025-05-16 02:00:00+00:00,2283.430992
2025-05-16 03:00:00+00:00,2440.870565
2025-05-16 04:00:00+00:00,2322.060920
2025-05-16 05:00:00+00:00,2287.730314
2025-05-16 06:00:00+00:00,2352.425686
2025-05-16 07:00:00+00:00,2579.163452
2025-05-16 08:00:00+00:00,2609.936291
2025-05-16 09:00:00+00:00,2518.267374
2025-05-16 10:00:00+00:00,2689.213796
2025-05-16 11:00:00+00:00,2625.072826
2025-05-16 12:00:00+00:00,2612.002830
2025-05-16 13:00:00+00:00,2640.840393
2025-05-16 14:00:00+00:00,2671.516085
2025-05-16 15:00:00+00:00,2771.311145
2025-05-16 16:00:00+00:00,2565.216105
2025-05-16 17:00:00+00:00,2731.577814
2025-05-16 18:00:00+00:00,2585.048656
2025-05-16 19:00:00+00:00,2571.766710
2025-05-16 20:00:00+00:00,2634.028430
2025-05-16 21:00:00+00:00,2582.748050
2025-05-16 22:00:00+00:00,2727.599712
2025-05-16 23:00:00+00:00,2364.255942
2025-05-17 00:00:00+00:00,2084.967710
2025-05-17 01:00:00+00:00,2089.551025
2025-05-17 02:00:00+00:00,2115.637491
2025-05-17 03:00:00+00:00,2144.734130
2025-05-17 04:00:00+00:00,2122.013164
2025-05-17 05:00:00+00:00,2139.320765
2025-05-17 06:00:00+00:00,2179.939737
2025-05-17 07:00:00+00:00,2303.499575
2025-05-17 08:00:00+00:00,2287.410269
2025-05-17 09:00:00+00:00,2386.326895
2025-05-17 10:00:00+00:00,2369.729993
2025-05-17 11:00:00+00:00,2269.763364
2025-05-17 12:00:00+00:00,2316.935054
2025-05-17 13:00:00+00:00,2339.361256
2025-05-17 14:00:00+00:00,2399.338638
2025-05-17 15:00:00+00:00,2423.951286
2025-05-17 16:00:00+00:00,2425.308497
2025-05-17 17:00:00+00:00,2335.938662
2025-05-17 18:00:00+00:00,2408.104201
2025-05-17 19:00:00+00:00,2362.377240
2025-05-17 20:00:00+00:00,2358.520718
2025-05-17 21:00:00+00:00,2295.670842
2025-05-17 22:00:00+00:00,2322.567384
2025-05-17 23:00:00+00:00,2099.251116
2025-05-18 00:00:00+00:00,2077.969588
2025-05-18 01:00:00+00:00,2092.256127
2025-05-18 02:00:00+00:00,2073.176323
2025-05-18 03:00:00+00:00,2144.814380
2025-05-18 04:00:00+00:00,2117.169402
2025-05-18 05:00:00+00:00,2056.389199
2025-05-18 06:00:00+00:00,2122.274119
2025-05-18 07:00:00+00:00,2350.400148
2025-05-18 08:00:00+00:00,2445.308013
2025-05-18 09:00:00+00:00,2328.193353
2025-05-18 10:00:00+00:00,2309.550640
2025-05-18 11:00:00+00:00,2318.575699
2025-05-18 12:00:00+00:00,2392.734167
2025-05-18 13:00:00+00:00,2377.292178
2025-05-18 14:00:00+00:00,2300.501147
2025-05-18 15:00:00+00:00,2283.613715
2025-05-18 16:00:00+00:00,2300.254208
2025-05-18 17:00:00+00:00,2422.493625
2025-05-18 18:00:00+00:00,2368.553947
2025-05-18 19:00:00+00:00,2305.092920
2025-05-18 20:00:00+00:00,2335.121954
2025-05-18 21:00:00+00:00,2325.876360
2025-05-18 22:00:00+00:00,2258.924429
2025-05-18 23:00:00+00:00,2126.588316
2025-05-19 00:00:00+00:00,2270.566004
2025-05-19 01:00:00+00:00,2412.258158
2025-05-19 02:00:00+00:00,2486.278729
2025-05-19 03:00:00+00:00,2320.080740
2025-05-19 04:00:00+00:00,2318.524103
2025-05-19 05:00:00+00:00,2321.313036
2025-05-19 06:00:00+00:00,2481.743516
2025-05-19 07:00:00+00:00,2536.638267
2025-05-19 08:00:00+00:00,2653.453491
2025-05-19 09:00:00+00:00,2675.458786
2025-05-19 10:00:00+00:00,2672.894836
2025-05-19 11:00:00+00:00,2569.699266
2025-05-19 12:00:00+00:00,2624.281744
2025-05-19 13:00:00+00:00,2585.881247
2025-05-19 14:00:00+00:00,2649.250894
2025-05-19 15:00:00+00:00,2735.700573
2025-05-19 16:00:00+00:00,2653.817065
2025-05-19 17:00:00+00:00,2629.989223
2025-05-19 18:00:00+00:00,2680.258458
2025-05-19 19:00:00+00:00,2619.805752
2025-05-19 20:00:00+00:00,2677.995812
2025-05-19 21:00:00+00:00,2700.890518
2025-05-19 22:00:00+00:00,2679.668987
2025-05-19 23:00:00+00:00,2347.292419
2025-05-20 00:00:00+00:00,2364.575262
2025-05-20 01:00:00+00:00,2358.212585
2025-05-20 02:00:00+00:00,2377.711352
2025-05-20 03:00:00+00:00,2410.477932
2025-05-20 04:00:00+00:00,2428.823407
2025-05-20 05:00:00+00:00,2387.372053
2025-05-20 06:00:00+00:00,2401.429521
2025-05-20 07:00:00+00:00,2691.375055
2025-05-20 08:00:00+00:00,2573.149111
2025-05-20 09:00:00+00:00,2590.039736
2025-05-20 10:00:00+00:00,2662.291665
2025-05-20 11:00:00+00:00,2603.932010
2025-05-20 12:00:00+00:00,2631.611010
2025-05-20 13:00:00+00:00,2647.511215
2025-05-20 14:00:00+00:00,2580.327555
2025-05-20 15:00:00+00:00,2664.229261
2025-05-20 16:00:00+00:00,2609.272737
2025-05-20 17:00:00+00:00,2686.628129
2025-05-20 18:00:00+00:00,2640.740970
2025-05-20 19:00:00+00:00,2639.783054
2025-05-20 20:00:00+00:00,2632.936949
2025-05-20 21:00:00+00:00,2682.881983
2025-05-20 22:00:00+00:00,2651.764263
2025-05-20 23:00:00+00:00,2350.979733
2025-05-21 00:00:00+00:00,2374.084395
2025-05-21 01:00:00+00:00,2444.685053
2025-05-21 02:00:00+00:00,2387.230903
2025-05-21 03:00:00+00:00,2321.213924
2025-05-21 04:00:00+00:00,2302.276133
2025-05-21 05:00:00+00:00,2367.564646
2025-05-21 06:00:00+00:00,2302.821011
2025-05-21 07:00:00+00:00,2702.439795
2025-05-21 08:00:00+00:00,2632.814699
2025-05-21 09:00:00+00:00,2554.153325
2025-05-21 10:00:00+00:00,2713.236281
2025-05-21 11:00:00+00:00,2556.600627
2025-05-21 12:00:00+00:00,2669.452597
2025-05-21 13:00:00+00:00,2682.926570
2025-05-21 14:00:00+00:00,2586.028669
2025-05-21 15:00:00+00:00,2653.639594
2025-05-21 16:00:00+00:00,2649.815734
2025-05-21 17:00:00+00:00,2696.473363
2025-05-21 18:00:00+00:00,2679.871048
2025-05-21 19:00:00+00:00,2605.504527
2025-05-21 20:00:00+00:00,2656.440158
2025-05-21 21:00:00+00:00,2641.595467
2025-05-21 22:00:00+00:00,2575.329206
2025-05-21 23:00:00+00:00,2422.470127
2025-05-22 00:00:00+00:00,2310.177660
2025-05-22 01:00:00+00:00,2369.034676
2025-05-22 02:00:00+00:00,2327.852869
2025-05-22 03:00:00+00:00,2344.065642
2025-05-22 04:00:00+00:00,2301.908035
2025-05-22 05:00:00+00:00,2429.017343
2025-05-22 06:00:00+00:00,2403.297000
2025-05-22 07:00:00+00:00,2670.552113
2025-05-22 08:00:00+00:00,2658.526736
2025-05-22 09:00:00+00:00,2640.572171
2025-05-22 10:00:00+00:00,2629.974733
2025-05-22 11:00:00+00:00,2637.052123
2025-05-22 12:00:00+00:00,2592.727388
2025-05-22 13:00:00+00:00,2597.576581
2025-05-22 14:00:00+00:00,2604.088504
2025-05-22 15:00:00+00:00,2614.001362
2025-05-22 16:00:00+00:00,2528.184103
2025-05-22 17:00:00+00:00,2707.873945
2025-05-22 18:00:00+00:00,2723.678132
2025-05-22 19:00:00+00:00,2633.734613
2025-05-22 20:00:00+00:00,2684.790832
2025-05-22 21:00:00+00:00,2642.681903
2025-05-22 22:00:00+00:00,2641.514942
2025-05-22 23:00:00+00:00,2267.505544
2025-05-23 00:00:00+00:00,2378.606366
2025-05-23 01:00:00+00:00,2359.673676
2025-05-23 02:00:00+00:00,2367.692857
2025-05-23 03:00:00+00:00,2307.378915
2025-05-23 04:00:00+00:00,2436.573659
2025-05-23 05:00:00+00:00,2294.359646
2025-05-23 06:00:00+00:00,2300.515544
2025-05-23 07:00:00+00:00,2618.729181
2025-05-23 08:00:00+00:00,2634.754936
2025-05-23 09:00:00+00:00,2577.000472
2025-05-23 10:00:00+00:00,2751.887739
2025-05-23 11:00:00+00:00,2675.791462
2025-05-23 12:00:00+00:00,2618.537522
2025-05-23 13:00:00+00:00,2598.020960
2025-05-23 14:00:00+00:00,2602.867932
2025-05-23 15:00:00+00:00,2552.513636
2025-05-23 16:00:00+00:00,2604.133226
2025-05-23 17:00:00+00:00,2536.237043
2025-05-23 18:00:00+00:00,2652.555712
2025-05-23 19:00:00+00:00,2676.386069
2025-05-23 20:00:00+00:00,2644.471323
2025-05-23 21:00:00+00:00,2603.649434
2025-05-23 22:00:00+00:00,2677.512458
2025-05-23 23:00:00+00:00,2405.577505
2025-05-24 00:00:00+00:00,2095.117267
2025-05-24 01:00:00+00:00,2161.724271
2025-05-24 02:00:00+00:00,2156.936937
2025-05-24 03:00:00+00:00,2073.286728
2025-05-24 04:00:00+00:00,2006.012199
2025-05-24 05:00:00+00:00,2034.058239
2025-05-24 06:00:00+00:00,2086.266842
2025-05-24 07:00:00+00:00,2399.709002
2025-05-24 08:00:00+00:00,2419.982885
2025-05-24 09:00:00+00:00,2249.084812
2025-05-24 10:00:00+00:00,2419.304240
2025-05-24 11:00:00+00:00,2436.734296
2025-05-24 12:00:00+00:00,2315.428649
2025-05-24 13:00:00+00:00,2313.663394
2025-05-24 14:00:00+00:00,2210.709393
2025-05-24 15:00:00+00:00,2333.858151
2025-05-24 16:00:00+00:00,2412.419749
2025-05-24 17:00:00+00:00,2368.873149
2025-05-24 18:00:00+00:00,2368.225840
2025-05-24 19:00:00+00:00,2342.804032
2025-05-24 20:00:00+00:00,2468.085609
2025-05-24 21:00:00+00:00,2345.945963
2025-05-24 22:00:00+00:00,2419.805668
2025-05-24 23:00:00+00:00,2004.458481
2025-05-25 00:00:00+00:00,2138.343252
2025-05-25 01:00:00+00:00,2193.830140
2025-05-25 02:00:00+00:00,2095.800674
2025-05-25 03:00:00+00:00,2110.022243
2025-05-25 04:00:00+00:00,2113.687209
2025-05-25 05:00:00+00:00,2061.965587
2025-05-25 06:00:00+00:00,2038.687737
2025-05-25 07:00:00+00:00,2330.500084
2025-05-25 08:00:00+00:00,2507.527120
2025-05-25 09:00:00+00:00,2299.818399
2025-05-25 10:00:00+00:00,2340.543264
2025-05-25 11:00:00+00:00,2312.600034
2025-05-25 12:00:00+00:00,2386.280384
2025-05-25 13:00:00+00:00,2367.830601
2025-05-25 14:00:00+00:00,2236.800136
2025-05-25 15:00:00+00:00,2334.665656
2025-05-25 16:00:00+00:00,2394.532758
2025-05-25 17:00:00+00:00,2335.909954
2025-05-25 18:00:00+00:00,2449.715342
2025-05-25 19:00:00+00:00,2286.285451
2025-05-25 20:00:00+00:00,2258.391532
2025-05-25 21:00:00+00:00,2267.772192
2025-05-25 22:00:00+00:00,2203.001174
2025-05-25 23:00:00+00:00,2003.057494
2025-05-26 00:00:00+00:00,2222.619431
2025-05-26 01:00:00+00:00,2374.221833
2025-05-26 02:00:00+00:00,2397.015825
2025-05-26 03:00:00+00:00,2347.274094
2025-05-26 04:00:00+00:00,2346.238940
2025-05-26 05:00:00+00:00,2296.054892
2025-05-26 06:00:00+00:00,2381.161421
2025-05-26 07:00:00+00:00,2612.258158
2025-05-26 08:00:00+00:00,2515.168224
2025-05-26 09:00:00+00:00,2570.527294
2025-05-26 10:00:00+00:00,2625.277219
2025-05-26 11:00:00+00:00,2667.584031
2025-05-26 12:00:00+00:00,2581.003560
2025-05-26 13:00:00+00:00,2758.580597
2025-05-26 14:00:00+00:00,2701.942815
2025-05-26 15:00:00+00:00,2706.030263
2025-05-26 16:00:00+00:00,2620.580223
2025-05-26 17:00:00+00:00,2632.699264
2025-05-26 18:00:00+00:00,2655.894821
2025-05-26 19:00:00+00:00,2740.138190
2025-05-26 20:00:00+00:00,2700.211271
2025-05-26 21:00:00+00:00,2709.083039
2025-05-26 22:00:00+00:00,2660.337892
2025-05-26 23:00:00+00:00,2348.911286
2025-05-27 00:00:00+00:00,2370.274670
2025-05-27 01:00:00+00:00,2306.966192
2025-05-27 02:00:00+00:00,2375.396784
2025-05-27 03:00:00+00:00,2399.231765
2025-05-27 04:00:00+00:00,2264.053959
2025-05-27 05:00:00+00:00,2395.519684
2025-05-27 06:00:00+00:00,2388.123209
2025-05-27 07:00:00+00:00,2603.244308
2025-05-27 08:00:00+00:00,2687.173100
2025-05-27 09:00:00+00:00,2745.945737
2025-05-27 10:00:00+00:00,2760.673197
2025-05-27 11:00:00+00:00,2528.325146
2025-05-27 12:00:00+00:00,2579.220561
2025-05-27 13:00:00+00:00,2523.486130
2025-05-27 14:00:00+00:00,2640.549264
2025-05-27 15:00:00+00:00,2627.165006
2025-05-27 16:00:00+00:00,2735.985670
2025-05-27 17:00:00+00:00,2642.981071
2025-05-27 18:00:00+00:00,2677.944529
2025-05-27 19:00:00+00:00,2658.306340
2025-05-27 20:00:00+00:00,2554.649529
2025-05-27 21:00:00+00:00,2646.206530
2025-05-27 22:00:00+00:00,2649.529523
2025-05-27 23:00:00+00:00,2299.685784
2025-05-28 00:00:00+00:00,2384.284203
2025-05-28 01:00:00+00:00,2376.223549
2025-05-28 02:00:00+00:00,2313.386836
2025-05-28 03:00:00+00:00,2258.416336
2025-05-28 04:00:00+00:00,2440.368905
2025-05-28 05:00:00+00:00,2435.360352
2025-05-28 06:00:00+00:00,2294.519851
2025-05-28 07:00:00+00:00,2613.095302
2025-05-28 08:00:00+00:00,2600.738326
2025-05-28 09:00:00+00:00,2634.098012
2025-05-28 10:00:00+00:00,2470.605247
2025-05-28 11:00:00+00:00,2600.270434
2025-05-28 12:00:00+00:00,2710.244769
2025-05-28 13:00:00+00:00,2769.765806
2025-05-28 14:00:00+00:00,2726.597911
2025-05-28 15:00:00+00:00,2688.549180
2025-05-28 16:00:00+00:00,2677.308214
2025-05-28 17:00:00+00:00,2837.209590
2025-05-28 18:00:00+00:00,2604.934517
2025-05-28 19:00:00+00:00,2628.630149
2025-05-28 20:00:00+00:00,2647.507336
2025-05-28 21:00:00+00:00,2644.827222
2025-05-28 22:00:00+00:00,2627.274954
2025-05-28 23:00:00+00:00,2402.884904
2025-05-29 00:00:00+00:00,2168.346428
2025-05-29 01:00:00+00:00,2399.221092
2025-05-29 02:00:00+00:00,2295.157899
2025-05-29 03:00:00+00:00,2317.740721
2025-05-29 04:00:00+00:00,2264.677531
2025-05-29 05:00:00+00:00,2339.318259
2025-05-29 06:00:00+00:00,2326.584353
2025-05-29 07:00:00+00:00,2642.865395
2025-05-29 08:00:00+00:00,2684.410593
2025-05-29 09:00:00+00:00,2519.782078
2025-05-29 10:00:00+00:00,2590.135121
2025-05-29 11:00:00+00:00,2751.437911
2025-05-29 12:00:00+00:00,2634.283450
2025-05-29 13:00:00+00:00,2748.739929
2025-05-29 14:00:00+00:00,2732.883859
2025-05-29 15:00:00+00:00,2636.900119
2025-05-29 16:00:00+00:00,2737.752734
2025-05-29 17:00:00+00:00,2581.285215
2025-05-29 18:00:00+00:00,2745.272826
2025-05-29 19:00:00+00:00,2687.072689
2025-05-29 20:00:00+00:00,2682.597596
2025-05-29 21:00:00+00:00,2698.153605
2025-05-29 22:00:00+00:00,2603.278123
2025-05-29 23:00:00+00:00,2372.128765
2025-05-30 00:00:00+00:00,2364.155204
2025-05-30 01:00:00+00:00,2378.746036
2025-05-30 02:00:00+00:00,2361.355727
2025-05-30 03:00:00+00:00,2302.196456
2025-05-30 04:00:00+00:00,2332.150957
2025-05-30 05:00:00+00:00,2277.283054
2025-05-30 06:00:00+00:00,2345.039641
2025-05-30 07:00:00+00:00,2620.544129
2025-05-30 08:00:00+00:00,2581.942550
2025-05-30 09:00:00+00:00,2475.669244
2025-05-30 10:00:00+00:00,2773.190071
2025-05-30 11:00:00+00:00,2599.714187
2025-05-30 12:00:00+00:00,2609.530970
2025-05-30 13:00:00+00:00,2568.215253
2025-05-30 14:00:00+00:00,2621.206536
2025-05-30 15:00:00+00:00,2629.932277
2025-05-30 16:00:00+00:00,2709.460029
2025-05-30 17:00:00+00:00,2493.587830
2025-05-30 18:00:00+00:00,2498.034762
2025-05-30 19:00:00+00:00,2547.898058
2025-05-30 20:00:00+00:00,2577.869378
2025-05-30 21:00:00+00:00,2582.862769
2025-05-30 22:00:00+00:00,2723.204970
2025-05-30 23:00:00+00:00,2331.829460
2025-05-31 00:00:00+00:00,2010.006053
2025-05-31 01:00:00+00:00,1975.334548
2025-05-31 02:00:00+00:00,2123.092257
2025-05-31 03:00:00+00:00,2111.251032
2025-05-31 04:00:00+00:00,2135.216628
2025-05-31 05:00:00+00:00,2113.861337
2025-05-31 06:00:00+00:00,2084.037894
2025-05-31 07:00:00+00:00,2356.356205
2025-05-31 08:00:00+00:00,2277.797278
2025-05-31 09:00:00+00:00,2342.924610
2025-05-31 10:00:00+00:00,2349.151242
2025-05-31 11:00:00+00:00,2308.799317
2025-05-31 12:00:00+00:00,2333.395331
2025-05-31 13:00:00+00:00,2316.693035
2025-05-31 14:00:00+00:00,2327.374341
2025-05-31 15:00:00+00:00,2366.840399
2025-05-31 16:00:00+00:00,2324.132977
2025-05-31 17:00:00+00:00,2297.837714
2025-05-31 18:00:00+00:00,2399.406221
2025-05-31 19:00:00+00:00,2332.302743
2025-05-31 20:00:00+00:00,2267.100411
2025-05-31 21:00:00+00:00,2304.262681
2025-05-31 22:00:00+00:00,2393.930054
2025-05-31 23:00:00+00:00,2059.063113
2025-06-01 00:00:00+00:00,2177.531145
2025-06-01 01:00:00+00:00,2055.575987
2025-06-01 02:00:00+00:00,2114.731903
2025-06-01 03:00:00+00:00,2063.115522
2025-06-01 04:00:00+00:00,2097.942658
2025-06-01 05:00:00+00:00,2145.431637
2025-06-01 06:00:00+00:00,1936.359992
2025-06-01 07:00:00+00:00,2452.499982
2025-06-01 08:00:00+00:00,2384.845183
2025-06-01 09:00:00+00:00,2352.714789
2025-06-01 10:00:00+00:00,2385.932908
2025-06-01 11:00:00+00:00,2309.659541
2025-06-01 12:00:00+00:00,2241.149257
2025-06-01 13:00:00+00:00,2330.298744
2025-06-01 14:00:00+00:00,2219.423754
2025-06-01 15:00:00+00:00,2322.884117
2025-06-01 16:00:00+00:00,2231.945060
2025-06-01 17:00:00+00:00,2341.435292
2025-06-01 18:00:00+00:00,2281.651516
2025-06-01 19:00:00+00:00,2266.537590
2025-06-01 20:00:00+00:00,2379.230451
2025-06-01 21:00:00+00:00,2352.533309
2025-06-01 22:00:00+00:00,2355.680462
2025-06-01 23:00:00+00:00,2102.884533
2025-06-02 00:00:00+00:00,2367.907589
2025-06-02 01:00:00+00:00,2333.075943
2025-06-02 02:00:00+00:00,2312.971477
2025-06-02 03:00:00+00:00,2367.887367
2025-06-02 04:00:00+00:00,2376.233338
2025-06-02 05:00:00+00:00,2314.235413
2025-06-02 06:00:00+00:00,2343.804565
2025-06-02 07:00:00+00:00,2686.190259
2025-06-02 08:00:00+00:00,2530.951439
2025-06-02 09:00:00+00:00,2661.632817
2025-06-02 10:00:00+00:00,2541.970693
2025-06-02 11:00:00+00:00,2538.731636
2025-06-02 12:00:00+00:00,2444.977802
2025-06-02 13:00:00+00:00,2549.057261
2025-06-02 14:00:00+00:00,2620.750134
2025-06-02 15:00:00+00:00,2467.287393
2025-06-02 16:00:00+00:00,2620.643723
2025-06-02 17:00:00+00:00,2518.003773
2025-06-02 18:00:00+00:00,2601.280513
2025-06-02 19:00:00+00:00,2527.746875
2025-06-02 20:00:00+00:00,2645.372673
2025-06-02 21:00:00+00:00,2544.105930
2025-06-02 22:00:00+00:00,2762.424305
2025-06-02 23:00:00+00:00,2440.429176
2025-06-03 00:00:00+00:00,2343.010540
2025-06-03 01:00:00+00:00,2353.530399
2025-06-03 02:00:00+00:00,2334.771080
2025-06-03 03:00:00+00:00,2354.077888
2025-06-03 04:00:00+00:00,2365.825483
2025-06-03 05:00:00+00:00,2396.030117
2025-06-03 06:00:00+00:00,2400.850011
2025-06-03 07:00:00+00:00,2592.578454
2025-06-03 08:00:00+00:00,2615.333694
2025-06-03 09:00:00+00:00,2582.135075
2025-06-03 10:00:00+00:00,2583.659863
2025-06-03 11:00:00+00:00,2615.040054
2025-06-03 12:00:00+00:00,2547.620963
2025-06-03 13:00:00+00:00,2557.660366
2025-06-03 14:00:00+00:00,2516.742927
2025-06-03 15:00:00+00:00,2554.487164
2025-06-03 16:00:00+00:00,2740.996751
2025-06-03 17:00:00+00:00,2673.730467
2025-06-03 18:00:00+00:00,2644.105612
2025-06-03 19:00:00+00:00,2692.921018
2025-06-03 20:00:00+00:00,2606.722912
2025-06-03 21:00:00+00:00,2582.080392
2025-06-03 22:00:00+00:00,2586.910788
2025-06-03 23:00:00+00:00,2310.407051
2025-06-04 00:00:00+00:00,2404.059009
2025-06-04 01:00:00+00:00,2261.880570
2025-06-04 02:00:00+00:00,2350.135264
2025-06-04 03:00:00+00:00,2394.643195
2025-06-04 04:00:00+00:00,2365.925972
2025-06-04 05:00:00+00:00,2271.634575
2025-06-04 06:00:00+00:00,2364.451083
2025-06-04 07:00:00+00:00,2579.031821
2025-06-04 08:00:00+00:00,2660.291219
2025-06-04 09:00:00+00:00,2576.166819
2025-06-04 10:00:00+00:00,2623.970354
2025-06-04 11:00:00+00:00,2706.560808
2025-06-04 12:00:00+00:00,2645.744365
2025-06-04 13:00:00+00:00,2488.407108
2025-06-04 14:00:00+00:00,2708.248788
2025-06-04 15:00:00+00:00,2581.354260
2025-06-04 16:00:00+00:00,2638.499507
2025-06-04 17:00:00+00:00,2607.781328
2025-06-04 18:00:00+00:00,2667.021329
2025-06-04 19:00:00+00:00,2671.604051
2025-06-04 20:00:00+00:00,2615.777627
2025-06-04 21:00:00+00:00,2624.627742
2025-06-04 22:00:00+00:00,2596.477664
2025-06-04 23:00:00+00:00,2311.593237
2025-06-05 00:00:00+00:00,2384.531946
2025-06-05 01:00:00+00:00,2288.035703
2025-06-05 02:00:00+00:00,2244.404902
2025-06-05 03:00:00+00:00,2403.214460
2025-06-05 04:00:00+00:00,2304.074289
2025-06-05 05:00:00+00:00,2427.757310
2025-06-05 06:00:00+00:00,2292.439132
2025-06-05 07:00:00+00:00,2589.261129
2025-06-05 08:00:00+00:00,2575.186229
2025-06-05 09:00:00+00:00,2656.584238
2025-06-05 10:00:00+00:00,2568.350750
2025-06-05 11:00:00+00:00,2569.519806
2025-06-05 12:00:00+00:00,2626.385557
2025-06-05 13:00:00+00:00,2637.762707
2025-06-05 14:00:00+00:00,2616.909661
2025-06-05 15:00:00+00:00,2650.748653
2025-06-05 16:00:00+00:00,2581.971186
2025-06-05 17:00:00+00:00,2679.338225
2025-06-05 18:00:00+00:00,2640.644123
2025-06-05 19:00:00+00:00,2662.314512
2025-06-05 20:00:00+00:00,2571.016611
2025-06-05 21:00:00+00:00,2588.730153
2025-06-05 22:00:00+00:00,2729.638770
2025-06-05 23:00:00+00:00,2374.874483
2025-06-06 00:00:00+00:00,2329.514016
2025-06-06 01:00:00+00:00,2336.580976
2025-06-06 02:00:00+00:00,2302.643527
2025-06-06 03:00:00+00:00,2423.419239
2025-06-06 04:00:00+00:00,2406.614679
2025-06-06 05:00:00+00:00,2305.418744
2025-06-06 06:00:00+00:00,2296.640377
2025-06-06 07:00:00+00:00,2593.031083
2025-06-06 08:00:00+00:00,2655.260099
2025-06-06 09:00:00+00:00,2617.706246
2025-06-06 10:00:00+00:00,2585.248532
2025-06-06 11:00:00+00:00,2637.131366
2025-06-06 12:00:00+00:00,2609.612051
2025-06-06 13:00:00+00:00,2564.304249
2025-06-06 14:00:00+00:00,2662.510749
2025-06-06 15:00:00+00:00,2594.377618
2025-06-06 16:00:00+00:00,2621.261715
2025-06-06 17:00:00+00:00,2577.230292
2025-06-06 18:00:00+00:00,2596.432772
2025-06-06 19:00:00+00:00,2533.384456
2025-06-06 20:00:00+00:00,2597.627445
2025-06-06 21:00:00+00:00,2499.327017
2025-06-06 22:00:00+00:00,2481.244430
2025-06-06 23:00:00+00:00,2352.447102
2025-06-07 00:00:00+00:00,2106.065215
2025-06-07 01:00:00+00:00,2230.941332
2025-06-07 02:00:00+00:00,2029.660292
2025-06-07 03:00:00+00:00,2141.722733
2025-06-07 04:00:00+00:00,2128.155864
2025-06-07 05:00:00+00:00,2152.929216
2025-06-07 06:00:00+00:00,2049.996545
2025-06-07 07:00:00+00:00,2313.524730
2025-06-07 08:00:00+00:00,2256.169512
2025-06-07 09:00:00+00:00,2248.693995
2025-06-07 10:00:00+00:00,2306.829380
2025-06-07 11:00:00+00:00,2348.213035
2025-06-07 12:00:00+00:00,2306.785350
2025-06-07 13:00:00+00:00,2475.503729
2025-06-07 14:00:00+00:00,2304.473548
2025-06-07 15:00:00+00:00,2324.092312
2025-06-07 16:00:00+00:00,2357.978362
2025-06-07 17:00:00+00:00,2360.559637
2025-06-07 18:00:00+00:00,2265.197280
2025-06-07 19:00:00+00:00,2314.316296
2025-06-07 20:00:00+00:00,2227.925665
2025-06-07 21:00:00+00:00,2348.701218
2025-06-07 22:00:00+00:00,2243.924219
2025-06-07 23:00:00+00:00,2036.222923
2025-06-08 00:00:00+00:00,2065.984741
2025-06-08 01:00:00+00:00,2011.425792
2025-06-08 02:00:00+00:00,2168.228012
2025-06-08 03:00:00+00:00,2060.047842
2025-06-08 04:00:00+00:00,2018.244768
2025-06-08 05:00:00+00:00,2139.553643
2025-06-08 06:00:00+00:00,2034.186420
2025-06-08 07:00:00+00:00,2416.498293
2025-06-08 08:00:00+00:00,2278.551385
2025-06-08 09:00:00+00:00,2271.433223
2025-06-08 10:00:00+00:00,2310.368311
2025-06-08 11:00:00+00:00,2328.276638
2025-06-08 12:00:00+00:00,2397.548505
2025-06-08 13:00:00+00:00,2282.185550
2025-06-08 14:00:00+00:00,2264.241093
2025-06-08 15:00:00+00:00,2315.133811
2025-06-08 16:00:00+00:00,2337.389303
2025-06-08 17:00:00+00:00,2299.514676
2025-06-08 18:00:00+00:00,2363.582134
2025-06-08 19:00:00+00:00,2263.593654
2025-06-08 20:00:00+00:00,2337.951063
2025-06-08 21:00:00+00:00,2242.904339
2025-06-08 22:00:00+00:00,2249.337767
2025-06-08 23:00:00+00:00,2122.627456
2025-06-09 00:00:00+00:00,2304.874714
2025-06-09 01:00:00+00:00,2328.580671
2025-06-09 02:00:00+00:00,2422.497549
2025-06-09 03:00:00+00:00,2445.765855
2025-06-09 04:00:00+00:00,2464.324772
2025-06-09 05:00:00+00:00,2332.756762
2025-06-09 06:00:00+00:00,2314.516066
2025-06-09 07:00:00+00:00,2627.023078
2025-06-09 08:00:00+00:00,2578.063857
2025-06-09 09:00:00+00:00,2623.468842
2025-06-09 10:00:00+00:00,2686.752317
2025-06-09 11:00:00+00:00,2555.552557
2025-06-09 12:00:00+00:00,2677.902753
2025-06-09 13:00:00+00:00,2549.394250
2025-06-09 14:00:00+00:00,2532.820102
2025-06-09 15:00:00+00:00,2736.374926
2025-06-09 16:00:00+00:00,2676.363289
2025-06-09 17:00:00+00:00,2778.933251
2025-06-09 18:00:00+00:00,2611.827509
2025-06-09 19:00:00+00:00,2555.354201
2025-06-09 20:00:00+00:00,2658.559568
2025-06-09 21:00:00+00:00,2636.041806
2025-06-09 22:00:00+00:00,2649.667941
2025-06-09 23:00:00+00:00,2238.196901
2025-06-10 00:00:00+00:00,2395.499271
2025-06-10 01:00:00+00:00,2215.333797
2025-06-10 02:00:00+00:00,2288.757296
2025-06-10 03:00:00+00:00,2331.794196
2025-06-10 04:00:00+00:00,2285.994779
2025-06-10 05:00:00+00:00,2198.672700
2025-06-10 06:00:00+00:00,2291.511351
2025-06-10 07:00:00+00:00,2578.841490
2025-06-10 08:00:00+00:00,2623.856775
2025-06-10 09:00:00+00:00,2566.489515
2025-06-10 10:00:00+00:00,2593.544472
2025-06-10 11:00:00+00:00,2631.411750
2025-06-10 12:00:00+00:00,2589.661545
2025-06-10 13:00:00+00:00,2655.970539
2025-06-10 14:00:00+00:00,2646.659274
2025-06-10 15:00:00+00:00,2519.720716
2025-06-10 16:00:00+00:00,2556.394133
2025-06-10 17:00:00+00:00,2563.812401
2025-06-10 18:00:00+00:00,2572.845474
2025-06-10 19:00:00+00:00,2588.152987
2025-06-10 20:00:00+00:00,2644.466336
2025-06-10 21:00:00+00:00,2496.490072
2025-06-10 22:00:00+00:00,2568.743492
2025-06-10 23:00:00+00:00,2326.882172
2025-06-11 00:00:00+00:00,2244.359113
2025-06-11 01:00:00+00:00,2431.289715
2025-06-11 02:00:00+00:00,2387.210228
2025-06-11 03:00:00+00:00,2437.545678
2025-06-11 04:00:00+00:00,2519.736888
2025-06-11 05:00:00+00:00,2355.050133
2025-06-11 06:00:00+00:00,2354.312593
2025-06-11 07:00:00+00:00,2772.673177
2025-06-11 08:00:00+00:00,2672.541486
2025-06-11 09:00:00+00:00,2562.891445
2025-06-11 10:00:00+00:00,2647.605420
2025-06-11 11:00:00+00:00,2518.254536
2025-06-11 12:00:00+00:00,2653.882147
2025-06-11 13:00:00+00:00,2581.930430
2025-06-11 14:00:00+00:00,2627.251115
2025-06-11 15:00:00+00:00,2628.498223
2025-06-11 16:00:00+00:00,2702.387012
2025-06-11 17:00:00+00:00,2663.676316
2025-06-11 18:00:00+00:00,2603.110732
2025-06-11 19:00:00+00:00,2556.045608
2025-06-11 20:00:00+00:00,2662.790236
2025-06-11 21:00:00+00:00,2487.532212
2025-06-11 22:00:00+00:00,2503.230201
2025-06-11 23:00:00+00:00,2328.195063
2025-06-12 00:00:00+00:00,2287.821607
2025-06-12 01:00:00+00:00,2235.722341
2025-06-12 02:00:00+00:00,2351.052459
2025-06-12 03:00:00+00:00,2353.238423
2025-06-12 04:00:00+00:00,2326.454082
2025-06-12 05:00:00+00:00,2362.814453
2025-06-12 06:00:00+00:00,2366.303781
2025-06-12 07:00:00+00:00,2662.809047
2025-06-12 08:00:00+00:00,2539.025889
2025-06-12 09:00:00+00:00,2584.656598
2025-06-12 10:00:00+00:00,2579.850336
2025-06-12 11:00:00+00:00,2663.766811
2025-06-12 12:00:00+00:00,2701.812584
2025-06-12 13:00:00+00:00,2532.037103
2025-06-12 14:00:00+00:00,2506.882511
2025-06-12 15:00:00+00:00,2605.917085
2025-06-12 16:00:00+00:00,2536.353941
2025-06-12 17:00:00+00:00,2528.773689
2025-06-12 18:00:00+00:00,2580.434566
2025-06-12 19:00:00+00:00,2544.852634
2025-06-12 20:00:00+00:00,2431.916102
2025-06-12 21:00:00+00:00,2659.846465
2025-06-12 22:00:00+00:00,2543.576426
2025-06-12 23:00:00+00:00,2379.133470
2025-06-13 00:00:00+00:00,2433.077513
2025-06-13 01:00:00+00:00,2331.465173
2025-06-13 02:00:00+00:00,2358.525328
2025-06-13 03:00:00+00:00,2394.556526
2025-06-13 04:00:00+00:00,2307.888039
2025-06-13 05:00:00+00:00,2299.743212
2025-06-13 06:00:00+00:00,2272.000327
2025-06-13 07:00:00+00:00,2625.336506
2025-06-13 08:00:00+00:00,2592.953244
2025-06-13 09:00:00+00:00,2629.851422
2025-06-13 10:00:00+00:00,2690.916728
2025-06-13 11:00:00+00:00,2697.955870
2025-06-13 12:00:00+00:00,2613.383321
2025-06-13 13:00:00+00:00,2567.956128
2025-06-13 14:00:00+00:00,2676.299139
2025-06-13 15:00:00+00:00,2504.404985
2025-06-13 16:00:00+00:00,2517.289030
2025-06-13 17:00:00+00:00,2586.873061
2025-06-13 18:00:00+00:00,2637.476894
2025-06-13 19:00:00+00:00,2676.292379
2025-06-13 20:00:00+00:00,2671.732846
2025-06-13 21:00:00+00:00,2604.515884
2025-06-13 22:00:00+00:00,2638.127679
2025-06-13 23:00:00+00:00,2345.509714
2025-06-14 00:00:00+00:00,2032.347945
2025-06-14 01:00:00+00:00,2087.778992
2025-06-14 02:00:00+00:00,2115.761175
2025-06-14 03:00:00+00:00,2095.188736
2025-06-14 04:00:00+00:00,2073.837092
2025-06-14 05:00:00+00:00,2026.031548
2025-06-14 06:00:00+00:00,2109.906254
2025-06-14 07:00:00+00:00,2345.506379
2025-06-14 08:00:00+00:00,2416.180034
2025-06-14 09:00:00+00:00,2371.649676
2025-06-14 10:00:00+00:00,2359.230061
2025-06-14 11:00:00+00:00,2403.860680
2025-06-14 12:00:00+00:00,2443.110158
2025-06-14 13:00:00+00:00,2220.827457
2025-06-14 14:00:00+00:00,2264.050672
2025-06-14 15:00:00+00:00,2276.273988
2025-06-14 16:00:00+00:00,2373.576552
2025-06-14 17:00:00+00:00,2222.162619
2025-06-14 18:00:00+00:00,2272.684629
2025-06-14 19:00:00+00:00,2325.789540
2025-06-14 20:00:00+00:00,2286.667228
2025-06-14 21:00:00+00:00,2352.378513
2025-06-14 22:00:00+00:00,2198.082021
2025-06-14 23:00:00+00:00,2013.939138
2025-06-15 00:00:00+00:00,2120.630926
2025-06-15 01:00:00+00:00,2098.097919
2025-06-15 02:00:00+00:00,2062.915393
2025-06-15 03:00:00+00:00,2070.598211
2025-06-15 04:00:00+00:00,2019.343047
2025-06-15 05:00:00+00:00,2077.883684
2025-06-15 06:00:00+00:00,1944.232361
2025-06-15 07:00:00+00:00,2176.327215
2025-06-15 08:00:00+00:00,2262.656386
2025-06-15 09:00:00+00:00,2227.332636
2025-06-15 10:00:00+00:00,2248.383782
2025-06-15 11:00:00+00:00,2370.932202
2025-06-15 12:00:00+00:00,2328.647154
2025-06-15 13:00:00+00:00,2401.100840
2025-06-15 14:00:00+00:00,2353.805722
2025-06-15 15:00:00+00:00,2295.556845
2025-06-15 16:00:00+00:00,2217.667774
2025-06-15 17:00:00+00:00,2307.140360
2025-06-15 18:00:00+00:00,2367.156308
2025-06-15 19:00:00+00:00,2376.722075
2025-06-15 20:00:00+00:00,2256.910997
2025-06-15 21:00:00+00:00,2324.961383
2025-06-15 22:00:00+00:00,2332.480146
2025-06-15 23:00:00+00:00,2041.675053
2025-06-16 00:00:00+00:00,2321.170943
2025-06-16 01:00:00+00:00,2338.876076
2025-06-16 02:00:00+00:00,2272.520042
2025-06-16 03:00:00+00:00,2348.164277
2025-06-16 04:00:00+00:00,2344.971530
2025-06-16 05:00:00+00:00,2421.126789
2025-06-16 06:00:00+00:00,2281.444917
2025-06-16 07:00:00+00:00,2588.264742
2025-06-16 08:00:00+00:00,2486.451046
2025-06-16 09:00:00+00:00,2562.039804
2025-06-16 10:00:00+00:00,2581.517081
2025-06-16 11:00:00+00:00,2631.820973
2025-06-16 12:00:00+00:00,2489.546898
2025-06-16 13:00:00+00:00,2454.635773
2025-06-16 14:00:00+00:00,2582.002551
2025-06-16 15:00:00+00:00,2518.896772
2025-06-16 16:00:00+00:00,2507.083145
2025-06-16 17:00:00+00:00,2582.437822
2025-06-16 18:00:00+00:00,2624.042760
2025-06-16 19:00:00+00:00,2508.633225
2025-06-16 20:00:00+00:00,2399.861621
2025-06-16 21:00:00+00:00,2657.214068
2025-06-16 22:00:00+00:00,2589.050521
2025-06-16 23:00:00+00:00,2263.295741
2025-06-17 00:00:00+00:00,2436.684408
2025-06-17 01:00:00+00:00,2269.121918
2025-06-17 02:00:00+00:00,2311.224555
2025-06-17 03:00:00+00:00,2241.460965
2025-06-17 04:00:00+00:00,2163.285777
2025-06-17 05:00:00+00:00,2295.603810
2025-06-17 06:00:00+00:00,2347.382895
2025-06-17 07:00:00+00:00,2581.251329
2025-06-17 08:00:00+00:00,2573.096186
2025-06-17 09:00:00+00:00,2682.508783
2025-06-17 10:00:00+00:00,2599.403090
2025-06-17 11:00:00+00:00,2668.834280
2025-06-17 12:00:00+00:00,2598.887655
2025-06-17 13:00:00+00:00,2730.188624
2025-06-17 14:00:00+00:00,2546.792932
2025-06-17 15:00:00+00:00,2706.769846
2025-06-17 16:00:00+00:00,2583.797988
2025-06-17 17:00:00+00:00,2547.526075
2025-06-17 18:00:00+00:00,2682.992382
2025-06-17 19:00:00+00:00,2536.525687
2025-06-17 20:00:00+00:00,2559.353932
2025-06-17 21:00:00+00:00,2570.652190
2025-06-17 22:00:00+00:00,2585.939814
2025-06-17 23:00:00+00:00,2294.885122
2025-06-18 00:00:00+00:00,2268.596978
2025-06-18 01:00:00+00:00,2384.320719
2025-06-18 02:00:00+00:00,2189.498999
2025-06-18 03:00:00+00:00,2348.125714
2025-06-18 04:00:00+00:00,2273.809914
2025-06-18 05:00:00+00:00,2374.427187
2025-06-18 06:00:00+00:00,2374.265518
2025-06-18 07:00:00+00:00,2605.222438
2025-06-18 08:00:00+00:00,2755.082493
2025-06-18 09:00:00+00:00,2619.238773
2025-06-18 10:00:00+00:00,2633.659037
2025-06-18 11:00:00+00:00,2632.459685
2025-06-18 12:00:00+00:00,2527.115111
2025-06-18 13:00:00+00:00,2644.092599
2025-06-18 14:00:00+00:00,2643.340690
2025-06-18 15:00:00+00:00,2726.364252
2025-06-18 16:00:00+00:00,2614.370679
2025-06-18 17:00:00+00:00,2675.650538
2025-06-18 18:00:00+00:00,2594.306352
2025-06-18 19:00:00+00:00,2697.481325
2025-06-18 20:00:00+00:00,2559.986335
2025-06-18 21:00:00+00:00,2612.761820
2025-06-18 22:00:00+00:00,2718.267375
2025-06-18 23:00:00+00:00,2383.668075
2025-06-19 00:00:00+00:00,2509.161567
2025-06-19 01:00:00+00:00,2281.619614
2025-06-19 02:00:00+00:00,2347.134694
2025-06-19 03:00:00+00:00,2302.422395
2025-06-19 04:00:00+00:00,2329.729585
2025-06-19 05:00:00+00:00,2373.192094
2025-06-19 06:00:00+00:00,2291.977839
2025-06-19 07:00:00+00:00,2624.251276
2025-06-19 08:00:00+00:00,2609.182523
2025-06-19 09:00:00+00:00,2589.785702
2025-06-19 10:00:00+00:00,2505.670809
2025-06-19 11:00:00+00:00,2632.038392
2025-06-19 12:00:00+00:00,2678.030429
2025-06-19 13:00:00+00:00,2611.566153
2025-06-19 14:00:00+00:00,2651.491825
2025-06-19 15:00:00+00:00,2589.903530
2025-06-19 16:00:00+00:00,2614.347435
2025-06-19 17:00:00+00:00,2598.958547
2025-06-19 18:00:00+00:00,2663.639747
2025-06-19 19:00:00+00:00,2571.959200
2025-06-19 20:00:00+00:00,2577.662456
2025-06-19 21:00:00+00:00,2590.254797
2025-06-19 22:00:00+00:00,2564.101587
2025-06-19 23:00:00+00:00,2451.896997
2025-06-20 00:00:00+00:00,2323.535594
2025-06-20 01:00:00+00:00,2326.342203
2025-06-20 02:00:00+00:00,2291.144229
2025-06-20 03:00:00+00:00,2329.410614
2025-06-20 04:00:00+00:00,2426.151577
2025-06-20 05:00:00+00:00,2316.678439
2025-06-20 06:00:00+00:00,2377.304507
2025-06-20 07:00:00+00:00,2581.689148
2025-06-20 08:00:00+00:00,2638.037783
2025-06-20 09:00:00+00:00,2516.014359
2025-06-20 10:00:00+00:00,2649.998986
2025-06-20 11:00:00+00:00,2575.156155
2025-06-20 12:00:00+00:00,2661.238882
2025-06-20 13:00:00+00:00,2740.815545
2025-06-20 14:00:00+00:00,2557.336819
2025-06-20 15:00:00+00:00,2626.145995
2025-06-20 16:00:00+00:00,2451.958055
2025-06-20 17:00:00+00:00,2629.737530
2025-06-20 18:00:00+00:00,2577.332274
2025-06-20 19:00:00+00:00,2626.939238
2025-06-20 20:00:00+00:00,2643.209386
2025-06-20 21:00:00+00:00,2513.862865
2025-06-20 22:00:00+00:00,2594.768647
2025-06-20 23:00:00+00:00,2293.306529
2025-06-21 00:00:00+00:00,1980.547201
2025-06-21 01:00:00+00:00,2046.987875
2025-06-21 02:00:00+00:00,1995.843534
2025-06-21 03:00:00+00:00,2169.593227
2025-06-21 04:00:00+00:00,1999.569590
2025-06-21 05:00:00+00:00,2046.007793
2025-06-21 06:00:00+00:00,2112.553315
2025-06-21 07:00:00+00:00,2315.005139
2025-06-21 08:00:00+00:00,2350.194457
2025-06-21 09:00:00+00:00,2257.857597
2025-06-21 10:00:00+00:00,2340.513913
2025-06-21 11:00:00+00:00,2352.650763
2025-06-21 12:00:00+00:00,2350.606089
2025-06-21 13:00:00+00:00,2340.672909
2025-06-21 14:00:00+00:00,2264.296239
2025-06-21 15:00:00+00:00,2344.105221
2025-06-21 16:00:00+00:00,2297.616186
2025-06-21 17:00:00+00:00,2366.938877
2025-06-21 18:00:00+00:00,2253.347479
2025-06-21 19:00:00+00:00,2279.097205
2025-06-21 20:00:00+00:00,2272.796859
2025-06-21 21:00:00+00:00,2310.708197
2025-06-21 22:00:00+00:00,2408.511893
2025-06-21 23:00:00+00:00,1959.631565
2025-06-22 00:00:00+00:00,2059.882340
2025-06-22 01:00:00+00:00,2170.176510
2025-06-22 02:00:00+00:00,2054.110387
2025-06-22 03:00:00+00:00,2109.290264
2025-06-22 04:00:00+00:00,2042.072194
2025-06-22 05:00:00+00:00,2054.951475
2025-06-22 06:00:00+00:00,2129.873579
2025-06-22 07:00:00+00:00,2296.414921
2025-06-22 08:00:00+00:00,2283.158165
2025-06-22 09:00:00+00:00,2341.746174
2025-06-22 10:00:00+00:00,2339.688208
2025-06-22 11:00:00+00:00,2339.037289
2025-06-22 12:00:00+00:00,2373.971475
2025-06-22 13:00:00+00:00,2344.131969
2025-06-22 14:00:00+00:00,2194.684709
2025-06-22 15:00:00+00:00,2348.804715
2025-06-22 16:00:00+00:00,2293.276975
2025-06-22 17:00:00+00:00,2313.660037
2025-06-22 18:00:00+00:00,2261.702185
2025-06-22 19:00:00+00:00,2278.092006
2025-06-22 20:00:00+00:00,2369.889602
2025-06-22 21:00:00+00:00,2253.834614
2025-06-22 22:00:00+00:00,2287.149662
2025-06-22 23:00:00+00:00,2027.172706
2025-06-23 00:00:00+00:00,2269.697093
2025-06-23 01:00:00+00:00,2225.120184
2025-06-23 02:00:00+00:00,2334.923408
2025-06-23 03:00:00+00:00,2133.788570
2025-06-23 04:00:00+00:00,2384.057565
2025-06-23 05:00:00+00:00,2380.092959
2025-06-23 06:00:00+00:00,2335.169111
2025-06-23 07:00:00+00:00,2577.951626
2025-06-23 08:00:00+00:00,2621.000701
2025-06-23 09:00:00+00:00,2537.747589
2025-06-23 10:00:00+00:00,2563.409829
2025-06-23 11:00:00+00:00,2523.001555
2025-06-23 12:00:00+00:00,2573.107588
2025-06-23 13:00:00+00:00,2461.991044
2025-06-23 14:00:00+00:00,2688.784145
2025-06-23 15:00:00+00:00,2680.517451
2025-06-23 16:00:00+00:00,2405.153640
2025-06-23 17:00:00+00:00,2566.966668
2025-06-23 18:00:00+00:00,2609.912798
2025-06-23 19:00:00+00:00,2589.113778
2025-06-23 20:00:00+00:00,2601.739456
2025-06-23 21:00:00+00:00,2617.838624
2025-06-23 22:00:00+00:00,2575.030351
2025-06-23 23:00:00+00:00,2423.331150
2025-06-24 00:00:00+00:00,2246.587204
2025-06-24 01:00:00+00:00,2420.203706
2025-06-24 02:00:00+00:00,2336.039677
2025-06-24 03:00:00+00:00,2303.514944
2025-06-24 04:00:00+00:00,2407.450531
2025-06-24 05:00:00+00:00,2189.548097
2025-06-24 06:00:00+00:00,2295.376378
2025-06-24 07:00:00+00:00,2509.902692
2025-06-24 08:00:00+00:00,2618.793886
2025-06-24 09:00:00+00:00,2598.602022
2025-06-24 10:00:00+00:00,2600.970134
2025-06-24 11:00:00+00:00,2545.838846
2025-06-24 12:00:00+00:00,2468.077208
2025-06-24 13:00:00+00:00,2598.794861
2025-06-24 14:00:00+00:00,2567.678799
2025-06-24 15:00:00+00:00,2465.805770
2025-06-24 16:00:00+00:00,2538.125293
2025-06-24 17:00:00+00:00,2557.903392
2025-06-24 18:00:00+00:00,2594.748360
2025-06-24 19:00:00+00:00,2570.474079
2025-06-24 20:00:00+00:00,2587.964687
2025-06-24 21:00:00+00:00,2734.067283
2025-06-24 22:00:00+00:00,2678.204437
2025-06-24 23:00:00+00:00,2264.545978
2025-06-25 00:00:00+00:00,2260.175553
2025-06-25 01:00:00+00:00,2342.053621
2025-06-25 02:00:00+00:00,2332.585521
2025-06-25 03:00:00+00:00,2405.355499
2025-06-25 04:00:00+00:00,2445.063754
2025-06-25 05:00:00+00:00,2350.964393
2025-06-25 06:00:00+00:00,2237.385088
2025-06-25 07:00:00+00:00,2485.785299
2025-06-25 08:00:00+00:00,2739.944760
2025-06-25 09:00:00+00:00,2514.734721
2025-06-25 10:00:00+00:00,2517.091740
2025-06-25 11:00:00+00:00,2691.805432
2025-06-25 12:00:00+00:00,2604.221328
2025-06-25 13:00:00+00:00,2589.072490
2025-06-25 14:00:00+00:00,2604.270776
2025-06-25 15:00:00+00:00,2612.479050
2025-06-25 16:00:00+00:00,2573.249516
2025-06-25 17:00:00+00:00,2657.813312
2025-06-25 18:00:00+00:00,2498.292448
2025-06-25 19:00:00+00:00,2491.233471
2025-06-25 20:00:00+00:00,2679.174891
2025-06-25 21:00:00+00:00,2536.689409
2025-06-25 22:00:00+00:00,2666.080814
2025-06-25 23:00:00+00:00,2335.764736
2025-06-26 00:00:00+00:00,2292.032799
2025-06-26 01:00:00+00:00,2270.347337
2025-06-26 02:00:00+00:00,2352.770891
2025-06-26 03:00:00+00:00,2308.777172
2025-06-26 04:00:00+00:00,2283.913311
2025-06-26 05:00:00+00:00,2229.503397
2025-06-26 06:00:00+00:00,2315.395490
2025-06-26 07:00:00+00:00,2547.522145
2025-06-26 08:00:00+00:00,2477.157867
2025-06-26 09:00:00+00:00,2663.273362
2025-06-26 10:00:00+00:00,2715.942589
2025-06-26 11:00:00+00:00,2509.176751
2025-06-26 12:00:00+00:00,2547.137532
2025-06-26 13:00:00+00:00,2614.120950
2025-06-26 14:00:00+00:00,2650.752682
2025-06-26 15:00:00+00:00,2640.031498
2025-06-26 16:00:00+00:00,2656.421873
2025-06-26 17:00:00+00:00,2551.252416
2025-06-26 18:00:00+00:00,2614.404150
2025-06-26 19:00:00+00:00,2784.269194
2025-06-26 20:00:00+00:00,2616.128767
2025-06-26 21:00:00+00:00,2561.769085
2025-06-26 22:00:00+00:00,2537.914518
2025-06-26 23:00:00+00:00,2345.425391
2025-06-27 00:00:00+00:00,2221.965291
2025-06-27 01:00:00+00:00,2289.530951
2025-06-27 02:00:00+00:00,2290.342857
2025-06-27 03:00:00+00:00,2302.073890
2025-06-27 04:00:00+00:00,2276.534169
2025-06-27 05:00:00+00:00,2305.254222
2025-06-27 06:00:00+00:00,2148.073940
2025-06-27 07:00:00+00:00,2622.773535
2025-06-27 08:00:00+00:00,2606.465054
2025-06-27 09:00:00+00:00,2518.411610
2025-06-27 10:00:00+00:00,2558.853737
2025-06-27 11:00:00+00:00,2573.199592
2025-06-27 12:00:00+00:00,2681.369185
2025-06-27 13:00:00+00:00,2606.763363
2025-06-27 14:00:00+00:00,2428.165743
2025-06-27 15:00:00+00:00,2663.906465
2025-06-27 16:00:00+00:00,2682.656959
2025-06-27 17:00:00+00:00,2609.229397
2025-06-27 18:00:00+00:00,2702.378675
2025-06-27 19:00:00+00:00,2616.954725
2025-06-27 20:00:00+00:00,2496.874758
2025-06-27 21:00:00+00:00,2560.790274
2025-06-27 22:00:00+00:00,2645.273446
2025-06-27 23:00:00+00:00,2338.935534
2025-06-28 00:00:00+00:00,2035.728117
2025-06-28 01:00:00+00:00,1955.586925
2025-06-28 02:00:00+00:00,2083.341961
2025-06-28 03:00:00+00:00,2075.079956
2025-06-28 04:00:00+00:00,2092.050755
2025-06-28 05:00:00+00:00,1951.070326
2025-06-28 06:00:00+00:00,2064.032309
2025-06-28 07:00:00+00:00,2197.966903
2025-06-28 08:00:00+00:00,2331.582309
2025-06-28 09:00:00+00:00,2290.258614
2025-06-28 10:00:00+00:00,2268.788348
2025-06-28 11:00:00+00:00,2211.954842
2025-06-28 12:00:00+00:00,2334.210067
2025-06-28 13:00:00+00:00,2224.494884
2025-06-28 14:00:00+00:00,2302.157127
2025-06-28 15:00:00+00:00,2258.197150
2025-06-28 16:00:00+00:00,2339.824354
2025-06-28 17:00:00+00:00,2267.871533
2025-06-28 18:00:00+00:00,2305.489523
2025-06-28 19:00:00+00:00,2430.602458
2025-06-28 20:00:00+00:00,2366.170191
2025-06-28 21:00:00+00:00,2214.523857
2025-06-28 22:00:00+00:00,2244.731771
2025-06-28 23:00:00+00:00,2073.938314
2025-06-29 00:00:00+00:00,2055.912514
2025-06-29 01:00:00+00:00,2056.525330
2025-06-29 02:00:00+00:00,2115.413696
2025-06-29 03:00:00+00:00,2082.393675
2025-06-29 04:00:00+00:00,2111.847220
2025-06-29 05:00:00+00:00,2041.815092
2025-06-29 06:00:00+00:00,2065.421424
2025-06-29 07:00:00+00:00,2321.113712
2025-06-29 08:00:00+00:00,2229.978893
2025-06-29 09:00:00+00:00,2266.993636
2025-06-29 10:00:00+00:00,2287.823078
2025-06-29 11:00:00+00:00,2300.154683
2025-06-29 12:00:00+00:00,2286.642467
2025-06-29 13:00:00+00:00,2252.502751
2025-06-29 14:00:00+00:00,2282.213788
2025-06-29 15:00:00+00:00,2334.830372
2025-06-29 16:00:00+00:00,2302.212620
2025-06-29 17:00:00+00:00,2285.249172
2025-06-29 18:00:00+00:00,2300.100302
2025-06-29 19:00:00+00:00,2324.107132
2025-06-29 20:00:00+00:00,2253.765209
2025-06-29 21:00:00+00:00,2252.860112
2025-06-29 22:00:00+00:00,2242.790701
2025-06-29 23:00:00+00:00,2004.498996
2025-06-30 00:00:00+00:00,2302.799205
2025-06-30 01:00:00+00:00,2370.886340
2025-06-30 02:00:00+00:00,2189.508756
2025-06-30 03:00:00+00:00,2352.062258
2025-06-30 04:00:00+00:00,2381.600265
2025-06-30 05:00:00+00:00,2389.048356
2025-06-30 06:00:00+00:00,2401.030054
2025-06-30 07:00:00+00:00,2570.296505
2025-06-30 08:00:00+00:00,2591.417573
2025-06-30 09:00:00+00:00,2755.926943
2025-06-30 10:00:00+00:00,2520.147252
2025-06-30 11:00:00+00:00,2610.575478
2025-06-30 12:00:00+00:00,2529.240840
2025-06-30 13:00:00+00:00,2678.784470
2025-06-30 14:00:00+00:00,2586.104920
2025-06-30 15:00:00+00:00,2591.317208
2025-06-30 16:00:00+00:00,2559.592833
2025-06-30 17:00:00+00:00,2674.029887
2025-06-30 18:00:00+00:00,2624.453230
2025-06-30 19:00:00+00:00,2510.479985
2025-06-30 20:00:00+00:00,2697.917171
2025-06-30 21:00:00+00:00,2555.276842
2025-06-30 22:00:00+00:00,2563.261366
2025-06-30 23:00:00+00:00,2198.483258
2025-07-01 00:00:00+00:00,2245.818374
2025-07-01 01:00:00+00:00,2268.344317
2025-07-01 02:00:00+00:00,2345.639151
2025-07-01 03:00:00+00:00,2345.270769
2025-07-01 04:00:00+00:00,2320.553231
2025-07-01 05:00:00+00:00,2293.113077
2025-07-01 06:00:00+00:00,2408.877560
2025-07-01 07:00:00+00:00,2546.270679
2025-07-01 08:00:00+00:00,2557.082362
2025-07-01 09:00:00+00:00,2591.769041
2025-07-01 10:00:00+00:00,2718.835486
2025-07-01 11:00:00+00:00,2543.668686
2025-07-01 12:00:00+00:00,2585.030801
2025-07-01 13:00:00+00:00,2597.373263
2025-07-01 14:00:00+00:00,2636.789555
2025-07-01 15:00:00+00:00,2502.170636
2025-07-01 16:00:00+00:00,2584.722918
2025-07-01 17:00:00+00:00,2550.424430
2025-07-01 18:00:00+00:00,2650.392772
2025-07-01 19:00:00+00:00,2584.647056
2025-07-01 20:00:00+00:00,2583.339126
2025-07-01 21:00:00+00:00,2602.248507
2025-07-01 22:00:00+00:00,2572.542091
2025-07-01 23:00:00+00:00,2368.083767
2025-07-02 00:00:00+00:00,2289.309899
2025-07-02 01:00:00+00:00,2273.586262
2025-07-02 02:00:00+00:00,2308.259920
2025-07-02 03:00:00+00:00,2328.480763
2025-07-02 04:00:00+00:00,2360.521341
2025-07-02 05:00:00+00:00,2358.093870
2025-07-02 06:00:00+00:00,2339.439165
2025-07-02 07:00:00+00:00,2483.583753
2025-07-02 08:00:00+00:00,2661.595201
2025-07-02 09:00:00+00:00,2626.307710
2025-07-02 10:00:00+00:00,2570.295068
2025-07-02 11:00:00+00:00,2680.681024
2025-07-02 12:00:00+00:00,2673.799536
2025-07-02 13:00:00+00:00,2570.491054
2025-07-02 14:00:00+00:00,2592.400375
2025-07-02 15:00:00+00:00,2651.246226
2025-07-02 16:00:00+00:00,2639.051120
2025-07-02 17:00:00+00:00,2556.812340
2025-07-02 18:00:00+00:00,2584.316270
2025-07-02 19:00:00+00:00,2500.195418
2025-07-02 20:00:00+00:00,2603.788309
2025-07-02 21:00:00+00:00,2699.399907
2025-07-02 22:00:00+00:00,2610.992676
2025-07-02 23:00:00+00:00,2216.121941
2025-07-03 00:00:00+00:00,2401.245913
2025-07-03 01:00:00+00:00,2455.872503
2025-07-03 02:00:00+00:00,2275.654406
2025-07-03 03:00:00+00:00,2315.405375
2025-07-03 04:00:00+00:00,2235.851514
2025-07-03 05:00:00+00:00,2299.971940
2025-07-03 06:00:00+00:00,2365.388057
2025-07-03 07:00:00+00:00,2534.496887
2025-07-03 08:00:00+00:00,2620.176463
2025-07-03 09:00:00+00:00,2568.270953
2025-07-03 10:00:00+00:00,2647.752319
2025-07-03 11:00:00+00:00,2513.903327
2025-07-03 12:00:00+00:00,2532.723498
2025-07-03 13:00:00+00:00,2587.752799
2025-07-03 14:00:00+00:00,2517.453457
2025-07-03 15:00:00+00:00,2679.035384
2025-07-03 16:00:00+00:00,2521.302934
2025-07-03 17:00:00+00:00,2537.423149
2025-07-03 18:00:00+00:00,2595.045563
2025-07-03 19:00:00+00:00,2539.321183
2025-07-03 20:00:00+00:00,2600.281310
2025-07-03 21:00:00+00:00,2623.884059
2025-07-03 22:00:00+00:00,2530.947711
2025-07-03 23:00:00+00:00,2389.381481
2025-07-04 00:00:00+00:00,2355.950720
2025-07-04 01:00:00+00:00,2348.049883
2025-07-04 02:00:00+00:00,2312.822649
2025-07-04 03:00:00+00:00,2378.555107
2025-07-04 04:00:00+00:00,2358.460642
2025-07-04 05:00:00+00:00,2320.678772
2025-07-04 06:00:00+00:00,2370.939445
2025-07-04 07:00:00+00:00,2558.144064
2025-07-04 08:00:00+00:00,2680.349874
2025-07-04 09:00:00+00:00,2593.462225
2025-07-04 10:00:00+00:00,2571.740991
2025-07-04 11:00:00+00:00,2596.648109
2025-07-04 12:00:00+00:00,2694.308305
2025-07-04 13:00:00+00:00,2599.537861
2025-07-04 14:00:00+00:00,2476.380890
2025-07-04 15:00:00+00:00,2708.608196
2025-07-04 16:00:00+00:00,2476.021356
2025-07-04 17:00:00+00:00,2528.187829
2025-07-04 18:00:00+00:00,2578.076424
2025-07-04 19:00:00+00:00,2612.151371
2025-07-04 20:00:00+00:00,2586.105676
2025-07-04 21:00:00+00:00,2503.745213
2025-07-04 22:00:00+00:00,2496.909812
2025-07-04 23:00:00+00:00,2254.449414
2025-07-05 00:00:00+00:00,2069.003306
2025-07-05 01:00:00+00:00,2077.600100
2025-07-05 02:00:00+00:00,1999.284429
2025-07-05 03:00:00+00:00,2004.179801
2025-07-05 04:00:00+00:00,2138.119330
2025-07-05 05:00:00+00:00,2026.029655
2025-07-05 06:00:00+00:00,1951.454146
2025-07-05 07:00:00+00:00,2303.161842
2025-07-05 08:00:00+00:00,2244.054458
2025-07-05 09:00:00+00:00,2259.067007
2025-07-05 10:00:00+00:00,2333.332189
2025-07-05 11:00:00+00:00,2247.942450
2025-07-05 12:00:00+00:00,2339.054868
2025-07-05 13:00:00+00:00,2169.538069
2025-07-05 14:00:00+00:00,2362.965159
2025-07-05 15:00:00+00:00,2223.465569
2025-07-05 16:00:00+00:00,2263.395291
2025-07-05 17:00:00+00:00,2273.983340
2025-07-05 18:00:00+00:00,2189.965697
2025-07-05 19:00:00+00:00,2321.526628
2025-07-05 20:00:00+00:00,2394.470571
2025-07-05 21:00:00+00:00,2298.714183
2025-07-05 22:00:00+00:00,2228.298529
2025-07-05 23:00:00+00:00,2066.828481
2025-07-06 00:00:00+00:00,2033.538334
2025-07-06 01:00:00+00:00,2085.692290
2025-07-06 02:00:00+00:00,2114.940678
2025-07-06 03:00:00+00:00,2056.861724
2025-07-06 04:00:00+00:00,2118.524621
2025-07-06 05:00:00+00:00,2103.293509
2025-07-06 06:00:00+00:00,2033.836586
2025-07-06 07:00:00+00:00,2245.104389
2025-07-06 08:00:00+00:00,2331.886630
2025-07-06 09:00:00+00:00,2336.477072
2025-07-06 10:00:00+00:00,2269.830773
2025-07-06 11:00:00+00:00,2247.516208
2025-07-06 12:00:00+00:00,2415.016023
2025-07-06 13:00:00+00:00,2254.068649
2025-07-06 14:00:00+00:00,2401.095968
2025-07-06 15:00:00+00:00,2270.595241
2025-07-06 16:00:00+00:00,2360.582629
2025-07-06 17:00:00+00:00,2302.967766
2025-07-06 18:00:00+00:00,2269.633759
2025-07-06 19:00:00+00:00,2277.145870
2025-07-06 20:00:00+00:00,2209.476502
2025-07-06 21:00:00+00:00,2255.036118
2025-07-06 22:00:00+00:00,2291.302443
2025-07-06 23:00:00+00:00,2130.020635
2025-07-07 00:00:00+00:00,2288.514386
2025-07-07 01:00:00+00:00,2214.344318
2025-07-07 02:00:00+00:00,2343.837836
2025-07-07 03:00:00+00:00,2218.225269
2025-07-07 04:00:00+00:00,2294.083252
2025-07-07 05:00:00+00:00,2396.090143
2025-07-07 06:00:00+00:00,2326.823090
2025-07-07 07:00:00+00:00,2574.165282
2025-07-07 08:00:00+00:00,2563.202021
2025-07-07 09:00:00+00:00,2643.991027
2025-07-07 10:00:00+00:00,2697.135761
2025-07-07 11:00:00+00:00,2579.697281
2025-07-07 12:00:00+00:00,2672.013531
2025-07-07 13:00:00+00:00,2584.189336
2025-07-07 14:00:00+00:00,2602.064358
2025-07-07 15:00:00+00:00,2583.958808
2025-07-07 16:00:00+00:00,2495.728012
2025-07-07 17:00:00+00:00,2584.859456
2025-07-07 18:00:00+00:00,2535.736811
2025-07-07 19:00:00+00:00,2629.193842
2025-07-07 20:00:00+00:00,2634.398395
2025-07-07 21:00:00+00:00,2621.199350
2025-07-07 22:00:00+00:00,2510.380703
2025-07-07 23:00:00+00:00,2296.087485
2025-07-08 00:00:00+00:00,2355.071911
2025-07-08 01:00:00+00:00,2310.985832
2025-07-08 02:00:00+00:00,2201.608066
2025-07-08 03:00:00+00:00,2329.134161
2025-07-08 04:00:00+00:00,2369.964732
2025-07-08 05:00:00+00:00,2287.277889
2025-07-08 06:00:00+00:00,2293.853950
2025-07-08 07:00:00+00:00,2682.322107
2025-07-08 08:00:00+00:00,2654.923373
2025-07-08 09:00:00+00:00,2455.786630
2025-07-08 10:00:00+00:00,2638.851022
2025-07-08 11:00:00+00:00,2635.961804
2025-07-08 12:00:00+00:00,2560.310045
2025-07-08 13:00:00+00:00,2529.054477
2025-07-08 14:00:00+00:00,2537.404832
2025-07-08 15:00:00+00:00,2514.103274
2025-07-08 16:00:00+00:00,2551.823798
2025-07-08 17:00:00+00:00,2605.847098
2025-07-08 18:00:00+00:00,2592.451144
2025-07-08 19:00:00+00:00,2528.666299
2025-07-08 20:00:00+00:00,2523.551304
2025-07-08 21:00:00+00:00,2653.399135
2025-07-08 22:00:00+00:00,2690.113227
2025-07-08 23:00:00+00:00,2325.819434
2025-07-09 00:00:00+00:00,2343.009359
2025-07-09 01:00:00+00:00,2377.131932
2025-07-09 02:00:00+00:00,2311.986358
2025-07-09 03:00:00+00:00,2203.236150
2025-07-09 04:00:00+00:00,2326.184440
2025-07-09 05:00:00+00:00,2306.534619
2025-07-09 06:00:00+00:00,2390.022931
2025-07-09 07:00:00+00:00,2501.746277
2025-07-09 08:00:00+00:00,2625.216442
2025-07-09 09:00:00+00:00,2559.242417
2025-07-09 10:00:00+00:00,2512.148079
2025-07-09 11:00:00+00:00,2570.742056
2025-07-09 12:00:00+00:00,2692.586570
2025-07-09 13:00:00+00:00,2557.401733
2025-07-09 14:00:00+00:00,2529.845485
2025-07-09 15:00:00+00:00,2562.316865
2025-07-09 16:00:00+00:00,2598.258547
2025-07-09 17:00:00+00:00,2528.724304
2025-07-09 18:00:00+00:00,2587.098013
2025-07-09 19:00:00+00:00,2495.757208
2025-07-09 20:00:00+00:00,2575.756477
2025-07-09 21:00:00+00:00,2588.933851
2025-07-09 22:00:00+00:00,2466.622326
2025-07-09 23:00:00+00:00,2261.739264
2025-07-10 00:00:00+00:00,2266.491030
2025-07-10 01:00:00+00:00,2432.204004
2025-07-10 02:00:00+00:00,2364.487618
2025-07-10 03:00:00+00:00,2406.796806
2025-07-10 04:00:00+00:00,2301.751196
2025-07-10 05:00:00+00:00,2321.983384
2025-07-10 06:00:00+00:00,2288.167710
2025-07-10 07:00:00+00:00,2501.466189
2025-07-10 08:00:00+00:00,2692.812039
2025-07-10 09:00:00+00:00,2544.104117
2025-07-10 10:00:00+00:00,2464.796199
2025-07-10 11:00:00+00:00,2723.631220
2025-07-10 12:00:00+00:00,2474.270818
2025-07-10 13:00:00+00:00,2562.759026
2025-07-10 14:00:00+00:00,2682.325331
2025-07-10 15:00:00+00:00,2616.302561
2025-07-10 16:00:00+00:00,2665.028937
2025-07-10 17:00:00+00:00,2661.519854
2025-07-10 18:00:00+00:00,2520.275266
2025-07-10 19:00:00+00:00,2576.909834
2025-07-10 20:00:00+00:00,2568.453970
2025-07-10 21:00:00+00:00,2547.174646
2025-07-10 22:00:00+00:00,2594.742187
2025-07-10 23:00:00+00:00,2377.473118
2025-07-11 00:00:00+00:00,2273.591104
2025-07-11 01:00:00+00:00,2293.621827
2025-07-11 02:00:00+00:00,2349.880333
2025-07-11 03:00:00+00:00,2277.268990
2025-07-11 04:00:00+00:00,2284.469761
2025-07-11 05:00:00+00:00,2298.772330
2025-07-11 06:00:00+00:00,2275.703237
2025-07-11 07:00:00+00:00,2555.901763
2025-07-11 08:00:00+00:00,2532.871993
2025-07-11 09:00:00+00:00,2554.906250
2025-07-11 10:00:00+00:00,2602.392582
2025-07-11 11:00:00+00:00,2612.680730
2025-07-11 12:00:00+00:00,2600.290596
2025-07-11 13:00:00+00:00,2552.643903
2025-07-11 14:00:00+00:00,2537.904374
2025-07-11 15:00:00+00:00,2487.653106
2025-07-11 16:00:00+00:00,2652.577834
2025-07-11 17:00:00+00:00,2691.911871
2025-07-11 18:00:00+00:00,2646.794225
2025-07-11 19:00:00+00:00,2560.250186
2025-07-11 20:00:00+00:00,2574.094081
2025-07-11 21:00:00+00:00,2567.679477
2025-07-11 22:00:00+00:00,2592.089738
2025-07-11 23:00:00+00:00,2406.361450
2025-07-12 00:00:00+00:00,2019.696287
2025-07-12 01:00:00+00:00,1951.103785
2025-07-12 02:00:00+00:00,2071.352066
2025-07-12 03:00:00+00:00,2029.305662
2025-07-12 04:00:00+00:00,2051.130795
2025-07-12 05:00:00+00:00,1968.432034
2025-07-12 06:00:00+00:00,2120.419375
2025-07-12 07:00:00+00:00,2308.908826
2025-07-12 08:00:00+00:00,2158.133765
2025-07-12 09:00:00+00:00,2317.359777
2025-07-12 10:00:00+00:00,2311.487338
2025-07-12 11:00:00+00:00,2244.922837
2025-07-12 12:00:00+00:00,2213.026766
2025-07-12 13:00:00+00:00,2354.807315
2025-07-12 14:00:00+00:00,2321.779733
2025-07-12 15:00:00+00:00,2216.876733
2025-07-12 16:00:00+00:00,2289.786701
2025-07-12 17:00:00+00:00,2087.517057
2025-07-12 18:00:00+00:00,2236.067457
2025-07-12 19:00:00+00:00,2418.440617
2025-07-12 20:00:00+00:00,2278.968601
2025-07-12 21:00:00+00:00,2311.317657
2025-07-12 22:00:00+00:00,2241.878117
2025-07-12 23:00:00+00:00,2007.359013
2025-07-13 00:00:00+00:00,2025.810013
2025-07-13 01:00:00+00:00,2137.291017
2025-07-13 02:00:00+00:00,2065.796106
2025-07-13 03:00:00+00:00,2004.352311
2025-07-13 04:00:00+00:00,2051.117094
2025-07-13 05:00:00+00:00,2089.832049
2025-07-13 06:00:00+00:00,1991.889823
2025-07-13 07:00:00+00:00,2334.400104
2025-07-13 08:00:00+00:00,2316.221766
2025-07-13 09:00:00+00:00,2282.604819
2025-07-13 10:00:00+00:00,2183.758401
2025-07-13 11:00:00+00:00,2408.459393
2025-07-13 12:00:00+00:00,2261.376564
2025-07-13 13:00:00+00:00,2254.357018
2025-07-13 14:00:00+00:00,2302.891490
2025-07-13 15:00:00+00:00,2350.099204
2025-07-13 16:00:00+00:00,2306.682080
2025-07-13 17:00:00+00:00,2225.934121
2025-07-13 18:00:00+00:00,2351.685952
2025-07-13 19:00:00+00:00,2235.375968
2025-07-13 20:00:00+00:00,2342.364655
2025-07-13 21:00:00+00:00,2405.265909
2025-07-13 22:00:00+00:00,2288.391286
2025-07-13 23:00:00+00:00,2049.335684
2025-07-14 00:00:00+00:00,2432.462623
2025-07-14 01:00:00+00:00,2264.601033
2025-07-14 02:00:00+00:00,2316.091005
2025-07-14 03:00:00+00:00,2295.017993
2025-07-14 04:00:00+00:00,2288.774488
2025-07-14 05:00:00+00:00,2219.418969
2025-07-14 06:00:00+00:00,2352.167927
2025-07-14 07:00:00+00:00,2470.912549
2025-07-14 08:00:00+00:00,2531.969416
2025-07-14 09:00:00+00:00,2509.625067
2025-07-14 10:00:00+00:00,2493.101005
2025-07-14 11:00:00+00:00,2652.238180
2025-07-14 12:00:00+00:00,2548.789329
2025-07-14 13:00:00+00:00,2662.667420
2025-07-14 14:00:00+00:00,2595.862759
2025-07-14 15:00:00+00:00,2630.634231
2025-07-14 16:00:00+00:00,2656.151880
2025-07-14 17:00:00+00:00,2526.479427
2025-07-14 18:00:00+00:00,2469.227972
2025-07-14 19:00:00+00:00,2638.505777
2025-07-14 20:00:00+00:00,2692.350904
2025-07-14 21:00:00+00:00,2471.797475
2025-07-14 22:00:00+00:00,2611.301148
2025-07-14 23:00:00+00:00,2319.473817
2025-07-15 00:00:00+00:00,2291.408285
2025-07-15 01:00:00+00:00,2310.132455
2025-07-15 02:00:00+00:00,2332.079398
2025-07-15 03:00:00+00:00,2316.693829
2025-07-15 04:00:00+00:00,2330.322292
2025-07-15 05:00:00+00:00,2401.655344
2025-07-15 06:00:00+00:00,2365.745515
2025-07-15 07:00:00+00:00,2631.543598
2025-07-15 08:00:00+00:00,2720.845395
2025-07-15 09:00:00+00:00,2543.920910
2025-07-15 10:00:00+00:00,2614.371097
2025-07-15 11:00:00+00:00,2527.157473
2025-07-15 12:00:00+00:00,2502.382339
2025-07-15 13:00:00+00:00,2569.151913
2025-07-15 14:00:00+00:00,2519.469460
2025-07-15 15:00:00+00:00,2535.741505
2025-07-15 16:00:00+00:00,2547.397543
2025-07-15 17:00:00+00:00,2563.646052
2025-07-15 18:00:00+00:00,2559.934351
2025-07-15 19:00:00+00:00,2593.970623
2025-07-15 20:00:00+00:00,2574.131484
2025-07-15 21:00:00+00:00,2632.560698
2025-07-15 22:00:00+00:00,2508.184681
2025-07-15 23:00:00+00:00,2342.170387
2025-07-16 00:00:00+00:00,2235.706519
2025-07-16 01:00:00+00:00,2261.422267
2025-07-16 02:00:00+00:00,2289.968757
2025-07-16 03:00:00+00:00,2319.135908
2025-07-16 04:00:00+00:00,2236.810835
2025-07-16 05:00:00+00:00,2378.638325
2025-07-16 06:00:00+00:00,2390.528873
2025-07-16 07:00:00+00:00,2641.032739
2025-07-16 08:00:00+00:00,2473.972740
2025-07-16 09:00:00+00:00,2510.162837
2025-07-16 10:00:00+00:00,2525.579896
2025-07-16 11:00:00+00:00,2580.385503
2025-07-16 12:00:00+00:00,2666.714036
2025-07-16 13:00:00+00:00,2435.178678
2025-07-16 14:00:00+00:00,2557.004643
2025-07-16 15:00:00+00:00,2459.074512
2025-07-16 16:00:00+00:00,2533.372576
2025-07-16 17:00:00+00:00,2548.229336
2025-07-16 18:00:00+00:00,2643.817635
2025-07-16 19:00:00+00:00,2513.618727
2025-07-16 20:00:00+00:00,2594.804349
2025-07-16 21:00:00+00:00,2532.596630
2025-07-16 22:00:00+00:00,2571.238413
2025-07-16 23:00:00+00:00,2301.862600
2025-07-17 00:00:00+00:00,2352.592786
2025-07-17 01:00:00+00:00,2310.594386
2025-07-17 02:00:00+00:00,2320.516249
2025-07-17 03:00:00+00:00,2316.324558
2025-07-17 04:00:00+00:00,2279.993751
2025-07-17 05:00:00+00:00,2380.217825
2025-07-17 06:00:00+00:00,2309.404836
2025-07-17 07:00:00+00:00,2638.702810
2025-07-17 08:00:00+00:00,2628.358764
2025-07-17 09:00:00+00:00,2541.420535
2025-07-17 10:00:00+00:00,2643.957867
2025-07-17 11:00:00+00:00,2559.809161
2025-07-17 12:00:00+00:00,2646.834123
2025-07-17 13:00:00+00:00,2604.942988
2025-07-17 14:00:00+00:00,2485.031967
2025-07-17 15:00:00+00:00,2613.917056
2025-07-17 16:00:00+00:00,2552.534255
2025-07-17 17:00:00+00:00,2509.390264
2025-07-17 18:00:00+00:00,2645.119813
2025-07-17 19:00:00+00:00,2562.734723
2025-07-17 20:00:00+00:00,2588.145750
2025-07-17 21:00:00+00:00,2515.831127
2025-07-17 22:00:00+00:00,2546.174246
2025-07-17 23:00:00+00:00,2295.998882
2025-07-18 00:00:00+00:00,2361.615474
2025-07-18 01:00:00+00:00,2229.536729
2025-07-18 02:00:00+00:00,2321.989719
2025-07-18 03:00:00+00:00,2330.109677
2025-07-18 04:00:00+00:00,2364.280419
2025-07-18 05:00:00+00:00,2396.873842
2025-07-18 06:00:00+00:00,2298.615721
2025-07-18 07:00:00+00:00,2518.349119
2025-07-18 08:00:00+00:00,2610.263675
2025-07-18 09:00:00+00:00,2546.468229
2025-07-18 10:00:00+00:00,2639.097479
2025-07-18 11:00:00+00:00,2558.822194
2025-07-18 12:00:00+00:00,2579.680151
2025-07-18 13:00:00+00:00,2601.949837
2025-07-18 14:00:00+00:00,2513.370724
2025-07-18 15:00:00+00:00,2627.383174
2025-07-18 16:00:00+00:00,2430.681179
2025-07-18 17:00:00+00:00,2564.154138
2025-07-18 18:00:00+00:00,2717.287583
2025-07-18 19:00:00+00:00,2718.873208
2025-07-18 20:00:00+00:00,2634.179642
2025-07-18 21:00:00+00:00,2634.394325
2025-07-18 22:00:00+00:00,2549.951964
2025-07-18 23:00:00+00:00,2287.182620
2025-07-19 00:00:00+00:00,2121.835255
2025-07-19 01:00:00+00:00,2063.447591
2025-07-19 02:00:00+00:00,2009.758284
2025-07-19 03:00:00+00:00,2039.742232
2025-07-19 04:00:00+00:00,2037.886853
2025-07-19 05:00:00+00:00,2117.804552
2025-07-19 06:00:00+00:00,2016.412313
2025-07-19 07:00:00+00:00,2314.104282
2025-07-19 08:00:00+00:00,2279.330827
2025-07-19 09:00:00+00:00,2170.377132
2025-07-19 10:00:00+00:00,2256.635937
2025-07-19 11:00:00+00:00,2244.398086
2025-07-19 12:00:00+00:00,2257.390260
2025-07-19 13:00:00+00:00,2315.529914
2025-07-19 14:00:00+00:00,2312.608931
2025-07-19 15:00:00+00:00,2227.556397
2025-07-19 16:00:00+00:00,2364.778788
2025-07-19 17:00:00+00:00,2364.038627
2025-07-19 18:00:00+00:00,2187.925859
2025-07-19 19:00:00+00:00,2291.504732
2025-07-19 20:00:00+00:00,2298.995133
2025-07-19 21:00:00+00:00,2250.061538
2025-07-19 22:00:00+00:00,2323.534319
2025-07-19 23:00:00+00:00,2046.317501
2025-07-20 00:00:00+00:00,2060.495010
2025-07-20 01:00:00+00:00,1983.653198
2025-07-20 02:00:00+00:00,2034.926932
2025-07-20 03:00:00+00:00,2058.087065
2025-07-20 04:00:00+00:00,2039.333824
2025-07-20 05:00:00+00:00,2009.530134
2025-07-20 06:00:00+00:00,2150.095428
2025-07-20 07:00:00+00:00,2243.591642
2025-07-20 08:00:00+00:00,2282.346817
2025-07-20 09:00:00+00:00,2276.765832
2025-07-20 10:00:00+00:00,2361.950434
2025-07-20 11:00:00+00:00,2345.748575
2025-07-20 12:00:00+00:00,2313.694833
2025-07-20 13:00:00+00:00,2323.674020
2025-07-20 14:00:00+00:00,2262.401135
2025-07-20 15:00:00+00:00,2226.501733
2025-07-20 16:00:00+00:00,2279.951433
2025-07-20 17:00:00+00:00,2227.384540
2025-07-20 18:00:00+00:00,2135.658563
2025-07-20 19:00:00+00:00,2273.285098
2025-07-20 20:00:00+00:00,2332.469752
2025-07-20 21:00:00+00:00,2251.503918
2025-07-20 22:00:00+00:00,2299.374825
2025-07-20 23:00:00+00:00,2054.934556
2025-07-21 00:00:00+00:00,2205.800457
2025-07-21 01:00:00+00:00,2314.446996
2025-07-21 02:00:00+00:00,2299.356200
2025-07-21 03:00:00+00:00,2234.196213
2025-07-21 04:00:00+00:00,2288.354644
2025-07-21 05:00:00+00:00,2367.331189
2025-07-21 06:00:00+00:00,2222.654115
2025-07-21 07:00:00+00:00,2543.915644
2025-07-21 08:00:00+00:00,2564.250691
2025-07-21 09:00:00+00:00,2508.862632
2025-07-21 10:00:00+00:00,2454.370974
2025-07-21 11:00:00+00:00,2701.559120
2025-07-21 12:00:00+00:00,2631.318442
2025-07-21 13:00:00+00:00,2500.018425
2025-07-21 14:00:00+00:00,2519.112780
2025-07-21 15:00:00+00:00,2599.200114
2025-07-21 16:00:00+00:00,2530.979898
2025-07-21 17:00:00+00:00,2555.486680
2025-07-21 18:00:00+00:00,2656.059215
2025-07-21 19:00:00+00:00,2508.238123
2025-07-21 20:00:00+00:00,2572.896823
2025-07-21 21:00:00+00:00,2516.846709
2025-07-21 22:00:00+00:00,2506.865071
2025-07-21 23:00:00+00:00,2321.092683
2025-07-22 00:00:00+00:00,2338.810709
2025-07-22 01:00:00+00:00,2375.486737
2025-07-22 02:00:00+00:00,2283.609384
2025-07-22 03:00:00+00:00,2356.465491
2025-07-22 04:00:00+00:00,2298.794463
2025-07-22 05:00:00+00:00,2389.371534
2025-07-22 06:00:00+00:00,2317.460340
2025-07-22 07:00:00+00:00,2483.968710
2025-07-22 08:00:00+00:00,2705.949993
2025-07-22 09:00:00+00:00,2553.124415
2025-07-22 10:00:00+00:00,2446.539642
2025-07-22 11:00:00+00:00,2609.042658
2025-07-22 12:00:00+00:00,2631.849053
2025-07-22 13:00:00+00:00,2600.493749
2025-07-22 14:00:00+00:00,2610.902923
2025-07-22 15:00:00+00:00,2668.829931
2025-07-22 16:00:00+00:00,2497.012726
2025-07-22 17:00:00+00:00,2576.958294
2025-07-22 18:00:00+00:00,2544.557461
2025-07-22 19:00:00+00:00,2584.113506
2025-07-22 20:00:00+00:00,2547.798822
2025-07-22 21:00:00+00:00,2602.638309
2025-07-22 22:00:00+00:00,2637.823040
2025-07-22 23:00:00+00:00,2241.844031
2025-07-23 00:00:00+00:00,2239.957921
2025-07-23 01:00:00+00:00,2190.170336
2025-07-23 02:00:00+00:00,2260.431828
2025-07-23 03:00:00+00:00,2332.315966
2025-07-23 04:00:00+00:00,2245.576998
2025-07-23 05:00:00+00:00,2306.038958
2025-07-23 06:00:00+00:00,2296.090737
2025-07-23 07:00:00+00:00,2612.476353
2025-07-23 08:00:00+00:00,2601.355524
2025-07-23 09:00:00+00:00,2595.827973
2025-07-23 10:00:00+00:00,2602.463989
2025-07-23 11:00:00+00:00,2635.601443
2025-07-23 12:00:00+00:00,2537.463123
2025-07-23 13:00:00+00:00,2554.622145
2025-07-23 14:00:00+00:00,2667.669121
2025-07-23 15:00:00+00:00,2596.927129
2025-07-23 16:00:00+00:00,2504.428578
2025-07-23 17:00:00+00:00,2609.475086
2025-07-23 18:00:00+00:00,2642.584533
2025-07-23 19:00:00+00:00,2648.442080
2025-07-23 20:00:00+00:00,2589.113575
2025-07-23 21:00:00+00:00,2603.791302
2025-07-23 22:00:00+00:00,2598.579634
2025-07-23 23:00:00+00:00,2260.833017
2025-07-24 00:00:00+00:00,2306.020135
2025-07-24 01:00:00+00:00,2407.168546
2025-07-24 02:00:00+00:00,2279.230987
2025-07-24 03:00:00+00:00,2332.288963
2025-07-24 04:00:00+00:00,2344.680312
2025-07-24 05:00:00+00:00,2278.109186
2025-07-24 06:00:00+00:00,2289.830822
2025-07-24 07:00:00+00:00,2647.244998
2025-07-24 08:00:00+00:00,2583.589195
2025-07-24 09:00:00+00:00,2588.319421
2025-07-24 10:00:00+00:00,2498.606938
2025-07-24 11:00:00+00:00,2464.173492
2025-07-24 12:00:00+00:00,2748.445912
2025-07-24 13:00:00+00:00,2555.271570
2025-07-24 14:00:00+00:00,2677.816994
2025-07-24 15:00:00+00:00,2556.290314
2025-07-24 16:00:00+00:00,2576.327973
2025-07-24 17:00:00+00:00,2591.650530
2025-07-24 18:00:00+00:00,2646.623723
2025-07-24 19:00:00+00:00,2790.121790
2025-07-24 20:00:00+00:00,2577.804848
2025-07-24 21:00:00+00:00,2660.719068
2025-07-24 22:00:00+00:00,2747.184716
2025-07-24 23:00:00+00:00,2330.066646
2025-07-25 00:00:00+00:00,2367.771182
2025-07-25 01:00:00+00:00,2319.212649
2025-07-25 02:00:00+00:00,2240.111687
2025-07-25 03:00:00+00:00,2235.440537
2025-07-25 04:00:00+00:00,2316.336355
2025-07-25 05:00:00+00:00,2338.141660
2025-07-25 06:00:00+00:00,2268.103092
2025-07-25 07:00:00+00:00,2457.824863
2025-07-25 08:00:00+00:00,2671.712336
2025-07-25 09:00:00+00:00,2590.886342
2025-07-25 10:00:00+00:00,2633.572101
2025-07-25 11:00:00+00:00,2667.706883
2025-07-25 12:00:00+00:00,2624.552410
2025-07-25 13:00:00+00:00,2544.791319
2025-07-25 14:00:00+00:00,2554.445965
2025-07-25 15:00:00+00:00,2559.123912
2025-07-25 16:00:00+00:00,2570.212812
2025-07-25 17:00:00+00:00,2577.801183
2025-07-25 18:00:00+00:00,2545.351869
2025-07-25 19:00:00+00:00,2506.981928
2025-07-25 20:00:00+00:00,2548.171378
2025-07-25 21:00:00+00:00,2545.804528
2025-07-25 22:00:00+00:00,2513.342985
2025-07-25 23:00:00+00:00,2243.024874
2025-07-26 00:00:00+00:00,1963.902336
2025-07-26 01:00:00+00:00,2008.921916
2025-07-26 02:00:00+00:00,2016.897941
2025-07-26 03:00:00+00:00,2038.922770
2025-07-26 04:00:00+00:00,2079.581819
2025-07-26 05:00:00+00:00,2082.673740
2025-07-26 06:00:00+00:00,2151.273390
2025-07-26 07:00:00+00:00,2319.042697
2025-07-26 08:00:00+00:00,2235.927180
2025-07-26 09:00:00+00:00,2233.277939
2025-07-26 10:00:00+00:00,2309.124268
2025-07-26 11:00:00+00:00,2345.447806
2025-07-26 12:00:00+00:00,2307.566061
2025-07-26 13:00:00+00:00,2279.992027
2025-07-26 14:00:00+00:00,2299.778576
2025-07-26 15:00:00+00:00,2234.429009
2025-07-26 16:00:00+00:00,2305.599191
2025-07-26 17:00:00+00:00,2248.598077
2025-07-26 18:00:00+00:00,2356.018973
2025-07-26 19:00:00+00:00,2317.368031
2025-07-26 20:00:00+00:00,2322.345926
2025-07-26 21:00:00+00:00,2411.277188
2025-07-26 22:00:00+00:00,2332.022879
2025-07-26 23:00:00+00:00,2031.193013
2025-07-27 00:00:00+00:00,1995.515483
2025-07-27 01:00:00+00:00,1945.681770
2025-07-27 02:00:00+00:00,2065.318343
2025-07-27 03:00:00+00:00,2116.582150
2025-07-27 04:00:00+00:00,2030.994127
2025-07-27 05:00:00+00:00,2089.356482
2025-07-27 06:00:00+00:00,1993.860688
2025-07-27 07:00:00+00:00,2274.481743
2025-07-27 08:00:00+00:00,2337.304841
2025-07-27 09:00:00+00:00,2369.010791
2025-07-27 10:00:00+00:00,2142.120541
2025-07-27 11:00:00+00:00,2326.670111
2025-07-27 12:00:00+00:00,2291.575911
2025-07-27 13:00:00+00:00,2250.096264
2025-07-27 14:00:00+00:00,2350.495599
2025-07-27 15:00:00+00:00,2318.215435
2025-07-27 16:00:00+00:00,2337.133577
2025-07-27 17:00:00+00:00,2244.924808
2025-07-27 18:00:00+00:00,2264.330130
2025-07-27 19:00:00+00:00,2401.139963
2025-07-27 20:00:00+00:00,2231.391313
2025-07-27 21:00:00+00:00,2286.965847
2025-07-27 22:00:00+00:00,2332.571346
2025-07-27 23:00:00+00:00,1989.278283
2025-07-28 00:00:00+00:00,2322.080395
2025-07-28 01:00:00+00:00,2245.607708
2025-07-28 02:00:00+00:00,2405.470233
2025-07-28 03:00:00+00:00,2375.785840
2025-07-28 04:00:00+00:00,2229.072718
2025-07-28 05:00:00+00:00,2350.615735
2025-07-28 06:00:00+00:00,2328.558217
2025-07-28 07:00:00+00:00,2354.598925
2025-07-28 08:00:00+00:00,2690.480792
2025-07-28 09:00:00+00:00,2520.129467
2025-07-28 10:00:00+00:00,2568.326494
2025-07-28 11:00:00+00:00,2632.306291
2025-07-28 12:00:00+00:00,2650.694103
2025-07-28 13:00:00+00:00,2610.692709
2025-07-28 14:00:00+00:00,2635.873741
2025-07-28 15:00:00+00:00,2589.169227
2025-07-28 16:00:00+00:00,2709.022404
2025-07-28 17:00:00+00:00,2572.390611
2025-07-28 18:00:00+00:00,2638.691892
2025-07-28 19:00:00+00:00,2560.206391
2025-07-28 20:00:00+00:00,2631.850301
2025-07-28 21:00:00+00:00,2561.946065
2025-07-28 22:00:00+00:00,2532.096149
2025-07-28 23:00:00+00:00,2406.437826
2025-07-29 00:00:00+00:00,2201.140911
2025-07-29 01:00:00+00:00,2320.625479
2025-07-29 02:00:00+00:00,2408.427946
2025-07-29 03:00:00+00:00,2307.673607
2025-07-29 04:00:00+00:00,2351.186097
2025-07-29 05:00:00+00:00,2324.599418
2025-07-29 06:00:00+00:00,2377.691231
2025-07-29 07:00:00+00:00,2586.343359
2025-07-29 08:00:00+00:00,2581.763393
2025-07-29 09:00:00+00:00,2569.740180
2025-07-29 10:00:00+00:00,2486.280747
2025-07-29 11:00:00+00:00,2461.521603
2025-07-29 12:00:00+00:00,2548.406788
2025-07-29 13:00:00+00:00,2508.492957
2025-07-29 14:00:00+00:00,2550.294600
2025-07-29 15:00:00+00:00,2657.741289
2025-07-29 16:00:00+00:00,2616.150708
2025-07-29 17:00:00+00:00,2563.792381
2025-07-29 18:00:00+00:00,2598.552601
2025-07-29 19:00:00+00:00,2674.073027
2025-07-29 20:00:00+00:00,2593.510407
2025-07-29 21:00:00+00:00,2485.375371
2025-07-29 22:00:00+00:00,2593.531201
2025-07-29 23:00:00+00:00,2420.374675
2025-07-30 00:00:00+00:00,2537.494319
2025-07-30 01:00:00+00:00,2377.991081
2025-07-30 02:00:00+00:00,2452.375015
2025-07-30 03:00:00+00:00,2309.287575
2025-07-30 04:00:00+00:00,2340.907104
2025-07-30 05:00:00+00:00,2399.889226
2025-07-30 06:00:00+00:00,2315.974192
2025-07-30 07:00:00+00:00,2672.301426
2025-07-30 08:00:00+00:00,2573.949645
2025-07-30 09:00:00+00:00,2632.924897
2025-07-30 10:00:00+00:00,2548.146542
2025-07-30 11:00:00+00:00,2567.152540
2025-07-30 12:00:00+00:00,2503.642068
2025-07-30 13:00:00+00:00,2545.212732
2025-07-30 14:00:00+00:00,2606.242163
2025-07-30 15:00:00+00:00,2565.683606
2025-07-30 16:00:00+00:00,2534.749456
2025-07-30 17:00:00+00:00,2557.983290
2025-07-30 18:00:00+00:00,2643.267413
2025-07-30 19:00:00+00:00,2545.583421
2025-07-30 20:00:00+00:00,2513.820597
2025-07-30 21:00:00+00:00,2587.423895
2025-07-30 22:00:00+00:00,2570.074209
2025-07-30 23:00:00+00:00,2305.633711
2025-07-31 00:00:00+00:00,2310.059504
2025-07-31 01:00:00+00:00,2160.586579
2025-07-31 02:00:00+00:00,2341.616988
2025-07-31 03:00:00+00:00,2354.016022
2025-07-31 04:00:00+00:00,2334.019061
2025-07-31 05:00:00+00:00,2365.668921
2025-07-31 06:00:00+00:00,2320.924725
2025-07-31 07:00:00+00:00,2501.154178
2025-07-31 08:00:00+00:00,2663.954302
2025-07-31 09:00:00+00:00,2550.003138
2025-07-31 10:00:00+00:00,2633.254791
2025-07-31 11:00:00+00:00,2424.797596
2025-07-31 12:00:00+00:00,2623.632415
2025-07-31 13:00:00+00:00,2614.150925
2025-07-31 14:00:00+00:00,2578.725555
2025-07-31 15:00:00+00:00,2669.555584
2025-07-31 16:00:00+00:00,2576.595132
2025-07-31 17:00:00+00:00,2613.578578
2025-07-31 18:00:00+00:00,2620.179575
2025-07-31 19:00:00+00:00,2584.738938
2025-07-31 20:00:00+00:00,2581.457254
2025-07-31 21:00:00+00:00,2487.581252
2025-07-31 22:00:00+00:00,2597.427070
2025-07-31 23:00:00+00:00,2213.405821
2025-08-01 00:00:00+00:00,2393.974742
2025-08-01 01:00:00+00:00,2430.131799
2025-08-01 02:00:00+00:00,2224.698302
2025-08-01 03:00:00+00:00,2333.055083
2025-08-01 04:00:00+00:00,2295.373286
2025-08-01 05:00:00+00:00,2256.880433
2025-08-01 06:00:00+00:00,2410.000259
2025-08-01 07:00:00+00:00,2539.124904
2025-08-01 08:00:00+00:00,2577.380894
2025-08-01 09:00:00+00:00,2483.370476
2025-08-01 10:00:00+00:00,2634.682497
2025-08-01 11:00:00+00:00,2474.865803
2025-08-01 12:00:00+00:00,2603.527191
2025-08-01 13:00:00+00:00,2585.455748
2025-08-01 14:00:00+00:00,2571.041893
2025-08-01 15:00:00+00:00,2631.632417
2025-08-01 16:00:00+00:00,2434.997628
2025-08-01 17:00:00+00:00,2615.607165
2025-08-01 18:00:00+00:00,2714.640175
2025-08-01 19:00:00+00:00,2596.366573
2025-08-01 20:00:00+00:00,2585.667020
2025-08-01 21:00:00+00:00,2704.760348
2025-08-01 22:00:00+00:00,2620.944034
2025-08-01 23:00:00+00:00,2308.619108
2025-08-02 00:00:00+00:00,2069.887479
2025-08-02 01:00:00+00:00,2075.361393
2025-08-02 02:00:00+00:00,2089.313063
2025-08-02 03:00:00+00:00,2049.471633
2025-08-02 04:00:00+00:00,2061.501269
2025-08-02 05:00:00+00:00,2080.521889
2025-08-02 06:00:00+00:00,2021.503100
2025-08-02 07:00:00+00:00,2286.203215
2025-08-02 08:00:00+00:00,2267.835989
2025-08-02 09:00:00+00:00,2351.652374
2025-08-02 10:00:00+00:00,2405.503082
2025-08-02 11:00:00+00:00,2300.946586
2025-08-02 12:00:00+00:00,2265.857020
2025-08-02 13:00:00+00:00,2335.283840
2025-08-02 14:00:00+00:00,2254.659651
2025-08-02 15:00:00+00:00,2257.371412
2025-08-02 16:00:00+00:00,2249.094643
2025-08-02 17:00:00+00:00,2373.429787
2025-08-02 18:00:00+00:00,2248.970865
2025-08-02 19:00:00+00:00,2303.441008
2025-08-02 20:00:00+00:00,2262.391529
2025-08-02 21:00:00+00:00,2314.994045
2025-08-02 22:00:00+00:00,2272.140328
2025-08-02 23:00:00+00:00,1950.165512
2025-08-03 00:00:00+00:00,1865.399449
2025-08-03 01:00:00+00:00,2027.168116
2025-08-03 02:00:00+00:00,2085.663018
2025-08-03 03:00:00+00:00,1979.619726
2025-08-03 04:00:00+00:00,2064.681942
2025-08-03 05:00:00+00:00,2096.910071
2025-08-03 06:00:00+00:00,2052.648766
2025-08-03 07:00:00+00:00,2253.864802
2025-08-03 08:00:00+00:00,2261.249984
2025-08-03 09:00:00+00:00,2256.952149
2025-08-03 10:00:00+00:00,2299.460176
2025-08-03 11:00:00+00:00,2210.288144
2025-08-03 12:00:00+00:00,2324.750649
2025-08-03 13:00:00+00:00,2228.949253
2025-08-03 14:00:00+00:00,2242.394651
2025-08-03 15:00:00+00:00,2301.800152
2025-08-03 16:00:00+00:00,2206.106648
2025-08-03 17:00:00+00:00,2317.532526
2025-08-03 18:00:00+00:00,2166.031365
2025-08-03 19:00:00+00:00,2290.048170
2025-08-03 20:00:00+00:00,2337.703084
2025-08-03 21:00:00+00:00,2261.560097
2025-08-03 22:00:00+00:00,2275.770235
2025-08-03 23:00:00+00:00,2063.781391
2025-08-04 00:00:00+00:00,2392.908144
2025-08-04 01:00:00+00:00,2297.940835
2025-08-04 02:00:00+00:00,2285.603241
2025-08-04 03:00:00+00:00,2283.981372
2025-08-04 04:00:00+00:00,2284.448439
2025-08-04 05:00:00+00:00,2293.349697
2025-08-04 06:00:00+00:00,2390.292310
2025-08-04 07:00:00+00:00,2581.885907
2025-08-04 08:00:00+00:00,2599.422898
2025-08-04 09:00:00+00:00,2543.283374
2025-08-04 10:00:00+00:00,2586.489877
2025-08-04 11:00:00+00:00,2638.047659
2025-08-04 12:00:00+00:00,2637.586585
2025-08-04 13:00:00+00:00,2580.945977
2025-08-04 14:00:00+00:00,2647.790404
2025-08-04 15:00:00+00:00,2560.274209
2025-08-04 16:00:00+00:00,2675.968306
2025-08-04 17:00:00+00:00,2565.899520
2025-08-04 18:00:00+00:00,2589.046679
2025-08-04 19:00:00+00:00,2614.004261
2025-08-04 20:00:00+00:00,2660.172737
2025-08-04 21:00:00+00:00,2512.710123
2025-08-04 22:00:00+00:00,2618.701541
2025-08-04 23:00:00+00:00,2252.341337
2025-08-05 00:00:00+00:00,2302.179731
2025-08-05 01:00:00+00:00,2372.723856
2025-08-05 02:00:00+00:00,2333.065003
2025-08-05 03:00:00+00:00,2403.059363
2025-08-05 04:00:00+00:00,2377.110307
2025-08-05 05:00:00+00:00,2318.960572
2025-08-05 06:00:00+00:00,2235.082513
2025-08-05 07:00:00+00:00,2594.616004
2025-08-05 08:00:00+00:00,2576.579893
2025-08-05 09:00:00+00:00,2549.870310
2025-08-05 10:00:00+00:00,2580.275377
2025-08-05 11:00:00+00:00,2663.363065
2025-08-05 12:00:00+00:00,2497.664573
2025-08-05 13:00:00+00:00,2614.544673
2025-08-05 14:00:00+00:00,2528.674150
2025-08-05 15:00:00+00:00,2656.654522
2025-08-05 16:00:00+00:00,2631.449605
2025-08-05 17:00:00+00:00,2562.781387
2025-08-05 18:00:00+00:00,2520.370139
2025-08-05 19:00:00+00:00,2657.012191
2025-08-05 20:00:00+00:00,2616.816633
2025-08-05 21:00:00+00:00,2666.082945
2025-08-05 22:00:00+00:00,2635.543051
2025-08-05 23:00:00+00:00,2380.639297
2025-08-06 00:00:00+00:00,2258.960273
2025-08-06 01:00:00+00:00,2384.840074
2025-08-06 02:00:00+00:00,2362.080799
2025-08-06 03:00:00+00:00,2291.165924
2025-08-06 04:00:00+00:00,2386.116416
2025-08-06 05:00:00+00:00,2274.436364
2025-08-06 06:00:00+00:00,2262.192255
2025-08-06 07:00:00+00:00,2539.737577
2025-08-06 08:00:00+00:00,2632.178276
2025-08-06 09:00:00+00:00,2543.914767
2025-08-06 10:00:00+00:00,2510.719504
2025-08-06 11:00:00+00:00,2580.194043
2025-08-06 12:00:00+00:00,2642.108163
2025-08-06 13:00:00+00:00,2520.062078
2025-08-06 14:00:00+00:00,2635.675306
2025-08-06 15:00:00+00:00,2557.927714
2025-08-06 16:00:00+00:00,2553.150204
2025-08-06 17:00:00+00:00,2610.360486
2025-08-06 18:00:00+00:00,2578.820167
2025-08-06 19:00:00+00:00,2560.322789
2025-08-06 20:00:00+00:00,2662.954257
2025-08-06 21:00:00+00:00,2552.797124
2025-08-06 22:00:00+00:00,2575.232600
2025-08-06 23:00:00+00:00,2382.992543
2025-08-07 00:00:00+00:00,2380.485691
2025-08-07 01:00:00+00:00,2350.949703
2025-08-07 02:00:00+00:00,2349.803643
2025-08-07 03:00:00+00:00,2266.906333
2025-08-07 04:00:00+00:00,2269.814168
2025-08-07 05:00:00+00:00,2253.846051
2025-08-07 06:00:00+00:00,2361.901498
2025-08-07 07:00:00+00:00,2617.702218
2025-08-07 08:00:00+00:00,2595.843220
2025-08-07 09:00:00+00:00,2546.308677
2025-08-07 10:00:00+00:00,2643.807602
2025-08-07 11:00:00+00:00,2530.401982
2025-08-07 12:00:00+00:00,2428.529019
2025-08-07 13:00:00+00:00,2515.015235
2025-08-07 14:00:00+00:00,2658.656967
2025-08-07 15:00:00+00:00,2515.804571
2025-08-07 16:00:00+00:00,2594.058251
2025-08-07 17:00:00+00:00,2483.965850
2025-08-07 18:00:00+00:00,2569.024039
2025-08-07 19:00:00+00:00,2584.967407
2025-08-07 20:00:00+00:00,2529.877901
2025-08-07 21:00:00+00:00,2643.576173
2025-08-07 22:00:00+00:00,2606.725442
2025-08-07 23:00:00+00:00,2236.270001
2025-08-08 00:00:00+00:00,2314.023447
2025-08-08 01:00:00+00:00,2301.355568
2025-08-08 02:00:00+00:00,2229.101575
2025-08-08 03:00:00+00:00,2298.004782
2025-08-08 04:00:00+00:00,2321.122489
2025-08-08 05:00:00+00:00,2296.102747
2025-08-08 06:00:00+00:00,2289.419121
2025-08-08 07:00:00+00:00,2692.401710
2025-08-08 08:00:00+00:00,2579.569105
2025-08-08 09:00:00+00:00,2645.863125
2025-08-08 10:00:00+00:00,2625.812538
2025-08-08 11:00:00+00:00,2472.758185
2025-08-08 12:00:00+00:00,2509.556122
2025-08-08 13:00:00+00:00,2494.754084
2025-08-08 14:00:00+00:00,2651.561099
2025-08-08 15:00:00+00:00,2562.693600
2025-08-08 16:00:00+00:00,2669.348580
2025-08-08 17:00:00+00:00,2612.699821
2025-08-08 18:00:00+00:00,2715.966972
2025-08-08 19:00:00+00:00,2548.467031
2025-08-08 20:00:00+00:00,2559.981596
2025-08-08 21:00:00+00:00,2608.334527
2025-08-08 22:00:00+00:00,2587.590448
2025-08-08 23:00:00+00:00,2153.720322
2025-08-09 00:00:00+00:00,2042.305431
2025-08-09 01:00:00+00:00,2019.907628
2025-08-09 02:00:00+00:00,2048.711596
2025-08-09 03:00:00+00:00,2009.313987
2025-08-09 04:00:00+00:00,2140.019954
2025-08-09 05:00:00+00:00,2040.042671
2025-08-09 06:00:00+00:00,2060.182877
2025-08-09 07:00:00+00:00,2206.490914
2025-08-09 08:00:00+00:00,2282.295523
2025-08-09 09:00:00+00:00,2263.218786
2025-08-09 10:00:00+00:00,2260.978641
2025-08-09 11:00:00+00:00,2381.589964
2025-08-09 12:00:00+00:00,2338.127135
2025-08-09 13:00:00+00:00,2301.120669
2025-08-09 14:00:00+00:00,2291.894073
2025-08-09 15:00:00+00:00,2251.699556
2025-08-09 16:00:00+00:00,2256.184637
2025-08-09 17:00:00+00:00,2338.318442
2025-08-09 18:00:00+00:00,2319.580746
2025-08-09 19:00:00+00:00,2336.784300
2025-08-09 20:00:00+00:00,2325.967302
2025-08-09 21:00:00+00:00,2273.399400
2025-08-09 22:00:00+00:00,2234.186837
2025-08-09 23:00:00+00:00,2026.660409
2025-08-10 00:00:00+00:00,2016.965340
2025-08-10 01:00:00+00:00,2218.681811
2025-08-10 02:00:00+00:00,1985.049427
2025-08-10 03:00:00+00:00,2015.149749
2025-08-10 04:00:00+00:00,2066.760961
2025-08-10 05:00:00+00:00,2050.341392
2025-08-10 06:00:00+00:00,1989.313594
2025-08-10 07:00:00+00:00,2270.732276
2025-08-10 08:00:00+00:00,2210.199307
2025-08-10 09:00:00+00:00,2265.915232
2025-08-10 10:00:00+00:00,2263.725853
2025-08-10 11:00:00+00:00,2253.224119
2025-08-10 12:00:00+00:00,2425.321002
2025-08-10 13:00:00+00:00,2204.938984
2025-08-10 14:00:00+00:00,2237.819087
2025-08-10 15:00:00+00:00,2314.068934
2025-08-10 16:00:00+00:00,2312.242159
2025-08-10 17:00:00+00:00,2193.569337
2025-08-10 18:00:00+00:00,2217.597083
2025-08-10 19:00:00+00:00,2325.112471
2025-08-10 20:00:00+00:00,2318.054984
2025-08-10 21:00:00+00:00,2298.994668
2025-08-10 22:00:00+00:00,2273.579606
2025-08-10 23:00:00+00:00,2007.958941
2025-08-11 00:00:00+00:00,2251.067616
2025-08-11 01:00:00+00:00,2269.708021
2025-08-11 02:00:00+00:00,2264.293752
2025-08-11 03:00:00+00:00,2384.387962
2025-08-11 04:00:00+00:00,2219.375379
2025-08-11 05:00:00+00:00,2293.755304
2025-08-11 06:00:00+00:00,2218.007319
2025-08-11 07:00:00+00:00,2618.355726
2025-08-11 08:00:00+00:00,2590.584600
2025-08-11 09:00:00+00:00,2660.559173
2025-08-11 10:00:00+00:00,2460.758465
2025-08-11 11:00:00+00:00,2575.396855
2025-08-11 12:00:00+00:00,2629.108673
2025-08-11 13:00:00+00:00,2641.408570
2025-08-11 14:00:00+00:00,2549.596102
2025-08-11 15:00:00+00:00,2494.523053
2025-08-11 16:00:00+00:00,2566.592467
2025-08-11 17:00:00+00:00,2500.092715
2025-08-11 18:00:00+00:00,2469.506445
2025-08-11 19:00:00+00:00,2654.289008
2025-08-11 20:00:00+00:00,2592.023670
2025-08-11 21:00:00+00:00,2645.574889
2025-08-11 22:00:00+00:00,2654.059181
2025-08-11 23:00:00+00:00,2375.308098
2025-08-12 00:00:00+00:00,2316.677719
2025-08-12 01:00:00+00:00,2299.747208
2025-08-12 02:00:00+00:00,2416.286427
2025-08-12 03:00:00+00:00,2268.575317
2025-08-12 04:00:00+00:00,2398.904151
2025-08-12 05:00:00+00:00,2310.391092
2025-08-12 06:00:00+00:00,2432.030423
2025-08-12 07:00:00+00:00,2629.428117
2025-08-12 08:00:00+00:00,2627.347008
2025-08-12 09:00:00+00:00,2693.620031
2025-08-12 10:00:00+00:00,2572.324646
2025-08-12 11:00:00+00:00,2595.950497
2025-08-12 12:00:00+00:00,2569.547510
2025-08-12 13:00:00+00:00,2576.175961
2025-08-12 14:00:00+00:00,2643.693734
2025-08-12 15:00:00+00:00,2537.679799
2025-08-12 16:00:00+00:00,2428.541234
2025-08-12 17:00:00+00:00,2570.649747
2025-08-12 18:00:00+00:00,2675.197902
2025-08-12 19:00:00+00:00,2505.711681
2025-08-12 20:00:00+00:00,2573.874200
2025-08-12 21:00:00+00:00,2467.155189
2025-08-12 22:00:00+00:00,2517.427023
2025-08-12 23:00:00+00:00,2326.822034
2025-08-13 00:00:00+00:00,2345.856991
2025-08-13 01:00:00+00:00,2355.819277
2025-08-13 02:00:00+00:00,2283.735656
2025-08-13 03:00:00+00:00,2289.803027
2025-08-13 04:00:00+00:00,2351.378491
2025-08-13 05:00:00+00:00,2298.975937
2025-08-13 06:00:00+00:00,2356.140549
2025-08-13 07:00:00+00:00,2572.233741
2025-08-13 08:00:00+00:00,2643.810244
2025-08-13 09:00:00+00:00,2616.188279
2025-08-13 10:00:00+00:00,2624.923247
2025-08-13 11:00:00+00:00,2676.754762
2025-08-13 12:00:00+00:00,2608.743714
2025-08-13 13:00:00+00:00,2594.860974
2025-08-13 14:00:00+00:00,2636.397424
2025-08-13 15:00:00+00:00,2618.491609
2025-08-13 16:00:00+00:00,2651.471217
2025-08-13 17:00:00+00:00,2514.505103
2025-08-13 18:00:00+00:00,2564.673969
2025-08-13 19:00:00+00:00,2705.094360
2025-08-13 20:00:00+00:00,2680.652667
2025-08-13 21:00:00+00:00,2527.790040
2025-08-13 22:00:00+00:00,2542.052472
2025-08-13 23:00:00+00:00,2257.638653
2025-08-14 00:00:00+00:00,2433.609951
2025-08-14 01:00:00+00:00,2352.293345
2025-08-14 02:00:00+00:00,2386.864354
2025-08-14 03:00:00+00:00,2361.965778
2025-08-14 04:00:00+00:00,2322.819195
2025-08-14 05:00:00+00:00,2324.106165
2025-08-14 06:00:00+00:00,2350.625159
2025-08-14 07:00:00+00:00,2565.082881
2025-08-14 08:00:00+00:00,2601.433882
2025-08-14 09:00:00+00:00,2596.911204
2025-08-14 10:00:00+00:00,2546.420255
2025-08-14 11:00:00+00:00,2758.790707
2025-08-14 12:00:00+00:00,2507.641592
2025-08-14 13:00:00+00:00,2645.450418
2025-08-14 14:00:00+00:00,2575.194453
2025-08-14 15:00:00+00:00,2484.204148
2025-08-14 16:00:00+00:00,2580.361188
2025-08-14 17:00:00+00:00,2572.506215
2025-08-14 18:00:00+00:00,2590.707823
2025-08-14 19:00:00+00:00,2517.190014
2025-08-14 20:00:00+00:00,2641.404004
2025-08-14 21:00:00+00:00,2556.927182
2025-08-14 22:00:00+00:00,2580.040397
2025-08-14 23:00:00+00:00,2294.262219
2025-08-15 00:00:00+00:00,2336.915476
2025-08-15 01:00:00+00:00,2258.219736
2025-08-15 02:00:00+00:00,2305.148266
2025-08-15 03:00:00+00:00,2410.841950
2025-08-15 04:00:00+00:00,2311.066125
2025-08-15 05:00:00+00:00,2343.229824
2025-08-15 06:00:00+00:00,2207.202380
2025-08-15 07:00:00+00:00,2575.694419
2025-08-15 08:00:00+00:00,2543.597448
2025-08-15 09:00:00+00:00,2485.912037
2025-08-15 10:00:00+00:00,2515.734246
2025-08-15 11:00:00+00:00,2537.096006
2025-08-15 12:00:00+00:00,2615.519529
2025-08-15 13:00:00+00:00,2592.651891
2025-08-15 14:00:00+00:00,2457.341559
2025-08-15 15:00:00+00:00,2587.181702
2025-08-15 16:00:00+00:00,2590.697503
2025-08-15 17:00:00+00:00,2479.570502
2025-08-15 18:00:00+00:00,2635.675374
2025-08-15 19:00:00+00:00,2570.492595
2025-08-15 20:00:00+00:00,2587.112067
2025-08-15 21:00:00+00:00,2612.416118
2025-08-15 22:00:00+00:00,2500.600826
2025-08-15 23:00:00+00:00,2293.391365
2025-08-16 00:00:00+00:00,2101.210687
2025-08-16 01:00:00+00:00,2156.311625
2025-08-16 02:00:00+00:00,2114.247500
2025-08-16 03:00:00+00:00,2185.291435
2025-08-16 04:00:00+00:00,2000.613997
2025-08-16 05:00:00+00:00,2044.029371
2025-08-16 06:00:00+00:00,2079.268999
2025-08-16 07:00:00+00:00,2280.859510
2025-08-16 08:00:00+00:00,2344.749142
2025-08-16 09:00:00+00:00,2257.497139
2025-08-16 10:00:00+00:00,2286.879009
2025-08-16 11:00:00+00:00,2340.342494
2025-08-16 12:00:00+00:00,2211.607327
2025-08-16 13:00:00+00:00,2266.553141
2025-08-16 14:00:00+00:00,2324.959348
2025-08-16 15:00:00+00:00,2347.943838
2025-08-16 16:00:00+00:00,2262.334248
2025-08-16 17:00:00+00:00,2306.692576
2025-08-16 18:00:00+00:00,2362.636047
2025-08-16 19:00:00+00:00,2320.561477
2025-08-16 20:00:00+00:00,2352.330352
2025-08-16 21:00:00+00:00,2321.204995
2025-08-16 22:00:00+00:00,2326.402573
2025-08-16 23:00:00+00:00,2029.031927
2025-08-17 00:00:00+00:00,2010.468076
2025-08-17 01:00:00+00:00,2156.138698
2025-08-17 02:00:00+00:00,2067.254898
2025-08-17 03:00:00+00:00,2003.748400
2025-08-17 04:00:00+00:00,2101.923068
2025-08-17 05:00:00+00:00,2154.030644
2025-08-17 06:00:00+00:00,2085.804555
2025-08-17 07:00:00+00:00,2221.787063
2025-08-17 08:00:00+00:00,2307.165089
2025-08-17 09:00:00+00:00,2323.772386
2025-08-17 10:00:00+00:00,2290.543288
2025-08-17 11:00:00+00:00,2212.145991
2025-08-17 12:00:00+00:00,2352.109598
2025-08-17 13:00:00+00:00,2421.439769
2025-08-17 14:00:00+00:00,2335.536293
2025-08-17 15:00:00+00:00,2262.360514
2025-08-17 16:00:00+00:00,2302.055709
2025-08-17 17:00:00+00:00,2226.985412
2025-08-17 18:00:00+00:00,2445.828581
2025-08-17 19:00:00+00:00,2364.269720
2025-08-17 20:00:00+00:00,2238.155090
2025-08-17 21:00:00+00:00,2165.011287
2025-08-17 22:00:00+00:00,2228.843447
2025-08-17 23:00:00+00:00,2047.832599
2025-08-18 00:00:00+00:00,2300.741704
2025-08-18 01:00:00+00:00,2225.624084
2025-08-18 02:00:00+00:00,2347.033941
2025-08-18 03:00:00+00:00,2365.156036
2025-08-18 04:00:00+00:00,2324.889800
2025-08-18 05:00:00+00:00,2329.662453
2025-08-18 06:00:00+00:00,2328.154500
2025-08-18 07:00:00+00:00,2630.792998
2025-08-18 08:00:00+00:00,2519.959937
2025-08-18 09:00:00+00:00,2483.747292
2025-08-18 10:00:00+00:00,2602.981912
2025-08-18 11:00:00+00:00,2571.251399
2025-08-18 12:00:00+00:00,2560.956145
2025-08-18 13:00:00+00:00,2483.539747
2025-08-18 14:00:00+00:00,2648.626941
2025-08-18 15:00:00+00:00,2677.365326
2025-08-18 16:00:00+00:00,2529.963645
2025-08-18 17:00:00+00:00,2502.342227
2025-08-18 18:00:00+00:00,2494.627473
2025-08-18 19:00:00+00:00,2635.973535
2025-08-18 20:00:00+00:00,2580.267314
2025-08-18 21:00:00+00:00,2700.427869
2025-08-18 22:00:00+00:00,2500.905733
2025-08-18 23:00:00+00:00,2408.302469
2025-08-19 00:00:00+00:00,2373.940703
2025-08-19 01:00:00+00:00,2268.810534
2025-08-19 02:00:00+00:00,2320.543456
2025-08-19 03:00:00+00:00,2218.967445
2025-08-19 04:00:00+00:00,2403.465210
2025-08-19 05:00:00+00:00,2257.479015
2025-08-19 06:00:00+00:00,2252.870877
2025-08-19 07:00:00+00:00,2483.078911
2025-08-19 08:00:00+00:00,2651.593631
2025-08-19 09:00:00+00:00,2559.104107
2025-08-19 10:00:00+00:00,2577.897439
2025-08-19 11:00:00+00:00,2502.354351
2025-08-19 12:00:00+00:00,2603.942668
2025-08-19 13:00:00+00:00,2662.649586
2025-08-19 14:00:00+00:00,2668.950431
2025-08-19 15:00:00+00:00,2729.879524
2025-08-19 16:00:00+00:00,2528.780021
2025-08-19 17:00:00+00:00,2648.092939
2025-08-19 18:00:00+00:00,2497.412371
2025-08-19 19:00:00+00:00,2587.779058
2025-08-19 20:00:00+00:00,2452.769353
2025-08-19 21:00:00+00:00,2629.247121
2025-08-19 22:00:00+00:00,2628.402720
2025-08-19 23:00:00+00:00,2391.497388
2025-08-20 00:00:00+00:00,2397.206981
2025-08-20 01:00:00+00:00,2371.474652
2025-08-20 02:00:00+00:00,2316.023263
2025-08-20 03:00:00+00:00,2193.094555
2025-08-20 04:00:00+00:00,2291.668026
2025-08-20 05:00:00+00:00,2388.906860
2025-08-20 06:00:00+00:00,2300.656039
2025-08-20 07:00:00+00:00,2571.430651
2025-08-20 08:00:00+00:00,2567.981465
2025-08-20 09:00:00+00:00,2588.241823
2025-08-20 10:00:00+00:00,2539.088096
2025-08-20 11:00:00+00:00,2611.320725
2025-08-20 12:00:00+00:00,2616.600122
2025-08-20 13:00:00+00:00,2581.779235
2025-08-20 14:00:00+00:00,2510.090299
2025-08-20 15:00:00+00:00,2659.661893
2025-08-20 16:00:00+00:00,2648.710130
2025-08-20 17:00:00+00:00,2567.315150
2025-08-20 18:00:00+00:00,2576.054663
2025-08-20 19:00:00+00:00,2624.430686
2025-08-20 20:00:00+00:00,2655.672224
2025-08-20 21:00:00+00:00,2686.570444
2025-08-20 22:00:00+00:00,2705.249814
2025-08-20 23:00:00+00:00,2367.065031
2025-08-21 00:00:00+00:00,2331.874550
2025-08-21 01:00:00+00:00,2229.455096
2025-08-21 02:00:00+00:00,2371.835446
2025-08-21 03:00:00+00:00,2324.696124
2025-08-21 04:00:00+00:00,2293.927976
2025-08-21 05:00:00+00:00,2250.121949
2025-08-21 06:00:00+00:00,2266.977168
2025-08-21 07:00:00+00:00,2526.826439
2025-08-21 08:00:00+00:00,2616.953615
2025-08-21 09:00:00+00:00,2589.343430
2025-08-21 10:00:00+00:00,2655.081316
2025-08-21 11:00:00+00:00,2580.871912
2025-08-21 12:00:00+00:00,2554.553183
2025-08-21 13:00:00+00:00,2649.407821
2025-08-21 14:00:00+00:00,2574.100340
2025-08-21 15:00:00+00:00,2551.167007
2025-08-21 16:00:00+00:00,2681.487192
2025-08-21 17:00:00+00:00,2486.071215
2025-08-21 18:00:00+00:00,2577.041684
2025-08-21 19:00:00+00:00,2457.473242
2025-08-21 20:00:00+00:00,2584.435468
2025-08-21 21:00:00+00:00,2547.342808
2025-08-21 22:00:00+00:00,2595.482346
2025-08-21 23:00:00+00:00,2323.625143
2025-08-22 00:00:00+00:00,2319.637948
2025-08-22 01:00:00+00:00,2298.259236
2025-08-22 02:00:00+00:00,2372.223696
2025-08-22 03:00:00+00:00,2400.198184
2025-08-22 04:00:00+00:00,2314.824238
2025-08-22 05:00:00+00:00,2355.022637
2025-08-22 06:00:00+00:00,2308.676745
2025-08-22 07:00:00+00:00,2497.800637
2025-08-22 08:00:00+00:00,2544.112831
2025-08-22 09:00:00+00:00,2663.823009
2025-08-22 10:00:00+00:00,2565.214082
2025-08-22 11:00:00+00:00,2561.955438
2025-08-22 12:00:00+00:00,2535.109825
2025-08-22 13:00:00+00:00,2572.171160
2025-08-22 14:00:00+00:00,2610.823494
2025-08-22 15:00:00+00:00,2677.076217
2025-08-22 16:00:00+00:00,2637.425418
2025-08-22 17:00:00+00:00,2621.821732
2025-08-22 18:00:00+00:00,2613.271207
2025-08-22 19:00:00+00:00,2543.896575
2025-08-22 20:00:00+00:00,2645.412112
2025-08-22 21:00:00+00:00,2627.058768
2025-08-22 22:00:00+00:00,2740.181785
2025-08-22 23:00:00+00:00,2309.471301
2025-08-23 00:00:00+00:00,2099.041677
2025-08-23 01:00:00+00:00,2080.135506
2025-08-23 02:00:00+00:00,2093.386712
2025-08-23 03:00:00+00:00,2054.278931
2025-08-23 04:00:00+00:00,2104.466809
2025-08-23 05:00:00+00:00,2022.360726
2025-08-23 06:00:00+00:00,2050.866102
2025-08-23 07:00:00+00:00,2212.521156
2025-08-23 08:00:00+00:00,2257.510009
2025-08-23 09:00:00+00:00,2356.254067
2025-08-23 10:00:00+00:00,2219.707098
2025-08-23 11:00:00+00:00,2246.450704
2025-08-23 12:00:00+00:00,2338.930022
2025-08-23 13:00:00+00:00,2399.963965
2025-08-23 14:00:00+00:00,2267.240861
2025-08-23 15:00:00+00:00,2380.060022
2025-08-23 16:00:00+00:00,2228.747337
2025-08-23 17:00:00+00:00,2221.848269
2025-08-23 18:00:00+00:00,2338.623142
2025-08-23 19:00:00+00:00,2272.678467
2025-08-23 20:00:00+00:00,2250.790897
2025-08-23 21:00:00+00:00,2371.509560
2025-08-23 22:00:00+00:00,2229.368122
2025-08-23 23:00:00+00:00,2084.671654
2025-08-24 00:00:00+00:00,2116.878229
2025-08-24 01:00:00+00:00,2084.272309
2025-08-24 02:00:00+00:00,2014.400369
2025-08-24 03:00:00+00:00,2071.639333
2025-08-24 04:00:00+00:00,2061.656328
2025-08-24 05:00:00+00:00,2023.651743
2025-08-24 06:00:00+00:00,2085.545652
2025-08-24 07:00:00+00:00,2350.759091
2025-08-24 08:00:00+00:00,2354.278685
2025-08-24 09:00:00+00:00,2301.294048
2025-08-24 10:00:00+00:00,2262.100055
2025-08-24 11:00:00+00:00,2358.032212
2025-08-24 12:00:00+00:00,2257.058094
2025-08-24 13:00:00+00:00,2333.230221
2025-08-24 14:00:00+00:00,2363.171978
2025-08-24 15:00:00+00:00,2253.963918
2025-08-24 16:00:00+00:00,2338.234003
2025-08-24 17:00:00+00:00,2306.675249
2025-08-24 18:00:00+00:00,2306.331249
2025-08-24 19:00:00+00:00,2205.206093
2025-08-24 20:00:00+00:00,2402.322475
2025-08-24 21:00:00+00:00,2263.230102
2025-08-24 22:00:00+00:00,2246.653329
2025-08-24 23:00:00+00:00,2114.246818
2025-08-25 00:00:00+00:00,2321.603858
2025-08-25 01:00:00+00:00,2377.877375
2025-08-25 02:00:00+00:00,2328.195185
2025-08-25 03:00:00+00:00,2322.259194
2025-08-25 04:00:00+00:00,2342.789795
2025-08-25 05:00:00+00:00,2318.422604
2025-08-25 06:00:00+00:00,2424.788738
2025-08-25 07:00:00+00:00,2635.291350
2025-08-25 08:00:00+00:00,2583.559846
2025-08-25 09:00:00+00:00,2668.149234
2025-08-25 10:00:00+00:00,2658.720643
2025-08-25 11:00:00+00:00,2559.136124
2025-08-25 12:00:00+00:00,2619.266289
2025-08-25 13:00:00+00:00,2516.877122
2025-08-25 14:00:00+00:00,2560.186753
2025-08-25 15:00:00+00:00,2653.168339
2025-08-25 16:00:00+00:00,2694.336681
2025-08-25 17:00:00+00:00,2729.206875
2025-08-25 18:00:00+00:00,2507.883581
2025-08-25 19:00:00+00:00,2567.462132
2025-08-25 20:00:00+00:00,2502.288440
2025-08-25 21:00:00+00:00,2639.428148
2025-08-25 22:00:00+00:00,2645.176692
2025-08-25 23:00:00+00:00,2414.991041
2025-08-26 00:00:00+00:00,2314.884321
2025-08-26 01:00:00+00:00,2278.740272
2025-08-26 02:00:00+00:00,2476.387135
2025-08-26 03:00:00+00:00,2516.705373
2025-08-26 04:00:00+00:00,2311.210174
2025-08-26 05:00:00+00:00,2343.122510
2025-08-26 06:00:00+00:00,2338.627806
2025-08-26 07:00:00+00:00,2686.750618
2025-08-26 08:00:00+00:00,2513.015611
2025-08-26 09:00:00+00:00,2684.696382
2025-08-26 10:00:00+00:00,2594.698348
2025-08-26 11:00:00+00:00,2521.654203
2025-08-26 12:00:00+00:00,2681.421669
2025-08-26 13:00:00+00:00,2663.047801
2025-08-26 14:00:00+00:00,2710.104972
2025-08-26 15:00:00+00:00,2591.477017
2025-08-26 16:00:00+00:00,2684.163949
2025-08-26 17:00:00+00:00,2611.821432
2025-08-26 18:00:00+00:00,2724.175927
2025-08-26 19:00:00+00:00,2770.573116
2025-08-26 20:00:00+00:00,2593.327031
2025-08-26 21:00:00+00:00,2692.886755
2025-08-26 22:00:00+00:00,2642.617304
2025-08-26 23:00:00+00:00,2349.034244
2025-08-27 00:00:00+00:00,2312.256594
2025-08-27 01:00:00+00:00,2341.236003
2025-08-27 02:00:00+00:00,2288.100671
2025-08-27 03:00:00+00:00,2458.246345
2025-08-27 04:00:00+00:00,2421.282770
2025-08-27 05:00:00+00:00,2344.318884
2025-08-27 06:00:00+00:00,2276.809228
2025-08-27 07:00:00+00:00,2513.877685
2025-08-27 08:00:00+00:00,2602.742737
2025-08-27 09:00:00+00:00,2729.245385
2025-08-27 10:00:00+00:00,2603.545808
2025-08-27 11:00:00+00:00,2531.345849
2025-08-27 12:00:00+00:00,2618.941322
2025-08-27 13:00:00+00:00,2678.855998
2025-08-27 14:00:00+00:00,2597.793309
2025-08-27 15:00:00+00:00,2629.146868
2025-08-27 16:00:00+00:00,2610.894154
2025-08-27 17:00:00+00:00,2556.569819
2025-08-27 18:00:00+00:00,2532.072433
2025-08-27 19:00:00+00:00,2575.322403
2025-08-27 20:00:00+00:00,2518.662133
2025-08-27 21:00:00+00:00,2493.857080
2025-08-27 22:00:00+00:00,2557.705627
2025-08-27 23:00:00+00:00,2307.629847
2025-08-28 00:00:00+00:00,2337.514008
2025-08-28 01:00:00+00:00,2297.804139
2025-08-28 02:00:00+00:00,2335.941230
2025-08-28 03:00:00+00:00,2408.956999
2025-08-28 04:00:00+00:00,2298.827010
2025-08-28 05:00:00+00:00,2282.377054
2025-08-28 06:00:00+00:00,2304.038585
2025-08-28 07:00:00+00:00,2696.954326
2025-08-28 08:00:00+00:00,2523.170760
2025-08-28 09:00:00+00:00,2637.220165
2025-08-28 10:00:00+00:00,2717.075223
2025-08-28 11:00:00+00:00,2597.136001
2025-08-28 12:00:00+00:00,2545.797099
2025-08-28 13:00:00+00:00,2576.047910
2025-08-28 14:00:00+00:00,2575.599472
2025-08-28 15:00:00+00:00,2580.058903
2025-08-28 16:00:00+00:00,2678.961474
2025-08-28 17:00:00+00:00,2523.570443
2025-08-28 18:00:00+00:00,2577.815986
2025-08-28 19:00:00+00:00,2584.724043
2025-08-28 20:00:00+00:00,2665.544338
2025-08-28 21:00:00+00:00,2631.431959
2025-08-28 22:00:00+00:00,2491.287347
2025-08-28 23:00:00+00:00,2323.565537
2025-08-29 00:00:00+00:00,2237.135218
2025-08-29 01:00:00+00:00,2329.138491
2025-08-29 02:00:00+00:00,2314.276835
2025-08-29 03:00:00+00:00,2303.053604
2025-08-29 04:00:00+00:00,2360.837750
2025-08-29 05:00:00+00:00,2388.291562
2025-08-29 06:00:00+00:00,2194.757610
2025-08-29 07:00:00+00:00,2646.793228
2025-08-29 08:00:00+00:00,2557.446287
2025-08-29 09:00:00+00:00,2622.564796
2025-08-29 10:00:00+00:00,2637.735446
2025-08-29 11:00:00+00:00,2591.560517
2025-08-29 12:00:00+00:00,2688.750137
2025-08-29 13:00:00+00:00,2690.673746
2025-08-29 14:00:00+00:00,2653.632630
2025-08-29 15:00:00+00:00,2551.743457
2025-08-29 16:00:00+00:00,2644.256497
2025-08-29 17:00:00+00:00,2618.004737
2025-08-29 18:00:00+00:00,2601.765889
2025-08-29 19:00:00+00:00,2648.981336
2025-08-29 20:00:00+00:00,2509.552263
2025-08-29 21:00:00+00:00,2704.023675
2025-08-29 22:00:00+00:00,2584.120700
2025-08-29 23:00:00+00:00,2322.720554
2025-08-30 00:00:00+00:00,1993.624416
2025-08-30 01:00:00+00:00,1996.388934
2025-08-30 02:00:00+00:00,2006.046004
2025-08-30 03:00:00+00:00,2018.445258
2025-08-30 04:00:00+00:00,2113.301429
2025-08-30 05:00:00+00:00,2112.493654
2025-08-30 06:00:00+00:00,2099.472230
2025-08-30 07:00:00+00:00,2319.789845
2025-08-30 08:00:00+00:00,2302.709509
2025-08-30 09:00:00+00:00,2280.741939
2025-08-30 10:00:00+00:00,2300.749281
2025-08-30 11:00:00+00:00,2352.785733
2025-08-30 12:00:00+00:00,2325.945014
2025-08-30 13:00:00+00:00,2302.371555
2025-08-30 14:00:00+00:00,2284.273540
2025-08-30 15:00:00+00:00,2323.541157
2025-08-30 16:00:00+00:00,2360.254705
2025-08-30 17:00:00+00:00,2337.672140
2025-08-30 18:00:00+00:00,2375.761331
2025-08-30 19:00:00+00:00,2314.553264
2025-08-30 20:00:00+00:00,2287.009577
2025-08-30 21:00:00+00:00,2348.387411
2025-08-30 22:00:00+00:00,2297.104368
2025-08-30 23:00:00+00:00,2110.789398
2025-08-31 00:00:00+00:00,1987.237408
2025-08-31 01:00:00+00:00,2025.353038
2025-08-31 02:00:00+00:00,2099.982811
2025-08-31 03:00:00+00:00,2073.261688
2025-08-31 04:00:00+00:00,2067.045169
2025-08-31 05:00:00+00:00,2113.131984
2025-08-31 06:00:00+00:00,2049.659651
2025-08-31 07:00:00+00:00,2286.708001
2025-08-31 08:00:00+00:00,2351.792644
2025-08-31 09:00:00+00:00,2278.103328
2025-08-31 10:00:00+00:00,2354.144299
2025-08-31 11:00:00+00:00,2268.479829
2025-08-31 12:00:00+00:00,2397.734807
2025-08-31 13:00:00+00:00,2301.891025
2025-08-31 14:00:00+00:00,2294.271059
2025-08-31 15:00:00+00:00,2405.379606
2025-08-31 16:00:00+00:00,2266.300335
2025-08-31 17:00:00+00:00,2237.104422
2025-08-31 18:00:00+00:00,2363.913001
2025-08-31 19:00:00+00:00,2388.773060
2025-08-31 20:00:00+00:00,2320.311735
2025-08-31 21:00:00+00:00,2294.656917
2025-08-31 22:00:00+00:00,2301.879063
2025-08-31 23:00:00+00:00,2098.188904
2025-09-01 00:00:00+00:00,2403.206283
2025-09-01 01:00:00+00:00,2319.498556
2025-09-01 02:00:00+00:00,2269.354223
2025-09-01 03:00:00+00:00,2244.679513
2025-09-01 04:00:00+00:00,2401.405535
2025-09-01 05:00:00+00:00,2344.082674
2025-09-01 06:00:00+00:00,2436.306101
2025-09-01 07:00:00+00:00,2662.807249
2025-09-01 08:00:00+00:00,2713.123893
2025-09-01 09:00:00+00:00,2649.602378
2025-09-01 10:00:00+00:00,2584.261848
2025-09-01 11:00:00+00:00,2646.181128
2025-09-01 12:00:00+00:00,2673.922138
2025-09-01 13:00:00+00:00,2656.288611
2025-09-01 14:00:00+00:00,2534.929133
2025-09-01 15:00:00+00:00,2528.682642
2025-09-01 16:00:00+00:00,2587.140912
2025-09-01 17:00:00+00:00,2627.180296
2025-09-01 18:00:00+00:00,2504.836350
2025-09-01 19:00:00+00:00,2544.858230
2025-09-01 20:00:00+00:00,2600.856096
2025-09-01 21:00:00+00:00,2684.400209
2025-09-01 22:00:00+00:00,2585.871090
2025-09-01 23:00:00+00:00,2277.171402
2025-09-02 00:00:00+00:00,2304.811901
2025-09-02 01:00:00+00:00,2340.355685
2025-09-02 02:00:00+00:00,2381.412017
2025-09-02 03:00:00+00:00,2216.626602
2025-09-02 04:00:00+00:00,2352.002311
2025-09-02 05:00:00+00:00,2353.141876
2025-09-02 06:00:00+00:00,2442.058133
2025-09-02 07:00:00+00:00,2460.072114
2025-09-02 08:00:00+00:00,2678.176797
2025-09-02 09:00:00+00:00,2629.158907
2025-09-02 10:00:00+00:00,2479.763357
2025-09-02 11:00:00+00:00,2570.737415
2025-09-02 12:00:00+00:00,2612.488861
2025-09-02 13:00:00+00:00,2709.692589
2025-09-02 14:00:00+00:00,2530.694681
2025-09-02 15:00:00+00:00,2651.380328
2025-09-02 16:00:00+00:00,2633.499192
2025-09-02 17:00:00+00:00,2711.732542
2025-09-02 18:00:00+00:00,2688.767541
2025-09-02 19:00:00+00:00,2574.726938
2025-09-02 20:00:00+00:00,2623.359812
2025-09-02 21:00:00+00:00,2622.864840
2025-09-02 22:00:00+00:00,2683.471470
2025-09-02 23:00:00+00:00,2325.448358
2025-09-03 00:00:00+00:00,2418.986946
2025-09-03 01:00:00+00:00,2325.869222
2025-09-03 02:00:00+00:00,2269.123862
2025-09-03 03:00:00+00:00,2298.712768
2025-09-03 04:00:00+00:00,2313.441364
2025-09-03 05:00:00+00:00,2305.891512
2025-09-03 06:00:00+00:00,2307.676194
2025-09-03 07:00:00+00:00,2652.542221
2025-09-03 08:00:00+00:00,2423.044330
2025-09-03 09:00:00+00:00,2636.569155
2025-09-03 10:00:00+00:00,2633.745852
2025-09-03 11:00:00+00:00,2588.327010
2025-09-03 12:00:00+00:00,2680.151329
2025-09-03 13:00:00+00:00,2601.075306
2025-09-03 14:00:00+00:00,2643.164189
2025-09-03 15:00:00+00:00,2528.464887
2025-09-03 16:00:00+00:00,2625.782655
2025-09-03 17:00:00+00:00,2659.371517
2025-09-03 18:00:00+00:00,2635.303918
2025-09-03 19:00:00+00:00,2583.495645
2025-09-03 20:00:00+00:00,2658.935528
2025-09-03 21:00:00+00:00,2562.684209
2025-09-03 22:00:00+00:00,2682.069296
2025-09-03 23:00:00+00:00,2272.861953
2025-09-04 00:00:00+00:00,2278.809793
2025-09-04 01:00:00+00:00,2336.577811
2025-09-04 02:00:00+00:00,2420.927574
2025-09-04 03:00:00+00:00,2331.203315
2025-09-04 04:00:00+00:00,2305.118500
2025-09-04 05:00:00+00:00,2240.301269
2025-09-04 06:00:00+00:00,2363.325582
2025-09-04 07:00:00+00:00,2586.730642
2025-09-04 08:00:00+00:00,2660.228201
2025-09-04 09:00:00+00:00,2518.698963
2025-09-04 10:00:00+00:00,2592.636234
2025-09-04 11:00:00+00:00,2584.476895
2025-09-04 12:00:00+00:00,2612.792865
2025-09-04 13:00:00+00:00,2617.539108
2025-09-04 14:00:00+00:00,2650.692026
2025-09-04 15:00:00+00:00,2534.305841
2025-09-04 16:00:00+00:00,2615.992463
2025-09-04 17:00:00+00:00,2691.439729
2025-09-04 18:00:00+00:00,2630.358341
2025-09-04 19:00:00+00:00,2599.772182
2025-09-04 20:00:00+00:00,2569.625978
2025-09-04 21:00:00+00:00,2616.238460
2025-09-04 22:00:00+00:00,2613.738810
2025-09-04 23:00:00+00:00,2371.922628
2025-09-05 00:00:00+00:00,2369.293004
2025-09-05 01:00:00+00:00,2385.836951
2025-09-05 02:00:00+00:00,2401.966089
2025-09-05 03:00:00+00:00,2369.104812
2025-09-05 04:00:00+00:00,2265.165929
2025-09-05 05:00:00+00:00,2303.416957
2025-09-05 06:00:00+00:00,2342.620476
2025-09-05 07:00:00+00:00,2581.995173
2025-09-05 08:00:00+00:00,2510.115140
2025-09-05 09:00:00+00:00,2660.556517
2025-09-05 10:00:00+00:00,2618.556060
2025-09-05 11:00:00+00:00,2601.478268
2025-09-05 12:00:00+00:00,2626.550876
2025-09-05 13:00:00+00:00,2578.654421
2025-09-05 14:00:00+00:00,2565.700269
2025-09-05 15:00:00+00:00,2660.586792
2025-09-05 16:00:00+00:00,2571.907299
2025-09-05 17:00:00+00:00,2629.550198
2025-09-05 18:00:00+00:00,2513.750814
2025-09-05 19:00:00+00:00,2632.406377
2025-09-05 20:00:00+00:00,2624.118265
2025-09-05 21:00:00+00:00,2511.582141
2025-09-05 22:00:00+00:00,2689.311602
2025-09-05 23:00:00+00:00,2373.356914
2025-09-06 00:00:00+00:00,2045.535046
2025-09-06 01:00:00+00:00,2125.680647
2025-09-06 02:00:00+00:00,2130.064613
2025-09-06 03:00:00+00:00,2085.832858
2025-09-06 04:00:00+00:00,2051.724005
2025-09-06 05:00:00+00:00,2076.154261
2025-09-06 06:00:00+00:00,2108.137792
2025-09-06 07:00:00+00:00,2306.482033
2025-09-06 08:00:00+00:00,2345.776355
2025-09-06 09:00:00+00:00,2228.379097
2025-09-06 10:00:00+00:00,2344.074858
2025-09-06 11:00:00+00:00,2333.084088
2025-09-06 12:00:00+00:00,2345.365604
2025-09-06 13:00:00+00:00,2275.400809
2025-09-06 14:00:00+00:00,2188.940030
2025-09-06 15:00:00+00:00,2235.300975
2025-09-06 16:00:00+00:00,2244.508093
2025-09-06 17:00:00+00:00,2345.960551
2025-09-06 18:00:00+00:00,2208.868762
2025-09-06 19:00:00+00:00,2216.972790
2025-09-06 20:00:00+00:00,2360.671133
2025-09-06 21:00:00+00:00,2372.852537
2025-09-06 22:00:00+00:00,2278.858797
2025-09-06 23:00:00+00:00,2069.155841
2025-09-07 00:00:00+00:00,2086.230174
2025-09-07 01:00:00+00:00,2003.205463
2025-09-07 02:00:00+00:00,2074.628067
2025-09-07 03:00:00+00:00,2045.069605
2025-09-07 04:00:00+00:00,2115.183094
2025-09-07 05:00:00+00:00,2049.561829
2025-09-07 06:00:00+00:00,2067.520397
2025-09-07 07:00:00+00:00,2420.511588
2025-09-07 08:00:00+00:00,2349.340376
2025-09-07 09:00:00+00:00,2263.519615
2025-09-07 10:00:00+00:00,2305.755439
2025-09-07 11:00:00+00:00,2260.528040
2025-09-07 12:00:00+00:00,2279.675921
2025-09-07 13:00:00+00:00,2265.336174
2025-09-07 14:00:00+00:00,2316.069005
2025-09-07 15:00:00+00:00,2377.034816
2025-09-07 16:00:00+00:00,2362.520673
2025-09-07 17:00:00+00:00,2352.536333
2025-09-07 18:00:00+00:00,2250.263064
2025-09-07 19:00:00+00:00,2237.393602
2025-09-07 20:00:00+00:00,2253.838675
2025-09-07 21:00:00+00:00,2407.276296
2025-09-07 22:00:00+00:00,2442.046429
2025-09-07 23:00:00+00:00,2078.189007
2025-09-08 00:00:00+00:00,2392.784595
2025-09-08 01:00:00+00:00,2282.803229
2025-09-08 02:00:00+00:00,2424.199736
2025-09-08 03:00:00+00:00,2309.529817
2025-09-08 04:00:00+00:00,2348.829896
2025-09-08 05:00:00+00:00,2371.531198
2025-09-08 06:00:00+00:00,2328.169769
2025-09-08 07:00:00+00:00,2555.197920
2025-09-08 08:00:00+00:00,2506.044447
2025-09-08 09:00:00+00:00,2654.923791
2025-09-08 10:00:00+00:00,2803.708496
2025-09-08 11:00:00+00:00,2562.002293
2025-09-08 12:00:00+00:00,2594.472161
2025-09-08 13:00:00+00:00,2530.292890
2025-09-08 14:00:00+00:00,2658.467705
2025-09-08 15:00:00+00:00,2642.506720
2025-09-08 16:00:00+00:00,2653.908514
2025-09-08 17:00:00+00:00,2608.436982
2025-09-08 18:00:00+00:00,2614.230868
2025-09-08 19:00:00+00:00,2632.096604
2025-09-08 20:00:00+00:00,2701.109213
2025-09-08 21:00:00+00:00,2591.569987
2025-09-08 22:00:00+00:00,2750.946597
2025-09-08 23:00:00+00:00,2351.769963
2025-09-09 00:00:00+00:00,2317.090267
2025-09-09 01:00:00+00:00,2371.363350
2025-09-09 02:00:00+00:00,2243.199843
2025-09-09 03:00:00+00:00,2386.962517
2025-09-09 04:00:00+00:00,2327.990375
2025-09-09 05:00:00+00:00,2447.332202
2025-09-09 06:00:00+00:00,2389.412868
2025-09-09 07:00:00+00:00,2457.082305
2025-09-09 08:00:00+00:00,2574.414701
2025-09-09 09:00:00+00:00,2554.316615
2025-09-09 10:00:00+00:00,2575.542619
2025-09-09 11:00:00+00:00,2670.652885
2025-09-09 12:00:00+00:00,2676.499677
2025-09-09 13:00:00+00:00,2614.471077
2025-09-09 14:00:00+00:00,2566.731272
2025-09-09 15:00:00+00:00,2657.607076
2025-09-09 16:00:00+00:00,2589.015112
2025-09-09 17:00:00+00:00,2661.185517
2025-09-09 18:00:00+00:00,2534.122477
2025-09-09 19:00:00+00:00,2704.594234
2025-09-09 20:00:00+00:00,2573.181622
2025-09-09 21:00:00+00:00,2551.481218
2025-09-09 22:00:00+00:00,2526.314468
2025-09-09 23:00:00+00:00,2329.231075
2025-09-10 00:00:00+00:00,2364.228817
2025-09-10 01:00:00+00:00,2394.761951
2025-09-10 02:00:00+00:00,2431.295806
2025-09-10 03:00:00+00:00,2295.062247
2025-09-10 04:00:00+00:00,2410.306113
2025-09-10 05:00:00+00:00,2492.339401
2025-09-10 06:00:00+00:00,2345.023826
2025-09-10 07:00:00+00:00,2724.857677
2025-09-10 08:00:00+00:00,2588.619465
2025-09-10 09:00:00+00:00,2648.330704
2025-09-10 10:00:00+00:00,2625.990694
2025-09-10 11:00:00+00:00,2706.183394
2025-09-10 12:00:00+00:00,2608.746697
2025-09-10 13:00:00+00:00,2718.266512
2025-09-10 14:00:00+00:00,2498.592265
2025-09-10 15:00:00+00:00,2734.350751
2025-09-10 16:00:00+00:00,2638.336594
2025-09-10 17:00:00+00:00,2595.209447
2025-09-10 18:00:00+00:00,2707.102913
2025-09-10 19:00:00+00:00,2649.069033
2025-09-10 20:00:00+00:00,2671.377320
2025-09-10 21:00:00+00:00,2622.363941
2025-09-10 22:00:00+00:00,2765.851191
2025-09-10 23:00:00+00:00,2459.094910
2025-09-11 00:00:00+00:00,2387.276067
2025-09-11 01:00:00+00:00,2319.844152
2025-09-11 02:00:00+00:00,2310.522939
2025-09-11 03:00:00+00:00,2378.487204
2025-09-11 04:00:00+00:00,2396.378369
2025-09-11 05:00:00+00:00,2287.590579
2025-09-11 06:00:00+00:00,2351.040616
2025-09-11 07:00:00+00:00,2532.350249
2025-09-11 08:00:00+00:00,2629.457010
2025-09-11 09:00:00+00:00,2613.593501
2025-09-11 10:00:00+00:00,2671.591651
2025-09-11 11:00:00+00:00,2680.207427
2025-09-11 12:00:00+00:00,2622.703245
2025-09-11 13:00:00+00:00,2711.851406
2025-09-11 14:00:00+00:00,2626.604578
2025-09-11 15:00:00+00:00,2566.427021
2025-09-11 16:00:00+00:00,2567.527006
2025-09-11 17:00:00+00:00,2637.624394
2025-09-11 18:00:00+00:00,2750.770287
2025-09-11 19:00:00+00:00,2626.314655
2025-09-11 20:00:00+00:00,2561.409587
2025-09-11 21:00:00+00:00,2629.003353
2025-09-11 22:00:00+00:00,2700.735943
2025-09-11 23:00:00+00:00,2324.253921
2025-09-12 00:00:00+00:00,2334.134092
2025-09-12 01:00:00+00:00,2294.249132
2025-09-12 02:00:00+00:00,2350.113955
2025-09-12 03:00:00+00:00,2427.529176
2025-09-12 04:00:00+00:00,2423.372426
2025-09-12 05:00:00+00:00,2342.121071
2025-09-12 06:00:00+00:00,2339.684065
2025-09-12 07:00:00+00:00,2636.067485
2025-09-12 08:00:00+00:00,2643.780484
2025-09-12 09:00:00+00:00,2531.189432
2025-09-12 10:00:00+00:00,2567.693530
2025-09-12 11:00:00+00:00,2646.482371
2025-09-12 12:00:00+00:00,2577.594165
2025-09-12 13:00:00+00:00,2604.756574
2025-09-12 14:00:00+00:00,2625.574701
2025-09-12 15:00:00+00:00,2573.395821
2025-09-12 16:00:00+00:00,2635.257869
2025-09-12 17:00:00+00:00,2652.039693
2025-09-12 18:00:00+00:00,2618.833778
2025-09-12 19:00:00+00:00,2601.397055
2025-09-12 20:00:00+00:00,2666.542051
2025-09-12 21:00:00+00:00,2606.362564
2025-09-12 22:00:00+00:00,2628.250579
2025-09-12 23:00:00+00:00,2396.837063
2025-09-13 00:00:00+00:00,1995.420110
2025-09-13 01:00:00+00:00,2132.582332
2025-09-13 02:00:00+00:00,2028.558007
2025-09-13 03:00:00+00:00,2180.525832
2025-09-13 04:00:00+00:00,2100.000748
2025-09-13 05:00:00+00:00,2142.444702
2025-09-13 06:00:00+00:00,2010.841433
2025-09-13 07:00:00+00:00,2318.838090
2025-09-13 08:00:00+00:00,2316.805899
2025-09-13 09:00:00+00:00,2276.716959
2025-09-13 10:00:00+00:00,2385.892035
2025-09-13 11:00:00+00:00,2290.550136
2025-09-13 12:00:00+00:00,2258.861208
2025-09-13 13:00:00+00:00,2329.993159
2025-09-13 14:00:00+00:00,2323.830956
2025-09-13 15:00:00+00:00,2323.860995
2025-09-13 16:00:00+00:00,2259.277588
2025-09-13 17:00:00+00:00,2240.403463
2025-09-13 18:00:00+00:00,2381.106913
2025-09-13 19:00:00+00:00,2414.480924
2025-09-13 20:00:00+00:00,2269.459686
2025-09-13 21:00:00+00:00,2301.581153
2025-09-13 22:00:00+00:00,2314.297623
2025-09-13 23:00:00+00:00,2078.925690
2025-09-14 00:00:00+00:00,2056.745184
2025-09-14 01:00:00+00:00,1985.834069
2025-09-14 02:00:00+00:00,2154.780745
2025-09-14 03:00:00+00:00,2170.894940
2025-09-14 04:00:00+00:00,2099.285325
2025-09-14 05:00:00+00:00,2090.567212
2025-09-14 06:00:00+00:00,2115.799845
2025-09-14 07:00:00+00:00,2308.174156
2025-09-14 08:00:00+00:00,2394.198304
2025-09-14 09:00:00+00:00,2273.206243
2025-09-14 10:00:00+00:00,2298.567268
2025-09-14 11:00:00+00:00,2377.866162
2025-09-14 12:00:00+00:00,2344.945172
2025-09-14 13:00:00+00:00,2302.812813
2025-09-14 14:00:00+00:00,2368.949297
2025-09-14 15:00:00+00:00,2306.322900
2025-09-14 16:00:00+00:00,2297.229340
2025-09-14 17:00:00+00:00,2337.977541
2025-09-14 18:00:00+00:00,2264.959366
2025-09-14 19:00:00+00:00,2359.572394
2025-09-14 20:00:00+00:00,2389.344037
2025-09-14 21:00:00+00:00,2343.997128
2025-09-14 22:00:00+00:00,2314.019919
2025-09-14 23:00:00+00:00,2119.206285
2025-09-15 00:00:00+00:00,2316.282470
2025-09-15 01:00:00+00:00,2368.383250
2025-09-15 02:00:00+00:00,2407.228941
2025-09-15 03:00:00+00:00,2410.474595
2025-09-15 04:00:00+00:00,2321.769207
2025-09-15 05:00:00+00:00,2443.917202
2025-09-15 06:00:00+00:00,2538.610623
2025-09-15 07:00:00+00:00,2676.907797
2025-09-15 08:00:00+00:00,2605.033169
2025-09-15 09:00:00+00:00,2673.032184
2025-09-15 10:00:00+00:00,2606.857189
2025-09-15 11:00:00+00:00,2617.664974
2025-09-15 12:00:00+00:00,2626.121562
2025-09-15 13:00:00+00:00,2773.663991
2025-09-15 14:00:00+00:00,2619.246189
2025-09-15 15:00:00+00:00,2676.764770
2025-09-15 16:00:00+00:00,2656.121471
2025-09-15 17:00:00+00:00,2519.198482
2025-09-15 18:00:00+00:00,2606.267531
2025-09-15 19:00:00+00:00,2782.014119
2025-09-15 20:00:00+00:00,2576.116257
2025-09-15 21:00:00+00:00,2792.714416
2025-09-15 22:00:00+00:00,2616.311682
2025-09-15 23:00:00+00:00,2286.043716
2025-09-16 00:00:00+00:00,2246.773425
2025-09-16 01:00:00+00:00,2345.121482
2025-09-16 02:00:00+00:00,2436.481096
2025-09-16 03:00:00+00:00,2413.649403
2025-09-16 04:00:00+00:00,2385.710523
2025-09-16 05:00:00+00:00,2305.299003
2025-09-16 06:00:00+00:00,2270.635774
2025-09-16 07:00:00+00:00,2577.479288
2025-09-16 08:00:00+00:00,2670.205213
2025-09-16 09:00:00+00:00,2625.832046
2025-09-16 10:00:00+00:00,2666.975418
2025-09-16 11:00:00+00:00,2652.542824
2025-09-16 12:00:00+00:00,2780.019892
2025-09-16 13:00:00+00:00,2593.092496
2025-09-16 14:00:00+00:00,2658.983729
2025-09-16 15:00:00+00:00,2543.314390
2025-09-16 16:00:00+00:00,2617.605745
2025-09-16 17:00:00+00:00,2536.961174
2025-09-16 18:00:00+00:00,2612.988041
2025-09-16 19:00:00+00:00,2692.942476
2025-09-16 20:00:00+00:00,2654.437633
2025-09-16 21:00:00+00:00,2617.385921
2025-09-16 22:00:00+00:00,2650.577305
2025-09-16 23:00:00+00:00,2273.025818
2025-09-17 00:00:00+00:00,2333.981553
2025-09-17 01:00:00+00:00,2423.888567
2025-09-17 02:00:00+00:00,2266.083930
2025-09-17 03:00:00+00:00,2196.296754
2025-09-17 04:00:00+00:00,2318.387226
2025-09-17 05:00:00+00:00,2279.396501
2025-09-17 06:00:00+00:00,2315.425534
2025-09-17 07:00:00+00:00,2562.024791
2025-09-17 08:00:00+00:00,2691.688758
2025-09-17 09:00:00+00:00,2612.878737
2025-09-17 10:00:00+00:00,2547.999744
2025-09-17 11:00:00+00:00,2539.799508
2025-09-17 12:00:00+00:00,2691.623485
2025-09-17 13:00:00+00:00,2614.436674
2025-09-17 14:00:00+00:00,2616.795778
2025-09-17 15:00:00+00:00,2627.043884
2025-09-17 16:00:00+00:00,2659.844992
2025-09-17 17:00:00+00:00,2580.025156
2025-09-17 18:00:00+00:00,2752.228431
2025-09-17 19:00:00+00:00,2745.172962
2025-09-17 20:00:00+00:00,2634.147306
2025-09-17 21:00:00+00:00,2685.703981
2025-09-17 22:00:00+00:00,2762.433445
2025-09-17 23:00:00+00:00,2279.614045
2025-09-18 00:00:00+00:00,2422.519656
2025-09-18 01:00:00+00:00,2421.539677
2025-09-18 02:00:00+00:00,2368.949672
2025-09-18 03:00:00+00:00,2320.108521
2025-09-18 04:00:00+00:00,2315.743930
2025-09-18 05:00:00+00:00,2365.621988
2025-09-18 06:00:00+00:00,2360.383617
2025-09-18 07:00:00+00:00,2553.688072
2025-09-18 08:00:00+00:00,2499.358409
2025-09-18 09:00:00+00:00,2595.858372
2025-09-18 10:00:00+00:00,2634.732949
2025-09-18 11:00:00+00:00,2602.587756
2025-09-18 12:00:00+00:00,2571.125129
2025-09-18 13:00:00+00:00,2621.210545
2025-09-18 14:00:00+00:00,2567.730036
2025-09-18 15:00:00+00:00,2585.966102
2025-09-18 16:00:00+00:00,2620.029213
2025-09-18 17:00:00+00:00,2706.891047
2025-09-18 18:00:00+00:00,2608.106968
2025-09-18 19:00:00+00:00,2721.543748
2025-09-18 20:00:00+00:00,2609.468221
2025-09-18 21:00:00+00:00,2568.805444
2025-09-18 22:00:00+00:00,2634.036646
2025-09-18 23:00:00+00:00,2425.455819
2025-09-19 00:00:00+00:00,2426.938627
2025-09-19 01:00:00+00:00,2348.835970
2025-09-19 02:00:00+00:00,2337.897153
2025-09-19 03:00:00+00:00,2335.928832
2025-09-19 04:00:00+00:00,2230.759191
2025-09-19 05:00:00+00:00,2304.578109
2025-09-19 06:00:00+00:00,2374.265485
2025-09-19 07:00:00+00:00,2605.838529
2025-09-19 08:00:00+00:00,2533.316544
2025-09-19 09:00:00+00:00,2645.885334
2025-09-19 10:00:00+00:00,2662.974378
2025-09-19 11:00:00+00:00,2575.507818
2025-09-19 12:00:00+00:00,2655.183638
2025-09-19 13:00:00+00:00,2713.064333
2025-09-19 14:00:00+00:00,2590.077791
2025-09-19 15:00:00+00:00,2701.377245
2025-09-19 16:00:00+00:00,2745.450704
2025-09-19 17:00:00+00:00,2614.076096
2025-09-19 18:00:00+00:00,2708.983685
2025-09-19 19:00:00+00:00,2633.449754
2025-09-19 20:00:00+00:00,2768.385193
2025-09-19 21:00:00+00:00,2657.959945
2025-09-19 22:00:00+00:00,2586.354050
2025-09-19 23:00:00+00:00,2351.921858
2025-09-20 00:00:00+00:00,2140.142023
2025-09-20 01:00:00+00:00,2043.286421
2025-09-20 02:00:00+00:00,2068.448038
2025-09-20 03:00:00+00:00,2171.617027
2025-09-20 04:00:00+00:00,2092.676630
2025-09-20 05:00:00+00:00,2061.423352
2025-09-20 06:00:00+00:00,2129.542453
2025-09-20 07:00:00+00:00,2306.624621
2025-09-20 08:00:00+00:00,2261.303620
2025-09-20 09:00:00+00:00,2339.778337
2025-09-20 10:00:00+00:00,2343.804667
2025-09-20 11:00:00+00:00,2333.876864
2025-09-20 12:00:00+00:00,2414.943467
2025-09-20 13:00:00+00:00,2447.508114
2025-09-20 14:00:00+00:00,2472.968549
2025-09-20 15:00:00+00:00,2298.937005
2025-09-20 16:00:00+00:00,2314.928505
2025-09-20 17:00:00+00:00,2281.881142
2025-09-20 18:00:00+00:00,2272.849282
2025-09-20 19:00:00+00:00,2264.998957
2025-09-20 20:00:00+00:00,2361.078222
2025-09-20 21:00:00+00:00,2312.794564
2025-09-20 22:00:00+00:00,2328.279223
2025-09-20 23:00:00+00:00,2050.924055
2025-09-21 00:00:00+00:00,2143.661129
2025-09-21 01:00:00+00:00,2045.042919
2025-09-21 02:00:00+00:00,2062.931581
2025-09-21 03:00:00+00:00,2056.517311
2025-09-21 04:00:00+00:00,2123.895187
2025-09-21 05:00:00+00:00,1982.856592
2025-09-21 06:00:00+00:00,2064.899568
2025-09-21 07:00:00+00:00,2361.614293
2025-09-21 08:00:00+00:00,2317.977150
2025-09-21 09:00:00+00:00,2349.991597
2025-09-21 10:00:00+00:00,2341.126762
2025-09-21 11:00:00+00:00,2360.847957
2025-09-21 12:00:00+00:00,2322.188521
2025-09-21 13:00:00+00:00,2352.258856
2025-09-21 14:00:00+00:00,2362.275707
2025-09-21 15:00:00+00:00,2275.826734
2025-09-21 16:00:00+00:00,2211.099155
2025-09-21 17:00:00+00:00,2403.465029
2025-09-21 18:00:00+00:00,2396.919320
2025-09-21 19:00:00+00:00,2311.173023
2025-09-21 20:00:00+00:00,2366.568565
2025-09-21 21:00:00+00:00,2376.525020
2025-09-21 22:00:00+00:00,2387.864685
2025-09-21 23:00:00+00:00,2143.769645
2025-09-22 00:00:00+00:00,2285.703962
2025-09-22 01:00:00+00:00,2380.278986
2025-09-22 02:00:00+00:00,2320.740420
2025-09-22 03:00:00+00:00,2423.995107
2025-09-22 04:00:00+00:00,2393.167625
2025-09-22 05:00:00+00:00,2434.077056
2025-09-22 06:00:00+00:00,2467.053716
2025-09-22 07:00:00+00:00,2664.945290
2025-09-22 08:00:00+00:00,2529.315728
2025-09-22 09:00:00+00:00,2539.323979
2025-09-22 10:00:00+00:00,2691.271792
2025-09-22 11:00:00+00:00,2653.221169
2025-09-22 12:00:00+00:00,2551.035236
2025-09-22 13:00:00+00:00,2836.631201
2025-09-22 14:00:00+00:00,2692.589237
2025-09-22 15:00:00+00:00,2583.743224
2025-09-22 16:00:00+00:00,2721.840354
2025-09-22 17:00:00+00:00,2555.305524
2025-09-22 18:00:00+00:00,2687.034575
2025-09-22 19:00:00+00:00,2661.050181
2025-09-22 20:00:00+00:00,2739.531439
2025-09-22 21:00:00+00:00,2634.535651
2025-09-22 22:00:00+00:00,2612.835588
2025-09-22 23:00:00+00:00,2472.464997
2025-09-23 00:00:00+00:00,2364.990457
2025-09-23 01:00:00+00:00,2424.665748
2025-09-23 02:00:00+00:00,2271.439191
2025-09-23 03:00:00+00:00,2349.667228
2025-09-23 04:00:00+00:00,2390.345821
2025-09-23 05:00:00+00:00,2388.948740
2025-09-23 06:00:00+00:00,2409.104959
2025-09-23 07:00:00+00:00,2673.166536
2025-09-23 08:00:00+00:00,2693.505590
2025-09-23 09:00:00+00:00,2655.467017
2025-09-23 10:00:00+00:00,2621.357483
2025-09-23 11:00:00+00:00,2619.813021
2025-09-23 12:00:00+00:00,2659.845861
2025-09-23 13:00:00+00:00,2652.646368
2025-09-23 14:00:00+00:00,2608.055689
2025-09-23 15:00:00+00:00,2551.536151
2025-09-23 16:00:00+00:00,2586.821808
2025-09-23 17:00:00+00:00,2647.131639
2025-09-23 18:00:00+00:00,2584.699555
2025-09-23 19:00:00+00:00,2632.363999
2025-09-23 20:00:00+00:00,2749.265617
2025-09-23 21:00:00+00:00,2582.069051
2025-09-23 22:00:00+00:00,2552.736772
2025-09-23 23:00:00+00:00,2349.104123
2025-09-24 00:00:00+00:00,2294.942401
2025-09-24 01:00:00+00:00,2351.152205
2025-09-24 02:00:00+00:00,2439.442792
2025-09-24 03:00:00+00:00,2348.412630
2025-09-24 04:00:00+00:00,2284.274318
2025-09-24 05:00:00+00:00,2356.848202
2025-09-24 06:00:00+00:00,2382.411488
2025-09-24 07:00:00+00:00,2684.626092
2025-09-24 08:00:00+00:00,2535.512842
2025-09-24 09:00:00+00:00,2547.914900
2025-09-24 10:00:00+00:00,2584.934155
2025-09-24 11:00:00+00:00,2690.563467
2025-09-24 12:00:00+00:00,2596.302025
2025-09-24 13:00:00+00:00,2703.217637
2025-09-24 14:00:00+00:00,2659.199581
2025-09-24 15:00:00+00:00,2528.151167
2025-09-24 16:00:00+00:00,2610.692401
2025-09-24 17:00:00+00:00,2672.408307
2025-09-24 18:00:00+00:00,2681.102245
2025-09-24 19:00:00+00:00,2632.759784
2025-09-24 20:00:00+00:00,2729.765565
2025-09-24 21:00:00+00:00,2758.374831
2025-09-24 22:00:00+00:00,2513.387973
2025-09-24 23:00:00+00:00,2301.459862
2025-09-25 00:00:00+00:00,2409.830787
2025-09-25 01:00:00+00:00,2333.608712
2025-09-25 02:00:00+00:00,2312.036809
2025-09-25 03:00:00+00:00,2400.871053
2025-09-25 04:00:00+00:00,2326.269332
2025-09-25 05:00:00+00:00,2427.348384
2025-09-25 06:00:00+00:00,2328.446301
2025-09-25 07:00:00+00:00,2568.979433
2025-09-25 08:00:00+00:00,2666.051285
2025-09-25 09:00:00+00:00,2625.610344
2025-09-25 10:00:00+00:00,2595.180037
2025-09-25 11:00:00+00:00,2514.393716
2025-09-25 12:00:00+00:00,2531.859852
2025-09-25 13:00:00+00:00,2720.353903
2025-09-25 14:00:00+00:00,2660.465070
2025-09-25 15:00:00+00:00,2678.655448
2025-09-25 16:00:00+00:00,2610.000039
2025-09-25 17:00:00+00:00,2678.519812
2025-09-25 18:00:00+00:00,2583.357031
2025-09-25 19:00:00+00:00,2608.894540
2025-09-25 20:00:00+00:00,2702.692186
2025-09-25 21:00:00+00:00,2628.661609
2025-09-25 22:00:00+00:00,2665.331901
2025-09-25 23:00:00+00:00,2364.498197
2025-09-26 00:00:00+00:00,2412.616916
2025-09-26 01:00:00+00:00,2308.255700
2025-09-26 02:00:00+00:00,2320.747543
2025-09-26 03:00:00+00:00,2466.414271
2025-09-26 04:00:00+00:00,2397.150468
2025-09-26 05:00:00+00:00,2394.435257
2025-09-26 06:00:00+00:00,2336.446401
2025-09-26 07:00:00+00:00,2560.100505
2025-09-26 08:00:00+00:00,2723.583792
2025-09-26 09:00:00+00:00,2749.575600
2025-09-26 10:00:00+00:00,2611.342782
2025-09-26 11:00:00+00:00,2696.395400
2025-09-26 12:00:00+00:00,2627.655369
2025-09-26 13:00:00+00:00,2622.325884
2025-09-26 14:00:00+00:00,2575.988465
2025-09-26 15:00:00+00:00,2652.295683
2025-09-26 16:00:00+00:00,2612.820509
2025-09-26 17:00:00+00:00,2726.076230
2025-09-26 18:00:00+00:00,2538.667440
2025-09-26 19:00:00+00:00,2586.946284
2025-09-26 20:00:00+00:00,2659.251179
2025-09-26 21:00:00+00:00,2613.163961
2025-09-26 22:00:00+00:00,2683.592516
2025-09-26 23:00:00+00:00,2417.615040
2025-09-27 00:00:00+00:00,2071.116716
2025-09-27 01:00:00+00:00,2070.126843
2025-09-27 02:00:00+00:00,2048.418933
2025-09-27 03:00:00+00:00,2113.212294
2025-09-27 04:00:00+00:00,2075.538559
2025-09-27 05:00:00+00:00,2070.596120
2025-09-27 06:00:00+00:00,2097.036489
2025-09-27 07:00:00+00:00,2445.231268
2025-09-27 08:00:00+00:00,2422.405718
2025-09-27 09:00:00+00:00,2320.581823
2025-09-27 10:00:00+00:00,2357.024751
2025-09-27 11:00:00+00:00,2373.297065
2025-09-27 12:00:00+00:00,2301.341748
2025-09-27 13:00:00+00:00,2427.358565
2025-09-27 14:00:00+00:00,2300.956917
2025-09-27 15:00:00+00:00,2349.048627
2025-09-27 16:00:00+00:00,2376.310631
2025-09-27 17:00:00+00:00,2272.364700
2025-09-27 18:00:00+00:00,2321.355579
2025-09-27 19:00:00+00:00,2378.984261
2025-09-27 20:00:00+00:00,2225.498341
2025-09-27 21:00:00+00:00,2399.856025
2025-09-27 22:00:00+00:00,2309.335807
2025-09-27 23:00:00+00:00,2149.469068
2025-09-28 00:00:00+00:00,2125.988813
2025-09-28 01:00:00+00:00,2098.003881
2025-09-28 02:00:00+00:00,2063.086069
2025-09-28 03:00:00+00:00,2067.777218
2025-09-28 04:00:00+00:00,2180.201993
2025-09-28 05:00:00+00:00,2091.362707
2025-09-28 06:00:00+00:00,2147.008071
2025-09-28 07:00:00+00:00,2326.649646
2025-09-28 08:00:00+00:00,2341.399228
2025-09-28 09:00:00+00:00,2337.659777
2025-09-28 10:00:00+00:00,2333.863864
2025-09-28 11:00:00+00:00,2392.451147
2025-09-28 12:00:00+00:00,2325.857809
2025-09-28 13:00:00+00:00,2342.614604
2025-09-28 14:00:00+00:00,2315.172702
2025-09-28 15:00:00+00:00,2328.350589
2025-09-28 16:00:00+00:00,2264.093809
2025-09-28 17:00:00+00:00,2242.958827
2025-09-28 18:00:00+00:00,2300.663847
2025-09-28 19:00:00+00:00,2247.869259
2025-09-28 20:00:00+00:00,2387.065220
2025-09-28 21:00:00+00:00,2305.476293
2025-09-28 22:00:00+00:00,2441.486468
2025-09-28 23:00:00+00:00,2049.282458
2025-09-29 00:00:00+00:00,2386.930279
2025-09-29 01:00:00+00:00,2357.648377
2025-09-29 02:00:00+00:00,2317.761837
2025-09-29 03:00:00+00:00,2379.073802
2025-09-29 04:00:00+00:00,2414.472034
2025-09-29 05:00:00+00:00,2273.553824
2025-09-29 06:00:00+00:00,2490.055389
2025-09-29 07:00:00+00:00,2676.748275
2025-09-29 08:00:00+00:00,2654.822255
2025-09-29 09:00:00+00:00,2722.528688
2025-09-29 10:00:00+00:00,2619.473523
2025-09-29 11:00:00+00:00,2678.666004
2025-09-29 12:00:00+00:00,2683.406252
2025-09-29 13:00:00+00:00,2602.828647
2025-09-29 14:00:00+00:00,2675.674069
2025-09-29 15:00:00+00:00,2674.344067
2025-09-29 16:00:00+00:00,2629.019793
2025-09-29 17:00:00+00:00,2534.348145
2025-09-29 18:00:00+00:00,2542.197762
2025-09-29 19:00:00+00:00,2628.441556
2025-09-29 20:00:00+00:00,2609.711903
2025-09-29 21:00:00+00:00,2749.309726
2025-09-29 22:00:00+00:00,2633.883114
2025-09-29 23:00:00+00:00,2538.426562
2025-09-30 00:00:00+00:00,2419.876549
2025-09-30 01:00:00+00:00,2399.118016
2025-09-30 02:00:00+00:00,2423.219810
2025-09-30 03:00:00+00:00,2216.756722
2025-09-30 04:00:00+00:00,2355.558685
2025-09-30 05:00:00+00:00,2419.318854
2025-09-30 06:00:00+00:00,2341.640445
2025-09-30 07:00:00+00:00,2589.030269
2025-09-30 08:00:00+00:00,2596.715132
2025-09-30 09:00:00+00:00,2657.713651
2025-09-30 10:00:00+00:00,2589.293756
2025-09-30 11:00:00+00:00,2629.072316
2025-09-30 12:00:00+00:00,2672.775780
2025-09-30 13:00:00+00:00,2700.410346
2025-09-30 14:00:00+00:00,2615.680209
2025-09-30 15:00:00+00:00,2677.090557
2025-09-30 16:00:00+00:00,2689.898200
2025-09-30 17:00:00+00:00,2563.934391
2025-09-30 18:00:00+00:00,2555.373960
2025-09-30 19:00:00+00:00,2716.693897
2025-09-30 20:00:00+00:00,2666.755498
2025-09-30 21:00:00+00:00,2587.511250
2025-09-30 22:00:00+00:00,2604.172497
2025-09-30 23:00:00+00:00,2397.820540
2025-10-01 00:00:00+00:00,2461.099287
2025-10-01 01:00:00+00:00,2401.160944
2025-10-01 02:00:00+00:00,2333.621339
2025-10-01 03:00:00+00:00,2423.969336
2025-10-01 04:00:00+00:00,2340.835729
2025-10-01 05:00:00+00:00,2453.374391
2025-10-01 06:00:00+00:00,2504.182585
2025-10-01 07:00:00+00:00,2764.380114
2025-10-01 08:00:00+00:00,2568.968650
2025-10-01 09:00:00+00:00,2639.537231
2025-10-01 10:00:00+00:00,2575.130922
2025-10-01 11:00:00+00:00,2645.085616
2025-10-01 12:00:00+00:00,2579.068542
2025-10-01 13:00:00+00:00,2634.961415
2025-10-01 14:00:00+00:00,2691.630501
2025-10-01 15:00:00+00:00,2657.980644
2025-10-01 16:00:00+00:00,2707.054507
2025-10-01 17:00:00+00:00,2588.800022
2025-10-01 18:00:00+00:00,2603.854032
2025-10-01 19:00:00+00:00,2664.685654
2025-10-01 20:00:00+00:00,2714.533106
2025-10-01 21:00:00+00:00,2727.645704
2025-10-01 22:00:00+00:00,2583.144278
2025-10-01 23:00:00+00:00,2352.430137
2025-10-02 00:00:00+00:00,2383.184683
2025-10-02 01:00:00+00:00,2372.149451
2025-10-02 02:00:00+00:00,2412.858702
2025-10-02 03:00:00+00:00,2432.981624
2025-10-02 04:00:00+00:00,2383.513573
2025-10-02 05:00:00+00:00,2366.415918
2025-10-02 06:00:00+00:00,2388.201200
2025-10-02 07:00:00+00:00,2612.033263
2025-10-02 08:00:00+00:00,2705.968989
2025-10-02 09:00:00+00:00,2572.017634
2025-10-02 10:00:00+00:00,2664.660958
2025-10-02 11:00:00+00:00,2732.072335
2025-10-02 12:00:00+00:00,2602.775582
2025-10-02 13:00:00+00:00,2647.878724
2025-10-02 14:00:00+00:00,2574.196479
2025-10-02 15:00:00+00:00,2590.475820
2025-10-02 16:00:00+00:00,2833.976557
2025-10-02 17:00:00+00:00,2671.189417
2025-10-02 18:00:00+00:00,2672.027140
2025-10-02 19:00:00+00:00,2815.312674
2025-10-02 20:00:00+00:00,2596.364160
2025-10-02 21:00:00+00:00,2808.354442
2025-10-02 22:00:00+00:00,2647.610026
2025-10-02 23:00:00+00:00,2422.366533
2025-10-03 00:00:00+00:00,2352.047600
2025-10-03 01:00:00+00:00,2459.134780
2025-10-03 02:00:00+00:00,2395.220741
2025-10-03 03:00:00+00:00,2398.824293
2025-10-03 04:00:00+00:00,2326.146589
2025-10-03 05:00:00+00:00,2387.475878
2025-10-03 06:00:00+00:00,2229.442451
2025-10-03 07:00:00+00:00,2598.594087
2025-10-03 08:00:00+00:00,2671.625735
2025-10-03 09:00:00+00:00,2647.139050
2025-10-03 10:00:00+00:00,2576.720456
2025-10-03 11:00:00+00:00,2670.516414
2025-10-03 12:00:00+00:00,2613.537141
2025-10-03 13:00:00+00:00,2593.064144
2025-10-03 14:00:00+00:00,2705.341193
2025-10-03 15:00:00+00:00,2658.048931
2025-10-03 16:00:00+00:00,2708.706739
2025-10-03 17:00:00+00:00,2647.008926
2025-10-03 18:00:00+00:00,2678.141016
2025-10-03 19:00:00+00:00,2827.352342
2025-10-03 20:00:00+00:00,2642.559523
2025-10-03 21:00:00+00:00,2699.161138
2025-10-03 22:00:00+00:00,2743.399320
2025-10-03 23:00:00+00:00,2368.284432
2025-10-04 00:00:00+00:00,2161.657971
2025-10-04 01:00:00+00:00,2102.506544
2025-10-04 02:00:00+00:00,2102.439612
2025-10-04 03:00:00+00:00,2170.927704
2025-10-04 04:00:00+00:00,2019.698843
2025-10-04 05:00:00+00:00,2139.881132
2025-10-04 06:00:00+00:00,2113.495968
2025-10-04 07:00:00+00:00,2378.178903
2025-10-04 08:00:00+00:00,2342.068038
2025-10-04 09:00:00+00:00,2306.865114
2025-10-04 10:00:00+00:00,2327.598910
2025-10-04 11:00:00+00:00,2314.874545
2025-10-04 12:00:00+00:00,2327.485636
2025-10-04 13:00:00+00:00,2325.508978
2025-10-04 14:00:00+00:00,2380.619698
2025-10-04 15:00:00+00:00,2330.797944
2025-10-04 16:00:00+00:00,2320.540120
2025-10-04 17:00:00+00:00,2287.012664
2025-10-04 18:00:00+00:00,2339.030773
2025-10-04 19:00:00+00:00,2303.244820
2025-10-04 20:00:00+00:00,2339.892742
2025-10-04 21:00:00+00:00,2415.211558
2025-10-04 22:00:00+00:00,2324.892282
2025-10-04 23:00:00+00:00,2085.436333
2025-10-05 00:00:00+00:00,2105.589781
2025-10-05 01:00:00+00:00,2096.087882
2025-10-05 02:00:00+00:00,2099.892663
2025-10-05 03:00:00+00:00,2039.865574
2025-10-05 04:00:00+00:00,2086.225751
2025-10-05 05:00:00+00:00,2107.570249
2025-10-05 06:00:00+00:00,2074.834107
2025-10-05 07:00:00+00:00,2312.890068
2025-10-05 08:00:00+00:00,2351.285552
2025-10-05 09:00:00+00:00,2322.632113
2025-10-05 10:00:00+00:00,2521.977686
2025-10-05 11:00:00+00:00,2375.379466
2025-10-05 12:00:00+00:00,2287.023363
2025-10-05 13:00:00+00:00,2408.912393
2025-10-05 14:00:00+00:00,2247.050148
2025-10-05 15:00:00+00:00,2413.615182
2025-10-05 16:00:00+00:00,2394.504181
2025-10-05 17:00:00+00:00,2364.534365
2025-10-05 18:00:00+00:00,2420.415179
2025-10-05 19:00:00+00:00,2360.274174
2025-10-05 20:00:00+00:00,2366.091361
2025-10-05 21:00:00+00:00,2297.398784
2025-10-05 22:00:00+00:00,2343.308133
2025-10-05 23:00:00+00:00,2197.367907
2025-10-06 00:00:00+00:00,2361.801134
2025-10-06 01:00:00+00:00,2433.745231
2025-10-06 02:00:00+00:00,2488.169064
2025-10-06 03:00:00+00:00,2448.876467
2025-10-06 04:00:00+00:00,2233.709505
2025-10-06 05:00:00+00:00,2354.904030
2025-10-06 06:00:00+00:00,2476.889734
2025-10-06 07:00:00+00:00,2770.836889
2025-10-06 08:00:00+00:00,2575.428532
2025-10-06 09:00:00+00:00,2574.024287
2025-10-06 10:00:00+00:00,2639.544174
2025-10-06 11:00:00+00:00,2796.221727
2025-10-06 12:00:00+00:00,2742.949333
2025-10-06 13:00:00+00:00,2692.514227
2025-10-06 14:00:00+00:00,2676.677657
2025-10-06 15:00:00+00:00,2726.448714
2025-10-06 16:00:00+00:00,2655.557237
2025-10-06 17:00:00+00:00,2651.727909
2025-10-06 18:00:00+00:00,2683.357960
2025-10-06 19:00:00+00:00,2629.136933
2025-10-06 20:00:00+00:00,2691.616827
2025-10-06 21:00:00+00:00,2687.536236
2025-10-06 22:00:00+00:00,2724.456965
2025-10-06 23:00:00+00:00,2399.684811
2025-10-07 00:00:00+00:00,2404.396054
2025-10-07 01:00:00+00:00,2448.660075
2025-10-07 02:00:00+00:00,2335.051142
2025-10-07 03:00:00+00:00,2348.476439
2025-10-07 04:00:00+00:00,2504.313696
2025-10-07 05:00:00+00:00,2355.082437
2025-10-07 06:00:00+00:00,2298.236348
2025-10-07 07:00:00+00:00,2790.985572
2025-10-07 08:00:00+00:00,2661.184851
2025-10-07 09:00:00+00:00,2621.576576
2025-10-07 10:00:00+00:00,2795.123980
2025-10-07 11:00:00+00:00,2580.605013
2025-10-07 12:00:00+00:00,2587.002567
2025-10-07 13:00:00+00:00,2616.918513
2025-10-07 14:00:00+00:00,2596.338771
2025-10-07 15:00:00+00:00,2583.096561
2025-10-07 16:00:00+00:00,2633.375458
2025-10-07 17:00:00+00:00,2664.653018
2025-10-07 18:00:00+00:00,2704.766377
2025-10-07 19:00:00+00:00,2685.809547
2025-10-07 20:00:00+00:00,2701.469730
2025-10-07 21:00:00+00:00,2554.509361
2025-10-07 22:00:00+00:00,2696.555820
2025-10-07 23:00:00+00:00,2306.525322
2025-10-08 00:00:00+00:00,2410.733684
2025-10-08 01:00:00+00:00,2410.116620
2025-10-08 02:00:00+00:00,2314.078790
2025-10-08 03:00:00+00:00,2364.938966
2025-10-08 04:00:00+00:00,2371.772375
2025-10-08 05:00:00+00:00,2355.066818
2025-10-08 06:00:00+00:00,2251.436420
2025-10-08 07:00:00+00:00,2666.764421
2025-10-08 08:00:00+00:00,2698.353450
2025-10-08 09:00:00+00:00,2651.986372
2025-10-08 10:00:00+00:00,2697.525329
2025-10-08 11:00:00+00:00,2700.825576
2025-10-08 12:00:00+00:00,2677.947637
2025-10-08 13:00:00+00:00,2600.119157
2025-10-08 14:00:00+00:00,2746.080538
2025-10-08 15:00:00+00:00,2597.962699
2025-10-08 16:00:00+00:00,2733.616714
2025-10-08 17:00:00+00:00,2804.469791
2025-10-08 18:00:00+00:00,2669.933352
2025-10-08 19:00:00+00:00,2677.074479
2025-10-08 20:00:00+00:00,2757.824877
2025-10-08 21:00:00+00:00,2619.519791
2025-10-08 22:00:00+00:00,2637.395564
2025-10-08 23:00:00+00:00,2467.155790
2025-10-09 00:00:00+00:00,2246.457945
2025-10-09 01:00:00+00:00,2325.530053
2025-10-09 02:00:00+00:00,2462.974383
2025-10-09 03:00:00+00:00,2530.016691
2025-10-09 04:00:00+00:00,2409.962252
2025-10-09 05:00:00+00:00,2458.656791
2025-10-09 06:00:00+00:00,2323.228155
2025-10-09 07:00:00+00:00,2760.697151
2025-10-09 08:00:00+00:00,2820.254042
2025-10-09 09:00:00+00:00,2582.856664
2025-10-09 10:00:00+00:00,2645.881455
2025-10-09 11:00:00+00:00,2680.754854
2025-10-09 12:00:00+00:00,2663.181892
2025-10-09 13:00:00+00:00,2566.327915
2025-10-09 14:00:00+00:00,2669.971827
2025-10-09 15:00:00+00:00,2567.614095
2025-10-09 16:00:00+00:00,2692.667784
2025-10-09 17:00:00+00:00,2624.902174
2025-10-09 18:00:00+00:00,2687.816073
2025-10-09 19:00:00+00:00,2604.585823
2025-10-09 20:00:00+00:00,2780.322484
2025-10-09 21:00:00+00:00,2652.110249
2025-10-09 22:00:00+00:00,2635.877040
2025-10-09 23:00:00+00:00,2335.234726
2025-10-10 00:00:00+00:00,2346.145608
2025-10-10 01:00:00+00:00,2368.632446
2025-10-10 02:00:00+00:00,2383.754849
2025-10-10 03:00:00+00:00,2462.057869
2025-10-10 04:00:00+00:00,2421.154751
2025-10-10 05:00:00+00:00,2345.918375
2025-10-10 06:00:00+00:00,2396.500550
2025-10-10 07:00:00+00:00,2658.519182
2025-10-10 08:00:00+00:00,2681.989041
2025-10-10 09:00:00+00:00,2572.309728
2025-10-10 10:00:00+00:00,2641.615608
2025-10-10 11:00:00+00:00,2608.330001
2025-10-10 12:00:00+00:00,2666.150642
2025-10-10 13:00:00+00:00,2730.630562
2025-10-10 14:00:00+00:00,2575.826290
2025-10-10 15:00:00+00:00,2692.276292
2025-10-10 16:00:00+00:00,2737.081308
2025-10-10 17:00:00+00:00,2711.901207
2025-10-10 18:00:00+00:00,2775.791948
2025-10-10 19:00:00+00:00,2631.203100
2025-10-10 20:00:00+00:00,2772.097012
2025-10-10 21:00:00+00:00,2693.526776
2025-10-10 22:00:00+00:00,2783.704132
2025-10-10 23:00:00+00:00,2449.159735
2025-10-11 00:00:00+00:00,2110.972809
2025-10-11 01:00:00+00:00,2096.300911
2025-10-11 02:00:00+00:00,2111.991215
2025-10-11 03:00:00+00:00,2046.857940
2025-10-11 04:00:00+00:00,2113.355631
2025-10-11 05:00:00+00:00,2086.055900
2025-10-11 06:00:00+00:00,2126.282634
2025-10-11 07:00:00+00:00,2374.389237
2025-10-11 08:00:00+00:00,2460.536189
2025-10-11 09:00:00+00:00,2377.543772
2025-10-11 10:00:00+00:00,2447.664604
2025-10-11 11:00:00+00:00,2348.704371
2025-10-11 12:00:00+00:00,2288.225514
2025-10-11 13:00:00+00:00,2318.295406
2025-10-11 14:00:00+00:00,2344.240196
2025-10-11 15:00:00+00:00,2428.944723
2025-10-11 16:00:00+00:00,2290.713170
2025-10-11 17:00:00+00:00,2452.493144
2025-10-11 18:00:00+00:00,2270.297150
2025-10-11 19:00:00+00:00,2339.891512
2025-10-11 20:00:00+00:00,2313.980907
2025-10-11 21:00:00+00:00,2352.044014
2025-10-11 22:00:00+00:00,2384.521098
2025-10-11 23:00:00+00:00,2112.601153
2025-10-12 00:00:00+00:00,2136.554124
2025-10-12 01:00:00+00:00,2161.745708
2025-10-12 02:00:00+00:00,2114.460277
2025-10-12 03:00:00+00:00,2092.930269
2025-10-12 04:00:00+00:00,2057.274793
2025-10-12 05:00:00+00:00,2167.133512
2025-10-12 06:00:00+00:00,2142.533090
2025-10-12 07:00:00+00:00,2397.353479
2025-10-12 08:00:00+00:00,2531.486356
2025-10-12 09:00:00+00:00,2390.954302
2025-10-12 10:00:00+00:00,2242.875699
2025-10-12 11:00:00+00:00,2352.367734
2025-10-12 12:00:00+00:00,2364.129808
2025-10-12 13:00:00+00:00,2381.481201
2025-10-12 14:00:00+00:00,2471.629538
2025-10-12 15:00:00+00:00,2318.235608
2025-10-12 16:00:00+00:00,2360.369804
2025-10-12 17:00:00+00:00,2430.384865
2025-10-12 18:00:00+00:00,2320.214080
2025-10-12 19:00:00+00:00,2392.323329
2025-10-12 20:00:00+00:00,2441.973609
2025-10-12 21:00:00+00:00,2379.518297
2025-10-12 22:00:00+00:00,2203.531041
2025-10-12 23:00:00+00:00,2075.253269
2025-10-13 00:00:00+00:00,2490.946985
2025-10-13 01:00:00+00:00,2291.402227
2025-10-13 02:00:00+00:00,2304.061025
2025-10-13 03:00:00+00:00,2356.844721
2025-10-13 04:00:00+00:00,2337.179385
2025-10-13 05:00:00+00:00,2387.766188
2025-10-13 06:00:00+00:00,2336.737337
2025-10-13 07:00:00+00:00,2715.544130
2025-10-13 08:00:00+00:00,2648.416361
2025-10-13 09:00:00+00:00,2744.509594
2025-10-13 10:00:00+00:00,2763.191783
2025-10-13 11:00:00+00:00,2659.761842
2025-10-13 12:00:00+00:00,2664.916025
2025-10-13 13:00:00+00:00,2652.863086
2025-10-13 14:00:00+00:00,2795.324754
2025-10-13 15:00:00+00:00,2555.807407
2025-10-13 16:00:00+00:00,2788.795997
2025-10-13 17:00:00+00:00,2689.769590
2025-10-13 18:00:00+00:00,2667.631869
2025-10-13 19:00:00+00:00,2588.798086
2025-10-13 20:00:00+00:00,2758.549318
2025-10-13 21:00:00+00:00,2703.185888
2025-10-13 22:00:00+00:00,2691.431443
2025-10-13 23:00:00+00:00,2415.579096
2025-10-14 00:00:00+00:00,2422.621293
2025-10-14 01:00:00+00:00,2432.431312
2025-10-14 02:00:00+00:00,2378.453152
2025-10-14 03:00:00+00:00,2352.255010
2025-10-14 04:00:00+00:00,2388.133965
2025-10-14 05:00:00+00:00,2440.986670
2025-10-14 06:00:00+00:00,2377.531946
2025-10-14 07:00:00+00:00,2751.327853
2025-10-14 08:00:00+00:00,2700.934457
2025-10-14 09:00:00+00:00,2620.644565
2025-10-14 10:00:00+00:00,2679.580217
2025-10-14 11:00:00+00:00,2633.762051
2025-10-14 12:00:00+00:00,2711.013293
2025-10-14 13:00:00+00:00,2652.752762
2025-10-14 14:00:00+00:00,2751.943783
2025-10-14 15:00:00+00:00,2631.824978
2025-10-14 16:00:00+00:00,2755.382342
2025-10-14 17:00:00+00:00,2672.364713
2025-10-14 18:00:00+00:00,2585.543771
2025-10-14 19:00:00+00:00,2636.152800
2025-10-14 20:00:00+00:00,2772.563471
2025-10-14 21:00:00+00:00,2616.711822
2025-10-14 22:00:00+00:00,2668.018799
2025-10-14 23:00:00+00:00,2295.356052
2025-10-15 00:00:00+00:00,2405.947733
2025-10-15 01:00:00+00:00,2425.713190
2025-10-15 02:00:00+00:00,2430.010908
2025-10-15 03:00:00+00:00,2370.464252
2025-10-15 04:00:00+00:00,2460.963371
2025-10-15 05:00:00+00:00,2440.118944
2025-10-15 06:00:00+00:00,2426.533489
2025-10-15 07:00:00+00:00,2745.643401
2025-10-15 08:00:00+00:00,2662.171068
2025-10-15 09:00:00+00:00,2671.933899
2025-10-15 10:00:00+00:00,2723.309568
2025-10-15 11:00:00+00:00,2646.157315
2025-10-15 12:00:00+00:00,2706.627520
2025-10-15 13:00:00+00:00,2705.650725
2025-10-15 14:00:00+00:00,2793.117793
2025-10-15 15:00:00+00:00,2615.322074
2025-10-15 16:00:00+00:00,2665.507927
2025-10-15 17:00:00+00:00,2689.394857
2025-10-15 18:00:00+00:00,2721.330088
2025-10-15 19:00:00+00:00,2761.331606
2025-10-15 20:00:00+00:00,2846.551657
2025-10-15 21:00:00+00:00,2708.254441
2025-10-15 22:00:00+00:00,2641.190560
2025-10-15 23:00:00+00:00,2364.634863
2025-10-16 00:00:00+00:00,2473.342214
2025-10-16 01:00:00+00:00,2426.695671
2025-10-16 02:00:00+00:00,2468.337811
2025-10-16 03:00:00+00:00,2339.097762
2025-10-16 04:00:00+00:00,2350.887332
2025-10-16 05:00:00+00:00,2420.814993
2025-10-16 06:00:00+00:00,2487.759662
2025-10-16 07:00:00+00:00,2620.450831
2025-10-16 08:00:00+00:00,2695.186203
2025-10-16 09:00:00+00:00,2709.007919
2025-10-16 10:00:00+00:00,2678.628215
2025-10-16 11:00:00+00:00,2690.185740
2025-10-16 12:00:00+00:00,2579.923160
2025-10-16 13:00:00+00:00,2634.836005
2025-10-16 14:00:00+00:00,2733.585253
2025-10-16 15:00:00+00:00,2743.218576
2025-10-16 16:00:00+00:00,2617.484853
2025-10-16 17:00:00+00:00,2595.546561
2025-10-16 18:00:00+00:00,2679.932885
2025-10-16 19:00:00+00:00,2739.934150
2025-10-16 20:00:00+00:00,2684.881493
2025-10-16 21:00:00+00:00,2606.786384
2025-10-16 22:00:00+00:00,2633.370256
2025-10-16 23:00:00+00:00,2511.150186
2025-10-17 00:00:00+00:00,2431.954417
2025-10-17 01:00:00+00:00,2364.312624
2025-10-17 02:00:00+00:00,2423.073531
2025-10-17 03:00:00+00:00,2560.083730
2025-10-17 04:00:00+00:00,2350.220365
2025-10-17 05:00:00+00:00,2286.307221
2025-10-17 06:00:00+00:00,2381.282221
2025-10-17 07:00:00+00:00,2745.836633
2025-10-17 08:00:00+00:00,2682.538796
2025-10-17 09:00:00+00:00,2655.563527
2025-10-17 10:00:00+00:00,2633.216035
2025-10-17 11:00:00+00:00,2612.775364
2025-10-17 12:00:00+00:00,2616.308849
2025-10-17 13:00:00+00:00,2698.472680
2025-10-17 14:00:00+00:00,2578.698846
2025-10-17 15:00:00+00:00,2594.610763
2025-10-17 16:00:00+00:00,2651.546188
2025-10-17 17:00:00+00:00,2731.190574
2025-10-17 18:00:00+00:00,2719.878220
2025-10-17 19:00:00+00:00,2618.802142
2025-10-17 20:00:00+00:00,2700.368975
2025-10-17 21:00:00+00:00,2642.788399
2025-10-17 22:00:00+00:00,2789.575630
2025-10-17 23:00:00+00:00,2370.281564
2025-10-18 00:00:00+00:00,2058.128205
2025-10-18 01:00:00+00:00,2129.164536
2025-10-18 02:00:00+00:00,2097.766691
2025-10-18 03:00:00+00:00,2046.726268
2025-10-18 04:00:00+00:00,2289.841169
2025-10-18 05:00:00+00:00,2109.368203
2025-10-18 06:00:00+00:00,2029.684656
2025-10-18 07:00:00+00:00,2215.050045
2025-10-18 08:00:00+00:00,2433.819367
2025-10-18 09:00:00+00:00,2493.190260
2025-10-18 10:00:00+00:00,2405.330244
2025-10-18 11:00:00+00:00,2334.379723
2025-10-18 12:00:00+00:00,2412.135582
2025-10-18 13:00:00+00:00,2324.107123
2025-10-18 14:00:00+00:00,2474.557684
2025-10-18 15:00:00+00:00,2297.331556
2025-10-18 16:00:00+00:00,2394.966458
2025-10-18 17:00:00+00:00,2478.998038
2025-10-18 18:00:00+00:00,2433.526915
2025-10-18 19:00:00+00:00,2388.546759
2025-10-18 20:00:00+00:00,2362.081639
2025-10-18 21:00:00+00:00,2404.261070
2025-10-18 22:00:00+00:00,2322.332680
2025-10-18 23:00:00+00:00,2122.034047
2025-10-19 00:00:00+00:00,2145.294677
2025-10-19 01:00:00+00:00,1968.948658
2025-10-19 02:00:00+00:00,2070.582054
2025-10-19 03:00:00+00:00,2172.648960
2025-10-19 04:00:00+00:00,2247.222066
2025-10-19 05:00:00+00:00,2056.985274
2025-10-19 06:00:00+00:00,2104.224693
2025-10-19 07:00:00+00:00,2464.798961
2025-10-19 08:00:00+00:00,2300.569687
2025-10-19 09:00:00+00:00,2415.522532
2025-10-19 10:00:00+00:00,2494.362808
2025-10-19 11:00:00+00:00,2450.658541
2025-10-19 12:00:00+00:00,2367.905745
2025-10-19 13:00:00+00:00,2410.921658
2025-10-19 14:00:00+00:00,2338.745011
2025-10-19 15:00:00+00:00,2409.898550
2025-10-19 16:00:00+00:00,2344.366205
2025-10-19 17:00:00+00:00,2507.954382
2025-10-19 18:00:00+00:00,2469.733474
2025-10-19 19:00:00+00:00,2472.089613
2025-10-19 20:00:00+00:00,2374.135620
2025-10-19 21:00:00+00:00,2325.147186
2025-10-19 22:00:00+00:00,2305.130305
2025-10-19 23:00:00+00:00,2198.941086
2025-10-20 00:00:00+00:00,2368.507627
2025-10-20 01:00:00+00:00,2404.817115
2025-10-20 02:00:00+00:00,2401.104010
2025-10-20 03:00:00+00:00,2431.642838
2025-10-20 04:00:00+00:00,2281.214461
2025-10-20 05:00:00+00:00,2301.713617
2025-10-20 06:00:00+00:00,2527.524196
2025-10-20 07:00:00+00:00,2771.327328
2025-10-20 08:00:00+00:00,2749.435922
2025-10-20 09:00:00+00:00,2760.617803
2025-10-20 10:00:00+00:00,2648.971518
2025-10-20 11:00:00+00:00,2608.476546
2025-10-20 12:00:00+00:00,2696.602931
2025-10-20 13:00:00+00:00,2649.555372
2025-10-20 14:00:00+00:00,2685.883042
2025-10-20 15:00:00+00:00,2727.155499
2025-10-20 16:00:00+00:00,2696.623902
2025-10-20 17:00:00+00:00,2660.088847
2025-10-20 18:00:00+00:00,2648.464473
2025-10-20 19:00:00+00:00,2646.455275
2025-10-20 20:00:00+00:00,2850.903269
2025-10-20 21:00:00+00:00,2831.729229
2025-10-20 22:00:00+00:00,2652.681444
2025-10-20 23:00:00+00:00,2353.775556
2025-10-21 00:00:00+00:00,2443.460447
2025-10-21 01:00:00+00:00,2388.191683
2025-10-21 02:00:00+00:00,2376.039229
2025-10-21 03:00:00+00:00,2417.812417
2025-10-21 04:00:00+00:00,2398.945219
2025-10-21 05:00:00+00:00,2406.984003
2025-10-21 06:00:00+00:00,2478.849832
2025-10-21 07:00:00+00:00,2681.384181
2025-10-21 08:00:00+00:00,2587.555426
2025-10-21 09:00:00+00:00,2793.341982
2025-10-21 10:00:00+00:00,2817.277909
2025-10-21 11:00:00+00:00,2672.201398
2025-10-21 12:00:00+00:00,2588.245587
2025-10-21 13:00:00+00:00,2786.231866
2025-10-21 14:00:00+00:00,2655.741666
2025-10-21 15:00:00+00:00,2748.474747
2025-10-21 16:00:00+00:00,2735.884584
2025-10-21 17:00:00+00:00,2674.571800
2025-10-21 18:00:00+00:00,2744.616852
2025-10-21 19:00:00+00:00,2711.915990
2025-10-21 20:00:00+00:00,2609.213635
2025-10-21 21:00:00+00:00,2702.005952
2025-10-21 22:00:00+00:00,2742.831180
2025-10-21 23:00:00+00:00,2407.478906
2025-10-22 00:00:00+00:00,2391.179538
2025-10-22 01:00:00+00:00,2396.052935
2025-10-22 02:00:00+00:00,2353.268343
2025-10-22 03:00:00+00:00,2417.685536
2025-10-22 04:00:00+00:00,2403.211994
2025-10-22 05:00:00+00:00,2401.408218
2025-10-22 06:00:00+00:00,2412.494781
2025-10-22 07:00:00+00:00,2724.369435
2025-10-22 08:00:00+00:00,2765.629932
2025-10-22 09:00:00+00:00,2789.951439
2025-10-22 10:00:00+00:00,2695.715347
2025-10-22 11:00:00+00:00,2795.735195
2025-10-22 12:00:00+00:00,2650.198423
2025-10-22 13:00:00+00:00,2641.168252
2025-10-22 14:00:00+00:00,2741.635877
2025-10-22 15:00:00+00:00,2729.428743
2025-10-22 16:00:00+00:00,2662.146061
2025-10-22 17:00:00+00:00,2698.539242
2025-10-22 18:00:00+00:00,2663.521828
2025-10-22 19:00:00+00:00,2610.424592
2025-10-22 20:00:00+00:00,2716.669217
2025-10-22 21:00:00+00:00,2727.842126
2025-10-22 22:00:00+00:00,2700.024518
2025-10-22 23:00:00+00:00,2283.141705
2025-10-23 00:00:00+00:00,2535.489150
2025-10-23 01:00:00+00:00,2404.201007
2025-10-23 02:00:00+00:00,2298.984334
2025-10-23 03:00:00+00:00,2426.548545
2025-10-23 04:00:00+00:00,2426.818895
2025-10-23 05:00:00+00:00,2408.759624
2025-10-23 06:00:00+00:00,2540.068690
2025-10-23 07:00:00+00:00,2674.250960
2025-10-23 08:00:00+00:00,2715.686805
2025-10-23 09:00:00+00:00,2586.104649
2025-10-23 10:00:00+00:00,2666.461661
2025-10-23 11:00:00+00:00,2757.963825
2025-10-23 12:00:00+00:00,2574.631623
2025-10-23 13:00:00+00:00,2621.005207
2025-10-23 14:00:00+00:00,2597.586932
2025-10-23 15:00:00+00:00,2751.762658
2025-10-23 16:00:00+00:00,2720.457780
2025-10-23 17:00:00+00:00,2681.389511
2025-10-23 18:00:00+00:00,2666.746819
2025-10-23 19:00:00+00:00,2618.288462
2025-10-23 20:00:00+00:00,2686.334994
2025-10-23 21:00:00+00:00,2615.694430
2025-10-23 22:00:00+00:00,2704.208067
2025-10-23 23:00:00+00:00,2433.382529
2025-10-24 00:00:00+00:00,2422.808833
2025-10-24 01:00:00+00:00,2451.993633
2025-10-24 02:00:00+00:00,2415.279036
2025-10-24 03:00:00+00:00,2397.585102
2025-10-24 04:00:00+00:00,2464.837356
2025-10-24 05:00:00+00:00,2322.519461
2025-10-24 06:00:00+00:00,2527.792583
2025-10-24 07:00:00+00:00,2689.253963
2025-10-24 08:00:00+00:00,2714.561881
2025-10-24 09:00:00+00:00,2606.796024
2025-10-24 10:00:00+00:00,2696.737253
2025-10-24 11:00:00+00:00,2649.779591
2025-10-24 12:00:00+00:00,2676.851462
2025-10-24 13:00:00+00:00,2671.088351
2025-10-24 14:00:00+00:00,2676.956950
2025-10-24 15:00:00+00:00,2716.729931
2025-10-24 16:00:00+00:00,2701.317868
2025-10-24 17:00:00+00:00,2583.355097
2025-10-24 18:00:00+00:00,2679.341574
2025-10-24 19:00:00+00:00,2836.547547
2025-10-24 20:00:00+00:00,2728.285556
2025-10-24 21:00:00+00:00,2737.108925
2025-10-24 22:00:00+00:00,2637.787298
2025-10-24 23:00:00+00:00,2406.484218
2025-10-25 00:00:00+00:00,2152.894684
2025-10-25 01:00:00+00:00,2138.405551
2025-10-25 02:00:00+00:00,2108.589873
2025-10-25 03:00:00+00:00,2110.559376
2025-10-25 04:00:00+00:00,2191.512217
2025-10-25 05:00:00+00:00,2118.124614
2025-10-25 06:00:00+00:00,2160.179478
2025-10-25 07:00:00+00:00,2384.701539
2025-10-25 08:00:00+00:00,2478.629716
2025-10-25 09:00:00+00:00,2400.330888
2025-10-25 10:00:00+00:00,2359.227514
2025-10-25 11:00:00+00:00,2377.406392
2025-10-25 12:00:00+00:00,2450.657560
2025-10-25 13:00:00+00:00,2431.980861
2025-10-25 14:00:00+00:00,2258.637583
2025-10-25 15:00:00+00:00,2366.518002
2025-10-25 16:00:00+00:00,2269.382857
2025-10-25 17:00:00+00:00,2337.593412
2025-10-25 18:00:00+00:00,2360.990566
2025-10-25 19:00:00+00:00,2373.375468
2025-10-25 20:00:00+00:00,2391.727045
2025-10-25 21:00:00+00:00,2376.592140
2025-10-25 22:00:00+00:00,2361.267666
2025-10-25 23:00:00+00:00,2023.578516
2025-10-26 00:00:00+00:00,2065.004445
2025-10-26 01:00:00+00:00,2160.077576
2025-10-26 02:00:00+00:00,2191.931391
2025-10-26 03:00:00+00:00,2064.545657
2025-10-26 04:00:00+00:00,2219.734393
2025-10-26 05:00:00+00:00,2121.638538
2025-10-26 06:00:00+00:00,2074.386667
2025-10-26 07:00:00+00:00,2302.038944
2025-10-26 08:00:00+00:00,2296.804149
2025-10-26 09:00:00+00:00,2433.806645
2025-10-26 10:00:00+00:00,2369.491556
2025-10-26 11:00:00+00:00,2475.304461
2025-10-26 12:00:00+00:00,2324.639434
2025-10-26 13:00:00+00:00,2412.539759
2025-10-26 14:00:00+00:00,2342.099695
2025-10-26 15:00:00+00:00,2310.127325
2025-10-26 16:00:00+00:00,2331.511650
2025-10-26 17:00:00+00:00,2443.615309
2025-10-26 18:00:00+00:00,2374.621768
2025-10-26 19:00:00+00:00,2403.254948
2025-10-26 20:00:00+00:00,2353.539779
2025-10-26 21:00:00+00:00,2373.533241
2025-10-26 22:00:00+00:00,2427.051301
2025-10-26 23:00:00+00:00,2167.518336
2025-10-27 00:00:00+00:00,2444.177836
2025-10-27 01:00:00+00:00,2442.800317
2025-10-27 02:00:00+00:00,2397.163218
2025-10-27 03:00:00+00:00,2384.373169
2025-10-27 04:00:00+00:00,2388.204803
2025-10-27 05:00:00+00:00,2457.084309
2025-10-27 06:00:00+00:00,2302.275863
2025-10-27 07:00:00+00:00,2766.437497
2025-10-27 08:00:00+00:00,2761.643054
2025-10-27 09:00:00+00:00,2679.503817
2025-10-27 10:00:00+00:00,2871.791512
2025-10-27 11:00:00+00:00,2675.612640
2025-10-27 12:00:00+00:00,2681.942122
2025-10-27 13:00:00+00:00,2691.538408
2025-10-27 14:00:00+00:00,2747.715709
2025-10-27 15:00:00+00:00,2662.944134
2025-10-27 16:00:00+00:00,2813.821753
2025-10-27 17:00:00+00:00,2733.680600
2025-10-27 18:00:00+00:00,2727.266547
2025-10-27 19:00:00+00:00,2726.440723
2025-10-27 20:00:00+00:00,2664.774683
2025-10-27 21:00:00+00:00,2753.706068
2025-10-27 22:00:00+00:00,2697.658673
2025-10-27 23:00:00+00:00,2438.658681
2025-10-28 00:00:00+00:00,2454.507287
2025-10-28 01:00:00+00:00,2411.117076
2025-10-28 02:00:00+00:00,2493.643865
2025-10-28 03:00:00+00:00,2522.404863
2025-10-28 04:00:00+00:00,2585.914062
2025-10-28 05:00:00+00:00,2554.590769
2025-10-28 06:00:00+00:00,2460.704434
2025-10-28 07:00:00+00:00,2644.364341
2025-10-28 08:00:00+00:00,2753.672218
2025-10-28 09:00:00+00:00,2687.717790
2025-10-28 10:00:00+00:00,2750.659621
2025-10-28 11:00:00+00:00,2807.171445
2025-10-28 12:00:00+00:00,2729.632952
2025-10-28 13:00:00+00:00,2727.115400
2025-10-28 14:00:00+00:00,2694.988770
2025-10-28 15:00:00+00:00,2721.932255
2025-10-28 16:00:00+00:00,2811.415029
2025-10-28 17:00:00+00:00,2634.915948
2025-10-28 18:00:00+00:00,2532.607559
2025-10-28 19:00:00+00:00,2816.378782
2025-10-28 20:00:00+00:00,2759.361997
2025-10-28 21:00:00+00:00,2690.394626
2025-10-28 22:00:00+00:00,2756.671315
2025-10-28 23:00:00+00:00,2268.113515
2025-10-29 00:00:00+00:00,2455.641861
2025-10-29 01:00:00+00:00,2430.358908
2025-10-29 02:00:00+00:00,2422.479681
2025-10-29 03:00:00+00:00,2409.843801
2025-10-29 04:00:00+00:00,2503.798853
2025-10-29 05:00:00+00:00,2440.534817
2025-10-29 06:00:00+00:00,2331.793658
2025-10-29 07:00:00+00:00,2931.666661
2025-10-29 08:00:00+00:00,2583.793238
2025-10-29 09:00:00+00:00,2739.392854
2025-10-29 10:00:00+00:00,2701.005902
2025-10-29 11:00:00+00:00,2816.442859
2025-10-29 12:00:00+00:00,2619.500550
2025-10-29 13:00:00+00:00,2674.350075
2025-10-29 14:00:00+00:00,2681.683791
2025-10-29 15:00:00+00:00,2670.537502
2025-10-29 16:00:00+00:00,2688.582871
2025-10-29 17:00:00+00:00,2742.012610
2025-10-29 18:00:00+00:00,2804.013446
2025-10-29 19:00:00+00:00,2641.186959
2025-10-29 20:00:00+00:00,2604.104491
2025-10-29 21:00:00+00:00,2632.181026
2025-10-29 22:00:00+00:00,2643.387256
2025-10-29 23:00:00+00:00,2440.480918
2025-10-30 00:00:00+00:00,2423.695552
2025-10-30 01:00:00+00:00,2408.839141
2025-10-30 02:00:00+00:00,2442.817050
2025-10-30 03:00:00+00:00,2484.017659
2025-10-30 04:00:00+00:00,2372.585969
2025-10-30 05:00:00+00:00,2556.329038
2025-10-30 06:00:00+00:00,2465.461827
2025-10-30 07:00:00+00:00,2623.114083
2025-10-30 08:00:00+00:00,2559.252290
2025-10-30 09:00:00+00:00,2661.265248
2025-10-30 10:00:00+00:00,2771.766399
2025-10-30 11:00:00+00:00,2716.703498
2025-10-30 12:00:00+00:00,2654.148963
2025-10-30 13:00:00+00:00,2794.228781
2025-10-30 14:00:00+00:00,2794.626462
2025-10-30 15:00:00+00:00,2708.366176
2025-10-30 16:00:00+00:00,2819.553638
2025-10-30 17:00:00+00:00,2804.034458
2025-10-30 18:00:00+00:00,2648.415773
2025-10-30 19:00:00+00:00,2625.515872
2025-10-30 20:00:00+00:00,2653.695988
2025-10-30 21:00:00+00:00,2677.842605
2025-10-30 22:00:00+00:00,2731.339263
2025-10-30 23:00:00+00:00,2345.078155
2025-10-31 00:00:00+00:00,2422.906794
2025-10-31 01:00:00+00:00,2274.972573
2025-10-31 02:00:00+00:00,2514.131331
2025-10-31 03:00:00+00:00,2415.301439
2025-10-31 04:00:00+00:00,2494.320768
2025-10-31 05:00:00+00:00,2368.111028
2025-10-31 06:00:00+00:00,2307.968266
2025-10-31 07:00:00+00:00,2731.171127
2025-10-31 08:00:00+00:00,2702.262777
2025-10-31 09:00:00+00:00,2706.305522
2025-10-31 10:00:00+00:00,2730.204258
2025-10-31 11:00:00+00:00,2582.607225
2025-10-31 12:00:00+00:00,2628.481996
2025-10-31 13:00:00+00:00,2648.869403
2025-10-31 14:00:00+00:00,2600.645778
2025-10-31 15:00:00+00:00,2671.784689
2025-10-31 16:00:00+00:00,2732.414370
2025-10-31 17:00:00+00:00,2677.517309
2025-10-31 18:00:00+00:00,2608.737735
2025-10-31 19:00:00+00:00,2697.741634
2025-10-31 20:00:00+00:00,2732.232079
2025-10-31 21:00:00+00:00,2748.202647
2025-10-31 22:00:00+00:00,2798.341290
2025-10-31 23:00:00+00:00,2479.415578
2025-11-01 00:00:00+00:00,2074.562179
2025-11-01 01:00:00+00:00,2181.289913
2025-11-01 02:00:00+00:00,2224.904112
2025-11-01 03:00:00+00:00,2178.505705
2025-11-01 04:00:00+00:00,2131.640636
2025-11-01 05:00:00+00:00,2179.455438
2025-11-01 06:00:00+00:00,2134.254306
2025-11-01 07:00:00+00:00,2428.812153
2025-11-01 08:00:00+00:00,2345.101107
2025-11-01 09:00:00+00:00,2382.056046
2025-11-01 10:00:00+00:00,2429.293852
2025-11-01 11:00:00+00:00,2322.232420
2025-11-01 12:00:00+00:00,2432.067064
2025-11-01 13:00:00+00:00,2429.284809
2025-11-01 14:00:00+00:00,2495.892521
2025-11-01 15:00:00+00:00,2367.174309
2025-11-01 16:00:00+00:00,2399.812243
2025-11-01 17:00:00+00:00,2453.721212
2025-11-01 18:00:00+00:00,2440.985353
2025-11-01 19:00:00+00:00,2442.184398
2025-11-01 20:00:00+00:00,2374.836312
2025-11-01 21:00:00+00:00,2304.245800
2025-11-01 22:00:00+00:00,2409.374231
2025-11-01 23:00:00+00:00,2133.054591
2025-11-02 00:00:00+00:00,2131.131368
2025-11-02 01:00:00+00:00,2267.343207
2025-11-02 02:00:00+00:00,2109.336087
2025-11-02 03:00:00+00:00,2123.531355
2025-11-02 04:00:00+00:00,2097.223064
2025-11-02 05:00:00+00:00,2086.511213
2025-11-02 06:00:00+00:00,2130.127607
2025-11-02 07:00:00+00:00,2417.910312
2025-11-02 08:00:00+00:00,2426.481741
2025-11-02 09:00:00+00:00,2455.401027
2025-11-02 10:00:00+00:00,2368.929350
2025-11-02 11:00:00+00:00,2413.532883
2025-11-02 12:00:00+00:00,2432.875538
2025-11-02 13:00:00+00:00,2437.046786
2025-11-02 14:00:00+00:00,2429.971235
2025-11-02 15:00:00+00:00,2396.426091
2025-11-02 16:00:00+00:00,2451.654959
2025-11-02 17:00:00+00:00,2468.367735
2025-11-02 18:00:00+00:00,2450.008097
2025-11-02 19:00:00+00:00,2461.409919
2025-11-02 20:00:00+00:00,2327.767672
2025-11-02 21:00:00+00:00,2398.596584
2025-11-02 22:00:00+00:00,2431.435729
2025-11-02 23:00:00+00:00,2138.474363
2025-11-03 00:00:00+00:00,2392.354640
2025-11-03 01:00:00+00:00,2368.561892
2025-11-03 02:00:00+00:00,2401.721537
2025-11-03 03:00:00+00:00,2407.840245
2025-11-03 04:00:00+00:00,2486.720846
2025-11-03 05:00:00+00:00,2467.675060
2025-11-03 06:00:00+00:00,2368.493216
2025-11-03 07:00:00+00:00,2846.417645
2025-11-03 08:00:00+00:00,2680.412284
2025-11-03 09:00:00+00:00,2753.341235
2025-11-03 10:00:00+00:00,2663.041859
2025-11-03 11:00:00+00:00,2612.260418
2025-11-03 12:00:00+00:00,2628.181360
2025-11-03 13:00:00+00:00,2621.218566
2025-11-03 14:00:00+00:00,2715.362598
2025-11-03 15:00:00+00:00,2702.239357
2025-11-03 16:00:00+00:00,2800.194055
2025-11-03 17:00:00+00:00,2742.363103
2025-11-03 18:00:00+00:00,2714.655974
2025-11-03 19:00:00+00:00,2769.077727
2025-11-03 20:00:00+00:00,2727.184460
2025-11-03 21:00:00+00:00,2789.063449
2025-11-03 22:00:00+00:00,2662.097581
2025-11-03 23:00:00+00:00,2447.540967
2025-11-04 00:00:00+00:00,2372.019561
2025-11-04 01:00:00+00:00,2414.608186
2025-11-04 02:00:00+00:00,2341.477481
2025-11-04 03:00:00+00:00,2536.498735
2025-11-04 04:00:00+00:00,2357.783804
2025-11-04 05:00:00+00:00,2414.901715
2025-11-04 06:00:00+00:00,2438.055915
2025-11-04 07:00:00+00:00,2717.012272
2025-11-04 08:00:00+00:00,2700.068627
2025-11-04 09:00:00+00:00,2912.036671
2025-11-04 10:00:00+00:00,2715.242594
2025-11-04 11:00:00+00:00,2761.653922
2025-11-04 12:00:00+00:00,2704.540243
2025-11-04 13:00:00+00:00,2670.200609
2025-11-04 14:00:00+00:00,2731.609919
2025-11-04 15:00:00+00:00,2613.487082
2025-11-04 16:00:00+00:00,2788.023846
2025-11-04 17:00:00+00:00,2756.906241
2025-11-04 18:00:00+00:00,2671.602912
2025-11-04 19:00:00+00:00,2679.359453
2025-11-04 20:00:00+00:00,2679.500300
2025-11-04 21:00:00+00:00,2667.810091
2025-11-04 22:00:00+00:00,2803.352049
2025-11-04 23:00:00+00:00,2420.808232
2025-11-05 00:00:00+00:00,2417.923728
2025-11-05 01:00:00+00:00,2331.660717
2025-11-05 02:00:00+00:00,2366.681399
2025-11-05 03:00:00+00:00,2337.011483
2025-11-05 04:00:00+00:00,2444.450105
2025-11-05 05:00:00+00:00,2504.337102
2025-11-05 06:00:00+00:00,2398.477506
2025-11-05 07:00:00+00:00,2795.480272
2025-11-05 08:00:00+00:00,2669.202628
2025-11-05 09:00:00+00:00,2732.968310
2025-11-05 10:00:00+00:00,2744.407334
2025-11-05 11:00:00+00:00,2794.503871
2025-11-05 12:00:00+00:00,2704.597714
2025-11-05 13:00:00+00:00,2795.037888
2025-11-05 14:00:00+00:00,2729.811891
2025-11-05 15:00:00+00:00,2677.253586
2025-11-05 16:00:00+00:00,2658.088999
2025-11-05 17:00:00+00:00,2727.905836
2025-11-05 18:00:00+00:00,2862.378781
2025-11-05 19:00:00+00:00,2797.077094
2025-11-05 20:00:00+00:00,2723.835393
2025-11-05 21:00:00+00:00,2669.061890
2025-11-05 22:00:00+00:00,2722.477333
2025-11-05 23:00:00+00:00,2460.935447
2025-11-06 00:00:00+00:00,2447.002061
2025-11-06 01:00:00+00:00,2462.456027
2025-11-06 02:00:00+00:00,2487.314105
2025-11-06 03:00:00+00:00,2521.641510
2025-11-06 04:00:00+00:00,2466.305794
2025-11-06 05:00:00+00:00,2361.160249
2025-11-06 06:00:00+00:00,2421.777214
2025-11-06 07:00:00+00:00,2802.314792
2025-11-06 08:00:00+00:00,2680.470840
2025-11-06 09:00:00+00:00,2822.155331
2025-11-06 10:00:00+00:00,2742.071039
2025-11-06 11:00:00+00:00,2662.276194
2025-11-06 12:00:00+00:00,2741.123144
2025-11-06 13:00:00+00:00,2760.581696
2025-11-06 14:00:00+00:00,2646.076360
2025-11-06 15:00:00+00:00,2669.167757
2025-11-06 16:00:00+00:00,2726.278767
2025-11-06 17:00:00+00:00,2805.117072
2025-11-06 18:00:00+00:00,2794.596749
2025-11-06 19:00:00+00:00,2809.928304
2025-11-06 20:00:00+00:00,2713.371729
2025-11-06 21:00:00+00:00,2671.242613
2025-11-06 22:00:00+00:00,2628.091902
2025-11-06 23:00:00+00:00,2455.930010
2025-11-07 00:00:00+00:00,2414.458195
2025-11-07 01:00:00+00:00,2342.535776
2025-11-07 02:00:00+00:00,2388.931630
2025-11-07 03:00:00+00:00,2394.086315
2025-11-07 04:00:00+00:00,2386.967124
2025-11-07 05:00:00+00:00,2384.359131
2025-11-07 06:00:00+00:00,2424.340863
2025-11-07 07:00:00+00:00,2795.094986
2025-11-07 08:00:00+00:00,2753.253365
2025-11-07 09:00:00+00:00,2735.355771
2025-11-07 10:00:00+00:00,2781.355110
2025-11-07 11:00:00+00:00,2583.281438
2025-11-07 12:00:00+00:00,2877.452903
2025-11-07 13:00:00+00:00,2721.455670
2025-11-07 14:00:00+00:00,2583.266355
2025-11-07 15:00:00+00:00,2680.818851
2025-11-07 16:00:00+00:00,2639.847538
2025-11-07 17:00:00+00:00,2737.580855
2025-11-07 18:00:00+00:00,2659.352764
2025-11-07 19:00:00+00:00,2633.295642
2025-11-07 20:00:00+00:00,2775.994398
2025-11-07 21:00:00+00:00,2766.296191
2025-11-07 22:00:00+00:00,2610.743279
2025-11-07 23:00:00+00:00,2402.927587
2025-11-08 00:00:00+00:00,2256.036602
2025-11-08 01:00:00+00:00,2153.472046
2025-11-08 02:00:00+00:00,2125.425984
2025-11-08 03:00:00+00:00,2156.037274
2025-11-08 04:00:00+00:00,2137.383857
2025-11-08 05:00:00+00:00,2081.924290
2025-11-08 06:00:00+00:00,2198.209486
2025-11-08 07:00:00+00:00,2421.492558
2025-11-08 08:00:00+00:00,2345.629690
2025-11-08 09:00:00+00:00,2496.793158
2025-11-08 10:00:00+00:00,2418.067805
2025-11-08 11:00:00+00:00,2366.264889
2025-11-08 12:00:00+00:00,2423.755294
2025-11-08 13:00:00+00:00,2481.369777
2025-11-08 14:00:00+00:00,2353.266532
2025-11-08 15:00:00+00:00,2483.773393
2025-11-08 16:00:00+00:00,2340.459688
2025-11-08 17:00:00+00:00,2473.239843
2025-11-08 18:00:00+00:00,2323.650036
2025-11-08 19:00:00+00:00,2523.696528
2025-11-08 20:00:00+00:00,2390.370211
2025-11-08 21:00:00+00:00,2296.003174
2025-11-08 22:00:00+00:00,2367.707187
2025-11-08 23:00:00+00:00,2163.730417
2025-11-09 00:00:00+00:00,2182.505041
2025-11-09 01:00:00+00:00,2097.466343
2025-11-09 02:00:00+00:00,2066.316670
2025-11-09 03:00:00+00:00,2171.780885
2025-11-09 04:00:00+00:00,2148.019343
2025-11-09 05:00:00+00:00,2235.658146
2025-11-09 06:00:00+00:00,2107.663470
2025-11-09 07:00:00+00:00,2455.102225
2025-11-09 08:00:00+00:00,2432.201922
2025-11-09 09:00:00+00:00,2372.515491
2025-11-09 10:00:00+00:00,2404.736566
2025-11-09 11:00:00+00:00,2303.967020
2025-11-09 12:00:00+00:00,2415.617138
2025-11-09 13:00:00+00:00,2443.416459
2025-11-09 14:00:00+00:00,2384.788198
2025-11-09 15:00:00+00:00,2392.186786
2025-11-09 16:00:00+00:00,2262.852937
2025-11-09 17:00:00+00:00,2386.303863
2025-11-09 18:00:00+00:00,2438.744895
2025-11-09 19:00:00+00:00,2442.733913
2025-11-09 20:00:00+00:00,2429.033377
2025-11-09 21:00:00+00:00,2365.932393
2025-11-09 22:00:00+00:00,2371.145855
2025-11-09 23:00:00+00:00,2233.926493
2025-11-10 00:00:00+00:00,2594.100671
2025-11-10 01:00:00+00:00,2494.675739
2025-11-10 02:00:00+00:00,2348.660424
2025-11-10 03:00:00+00:00,2430.902292
2025-11-10 04:00:00+00:00,2421.610693
2025-11-10 05:00:00+00:00,2280.206717
2025-11-10 06:00:00+00:00,2527.976003
2025-11-10 07:00:00+00:00,2773.380329
2025-11-10 08:00:00+00:00,2605.976835
2025-11-10 09:00:00+00:00,2721.166543
2025-11-10 10:00:00+00:00,2657.420373
2025-11-10 11:00:00+00:00,2685.729035
2025-11-10 12:00:00+00:00,2638.924662
2025-11-10 13:00:00+00:00,2772.937112
2025-11-10 14:00:00+00:00,2848.711882
2025-11-10 15:00:00+00:00,2702.807039
2025-11-10 16:00:00+00:00,2721.784164
2025-11-10 17:00:00+00:00,2812.845025
2025-11-10 18:00:00+00:00,2727.219247
2025-11-10 19:00:00+00:00,2861.306453
2025-11-10 20:00:00+00:00,2606.897302
2025-11-10 21:00:00+00:00,2701.942955
2025-11-10 22:00:00+00:00,2777.864419
2025-11-10 23:00:00+00:00,2530.031188
2025-11-11 00:00:00+00:00,2503.818721
2025-11-11 01:00:00+00:00,2437.297242
2025-11-11 02:00:00+00:00,2450.884891
2025-11-11 03:00:00+00:00,2413.499111
2025-11-11 04:00:00+00:00,2452.030446
2025-11-11 05:00:00+00:00,2460.154223
2025-11-11 06:00:00+00:00,2389.230868
2025-11-11 07:00:00+00:00,2714.117042
2025-11-11 08:00:00+00:00,2662.705794
2025-11-11 09:00:00+00:00,2753.959198
2025-11-11 10:00:00+00:00,2828.780473
2025-11-11 11:00:00+00:00,2819.237024
2025-11-11 12:00:00+00:00,2741.186028
2025-11-11 13:00:00+00:00,2659.805418
2025-11-11 14:00:00+00:00,2763.492956
2025-11-11 15:00:00+00:00,2597.536049
2025-11-11 16:00:00+00:00,2749.525122
2025-11-11 17:00:00+00:00,2679.496911
2025-11-11 18:00:00+00:00,2787.576380
2025-11-11 19:00:00+00:00,2627.501666
2025-11-11 20:00:00+00:00,2706.972559
2025-11-11 21:00:00+00:00,2688.812500
2025-11-11 22:00:00+00:00,2780.293163
2025-11-11 23:00:00+00:00,2416.497076
2025-11-12 00:00:00+00:00,2471.481380
2025-11-12 01:00:00+00:00,2449.360981
2025-11-12 02:00:00+00:00,2452.853405
2025-11-12 03:00:00+00:00,2390.556728
2025-11-12 04:00:00+00:00,2473.160363
2025-11-12 05:00:00+00:00,2428.925853
2025-11-12 06:00:00+00:00,2384.765956
2025-11-12 07:00:00+00:00,2724.534884
2025-11-12 08:00:00+00:00,2772.462178
2025-11-12 09:00:00+00:00,2728.717442
2025-11-12 10:00:00+00:00,2677.450540
2025-11-12 11:00:00+00:00,2774.565388
2025-11-12 12:00:00+00:00,2654.068209
2025-11-12 13:00:00+00:00,2633.707421
2025-11-12 14:00:00+00:00,2695.719330
2025-11-12 15:00:00+00:00,2813.308566
2025-11-12 16:00:00+00:00,2777.274556
2025-11-12 17:00:00+00:00,2709.659129
2025-11-12 18:00:00+00:00,2818.417244
2025-11-12 19:00:00+00:00,2754.427219
2025-11-12 20:00:00+00:00,2704.666288
2025-11-12 21:00:00+00:00,2827.129112
2025-11-12 22:00:00+00:00,2774.545118
2025-11-12 23:00:00+00:00,2480.104919
2025-11-13 00:00:00+00:00,2518.939701
2025-11-13 01:00:00+00:00,2440.008431
2025-11-13 02:00:00+00:00,2424.578820
2025-11-13 03:00:00+00:00,2447.173412
2025-11-13 04:00:00+00:00,2554.400342
2025-11-13 05:00:00+00:00,2387.511352
2025-11-13 06:00:00+00:00,2416.432477
2025-11-13 07:00:00+00:00,2708.929284
2025-11-13 08:00:00+00:00,2858.629690
2025-11-13 09:00:00+00:00,2805.067550
2025-11-13 10:00:00+00:00,2735.187035
2025-11-13 11:00:00+00:00,2764.780925
2025-11-13 12:00:00+00:00,2796.266404
2025-11-13 13:00:00+00:00,2802.305616
2025-11-13 14:00:00+00:00,2799.110563
2025-11-13 15:00:00+00:00,2844.277548
2025-11-13 16:00:00+00:00,2699.752915
2025-11-13 17:00:00+00:00,2825.848997
2025-11-13 18:00:00+00:00,2750.300593
2025-11-13 19:00:00+00:00,2766.319019
2025-11-13 20:00:00+00:00,2746.913434
2025-11-13 21:00:00+00:00,2717.706799
2025-11-13 22:00:00+00:00,2676.773752
2025-11-13 23:00:00+00:00,2446.589103
2025-11-14 00:00:00+00:00,2544.231740
2025-11-14 01:00:00+00:00,2470.711725
2025-11-14 02:00:00+00:00,2515.965850
2025-11-14 03:00:00+00:00,2419.795814
2025-11-14 04:00:00+00:00,2471.531721
2025-11-14 05:00:00+00:00,2376.767254
2025-11-14 06:00:00+00:00,2505.452075
2025-11-14 07:00:00+00:00,2606.616107
2025-11-14 08:00:00+00:00,2729.983991
2025-11-14 09:00:00+00:00,2702.012853
2025-11-14 10:00:00+00:00,2672.698890
2025-11-14 11:00:00+00:00,2697.956360
2025-11-14 12:00:00+00:00,2867.063986
2025-11-14 13:00:00+00:00,2745.874934
2025-11-14 14:00:00+00:00,2694.245405
2025-11-14 15:00:00+00:00,2541.224781
2025-11-14 16:00:00+00:00,2722.082123
2025-11-14 17:00:00+00:00,2632.485456
2025-11-14 18:00:00+00:00,2699.136380
2025-11-14 19:00:00+00:00,2834.911379
2025-11-14 20:00:00+00:00,2804.272521
2025-11-14 21:00:00+00:00,2793.249042
2025-11-14 22:00:00+00:00,2736.047724
2025-11-14 23:00:00+00:00,2460.293389
2025-11-15 00:00:00+00:00,2152.108259
2025-11-15 01:00:00+00:00,2237.091287
2025-11-15 02:00:00+00:00,2127.533775
2025-11-15 03:00:00+00:00,2260.081666
2025-11-15 04:00:00+00:00,2148.872777
2025-11-15 05:00:00+00:00,2224.087258
2025-11-15 06:00:00+00:00,2159.968460
2025-11-15 07:00:00+00:00,2411.991876
2025-11-15 08:00:00+00:00,2450.469742
2025-11-15 09:00:00+00:00,2504.343151
2025-11-15 10:00:00+00:00,2500.051556
2025-11-15 11:00:00+00:00,2287.850724
2025-11-15 12:00:00+00:00,2365.457822
2025-11-15 13:00:00+00:00,2440.304218
2025-11-15 14:00:00+00:00,2440.085500
2025-11-15 15:00:00+00:00,2411.924983
2025-11-15 16:00:00+00:00,2370.817980
2025-11-15 17:00:00+00:00,2361.350899
2025-11-15 18:00:00+00:00,2517.658642
2025-11-15 19:00:00+00:00,2551.296343
2025-11-15 20:00:00+00:00,2437.348576
2025-11-15 21:00:00+00:00,2436.021281
2025-11-15 22:00:00+00:00,2409.403576
2025-11-15 23:00:00+00:00,2214.392217
2025-11-16 00:00:00+00:00,2159.910837
2025-11-16 01:00:00+00:00,2175.746238
2025-11-16 02:00:00+00:00,2227.225328
2025-11-16 03:00:00+00:00,2085.130111
2025-11-16 04:00:00+00:00,2144.068715
2025-11-16 05:00:00+00:00,2114.193764
2025-11-16 06:00:00+00:00,2224.707588
2025-11-16 07:00:00+00:00,2415.636539
2025-11-16 08:00:00+00:00,2480.194914
2025-11-16 09:00:00+00:00,2374.999109
2025-11-16 10:00:00+00:00,2407.212348
2025-11-16 11:00:00+00:00,2472.610477
2025-11-16 12:00:00+00:00,2364.868908
2025-11-16 13:00:00+00:00,2430.383211
2025-11-16 14:00:00+00:00,2492.479754
2025-11-16 15:00:00+00:00,2372.880478
2025-11-16 16:00:00+00:00,2364.544169
2025-11-16 17:00:00+00:00,2426.712766
2025-11-16 18:00:00+00:00,2422.667561
2025-11-16 19:00:00+00:00,2500.362373
2025-11-16 20:00:00+00:00,2387.059331
2025-11-16 21:00:00+00:00,2465.450931
2025-11-16 22:00:00+00:00,2418.681511
2025-11-16 23:00:00+00:00,2171.109920
2025-11-17 00:00:00+00:00,2461.938644
2025-11-17 01:00:00+00:00,2331.723801
2025-11-17 02:00:00+00:00,2385.015477
2025-11-17 03:00:00+00:00,2440.201491
2025-11-17 04:00:00+00:00,2553.579465
2025-11-17 05:00:00+00:00,2407.852797
2025-11-17 06:00:00+00:00,2405.348398
2025-11-17 07:00:00+00:00,2790.389937
2025-11-17 08:00:00+00:00,2692.944753
2025-11-17 09:00:00+00:00,2777.390236
2025-11-17 10:00:00+00:00,2828.330083
2025-11-17 11:00:00+00:00,2821.140921
2025-11-17 12:00:00+00:00,2731.129407
2025-11-17 13:00:00+00:00,2665.633313
2025-11-17 14:00:00+00:00,2763.604210
2025-11-17 15:00:00+00:00,2682.959758
2025-11-17 16:00:00+00:00,2861.512028
2025-11-17 17:00:00+00:00,2662.580666
2025-11-17 18:00:00+00:00,2707.358714
2025-11-17 19:00:00+00:00,2691.777727
2025-11-17 20:00:00+00:00,2801.965384
2025-11-17 21:00:00+00:00,2835.758521
2025-11-17 22:00:00+00:00,2733.428431
2025-11-17 23:00:00+00:00,2448.814765
2025-11-18 00:00:00+00:00,2457.249760
2025-11-18 01:00:00+00:00,2390.458557
2025-11-18 02:00:00+00:00,2475.643146
2025-11-18 03:00:00+00:00,2469.292155
2025-11-18 04:00:00+00:00,2391.025665
2025-11-18 05:00:00+00:00,2379.241869
2025-11-18 06:00:00+00:00,2488.130026
2025-11-18 07:00:00+00:00,2803.472885
2025-11-18 08:00:00+00:00,2656.107320
2025-11-18 09:00:00+00:00,2725.191268
2025-11-18 10:00:00+00:00,2754.042779
2025-11-18 11:00:00+00:00,2845.536141
2025-11-18 12:00:00+00:00,2709.259582
2025-11-18 13:00:00+00:00,2720.500358
2025-11-18 14:00:00+00:00,2794.645263
2025-11-18 15:00:00+00:00,2790.965949
2025-11-18 16:00:00+00:00,2690.575196
2025-11-18 17:00:00+00:00,2738.243350
2025-11-18 18:00:00+00:00,2724.137079
2025-11-18 19:00:00+00:00,2741.257614
2025-11-18 20:00:00+00:00,2730.072832
2025-11-18 21:00:00+00:00,2844.340767
2025-11-18 22:00:00+00:00,2752.361645
2025-11-18 23:00:00+00:00,2401.423481
2025-11-19 00:00:00+00:00,2442.437390
2025-11-19 01:00:00+00:00,2496.932498
2025-11-19 02:00:00+00:00,2524.070586
2025-11-19 03:00:00+00:00,2436.442779
2025-11-19 04:00:00+00:00,2521.832172
2025-11-19 05:00:00+00:00,2503.334109
2025-11-19 06:00:00+00:00,2412.658482
2025-11-19 07:00:00+00:00,2782.307611
2025-11-19 08:00:00+00:00,2890.962840
2025-11-19 09:00:00+00:00,2725.398347
2025-11-19 10:00:00+00:00,2707.157460
2025-11-19 11:00:00+00:00,2579.319994
2025-11-19 12:00:00+00:00,2664.927188
2025-11-19 13:00:00+00:00,2761.880933
2025-11-19 14:00:00+00:00,2783.809729
2025-11-19 15:00:00+00:00,2701.192293
2025-11-19 16:00:00+00:00,2771.574882
2025-11-19 17:00:00+00:00,2839.318449
2025-11-19 18:00:00+00:00,2656.790907
2025-11-19 19:00:00+00:00,2759.250000
2025-11-19 20:00:00+00:00,2774.430105
2025-11-19 21:00:00+00:00,2768.106009
2025-11-19 22:00:00+00:00,2748.471200
2025-11-19 23:00:00+00:00,2384.586046
2025-11-20 00:00:00+00:00,2449.590710
2025-11-20 01:00:00+00:00,2463.554103
2025-11-20 02:00:00+00:00,2536.269224
2025-11-20 03:00:00+00:00,2543.346294
2025-11-20 04:00:00+00:00,2534.348343
2025-11-20 05:00:00+00:00,2433.544696
2025-11-20 06:00:00+00:00,2419.523765
2025-11-20 07:00:00+00:00,2760.079806
2025-11-20 08:00:00+00:00,2785.974831
2025-11-20 09:00:00+00:00,2756.158712
2025-11-20 10:00:00+00:00,2786.733200
2025-11-20 11:00:00+00:00,2680.309535
2025-11-20 12:00:00+00:00,2648.906325
2025-11-20 13:00:00+00:00,2633.582559
2025-11-20 14:00:00+00:00,2739.050955
2025-11-20 15:00:00+00:00,2857.998130
2025-11-20 16:00:00+00:00,2605.497340
2025-11-20 17:00:00+00:00,2789.148089
2025-11-20 18:00:00+00:00,2750.069678
2025-11-20 19:00:00+00:00,2660.935834
2025-11-20 20:00:00+00:00,2723.005865
2025-11-20 21:00:00+00:00,2732.763905
2025-11-20 22:00:00+00:00,2739.453322
2025-11-20 23:00:00+00:00,2593.110548
2025-11-21 00:00:00+00:00,2445.137092
2025-11-21 01:00:00+00:00,2443.040412
2025-11-21 02:00:00+00:00,2452.067925
2025-11-21 03:00:00+00:00,2379.005421
2025-11-21 04:00:00+00:00,2390.342480
2025-11-21 05:00:00+00:00,2528.591907
2025-11-21 06:00:00+00:00,2391.950582
2025-11-21 07:00:00+00:00,2775.382049
2025-11-21 08:00:00+00:00,2675.787647
2025-11-21 09:00:00+00:00,2777.362937
2025-11-21 10:00:00+00:00,2738.683377
2025-11-21 11:00:00+00:00,2715.971599
2025-11-21 12:00:00+00:00,2729.047744
2025-11-21 13:00:00+00:00,2805.499157
2025-11-21 14:00:00+00:00,2798.647170
2025-11-21 15:00:00+00:00,2709.344129
2025-11-21 16:00:00+00:00,2832.752512
2025-11-21 17:00:00+00:00,2799.850464
2025-11-21 18:00:00+00:00,2752.823855
2025-11-21 19:00:00+00:00,2753.683585
2025-11-21 20:00:00+00:00,2699.199013
2025-11-21 21:00:00+00:00,2722.197280
2025-11-21 22:00:00+00:00,2664.976072
2025-11-21 23:00:00+00:00,2525.617260
2025-11-22 00:00:00+00:00,2161.057839
2025-11-22 01:00:00+00:00,2239.841943
2025-11-22 02:00:00+00:00,2114.875685
2025-11-22 03:00:00+00:00,2150.851966
2025-11-22 04:00:00+00:00,2125.425539
2025-11-22 05:00:00+00:00,2130.419493
2025-11-22 06:00:00+00:00,2237.620263
2025-11-22 07:00:00+00:00,2412.371840
2025-11-22 08:00:00+00:00,2468.837996
2025-11-22 09:00:00+00:00,2484.666324
2025-11-22 10:00:00+00:00,2359.103005
2025-11-22 11:00:00+00:00,2484.680263
2025-11-22 12:00:00+00:00,2352.894917
2025-11-22 13:00:00+00:00,2367.719240
2025-11-22 14:00:00+00:00,2386.716810
2025-11-22 15:00:00+00:00,2365.990645
2025-11-22 16:00:00+00:00,2455.982963
2025-11-22 17:00:00+00:00,2369.297984
2025-11-22 18:00:00+00:00,2433.440754
2025-11-22 19:00:00+00:00,2238.963165
2025-11-22 20:00:00+00:00,2380.448492
2025-11-22 21:00:00+00:00,2510.823384
2025-11-22 22:00:00+00:00,2327.065996
2025-11-22 23:00:00+00:00,2070.779720
2025-11-23 00:00:00+00:00,2079.995259
2025-11-23 01:00:00+00:00,2197.133080
2025-11-23 02:00:00+00:00,2173.938087
2025-11-23 03:00:00+00:00,2189.486408
2025-11-23 04:00:00+00:00,2135.076383
2025-11-23 05:00:00+00:00,2170.776194
2025-11-23 06:00:00+00:00,2187.578580
2025-11-23 07:00:00+00:00,2433.515243
2025-11-23 08:00:00+00:00,2427.728040
2025-11-23 09:00:00+00:00,2446.891666
2025-11-23 10:00:00+00:00,2278.613006
2025-11-23 11:00:00+00:00,2435.022828
2025-11-23 12:00:00+00:00,2431.615978
2025-11-23 13:00:00+00:00,2450.279912
2025-11-23 14:00:00+00:00,2455.678198
2025-11-23 15:00:00+00:00,2393.375705
2025-11-23 16:00:00+00:00,2419.892159
2025-11-23 17:00:00+00:00,2486.533460
2025-11-23 18:00:00+00:00,2447.307247
2025-11-23 19:00:00+00:00,2417.816995
2025-11-23 20:00:00+00:00,2421.839713
2025-11-23 21:00:00+00:00,2374.224333
2025-11-23 22:00:00+00:00,2458.802417
2025-11-23 23:00:00+00:00,2065.797900
2025-11-24 00:00:00+00:00,2416.111099
2025-11-24 01:00:00+00:00,2427.897395
2025-11-24 02:00:00+00:00,2472.321203
2025-11-24 03:00:00+00:00,2506.085232
2025-11-24 04:00:00+00:00,2463.775942
2025-11-24 05:00:00+00:00,2439.458218
2025-11-24 06:00:00+00:00,2546.949984
2025-11-24 07:00:00+00:00,2766.840960
2025-11-24 08:00:00+00:00,2774.455923
2025-11-24 09:00:00+00:00,2732.236672
2025-11-24 10:00:00+00:00,2767.759853
2025-11-24 11:00:00+00:00,2866.118202
2025-11-24 12:00:00+00:00,2741.020910
2025-11-24 13:00:00+00:00,2827.795672
2025-11-24 14:00:00+00:00,2704.456798
2025-11-24 15:00:00+00:00,2784.984547
2025-11-24 16:00:00+00:00,2890.372304
2025-11-24 17:00:00+00:00,2731.203340
2025-11-24 18:00:00+00:00,2762.589551
2025-11-24 19:00:00+00:00,2797.133367
2025-11-24 20:00:00+00:00,2703.647626
2025-11-24 21:00:00+00:00,2798.986780
2025-11-24 22:00:00+00:00,2679.617759
2025-11-24 23:00:00+00:00,2364.887486
2025-11-25 00:00:00+00:00,2439.161319
2025-11-25 01:00:00+00:00,2513.426647
2025-11-25 02:00:00+00:00,2385.982946
2025-11-25 03:00:00+00:00,2397.206180
2025-11-25 04:00:00+00:00,2419.456073
2025-11-25 05:00:00+00:00,2414.738542
2025-11-25 06:00:00+00:00,2484.473316
2025-11-25 07:00:00+00:00,2784.430179
2025-11-25 08:00:00+00:00,2836.432426
2025-11-25 09:00:00+00:00,2861.167697
2025-11-25 10:00:00+00:00,2802.610651
2025-11-25 11:00:00+00:00,2815.201051
2025-11-25 12:00:00+00:00,2721.501435
2025-11-25 13:00:00+00:00,2722.621553
2025-11-25 14:00:00+00:00,2821.387927
2025-11-25 15:00:00+00:00,2899.149839
2025-11-25 16:00:00+00:00,2695.383055
2025-11-25 17:00:00+00:00,2657.670395
2025-11-25 18:00:00+00:00,2788.100040
2025-11-25 19:00:00+00:00,2698.945943
2025-11-25 20:00:00+00:00,2751.941621
2025-11-25 21:00:00+00:00,2731.020888
2025-11-25 22:00:00+00:00,2825.323091
2025-11-25 23:00:00+00:00,2478.148441
2025-11-26 00:00:00+00:00,2470.721606
2025-11-26 01:00:00+00:00,2351.081864
2025-11-26 02:00:00+00:00,2476.468236
2025-11-26 03:00:00+00:00,2455.280430
2025-11-26 04:00:00+00:00,2581.414871
2025-11-26 05:00:00+00:00,2462.944368
2025-11-26 06:00:00+00:00,2345.982114
2025-11-26 07:00:00+00:00,2846.312163
2025-11-26 08:00:00+00:00,2708.803094
2025-11-26 09:00:00+00:00,2703.642556
2025-11-26 10:00:00+00:00,2701.915780
2025-11-26 11:00:00+00:00,2835.679729
2025-11-26 12:00:00+00:00,2751.704538
2025-11-26 13:00:00+00:00,2811.013444
2025-11-26 14:00:00+00:00,2828.856111
2025-11-26 15:00:00+00:00,2812.714772
2025-11-26 16:00:00+00:00,2830.352785
2025-11-26 17:00:00+00:00,2751.796569
2025-11-26 18:00:00+00:00,2671.584775
2025-11-26 19:00:00+00:00,2722.682598
2025-11-26 20:00:00+00:00,2724.298962
2025-11-26 21:00:00+00:00,2791.907859
2025-11-26 22:00:00+00:00,2737.622638
2025-11-26 23:00:00+00:00,2444.075520
2025-11-27 00:00:00+00:00,2514.311908
2025-11-27 01:00:00+00:00,2500.545025
2025-11-27 02:00:00+00:00,2465.163309
2025-11-27 03:00:00+00:00,2468.437177
2025-11-27 04:00:00+00:00,2405.912340
2025-11-27 05:00:00+00:00,2529.104230
2025-11-27 06:00:00+00:00,2503.853321
2025-11-27 07:00:00+00:00,2712.800731
2025-11-27 08:00:00+00:00,2799.215908
2025-11-27 09:00:00+00:00,2723.443999
2025-11-27 10:00:00+00:00,2783.572050
2025-11-27 11:00:00+00:00,2749.488135
2025-11-27 12:00:00+00:00,2678.220378
2025-11-27 13:00:00+00:00,2754.141740
2025-11-27 14:00:00+00:00,2826.399244
2025-11-27 15:00:00+00:00,2696.326375
2025-11-27 16:00:00+00:00,2775.283343
2025-11-27 17:00:00+00:00,2651.981606
2025-11-27 18:00:00+00:00,2742.697469
2025-11-27 19:00:00+00:00,2734.069317
2025-11-27 20:00:00+00:00,2786.341242
2025-11-27 21:00:00+00:00,2686.312080
2025-11-27 22:00:00+00:00,2772.172727
2025-11-27 23:00:00+00:00,2366.871405
2025-11-28 00:00:00+00:00,2431.501485
2025-11-28 01:00:00+00:00,2455.078597
2025-11-28 02:00:00+00:00,2477.526282
2025-11-28 03:00:00+00:00,2377.313142
2025-11-28 04:00:00+00:00,2479.101145
2025-11-28 05:00:00+00:00,2464.711417
2025-11-28 06:00:00+00:00,2455.512034
2025-11-28 07:00:00+00:00,2791.432142
2025-11-28 08:00:00+00:00,2705.254498
2025-11-28 09:00:00+00:00,2901.535861
2025-11-28 10:00:00+00:00,2768.645740
2025-11-28 11:00:00+00:00,2868.020907
2025-11-28 12:00:00+00:00,2803.107293
2025-11-28 13:00:00+00:00,2700.333595
2025-11-28 14:00:00+00:00,2686.293825
2025-11-28 15:00:00+00:00,2733.703572
2025-11-28 16:00:00+00:00,2804.447583
2025-11-28 17:00:00+00:00,2608.757909
2025-11-28 18:00:00+00:00,2683.059878
2025-11-28 19:00:00+00:00,2735.527335
2025-11-28 20:00:00+00:00,2739.202175
2025-11-28 21:00:00+00:00,2764.026058
2025-11-28 22:00:00+00:00,2792.284356
2025-11-28 23:00:00+00:00,2530.898433
2025-11-29 00:00:00+00:00,2185.605893
2025-11-29 01:00:00+00:00,2242.190417
2025-11-29 02:00:00+00:00,2209.499607
2025-11-29 03:00:00+00:00,2158.587271
2025-11-29 04:00:00+00:00,2219.530896
2025-11-29 05:00:00+00:00,2216.175157
2025-11-29 06:00:00+00:00,2251.972385
2025-11-29 07:00:00+00:00,2504.991657
2025-11-29 08:00:00+00:00,2472.053688
2025-11-29 09:00:00+00:00,2400.697127
2025-11-29 10:00:00+00:00,2506.617824
2025-11-29 11:00:00+00:00,2377.478944
2025-11-29 12:00:00+00:00,2411.562804
2025-11-29 13:00:00+00:00,2460.857431
2025-11-29 14:00:00+00:00,2387.768342
2025-11-29 15:00:00+00:00,2503.616908
2025-11-29 16:00:00+00:00,2443.569533
2025-11-29 17:00:00+00:00,2411.142785
2025-11-29 18:00:00+00:00,2333.195288
2025-11-29 19:00:00+00:00,2454.419390
2025-11-29 20:00:00+00:00,2391.382343
2025-11-29 21:00:00+00:00,2462.832214
2025-11-29 22:00:00+00:00,2363.560211
2025-11-29 23:00:00+00:00,2081.956219
2025-11-30 00:00:00+00:00,2131.982851
2025-11-30 01:00:00+00:00,2138.550957
2025-11-30 02:00:00+00:00,2180.213940
2025-11-30 03:00:00+00:00,2127.283074
2025-11-30 04:00:00+00:00,2068.837538
2025-11-30 05:00:00+00:00,2238.757360
2025-11-30 06:00:00+00:00,2145.980199
2025-11-30 07:00:00+00:00,2451.647689
2025-11-30 08:00:00+00:00,2340.154703
2025-11-30 09:00:00+00:00,2544.927689
2025-11-30 10:00:00+00:00,2479.702423
2025-11-30 11:00:00+00:00,2425.131005
2025-11-30 12:00:00+00:00,2467.880705
2025-11-30 13:00:00+00:00,2482.340859
2025-11-30 14:00:00+00:00,2480.462844
2025-11-30 15:00:00+00:00,2502.048462
2025-11-30 16:00:00+00:00,2525.927570
2025-11-30 17:00:00+00:00,2422.680021
2025-11-30 18:00:00+00:00,2480.362477
2025-11-30 19:00:00+00:00,2539.767308
2025-11-30 20:00:00+00:00,2415.879362
2025-11-30 21:00:00+00:00,2358.642219
2025-11-30 22:00:00+00:00,2407.410303
2025-11-30 23:00:00+00:00,2074.560275
2025-12-01 00:00:00+00:00,2372.458825
2025-12-01 01:00:00+00:00,2429.146874
2025-12-01 02:00:00+00:00,2531.732548
2025-12-01 03:00:00+00:00,2374.300594
2025-12-01 04:00:00+00:00,2355.166254
2025-12-01 05:00:00+00:00,2404.516042
2025-12-01 06:00:00+00:00,2539.100274
2025-12-01 07:00:00+00:00,2776.665230
2025-12-01 08:00:00+00:00,2829.570011
2025-12-01 09:00:00+00:00,2739.773563
2025-12-01 10:00:00+00:00,2815.282453
2025-12-01 11:00:00+00:00,2688.030747
2025-12-01 12:00:00+00:00,2873.226349
2025-12-01 13:00:00+00:00,2762.516768
2025-12-01 14:00:00+00:00,2680.615070
2025-12-01 15:00:00+00:00,2685.281514
2025-12-01 16:00:00+00:00,2753.211643
2025-12-01 17:00:00+00:00,2769.743846
2025-12-01 18:00:00+00:00,2714.970037
2025-12-01 19:00:00+00:00,2667.278428
2025-12-01 20:00:00+00:00,2855.924830
2025-12-01 21:00:00+00:00,2781.923188
2025-12-01 22:00:00+00:00,2784.071132
2025-12-01 23:00:00+00:00,2451.410826
2025-12-02 00:00:00+00:00,2510.556186
2025-12-02 01:00:00+00:00,2524.605890
2025-12-02 02:00:00+00:00,2377.088265
2025-12-02 03:00:00+00:00,2449.248763
2025-12-02 04:00:00+00:00,2544.275166
2025-12-02 05:00:00+00:00,2507.977642
2025-12-02 06:00:00+00:00,2423.516292
2025-12-02 07:00:00+00:00,2819.508013
2025-12-02 08:00:00+00:00,2736.370586
2025-12-02 09:00:00+00:00,2785.263171
2025-12-02 10:00:00+00:00,2724.462214
2025-12-02 11:00:00+00:00,2825.838820
2025-12-02 12:00:00+00:00,2781.577965
2025-12-02 13:00:00+00:00,2715.840766
2025-12-02 14:00:00+00:00,2821.063006
2025-12-02 15:00:00+00:00,2869.403795
2025-12-02 16:00:00+00:00,2639.508920
2025-12-02 17:00:00+00:00,2766.355398
2025-12-02 18:00:00+00:00,2820.733699
2025-12-02 19:00:00+00:00,2741.082478
2025-12-02 20:00:00+00:00,2714.276103
2025-12-02 21:00:00+00:00,2622.354243
2025-12-02 22:00:00+00:00,2840.732141
2025-12-02 23:00:00+00:00,2483.279250
2025-12-03 00:00:00+00:00,2386.766712
2025-12-03 01:00:00+00:00,2451.840433
2025-12-03 02:00:00+00:00,2485.875108
2025-12-03 03:00:00+00:00,2375.955776
2025-12-03 04:00:00+00:00,2435.534772
2025-12-03 05:00:00+00:00,2400.279659
2025-12-03 06:00:00+00:00,2607.596447
2025-12-03 07:00:00+00:00,2832.446076
2025-12-03 08:00:00+00:00,2705.505685
2025-12-03 09:00:00+00:00,2827.721572
2025-12-03 10:00:00+00:00,2661.146752
2025-12-03 11:00:00+00:00,2645.171653
2025-12-03 12:00:00+00:00,2806.264017
2025-12-03 13:00:00+00:00,2787.722319
2025-12-03 14:00:00+00:00,2815.977312
2025-12-03 15:00:00+00:00,2754.304455
2025-12-03 16:00:00+00:00,2791.135474
2025-12-03 17:00:00+00:00,2811.177029
2025-12-03 18:00:00+00:00,2858.497466
2025-12-03 19:00:00+00:00,2734.522249
2025-12-03 20:00:00+00:00,2690.481186
2025-12-03 21:00:00+00:00,2665.526300
2025-12-03 22:00:00+00:00,2685.318216
2025-12-03 23:00:00+00:00,2523.524281
2025-12-04 00:00:00+00:00,2478.548396
2025-12-04 01:00:00+00:00,2427.254057
2025-12-04 02:00:00+00:00,2543.293134
2025-12-04 03:00:00+00:00,2556.866500
2025-12-04 04:00:00+00:00,2445.333790
2025-12-04 05:00:00+00:00,2597.650023
2025-12-04 06:00:00+00:00,2367.833114
2025-12-04 07:00:00+00:00,2772.312803
2025-12-04 08:00:00+00:00,2825.593098
2025-12-04 09:00:00+00:00,2705.679372
2025-12-04 10:00:00+00:00,2667.198398
2025-12-04 11:00:00+00:00,2705.945572
2025-12-04 12:00:00+00:00,2763.748046
2025-12-04 13:00:00+00:00,2888.796689
2025-12-04 14:00:00+00:00,2771.677921
2025-12-04 15:00:00+00:00,2599.600746
2025-12-04 16:00:00+00:00,2731.681177
2025-12-04 17:00:00+00:00,2784.561205
2025-12-04 18:00:00+00:00,2722.863015
2025-12-04 19:00:00+00:00,2688.681717
2025-12-04 20:00:00+00:00,2868.010434
2025-12-04 21:00:00+00:00,2688.006461
2025-12-04 22:00:00+00:00,2744.265036
2025-12-04 23:00:00+00:00,2528.989630
2025-12-05 00:00:00+00:00,2464.935070
2025-12-05 01:00:00+00:00,2551.822439
2025-12-05 02:00:00+00:00,2510.779061
2025-12-05 03:00:00+00:00,2412.645421
2025-12-05 04:00:00+00:00,2523.685557
2025-12-05 05:00:00+00:00,2555.441651
2025-12-05 06:00:00+00:00,2504.469302
2025-12-05 07:00:00+00:00,2842.267459
2025-12-05 08:00:00+00:00,2710.818349
2025-12-05 09:00:00+00:00,2684.097584
2025-12-05 10:00:00+00:00,2726.300474
2025-12-05 11:00:00+00:00,2725.211902
2025-12-05 12:00:00+00:00,2800.198583
2025-12-05 13:00:00+00:00,2810.590670
2025-12-05 14:00:00+00:00,2738.014559
2025-12-05 15:00:00+00:00,2723.562165
2025-12-05 16:00:00+00:00,2711.842627
2025-12-05 17:00:00+00:00,2801.735796
2025-12-05 18:00:00+00:00,2859.987023
2025-12-05 19:00:00+00:00,2640.256743
2025-12-05 20:00:00+00:00,2723.616541
2025-12-05 21:00:00+00:00,2838.130888
2025-12-05 22:00:00+00:00,2785.396960
2025-12-05 23:00:00+00:00,2467.634319
2025-12-06 00:00:00+00:00,2262.561481
2025-12-06 01:00:00+00:00,2246.777826
2025-12-06 02:00:00+00:00,2146.724963
2025-12-06 03:00:00+00:00,2222.664211
2025-12-06 04:00:00+00:00,2110.318373
2025-12-06 05:00:00+00:00,2280.014621
2025-12-06 06:00:00+00:00,2026.787784
2025-12-06 07:00:00+00:00,2419.104417
2025-12-06 08:00:00+00:00,2269.711364
2025-12-06 09:00:00+00:00,2413.549071
2025-12-06 10:00:00+00:00,2480.155036
2025-12-06 11:00:00+00:00,2409.554309
2025-12-06 12:00:00+00:00,2509.195589
2025-12-06 13:00:00+00:00,2471.387812
2025-12-06 14:00:00+00:00,2414.134815
2025-12-06 15:00:00+00:00,2396.641748
2025-12-06 16:00:00+00:00,2414.462730
2025-12-06 17:00:00+00:00,2454.697623
2025-12-06 18:00:00+00:00,2466.394617
2025-12-06 19:00:00+00:00,2451.520441
2025-12-06 20:00:00+00:00,2396.972878
2025-12-06 21:00:00+00:00,2577.690122
2025-12-06 22:00:00+00:00,2565.357116
2025-12-06 23:00:00+00:00,2153.921430
2025-12-07 00:00:00+00:00,2168.799970
2025-12-07 01:00:00+00:00,2084.187173
2025-12-07 02:00:00+00:00,2198.070797
2025-12-07 03:00:00+00:00,2297.242931
2025-12-07 04:00:00+00:00,2194.663757
2025-12-07 05:00:00+00:00,2146.457513
2025-12-07 06:00:00+00:00,2280.795175
2025-12-07 07:00:00+00:00,2417.172608
2025-12-07 08:00:00+00:00,2374.015287
2025-12-07 09:00:00+00:00,2425.930352
2025-12-07 10:00:00+00:00,2506.098180
2025-12-07 11:00:00+00:00,2497.234470
2025-12-07 12:00:00+00:00,2367.223752
2025-12-07 13:00:00+00:00,2533.075933
2025-12-07 14:00:00+00:00,2455.895044
2025-12-07 15:00:00+00:00,2448.442898
2025-12-07 16:00:00+00:00,2417.268429
2025-12-07 17:00:00+00:00,2320.525985
2025-12-07 18:00:00+00:00,2423.229491
2025-12-07 19:00:00+00:00,2592.944081
2025-12-07 20:00:00+00:00,2444.014199
2025-12-07 21:00:00+00:00,2484.997661
2025-12-07 22:00:00+00:00,2453.317645
2025-12-07 23:00:00+00:00,2187.934415
2025-12-08 00:00:00+00:00,2438.414751
2025-12-08 01:00:00+00:00,2425.576105
2025-12-08 02:00:00+00:00,2554.045032
2025-12-08 03:00:00+00:00,2595.093516
2025-12-08 04:00:00+00:00,2600.428709
2025-12-08 05:00:00+00:00,2410.768001
2025-12-08 06:00:00+00:00,2510.597682
2025-12-08 07:00:00+00:00,2812.482277
2025-12-08 08:00:00+00:00,2783.195745
2025-12-08 09:00:00+00:00,2833.257136
2025-12-08 10:00:00+00:00,2799.354726
2025-12-08 11:00:00+00:00,2617.705107
2025-12-08 12:00:00+00:00,2724.146488
2025-12-08 13:00:00+00:00,2737.404852
2025-12-08 14:00:00+00:00,2774.914480
2025-12-08 15:00:00+00:00,2790.026514
2025-12-08 16:00:00+00:00,2757.068079
2025-12-08 17:00:00+00:00,2774.721812
2025-12-08 18:00:00+00:00,2839.821583
2025-12-08 19:00:00+00:00,2815.116881
2025-12-08 20:00:00+00:00,2757.618308
2025-12-08 21:00:00+00:00,2735.234719
2025-12-08 22:00:00+00:00,2809.313670
2025-12-08 23:00:00+00:00,2484.381321
2025-12-09 00:00:00+00:00,2538.749862
2025-12-09 01:00:00+00:00,2490.380738
2025-12-09 02:00:00+00:00,2549.672332
2025-12-09 03:00:00+00:00,2478.179596
2025-12-09 04:00:00+00:00,2404.998975
2025-12-09 05:00:00+00:00,2652.375057
2025-12-09 06:00:00+00:00,2485.512579
2025-12-09 07:00:00+00:00,2806.013196
2025-12-09 08:00:00+00:00,2739.961772
2025-12-09 09:00:00+00:00,2923.514857
2025-12-09 10:00:00+00:00,2770.054237
2025-12-09 11:00:00+00:00,2692.453865
2025-12-09 12:00:00+00:00,2806.142061
2025-12-09 13:00:00+00:00,2779.337506
2025-12-09 14:00:00+00:00,2778.550782
2025-12-09 15:00:00+00:00,2783.838796
2025-12-09 16:00:00+00:00,2836.686900
2025-12-09 17:00:00+00:00,2801.902046
2025-12-09 18:00:00+00:00,2817.217840
2025-12-09 19:00:00+00:00,2714.717730
2025-12-09 20:00:00+00:00,2830.319661
2025-12-09 21:00:00+00:00,2630.586874
2025-12-09 22:00:00+00:00,2746.947320
2025-12-09 23:00:00+00:00,2412.578685
2025-12-10 00:00:00+00:00,2537.931039
2025-12-10 01:00:00+00:00,2509.703294
2025-12-10 02:00:00+00:00,2438.542368
2025-12-10 03:00:00+00:00,2509.301847
2025-12-10 04:00:00+00:00,2432.187361
2025-12-10 05:00:00+00:00,2488.091907
2025-12-10 06:00:00+00:00,2497.425840
2025-12-10 07:00:00+00:00,2855.052301
2025-12-10 08:00:00+00:00,2869.176918
2025-12-10 09:00:00+00:00,2828.322706
2025-12-10 10:00:00+00:00,2842.927488
2025-12-10 11:00:00+00:00,2773.029476
2025-12-10 12:00:00+00:00,2801.971394
2025-12-10 13:00:00+00:00,2796.532642
2025-12-10 14:00:00+00:00,2735.428653
2025-12-10 15:00:00+00:00,2734.124006
2025-12-10 16:00:00+00:00,2800.702482
2025-12-10 17:00:00+00:00,2681.074800
2025-12-10 18:00:00+00:00,2834.459697
2025-12-10 19:00:00+00:00,2723.173848
2025-12-10 20:00:00+00:00,2806.420287
2025-12-10 21:00:00+00:00,2620.972276
2025-12-10 22:00:00+00:00,2635.731967
2025-12-10 23:00:00+00:00,2496.031672
2025-12-11 00:00:00+00:00,2377.701360
2025-12-11 01:00:00+00:00,2584.919683
2025-12-11 02:00:00+00:00,2454.141399
2025-12-11 03:00:00+00:00,2438.289463
2025-12-11 04:00:00+00:00,2440.095643
2025-12-11 05:00:00+00:00,2442.124522
2025-12-11 06:00:00+00:00,2414.516327
2025-12-11 07:00:00+00:00,2843.384707
2025-12-11 08:00:00+00:00,2811.372772
2025-12-11 09:00:00+00:00,2821.249206
2025-12-11 10:00:00+00:00,2829.636261
2025-12-11 11:00:00+00:00,2785.662952
2025-12-11 12:00:00+00:00,2737.001567
2025-12-11 13:00:00+00:00,2854.154951
2025-12-11 14:00:00+00:00,2716.844320
2025-12-11 15:00:00+00:00,2896.604878
2025-12-11 16:00:00+00:00,2895.076094
2025-12-11 17:00:00+00:00,2786.026920
2025-12-11 18:00:00+00:00,2792.106903
2025-12-11 19:00:00+00:00,2740.054792
2025-12-11 20:00:00+00:00,2715.026729
2025-12-11 21:00:00+00:00,2735.491745
2025-12-11 22:00:00+00:00,2891.605405
2025-12-11 23:00:00+00:00,2619.995372
2025-12-12 00:00:00+00:00,2519.139136
2025-12-12 01:00:00+00:00,2354.439905
2025-12-12 02:00:00+00:00,2461.967204
2025-12-12 03:00:00+00:00,2372.163219
2025-12-12 04:00:00+00:00,2427.227703
2025-12-12 05:00:00+00:00,2554.296302
2025-12-12 06:00:00+00:00,2505.646585
2025-12-12 07:00:00+00:00,2755.694343
2025-12-12 08:00:00+00:00,2708.072765
2025-12-12 09:00:00+00:00,2773.165088
2025-12-12 10:00:00+00:00,2832.897543
2025-12-12 11:00:00+00:00,2811.092140
2025-12-12 12:00:00+00:00,2845.783487
2025-12-12 13:00:00+00:00,2769.820210
2025-12-12 14:00:00+00:00,2637.251124
2025-12-12 15:00:00+00:00,2754.040166
2025-12-12 16:00:00+00:00,2784.375788
2025-12-12 17:00:00+00:00,2797.686495
2025-12-12 18:00:00+00:00,2767.569885
2025-12-12 19:00:00+00:00,2658.176685
2025-12-12 20:00:00+00:00,2763.186268
2025-12-12 21:00:00+00:00,2655.800932
2025-12-12 22:00:00+00:00,2745.300533
2025-12-12 23:00:00+00:00,2441.937037
2025-12-13 00:00:00+00:00,2202.702604
2025-12-13 01:00:00+00:00,2184.454921
2025-12-13 02:00:00+00:00,2244.835668
2025-12-13 03:00:00+00:00,2202.098798
2025-12-13 04:00:00+00:00,2180.631750
2025-12-13 05:00:00+00:00,2263.525446
2025-12-13 06:00:00+00:00,2137.869431
2025-12-13 07:00:00+00:00,2516.012805
2025-12-13 08:00:00+00:00,2497.095792
2025-12-13 09:00:00+00:00,2385.986765
2025-12-13 10:00:00+00:00,2509.467424
2025-12-13 11:00:00+00:00,2474.447367
2025-12-13 12:00:00+00:00,2379.207771
2025-12-13 13:00:00+00:00,2438.565324
2025-12-13 14:00:00+00:00,2499.615666
2025-12-13 15:00:00+00:00,2513.581461
2025-12-13 16:00:00+00:00,2512.932627
2025-12-13 17:00:00+00:00,2421.629226
2025-12-13 18:00:00+00:00,2464.363936
2025-12-13 19:00:00+00:00,2589.783503
2025-12-13 20:00:00+00:00,2498.774663
2025-12-13 21:00:00+00:00,2532.617972
2025-12-13 22:00:00+00:00,2476.497911
2025-12-13 23:00:00+00:00,2255.829845
2025-12-14 00:00:00+00:00,2243.184475
2025-12-14 01:00:00+00:00,2144.846527
2025-12-14 02:00:00+00:00,2231.673540
2025-12-14 03:00:00+00:00,2215.429488
2025-12-14 04:00:00+00:00,2212.443732
2025-12-14 05:00:00+00:00,2135.001885
2025-12-14 06:00:00+00:00,2108.756896
2025-12-14 07:00:00+00:00,2460.512659
2025-12-14 08:00:00+00:00,2458.479193
2025-12-14 09:00:00+00:00,2285.631867
2025-12-14 10:00:00+00:00,2461.679352
2025-12-14 11:00:00+00:00,2494.396206
2025-12-14 12:00:00+00:00,2381.954816
2025-12-14 13:00:00+00:00,2444.432864
2025-12-14 14:00:00+00:00,2498.757152
2025-12-14 15:00:00+00:00,2393.029152
2025-12-14 16:00:00+00:00,2329.516094
2025-12-14 17:00:00+00:00,2475.198900
2025-12-14 18:00:00+00:00,2489.278686
2025-12-14 19:00:00+00:00,2467.989773
2025-12-14 20:00:00+00:00,2423.295128
2025-12-14 21:00:00+00:00,2492.349266
2025-12-14 22:00:00+00:00,2414.517434
2025-12-14 23:00:00+00:00,2080.035029
2025-12-15 00:00:00+00:00,2571.711260
2025-12-15 01:00:00+00:00,2360.689325
2025-12-15 02:00:00+00:00,2443.986719
2025-12-15 03:00:00+00:00,2463.455232
2025-12-15 04:00:00+00:00,2432.813790
2025-12-15 05:00:00+00:00,2495.273761
2025-12-15 06:00:00+00:00,2484.394257
2025-12-15 07:00:00+00:00,2693.195585
2025-12-15 08:00:00+00:00,2906.099319
2025-12-15 09:00:00+00:00,2710.848577
2025-12-15 10:00:00+00:00,2794.983015
2025-12-15 11:00:00+00:00,2838.696175
2025-12-15 12:00:00+00:00,2812.070003
2025-12-15 13:00:00+00:00,2873.896744
2025-12-15 14:00:00+00:00,2767.733836
2025-12-15 15:00:00+00:00,2810.289679
2025-12-15 16:00:00+00:00,2725.613279
2025-12-15 17:00:00+00:00,2938.001074
2025-12-15 18:00:00+00:00,2776.002295
2025-12-15 19:00:00+00:00,2810.824630
2025-12-15 20:00:00+00:00,2821.202770
2025-12-15 21:00:00+00:00,2836.161309
2025-12-15 22:00:00+00:00,2780.098401
2025-12-15 23:00:00+00:00,2531.730350
2025-12-16 00:00:00+00:00,2429.081219
2025-12-16 01:00:00+00:00,2604.064669
2025-12-16 02:00:00+00:00,2505.927707
2025-12-16 03:00:00+00:00,2479.465644
2025-12-16 04:00:00+00:00,2504.491086
2025-12-16 05:00:00+00:00,2398.931823
2025-12-16 06:00:00+00:00,2536.572232
2025-12-16 07:00:00+00:00,2726.482253
2025-12-16 08:00:00+00:00,2851.138838
2025-12-16 09:00:00+00:00,2732.046347
2025-12-16 10:00:00+00:00,2807.797407
2025-12-16 11:00:00+00:00,2825.781671
2025-12-16 12:00:00+00:00,2753.407817
2025-12-16 13:00:00+00:00,2665.504609
2025-12-16 14:00:00+00:00,2875.433911
2025-12-16 15:00:00+00:00,2752.006513
2025-12-16 16:00:00+00:00,2814.291101
2025-12-16 17:00:00+00:00,2752.563487
2025-12-16 18:00:00+00:00,2611.502079
2025-12-16 19:00:00+00:00,2714.556066
2025-12-16 20:00:00+00:00,2813.124436
2025-12-16 21:00:00+00:00,2713.665934
2025-12-16 22:00:00+00:00,2901.233153
2025-12-16 23:00:00+00:00,2491.868892
2025-12-17 00:00:00+00:00,2478.893289
2025-12-17 01:00:00+00:00,2392.446988
2025-12-17 02:00:00+00:00,2466.700001
2025-12-17 03:00:00+00:00,2441.226190
2025-12-17 04:00:00+00:00,2498.707334
2025-12-17 05:00:00+00:00,2457.805186
2025-12-17 06:00:00+00:00,2467.621157
2025-12-17 07:00:00+00:00,2722.834955
2025-12-17 08:00:00+00:00,2854.507802
2025-12-17 09:00:00+00:00,2897.281796
2025-12-17 10:00:00+00:00,2772.582860
2025-12-17 11:00:00+00:00,2690.368303
2025-12-17 12:00:00+00:00,2792.274312
2025-12-17 13:00:00+00:00,2919.661443
2025-12-17 14:00:00+00:00,2734.181658
2025-12-17 15:00:00+00:00,2750.743381
2025-12-17 16:00:00+00:00,2639.244779
2025-12-17 17:00:00+00:00,2821.165678
2025-12-17 18:00:00+00:00,2665.427002
2025-12-17 19:00:00+00:00,2720.229557
2025-12-17 20:00:00+00:00,2865.130033
2025-12-17 21:00:00+00:00,2868.520857
2025-12-17 22:00:00+00:00,2776.178541
2025-12-17 23:00:00+00:00,2496.042484
2025-12-18 00:00:00+00:00,2467.958921
2025-12-18 01:00:00+00:00,2539.186908
2025-12-18 02:00:00+00:00,2484.595856
2025-12-18 03:00:00+00:00,2443.761896
2025-12-18 04:00:00+00:00,2559.082506
2025-12-18 05:00:00+00:00,2448.929218
2025-12-18 06:00:00+00:00,2520.143489
2025-12-18 07:00:00+00:00,2880.306042
2025-12-18 08:00:00+00:00,2755.996777
2025-12-18 09:00:00+00:00,2781.809132
2025-12-18 10:00:00+00:00,2815.888599
2025-12-18 11:00:00+00:00,2778.525752
2025-12-18 12:00:00+00:00,2673.807485
2025-12-18 13:00:00+00:00,2750.515976
2025-12-18 14:00:00+00:00,2896.355694
2025-12-18 15:00:00+00:00,2768.003271
2025-12-18 16:00:00+00:00,2726.542563
2025-12-18 17:00:00+00:00,2833.223310
2025-12-18 18:00:00+00:00,2858.132074
2025-12-18 19:00:00+00:00,2784.335200
2025-12-18 20:00:00+00:00,2844.037150
2025-12-18 21:00:00+00:00,2699.676800
2025-12-18 22:00:00+00:00,2792.365570
2025-12-18 23:00:00+00:00,2470.859613
2025-12-19 00:00:00+00:00,2484.709031
2025-12-19 01:00:00+00:00,2557.157590
2025-12-19 02:00:00+00:00,2567.865488
2025-12-19 03:00:00+00:00,2512.599553
2025-12-19 04:00:00+00:00,2493.135615
2025-12-19 05:00:00+00:00,2492.628310
2025-12-19 06:00:00+00:00,2498.671733
2025-12-19 07:00:00+00:00,2760.340333
2025-12-19 08:00:00+00:00,2756.164691
2025-12-19 09:00:00+00:00,2825.423606
2025-12-19 10:00:00+00:00,2680.791401
2025-12-19 11:00:00+00:00,2828.525904
2025-12-19 12:00:00+00:00,2859.277978
2025-12-19 13:00:00+00:00,2781.225925
2025-12-19 14:00:00+00:00,2809.222038
2025-12-19 15:00:00+00:00,2735.336749
2025-12-19 16:00:00+00:00,2719.241759
2025-12-19 17:00:00+00:00,2851.110147
2025-12-19 18:00:00+00:00,2778.768958
2025-12-19 19:00:00+00:00,2735.890727
2025-12-19 20:00:00+00:00,2749.918232
2025-12-19 21:00:00+00:00,2690.437109
2025-12-19 22:00:00+00:00,2738.246558
2025-12-19 23:00:00+00:00,2426.644821
2025-12-20 00:00:00+00:00,2256.910642
2025-12-20 01:00:00+00:00,2203.749092
2025-12-20 02:00:00+00:00,2270.202087
2025-12-20 03:00:00+00:00,2156.479074
2025-12-20 04:00:00+00:00,2178.333878
2025-12-20 05:00:00+00:00,2292.972153
2025-12-20 06:00:00+00:00,2152.192116
2025-12-20 07:00:00+00:00,2452.396633
2025-12-20 08:00:00+00:00,2475.702768
2025-12-20 09:00:00+00:00,2477.436472
2025-12-20 10:00:00+00:00,2541.643185
2025-12-20 11:00:00+00:00,2597.546450
2025-12-20 12:00:00+00:00,2398.921378
2025-12-20 13:00:00+00:00,2455.780504
2025-12-20 14:00:00+00:00,2456.352915
2025-12-20 15:00:00+00:00,2372.771204
2025-12-20 16:00:00+00:00,2479.773338
2025-12-20 17:00:00+00:00,2468.513172
2025-12-20 18:00:00+00:00,2536.037976
2025-12-20 19:00:00+00:00,2470.322078
2025-12-20 20:00:00+00:00,2447.709662
2025-12-20 21:00:00+00:00,2541.725765
2025-12-20 22:00:00+00:00,2520.873627
2025-12-20 23:00:00+00:00,2231.902345
2025-12-21 00:00:00+00:00,2213.354994
2025-12-21 01:00:00+00:00,2160.673944
2025-12-21 02:00:00+00:00,2154.013457
2025-12-21 03:00:00+00:00,2259.639130
2025-12-21 04:00:00+00:00,2213.575445
2025-12-21 05:00:00+00:00,2086.213782
2025-12-21 06:00:00+00:00,2300.052351
2025-12-21 07:00:00+00:00,2562.717056
2025-12-21 08:00:00+00:00,2434.087662
2025-12-21 09:00:00+00:00,2487.837891
2025-12-21 10:00:00+00:00,2368.142280
2025-12-21 11:00:00+00:00,2323.090737
2025-12-21 12:00:00+00:00,2557.396198
2025-12-21 13:00:00+00:00,2422.899358
2025-12-21 14:00:00+00:00,2414.783767
2025-12-21 15:00:00+00:00,2416.747603
2025-12-21 16:00:00+00:00,2470.250996
2025-12-21 17:00:00+00:00,2512.588017
2025-12-21 18:00:00+00:00,2435.186786
2025-12-21 19:00:00+00:00,2389.632107
2025-12-21 20:00:00+00:00,2459.308268
2025-12-21 21:00:00+00:00,2489.637215
2025-12-21 22:00:00+00:00,2399.625857
2025-12-21 23:00:00+00:00,2224.808172
2025-12-22 00:00:00+00:00,2541.052014
2025-12-22 01:00:00+00:00,2506.974726
2025-12-22 02:00:00+00:00,2411.376037
2025-12-22 03:00:00+00:00,2499.606036
2025-12-22 04:00:00+00:00,2600.513650
2025-12-22 05:00:00+00:00,2485.790017
2025-12-22 06:00:00+00:00,2526.372465
2025-12-22 07:00:00+00:00,2848.398935
2025-12-22 08:00:00+00:00,2726.978600
2025-12-22 09:00:00+00:00,2915.322053
2025-12-22 10:00:00+00:00,2937.604218
2025-12-22 11:00:00+00:00,2716.799290
2025-12-22 12:00:00+00:00,2876.914346
2025-12-22 13:00:00+00:00,2831.163246
2025-12-22 14:00:00+00:00,2822.744928
2025-12-22 15:00:00+00:00,2699.678641
2025-12-22 16:00:00+00:00,2755.662811
2025-12-22 17:00:00+00:00,2789.439662
2025-12-22 18:00:00+00:00,2789.847794
2025-12-22 19:00:00+00:00,2849.197631
2025-12-22 20:00:00+00:00,2859.934537
2025-12-22 21:00:00+00:00,2762.751348
2025-12-22 22:00:00+00:00,2796.749804
2025-12-22 23:00:00+00:00,2433.365904
2025-12-23 00:00:00+00:00,2612.921070
2025-12-23 01:00:00+00:00,2422.237745
2025-12-23 02:00:00+00:00,2502.087761
2025-12-23 03:00:00+00:00,2620.083182
2025-12-23 04:00:00+00:00,2444.984455
2025-12-23 05:00:00+00:00,2593.874483
2025-12-23 06:00:00+00:00,2513.461800
2025-12-23 07:00:00+00:00,2806.660430
2025-12-23 08:00:00+00:00,2870.078788
2025-12-23 09:00:00+00:00,2811.323031
2025-12-23 10:00:00+00:00,2810.024171
2025-12-23 11:00:00+00:00,2808.002920
2025-12-23 12:00:00+00:00,2674.127115
2025-12-23 13:00:00+00:00,2725.605182
2025-12-23 14:00:00+00:00,2805.751448
2025-12-23 15:00:00+00:00,2862.581027
2025-12-23 16:00:00+00:00,2899.979188
2025-12-23 17:00:00+00:00,2788.675523
2025-12-23 18:00:00+00:00,2826.266319
2025-12-23 19:00:00+00:00,2814.992543
2025-12-23 20:00:00+00:00,2820.608189
2025-12-23 21:00:00+00:00,2733.241745
2025-12-23 22:00:00+00:00,2637.479521
2025-12-23 23:00:00+00:00,2550.993331
2025-12-24 00:00:00+00:00,2486.975590
2025-12-24 01:00:00+00:00,2626.624992
2025-12-24 02:00:00+00:00,2676.518667
2025-12-24 03:00:00+00:00,2549.795187
2025-12-24 04:00:00+00:00,2529.221433
2025-12-24 05:00:00+00:00,2501.844786
2025-12-24 06:00:00+00:00,2532.510284
2025-12-24 07:00:00+00:00,2769.114889
2025-12-24 08:00:00+00:00,2844.731759
2025-12-24 09:00:00+00:00,2726.625677
2025-12-24 10:00:00+00:00,2767.865924
2025-12-24 11:00:00+00:00,2789.485587
2025-12-24 12:00:00+00:00,2847.866384
2025-12-24 13:00:00+00:00,2755.946518
2025-12-24 14:00:00+00:00,2761.090660
2025-12-24 15:00:00+00:00,2820.540193
2025-12-24 16:00:00+00:00,2840.439708
2025-12-24 17:00:00+00:00,2735.819015
2025-12-24 18:00:00+00:00,2905.236784
2025-12-24 19:00:00+00:00,2725.822994
2025-12-24 20:00:00+00:00,2812.430518
2025-12-24 21:00:00+00:00,2864.777800
2025-12-24 22:00:00+00:00,2777.040667
2025-12-24 23:00:00+00:00,2536.584714
2025-12-25 00:00:00+00:00,2523.563460
2025-12-25 01:00:00+00:00,2564.885535
2025-12-25 02:00:00+00:00,2462.201664
2025-12-25 03:00:00+00:00,2557.356113
2025-12-25 04:00:00+00:00,2435.568466
2025-12-25 05:00:00+00:00,2460.226398
2025-12-25 06:00:00+00:00,2486.995421
2025-12-25 07:00:00+00:00,2694.868151
2025-12-25 08:00:00+00:00,2725.802266
2025-12-25 09:00:00+00:00,2693.445266
2025-12-25 10:00:00+00:00,2751.057164
2025-12-25 11:00:00+00:00,2840.507538
2025-12-25 12:00:00+00:00,2743.902880
2025-12-25 13:00:00+00:00,2972.441857
2025-12-25 14:00:00+00:00,2829.501590
2025-12-25 15:00:00+00:00,2801.966346
2025-12-25 16:00:00+00:00,2702.286127
2025-12-25 17:00:00+00:00,2737.341764
2025-12-25 18:00:00+00:00,2717.817202
2025-12-25 19:00:00+00:00,2863.325730
2025-12-25 20:00:00+00:00,2868.752118
2025-12-25 21:00:00+00:00,2759.092011
2025-12-25 22:00:00+00:00,2769.922055
2025-12-25 23:00:00+00:00,2487.047998
2025-12-26 00:00:00+00:00,2458.128210
2025-12-26 01:00:00+00:00,2436.980277
2025-12-26 02:00:00+00:00,2408.364856
2025-12-26 03:00:00+00:00,2399.264301
2025-12-26 04:00:00+00:00,2548.833491
2025-12-26 05:00:00+00:00,2440.416384
2025-12-26 06:00:00+00:00,2463.159378
2025-12-26 07:00:00+00:00,2689.283175
2025-12-26 08:00:00+00:00,2893.426033
2025-12-26 09:00:00+00:00,2832.891043
2025-12-26 10:00:00+00:00,2839.275053
2025-12-26 11:00:00+00:00,2852.638212
2025-12-26 12:00:00+00:00,2778.568736
2025-12-26 13:00:00+00:00,2847.216428
2025-12-26 14:00:00+00:00,2724.503978
2025-12-26 15:00:00+00:00,2806.482084
2025-12-26 16:00:00+00:00,2745.817474
2025-12-26 17:00:00+00:00,2861.307515
2025-12-26 18:00:00+00:00,2670.249890
2025-12-26 19:00:00+00:00,2821.648732
2025-12-26 20:00:00+00:00,2820.707681
2025-12-26 21:00:00+00:00,3059.320904
2025-12-26 22:00:00+00:00,2918.799987
2025-12-26 23:00:00+00:00,2521.816680
2025-12-27 00:00:00+00:00,2247.699894
2025-12-27 01:00:00+00:00,2197.965055
2025-12-27 02:00:00+00:00,2197.675334
2025-12-27 03:00:00+00:00,2237.686998
2025-12-27 04:00:00+00:00,2183.646542
2025-12-27 05:00:00+00:00,2201.723740
2025-12-27 06:00:00+00:00,2239.056252
2025-12-27 07:00:00+00:00,2540.159334
2025-12-27 08:00:00+00:00,2531.400507
2025-12-27 09:00:00+00:00,2372.242152
2025-12-27 10:00:00+00:00,2486.907666
2025-12-27 11:00:00+00:00,2565.402604
2025-12-27 12:00:00+00:00,2537.899992
2025-12-27 13:00:00+00:00,2411.100317
2025-12-27 14:00:00+00:00,2433.700438
2025-12-27 15:00:00+00:00,2538.484660
2025-12-27 16:00:00+00:00,2315.143269
2025-12-27 17:00:00+00:00,2513.874066
2025-12-27 18:00:00+00:00,2495.868453
2025-12-27 19:00:00+00:00,2507.419951
2025-12-27 20:00:00+00:00,2476.509654
2025-12-27 21:00:00+00:00,2525.311264
2025-12-27 22:00:00+00:00,2329.347190
2025-12-27 23:00:00+00:00,2174.507972
2025-12-28 00:00:00+00:00,2218.222438
2025-12-28 01:00:00+00:00,2255.680700
2025-12-28 02:00:00+00:00,2227.490606
2025-12-28 03:00:00+00:00,2208.361324
2025-12-28 04:00:00+00:00,2290.654180
2025-12-28 05:00:00+00:00,2345.758456
2025-12-28 06:00:00+00:00,2259.362987
2025-12-28 07:00:00+00:00,2397.409037
2025-12-28 08:00:00+00:00,2535.771605
2025-12-28 09:00:00+00:00,2481.114867
2025-12-28 10:00:00+00:00,2499.586835
2025-12-28 11:00:00+00:00,2450.314344
2025-12-28 12:00:00+00:00,2379.499902
2025-12-28 13:00:00+00:00,2469.635775
2025-12-28 14:00:00+00:00,2434.395868
2025-12-28 15:00:00+00:00,2476.994839
2025-12-28 16:00:00+00:00,2494.859867
2025-12-28 17:00:00+00:00,2465.200316
2025-12-28 18:00:00+00:00,2462.231146
2025-12-28 19:00:00+00:00,2455.389973
2025-12-28 20:00:00+00:00,2399.705830
2025-12-28 21:00:00+00:00,2381.469291
2025-12-28 22:00:00+00:00,2458.156397
2025-12-28 23:00:00+00:00,2182.844303
2025-12-29 00:00:00+00:00,2321.595993
2025-12-29 01:00:00+00:00,2468.328150
2025-12-29 02:00:00+00:00,2533.964869
2025-12-29 03:00:00+00:00,2511.860963
2025-12-29 04:00:00+00:00,2488.133693
2025-12-29 05:00:00+00:00,2431.109984
2025-12-29 06:00:00+00:00,2450.334638
2025-12-29 07:00:00+00:00,2788.173768
2025-12-29 08:00:00+00:00,2902.698053
2025-12-29 09:00:00+00:00,2763.318348
2025-12-29 10:00:00+00:00,2900.294725
2025-12-29 11:00:00+00:00,2845.197649
2025-12-29 12:00:00+00:00,2809.799207
2025-12-29 13:00:00+00:00,2794.051406
2025-12-29 14:00:00+00:00,2906.120866
2025-12-29 15:00:00+00:00,2773.164432
2025-12-29 16:00:00+00:00,3082.570382
2025-12-29 17:00:00+00:00,2750.741841
2025-12-29 18:00:00+00:00,2896.068567
2025-12-29 19:00:00+00:00,2718.202569
2025-12-29 20:00:00+00:00,2873.851077
2025-12-29 21:00:00+00:00,2788.579820
2025-12-29 22:00:00+00:00,2785.547988
2025-12-29 23:00:00+00:00,2528.790986
2025-12-30 00:00:00+00:00,2435.705845
2025-12-30 01:00:00+00:00,2451.421028
2025-12-30 02:00:00+00:00,2480.732887
2025-12-30 03:00:00+00:00,2486.609678
2025-12-30 04:00:00+00:00,2520.132417
2025-12-30 05:00:00+00:00,2479.928791
2025-12-30 06:00:00+00:00,2501.086924
2025-12-30 07:00:00+00:00,2957.825112
2025-12-30 08:00:00+00:00,2847.453630
2025-12-30 09:00:00+00:00,2667.559815
2025-12-30 10:00:00+00:00,2855.095725
2025-12-30 11:00:00+00:00,2872.656936
2025-12-30 12:00:00+00:00,2823.645834
2025-12-30 13:00:00+00:00,2820.237123
2025-12-30 14:00:00+00:00,2812.649789
2025-12-30 15:00:00+00:00,2685.471721
2025-12-30 16:00:00+00:00,2826.629739
2025-12-30 17:00:00+00:00,2822.796144
2025-12-30 18:00:00+00:00,2794.865244
2025-12-30 19:00:00+00:00,2907.840011
2025-12-30 20:00:00+00:00,2834.500185
2025-12-30 21:00:00+00:00,2798.459904
2025-12-30 22:00:00+00:00,2883.560757
2025-12-30 23:00:00+00:00,2457.160615
2025-12-31 00:00:00+00:00,2577.566522
2025-12-31 01:00:00+00:00,2559.586170
2025-12-31 02:00:00+00:00,2464.913077
2025-12-31 03:00:00+00:00,2527.911174
2025-12-31 04:00:00+00:00,2507.032858
2025-12-31 05:00:00+00:00,2530.692731
2025-12-31 06:00:00+00:00,2409.485804
2025-12-31 07:00:00+00:00,2840.613179
2025-12-31 08:00:00+00:00,2804.970044
2025-12-31 09:00:00+00:00,2773.127737
2025-12-31 10:00:00+00:00,2752.887352
2025-12-31 11:00:00+00:00,2727.728121
2025-12-31 12:00:00+00:00,2947.469776
2025-12-31 13:00:00+00:00,2933.401120
2025-12-31 14:00:00+00:00,2852.947639
2025-12-31 15:00:00+00:00,2785.887454
2025-12-31 16:00:00+00:00,2827.998649
2025-12-31 17:00:00+00:00,2856.879182
2025-12-31 18:00:00+00:00,2791.132071
2025-12-31 19:00:00+00:00,2870.498308
2025-12-31 20:00:00+00:00,2898.517190
2025-12-31 21:00:00+00:00,2805.640318
2025-12-31 22:00:00+00:00,2893.810293
2025-12-31 23:00:00+00:00,2546.467837
