timestamp_utc,capacity_factor
2025-01-01 00:00:00+00:00,0.00000000
2025-01-01 01:00:00+00:00,0.00000000
2025-01-01 02:00:00+00:00,0.00000000
2025-01-01 03:00:00+00:00,0.00000000
2025-01-01 04:00:00+00:00,0.00000000
2025-01-01 05:00:00+00:00,0.00000000
2025-01-01 06:00:00+00:00,0.05824111
2025-01-01 07:00:00+00:00,0.17075429
2025-01-01 08:00:00+00:00,0.27163085
2025-01-01 09:00:00+00:00,0.35399622
2025-01-01 10:00:00+00:00,0.41223732
2025-01-01 11:00:00+00:00,0.44238514
2025-01-01 12:00:00+00:00,0.44238514
2025-01-01 13:00:00+00:00,0.41223732
2025-01-01 14:00:00+00:00,0.35399622
2025-01-01 15:00:00+00:00,0.27163085
2025-01-01 16:00:00+00:00,0.17075429
2025-01-01 17:00:00+00:00,0.05824111
2025-01-01 18:00:00+00:00,0.00000000
2025-01-01 19:00:00+00:00,0.00000000
2025-01-01 20:00:00+00:00,0.00000000
2025-01-01 21:00:00+00:00,0.00000000
2025-01-01 22:00:00+00:00,0.00000000
2025-01-01 23:00:00+00:00,0.00000000
2025-01-02 00:00:00+00:00,0.00000000
2025-01-02 01:00:00+00:00,0.00000000
2025-01-02 02:00:00+00:00,0.00000000
2025-01-02 03:00:00+00:00,0.00000000
2025-01-02 04:00:00+00:00,0.00000000
2025-01-02 05:00:00+00:00,0.00000000
2025-01-02 06:00:00+00:00,0.05837808
2025-01-02 07:00:00+00:00,0.17115588
2025-01-02 08:00:00+00:00,0.27226969
2025-01-02 09:00:00+00:00,0.35482877
2025-01-02 10:00:00+00:00,0.41320685
2025-01-02 11:00:00+00:00,0.44342557
2025-01-02 12:00:00+00:00,0.44342557
2025-01-02 13:00:00+00:00,0.41320685
2025-01-02 14:00:00+00:00,0.35482877
2025-01-02 15:00:00+00:00,0.27226969
2025-01-02 16:00:00+00:00,0.17115588
2025-01-02 17:00:00+00:00,0.05837808
2025-01-02 18:00:00+00:00,0.00000000
2025-01-02 19:00:00+00:00,0.00000000
2025-01-02 20:00:00+00:00,0.00000000
2025-01-02 21:00:00+00:00,0.00000000
2025-01-02 22:00:00+00:00,0.00000000
2025-01-02 23:00:00+00:00,0.00000000
2025-01-03 00:00:00+00:00,0.00000000
2025-01-03 01:00:00+00:00,0.00000000
2025-01-03 02:00:00+00:00,0.00000000
2025-01-03 03:00:00+00:00,0.00000000
2025-01-03 04:00:00+00:00,0.00000000
2025-01-03 05:00:00+00:00,0.00000000
2025-01-03 06:00:00+00:00,0.05852561
2025-01-03 07:00:00+00:00,0.17158840
2025-01-03 08:00:00+00:00,0.27295773
2025-01-03 09:00:00+00:00,0.35572544
2025-01-03 10:00:00+00:00,0.41425105
2025-01-03 11:00:00+00:00,0.44454613
2025-01-03 12:00:00+00:00,0.44454613
2025-01-03 13:00:00+00:00,0.41425105
2025-01-03 14:00:00+00:00,0.35572544
2025-01-03 15:00:00+00:00,0.27295773
2025-01-03 16:00:00+00:00,0.17158840
2025-01-03 17:00:00+00:00,0.05852561
2025-01-03 18:00:00+00:00,0.00000000
2025-01-03 19:00:00+00:00,0.00000000
2025-01-03 20:00:00+00:00,0.00000000
2025-01-03 21:00:00+00:00,0.00000000
2025-01-03 22:00:00+00:00,0.00000000
2025-01-03 23:00:00+00:00,0.00000000
2025-01-04 00:00:00+00:00,0.00000000
2025-01-04 01:00:00+00:00,0.00000000
2025-01-04 02:00:00+00:00,0.00000000
2025-01-04 03:00:00+00:00,0.00000000
2025-01-04 04:00:00+00:00,0.00000000
2025-01-04 05:00:00+00:00,0.00000000
2025-01-04 06:00:00+00:00,0.05868364
2025-01-04 07:00:00+00:00,0.17205172
2025-01-04 08:00:00+00:00,0.27369477
2025-01-04 09:00:00+00:00,0.35668596
2025-01-04 10:00:00+00:00,0.41536960
2025-01-04 11:00:00+00:00,0.44574649
2025-01-04 12:00:00+00:00,0.44574649
2025-01-04 13:00:00+00:00,0.41536960
2025-01-04 14:00:00+00:00,0.35668596
2025-01-04 15:00:00+00:00,0.27369477
2025-01-04 16:00:00+00:00,0.17205172
2025-01-04 17:00:00+00:00,0.05868364
2025-01-04 18:00:00+00:00,0.00000000
2025-01-04 19:00:00+00:00,0.00000000
2025-01-04 20:00:00+00:00,0.00000000
2025-01-04 21:00:00+00:00,0.00000000
2025-01-04 22:00:00+00:00,0.00000000
2025-01-04 23:00:00+00:00,0.00000000
2025-01-05 00:00:00+00:00,0.00000000
2025-01-05 01:00:00+00:00,0.00000000
2025-01-05 02:00:00+00:00,0.00000000
2025-01-05 03:00:00+00:00,0.00000000
2025-01-05 04:00:00+00:00,0.00000000
2025-01-05 05:00:00+00:00,0.00000000
2025-01-05 06:00:00+00:00,0.05885213
2025-01-05 07:00:00+00:00,0.17254571
2025-01-05 08:00:00+00:00,0.27448058
2025-01-05 09:00:00+00:00,0.35771006
2025-01-05 10:00:00+00:00,0.41656219
2025-01-05 11:00:00+00:00,0.44702629
2025-01-05 12:00:00+00:00,0.44702629
2025-01-05 13:00:00+00:00,0.41656219
2025-01-05 14:00:00+00:00,0.35771006
2025-01-05 15:00:00+00:00,0.27448058
2025-01-05 16:00:00+00:00,0.17254571
2025-01-05 17:00:00+00:00,0.05885213
2025-01-05 18:00:00+00:00,0.00000000
2025-01-05 19:00:00+00:00,0.00000000
2025-01-05 20:00:00+00:00,0.00000000
2025-01-05 21:00:00+00:00,0.00000000
2025-01-05 22:00:00+00:00,0.00000000
2025-01-05 23:00:00+00:00,0.00000000
2025-01-06 00:00:00+00:00,0.00000000
2025-01-06 01:00:00+00:00,0.00000000
2025-01-06 02:00:00+00:00,0.00000000
2025-01-06 03:00:00+00:00,0.00000000
2025-01-06 04:00:00+00:00,0.00000000
2025-01-06 05:00:00+00:00,0.00000000
2025-01-06 06:00:00+00:00,0.05903102
2025-01-06 07:00:00+00:00,0.17307021
2025-01-06 08:00:00+00:00,0.27531494
2025-01-06 09:00:00+00:00,0.35879742
2025-01-06 10:00:00+00:00,0.41782844
2025-01-06 11:00:00+00:00,0.44838515
2025-01-06 12:00:00+00:00,0.44838515
2025-01-06 13:00:00+00:00,0.41782844
2025-01-06 14:00:00+00:00,0.35879742
2025-01-06 15:00:00+00:00,0.27531494
2025-01-06 16:00:00+00:00,0.17307021
2025-01-06 17:00:00+00:00,0.05903102
2025-01-06 18:00:00+00:00,0.00000000
2025-01-06 19:00:00+00:00,0.00000000
2025-01-06 20:00:00+00:00,0.00000000
2025-01-06 21:00:00+00:00,0.00000000
2025-01-06 22:00:00+00:00,0.00000000
2025-01-06 23:00:00+00:00,0.00000000
2025-01-07 00:00:00+00:00,0.00000000
2025-01-07 01:00:00+00:00,0.00000000
2025-01-07 02:00:00+00:00,0.00000000
2025-01-07 03:00:00+00:00,0.00000000
2025-01-07 04:00:00+00:00,0.00000000
2025-01-07 05:00:00+00:00,0.00000000
2025-01-07 06:00:00+00:00,0.05922028
2025-01-07 07:00:00+00:00,0.17362507
2025-01-07 08:00:00+00:00,0.27619760
2025-01-07 09:00:00+00:00,0.35994772
2025-01-07 10:00:00+00:00,0.41916800
2025-01-07 11:00:00+00:00,0.44982267
2025-01-07 12:00:00+00:00,0.44982267
2025-01-07 13:00:00+00:00,0.41916800
2025-01-07 14:00:00+00:00,0.35994772
2025-01-07 15:00:00+00:00,0.27619760
2025-01-07 16:00:00+00:00,0.17362507
2025-01-07 17:00:00+00:00,0.05922028
2025-01-07 18:00:00+00:00,0.00000000
2025-01-07 19:00:00+00:00,0.00000000
2025-01-07 20:00:00+00:00,0.00000000
2025-01-07 21:00:00+00:00,0.00000000
2025-01-07 22:00:00+00:00,0.00000000
2025-01-07 23:00:00+00:00,0.00000000
2025-01-08 00:00:00+00:00,0.00000000
2025-01-08 01:00:00+00:00,0.00000000
2025-01-08 02:00:00+00:00,0.00000000
2025-01-08 03:00:00+00:00,0.00000000
2025-01-08 04:00:00+00:00,0.00000000
2025-01-08 05:00:00+00:00,0.00000000
2025-01-08 06:00:00+00:00,0.05941983
2025-01-08 07:00:00+00:00,0.17421013
2025-01-08 08:00:00+00:00,0.27712830
2025-01-08 09:00:00+00:00,0.36116063
2025-01-08 10:00:00+00:00,0.42058046
2025-01-08 11:00:00+00:00,0.45133843
2025-01-08 12:00:00+00:00,0.45133843
2025-01-08 13:00:00+00:00,0.42058046
2025-01-08 14:00:00+00:00,0.36116063
2025-01-08 15:00:00+00:00,0.27712830
2025-01-08 16:00:00+00:00,0.17421013
2025-01-08 17:00:00+00:00,0.05941983
2025-01-08 18:00:00+00:00,0.00000000
2025-01-08 19:00:00+00:00,0.00000000
2025-01-08 20:00:00+00:00,0.00000000
2025-01-08 21:00:00+00:00,0.00000000
2025-01-08 22:00:00+00:00,0.00000000
2025-01-08 23:00:00+00:00,0.00000000
2025-01-09 00:00:00+00:00,0.00000000
2025-01-09 01:00:00+00:00,0.00000000
2025-01-09 02:00:00+00:00,0.00000000
2025-01-09 03:00:00+00:00,0.00000000
2025-01-09 04:00:00+00:00,0.00000000
2025-01-09 05:00:00+00:00,0.00000000
2025-01-09 06:00:00+00:00,0.05962963
2025-01-09 07:00:00+00:00,0.17482522
2025-01-09 08:00:00+00:00,0.27810676
2025-01-09 09:00:00+00:00,0.36243578
2025-01-09 10:00:00+00:00,0.42206541
2025-01-09 11:00:00+00:00,0.45293197
2025-01-09 12:00:00+00:00,0.45293197
2025-01-09 13:00:00+00:00,0.42206541
2025-01-09 14:00:00+00:00,0.36243578
2025-01-09 15:00:00+00:00,0.27810676
2025-01-09 16:00:00+00:00,0.17482522
2025-01-09 17:00:00+00:00,0.05962963
2025-01-09 18:00:00+00:00,0.00000000
2025-01-09 19:00:00+00:00,0.00000000
2025-01-09 20:00:00+00:00,0.00000000
2025-01-09 21:00:00+00:00,0.00000000
2025-01-09 22:00:00+00:00,0.00000000
2025-01-09 23:00:00+00:00,0.00000000
2025-01-10 00:00:00+00:00,0.00000000
2025-01-10 01:00:00+00:00,0.00000000
2025-01-10 02:00:00+00:00,0.00000000
2025-01-10 03:00:00+00:00,0.00000000
2025-01-10 04:00:00+00:00,0.00000000
2025-01-10 05:00:00+00:00,0.00000000
2025-01-10 06:00:00+00:00,0.05984960
2025-01-10 07:00:00+00:00,0.17547014
2025-01-10 08:00:00+00:00,0.27913268
2025-01-10 09:00:00+00:00,0.36377280
2025-01-10 10:00:00+00:00,0.42362239
2025-01-10 11:00:00+00:00,0.45460283
2025-01-10 12:00:00+00:00,0.45460283
2025-01-10 13:00:00+00:00,0.42362239
2025-01-10 14:00:00+00:00,0.36377280
2025-01-10 15:00:00+00:00,0.27913268
2025-01-10 16:00:00+00:00,0.17547014
2025-01-10 17:00:00+00:00,0.05984960
2025-01-10 18:00:00+00:00,0.00000000
2025-01-10 19:00:00+00:00,0.00000000
2025-01-10 20:00:00+00:00,0.00000000
2025-01-10 21:00:00+00:00,0.00000000
2025-01-10 22:00:00+00:00,0.00000000
2025-01-10 23:00:00+00:00,0.00000000
2025-01-11 00:00:00+00:00,0.00000000
2025-01-11 01:00:00+00:00,0.00000000
2025-01-11 02:00:00+00:00,0.00000000
2025-01-11 03:00:00+00:00,0.00000000
2025-01-11 04:00:00+00:00,0.00000000
2025-01-11 05:00:00+00:00,0.00000000
2025-01-11 06:00:00+00:00,0.06007968
2025-01-11 07:00:00+00:00,0.17614472
2025-01-11 08:00:00+00:00,0.28020578
2025-01-11 09:00:00+00:00,0.36517128
2025-01-11 10:00:00+00:00,0.42525097
2025-01-11 11:00:00+00:00,0.45635050
2025-01-11 12:00:00+00:00,0.45635050
2025-01-11 13:00:00+00:00,0.42525097
2025-01-11 14:00:00+00:00,0.36517128
2025-01-11 15:00:00+00:00,0.28020578
2025-01-11 16:00:00+00:00,0.17614472
2025-01-11 17:00:00+00:00,0.06007968
2025-01-11 18:00:00+00:00,0.00000000
2025-01-11 19:00:00+00:00,0.00000000
2025-01-11 20:00:00+00:00,0.00000000
2025-01-11 21:00:00+00:00,0.00000000
2025-01-11 22:00:00+00:00,0.00000000
2025-01-11 23:00:00+00:00,0.00000000
2025-01-12 00:00:00+00:00,0.00000000
2025-01-12 01:00:00+00:00,0.00000000
2025-01-12 02:00:00+00:00,0.00000000
2025-01-12 03:00:00+00:00,0.00000000
2025-01-12 04:00:00+00:00,0.00000000
2025-01-12 05:00:00+00:00,0.00000000
2025-01-12 06:00:00+00:00,0.06031981
2025-01-12 07:00:00+00:00,0.17684874
2025-01-12 08:00:00+00:00,0.28132573
2025-01-12 09:00:00+00:00,0.36663082
2025-01-12 10:00:00+00:00,0.42695064
2025-01-12 11:00:00+00:00,0.45817447
2025-01-12 12:00:00+00:00,0.45817447
2025-01-12 13:00:00+00:00,0.42695064
2025-01-12 14:00:00+00:00,0.36663082
2025-01-12 15:00:00+00:00,0.28132573
2025-01-12 16:00:00+00:00,0.17684874
2025-01-12 17:00:00+00:00,0.06031981
2025-01-12 18:00:00+00:00,0.00000000
2025-01-12 19:00:00+00:00,0.00000000
2025-01-12 20:00:00+00:00,0.00000000
2025-01-12 21:00:00+00:00,0.00000000
2025-01-12 22:00:00+00:00,0.00000000
2025-01-12 23:00:00+00:00,0.00000000
2025-01-13 00:00:00+00:00,0.00000000
2025-01-13 01:00:00+00:00,0.00000000
2025-01-13 02:00:00+00:00,0.00000000
2025-01-13 03:00:00+00:00,0.00000000
2025-01-13 04:00:00+00:00,0.00000000
2025-01-13 05:00:00+00:00,0.00000000
2025-01-13 06:00:00+00:00,0.06056992
2025-01-13 07:00:00+00:00,0.17758201
2025-01-13 08:00:00+00:00,0.28249219
2025-01-13 09:00:00+00:00,0.36815099
2025-01-13 10:00:00+00:00,0.42872090
2025-01-13 11:00:00+00:00,0.46007420
2025-01-13 12:00:00+00:00,0.46007420
2025-01-13 13:00:00+00:00,0.42872090
2025-01-13 14:00:00+00:00,0.36815099
2025-01-13 15:00:00+00:00,0.28249219
2025-01-13 16:00:00+00:00,0.17758201
2025-01-13 17:00:00+00:00,0.06056992
2025-01-13 18:00:00+00:00,0.00000000
2025-01-13 19:00:00+00:00,0.00000000
2025-01-13 20:00:00+00:00,0.00000000
2025-01-13 21:00:00+00:00,0.00000000
2025-01-13 22:00:00+00:00,0.00000000
2025-01-13 23:00:00+00:00,0.00000000
2025-01-14 00:00:00+00:00,0.00000000
2025-01-14 01:00:00+00:00,0.00000000
2025-01-14 02:00:00+00:00,0.00000000
2025-01-14 03:00:00+00:00,0.00000000
2025-01-14 04:00:00+00:00,0.00000000
2025-01-14 05:00:00+00:00,0.00000000
2025-01-14 06:00:00+00:00,0.06082992
2025-01-14 07:00:00+00:00,0.17834431
2025-01-14 08:00:00+00:00,0.28370482
2025-01-14 09:00:00+00:00,0.36973132
2025-01-14 10:00:00+00:00,0.43056124
2025-01-14 11:00:00+00:00,0.46204913
2025-01-14 12:00:00+00:00,0.46204913
2025-01-14 13:00:00+00:00,0.43056124
2025-01-14 14:00:00+00:00,0.36973132
2025-01-14 15:00:00+00:00,0.28370482
2025-01-14 16:00:00+00:00,0.17834431
2025-01-14 17:00:00+00:00,0.06082992
2025-01-14 18:00:00+00:00,0.00000000
2025-01-14 19:00:00+00:00,0.00000000
2025-01-14 20:00:00+00:00,0.00000000
2025-01-14 21:00:00+00:00,0.00000000
2025-01-14 22:00:00+00:00,0.00000000
2025-01-14 23:00:00+00:00,0.00000000
2025-01-15 00:00:00+00:00,0.00000000
2025-01-15 01:00:00+00:00,0.00000000
2025-01-15 02:00:00+00:00,0.00000000
2025-01-15 03:00:00+00:00,0.00000000
2025-01-15 04:00:00+00:00,0.00000000
2025-01-15 05:00:00+00:00,0.00000000
2025-01-15 06:00:00+00:00,0.06109975
2025-01-15 07:00:00+00:00,0.17913540
2025-01-15 08:00:00+00:00,0.28496327
2025-01-15 09:00:00+00:00,0.37137136
2025-01-15 10:00:00+00:00,0.43247111
2025-01-15 11:00:00+00:00,0.46409867
2025-01-15 12:00:00+00:00,0.46409867
2025-01-15 13:00:00+00:00,0.43247111
2025-01-15 14:00:00+00:00,0.37137136
2025-01-15 15:00:00+00:00,0.28496327
2025-01-15 16:00:00+00:00,0.17913540
2025-01-15 17:00:00+00:00,0.06109975
2025-01-15 18:00:00+00:00,0.00000000
2025-01-15 19:00:00+00:00,0.00000000
2025-01-15 20:00:00+00:00,0.00000000
2025-01-15 21:00:00+00:00,0.00000000
2025-01-15 22:00:00+00:00,0.00000000
2025-01-15 23:00:00+00:00,0.00000000
2025-01-16 00:00:00+00:00,0.00000000
2025-01-16 01:00:00+00:00,0.00000000
2025-01-16 02:00:00+00:00,0.00000000
2025-01-16 03:00:00+00:00,0.00000000
2025-01-16 04:00:00+00:00,0.00000000
2025-01-16 05:00:00+00:00,0.00000000
2025-01-16 06:00:00+00:00,0.06137932
2025-01-16 07:00:00+00:00,0.17995506
2025-01-16 08:00:00+00:00,0.28626715
2025-01-16 09:00:00+00:00,0.37307062
2025-01-16 10:00:00+00:00,0.43444994
2025-01-16 11:00:00+00:00,0.46622221
2025-01-16 12:00:00+00:00,0.46622221
2025-01-16 13:00:00+00:00,0.43444994
2025-01-16 14:00:00+00:00,0.37307062
2025-01-16 15:00:00+00:00,0.28626715
2025-01-16 16:00:00+00:00,0.17995506
2025-01-16 17:00:00+00:00,0.06137932
2025-01-16 18:00:00+00:00,0.00000000
2025-01-16 19:00:00+00:00,0.00000000
2025-01-16 20:00:00+00:00,0.00000000
2025-01-16 21:00:00+00:00,0.00000000
2025-01-16 22:00:00+00:00,0.00000000
2025-01-16 23:00:00+00:00,0.00000000
2025-01-17 00:00:00+00:00,0.00000000
2025-01-17 01:00:00+00:00,0.00000000
2025-01-17 02:00:00+00:00,0.00000000
2025-01-17 03:00:00+00:00,0.00000000
2025-01-17 04:00:00+00:00,0.00000000
2025-01-17 05:00:00+00:00,0.00000000
2025-01-17 06:00:00+00:00,0.06166855
2025-01-17 07:00:00+00:00,0.18080303
2025-01-17 08:00:00+00:00,0.28761609
2025-01-17 09:00:00+00:00,0.37482859
2025-01-17 10:00:00+00:00,0.43649714
2025-01-17 11:00:00+00:00,0.46841913
2025-01-17 12:00:00+00:00,0.46841913
2025-01-17 13:00:00+00:00,0.43649714
2025-01-17 14:00:00+00:00,0.37482859
2025-01-17 15:00:00+00:00,0.28761609
2025-01-17 16:00:00+00:00,0.18080303
2025-01-17 17:00:00+00:00,0.06166855
2025-01-17 18:00:00+00:00,0.00000000
2025-01-17 19:00:00+00:00,0.00000000
2025-01-17 20:00:00+00:00,0.00000000
2025-01-17 21:00:00+00:00,0.00000000
2025-01-17 22:00:00+00:00,0.00000000
2025-01-17 23:00:00+00:00,0.00000000
2025-01-18 00:00:00+00:00,0.00000000
2025-01-18 01:00:00+00:00,0.00000000
2025-01-18 02:00:00+00:00,0.00000000
2025-01-18 03:00:00+00:00,0.00000000
2025-01-18 04:00:00+00:00,0.00000000
2025-01-18 05:00:00+00:00,0.00000000
2025-01-18 06:00:00+00:00,0.06196735
2025-01-18 07:00:00+00:00,0.18167908
2025-01-18 08:00:00+00:00,0.28900968
2025-01-18 09:00:00+00:00,0.37664475
2025-01-18 10:00:00+00:00,0.43861211
2025-01-18 11:00:00+00:00,0.47068877
2025-01-18 12:00:00+00:00,0.47068877
2025-01-18 13:00:00+00:00,0.43861211
2025-01-18 14:00:00+00:00,0.37664475
2025-01-18 15:00:00+00:00,0.28900968
2025-01-18 16:00:00+00:00,0.18167908
2025-01-18 17:00:00+00:00,0.06196735
2025-01-18 18:00:00+00:00,0.00000000
2025-01-18 19:00:00+00:00,0.00000000
2025-01-18 20:00:00+00:00,0.00000000
2025-01-18 21:00:00+00:00,0.00000000
2025-01-18 22:00:00+00:00,0.00000000
2025-01-18 23:00:00+00:00,0.00000000
2025-01-19 00:00:00+00:00,0.00000000
2025-01-19 01:00:00+00:00,0.00000000
2025-01-19 02:00:00+00:00,0.00000000
2025-01-19 03:00:00+00:00,0.00000000
2025-01-19 04:00:00+00:00,0.00000000
2025-01-19 05:00:00+00:00,0.00000000
2025-01-19 06:00:00+00:00,0.06227564
2025-01-19 07:00:00+00:00,0.18258294
2025-01-19 08:00:00+00:00,0.29044752
2025-01-19 09:00:00+00:00,0.37851857
2025-01-19 10:00:00+00:00,0.44079422
2025-01-19 11:00:00+00:00,0.47303046
2025-01-19 12:00:00+00:00,0.47303046
2025-01-19 13:00:00+00:00,0.44079422
2025-01-19 14:00:00+00:00,0.37851857
2025-01-19 15:00:00+00:00,0.29044752
2025-01-19 16:00:00+00:00,0.18258294
2025-01-19 17:00:00+00:00,0.06227564
2025-01-19 18:00:00+00:00,0.00000000
2025-01-19 19:00:00+00:00,0.00000000
2025-01-19 20:00:00+00:00,0.00000000
2025-01-19 21:00:00+00:00,0.00000000
2025-01-19 22:00:00+00:00,0.00000000
2025-01-19 23:00:00+00:00,0.00000000
2025-01-20 00:00:00+00:00,0.00000000
2025-01-20 01:00:00+00:00,0.00000000
2025-01-20 02:00:00+00:00,0.00000000
2025-01-20 03:00:00+00:00,0.00000000
2025-01-20 04:00:00+00:00,0.00000000
2025-01-20 05:00:00+00:00,0.00000000
2025-01-20 06:00:00+00:00,0.06259333
2025-01-20 07:00:00+00:00,0.18351434
2025-01-20 08:00:00+00:00,0.29192916
2025-01-20 09:00:00+00:00,0.38044949
2025-01-20 10:00:00+00:00,0.44304282
2025-01-20 11:00:00+00:00,0.47544351
2025-01-20 12:00:00+00:00,0.47544351
2025-01-20 13:00:00+00:00,0.44304282
2025-01-20 14:00:00+00:00,0.38044949
2025-01-20 15:00:00+00:00,0.29192916
2025-01-20 16:00:00+00:00,0.18351434
2025-01-20 17:00:00+00:00,0.06259333
2025-01-20 18:00:00+00:00,0.00000000
2025-01-20 19:00:00+00:00,0.00000000
2025-01-20 20:00:00+00:00,0.00000000
2025-01-20 21:00:00+00:00,0.00000000
2025-01-20 22:00:00+00:00,0.00000000
2025-01-20 23:00:00+00:00,0.00000000
2025-01-21 00:00:00+00:00,0.00000000
2025-01-21 01:00:00+00:00,0.00000000
2025-01-21 02:00:00+00:00,0.00000000
2025-01-21 03:00:00+00:00,0.00000000
2025-01-21 04:00:00+00:00,0.00000000
2025-01-21 05:00:00+00:00,0.00000000
2025-01-21 06:00:00+00:00,0.06292031
2025-01-21 07:00:00+00:00,0.18447301
2025-01-21 08:00:00+00:00,0.29345419
2025-01-21 09:00:00+00:00,0.38243694
2025-01-21 10:00:00+00:00,0.44535725
2025-01-21 11:00:00+00:00,0.47792720
2025-01-21 12:00:00+00:00,0.47792720
2025-01-21 13:00:00+00:00,0.44535725
2025-01-21 14:00:00+00:00,0.38243694
2025-01-21 15:00:00+00:00,0.29345419
2025-01-21 16:00:00+00:00,0.18447301
2025-01-21 17:00:00+00:00,0.06292031
2025-01-21 18:00:00+00:00,0.00000000
2025-01-21 19:00:00+00:00,0.00000000
2025-01-21 20:00:00+00:00,0.00000000
2025-01-21 21:00:00+00:00,0.00000000
2025-01-21 22:00:00+00:00,0.00000000
2025-01-21 23:00:00+00:00,0.00000000
2025-01-22 00:00:00+00:00,0.00000000
2025-01-22 01:00:00+00:00,0.00000000
2025-01-22 02:00:00+00:00,0.00000000
2025-01-22 03:00:00+00:00,0.00000000
2025-01-22 04:00:00+00:00,0.00000000
2025-01-22 05:00:00+00:00,0.00000000
2025-01-22 06:00:00+00:00,0.06325650
2025-01-22 07:00:00+00:00,0.18545867
2025-01-22 08:00:00+00:00,0.29502213
2025-01-22 09:00:00+00:00,0.38448033
2025-01-22 10:00:00+00:00,0.44773682
2025-01-22 11:00:00+00:00,0.48048080
2025-01-22 12:00:00+00:00,0.48048080
2025-01-22 13:00:00+00:00,0.44773682
2025-01-22 14:00:00+00:00,0.38448033
2025-01-22 15:00:00+00:00,0.29502213
2025-01-22 16:00:00+00:00,0.18545867
2025-01-22 17:00:00+00:00,0.06325650
2025-01-22 18:00:00+00:00,0.00000000
2025-01-22 19:00:00+00:00,0.00000000
2025-01-22 20:00:00+00:00,0.00000000
2025-01-22 21:00:00+00:00,0.00000000
2025-01-22 22:00:00+00:00,0.00000000
2025-01-22 23:00:00+00:00,0.00000000
2025-01-23 00:00:00+00:00,0.00000000
2025-01-23 01:00:00+00:00,0.00000000
2025-01-23 02:00:00+00:00,0.00000000
2025-01-23 03:00:00+00:00,0.00000000
2025-01-23 04:00:00+00:00,0.00000000
2025-01-23 05:00:00+00:00,0.00000000
2025-01-23 06:00:00+00:00,0.06360179
2025-01-23 07:00:00+00:00,0.18647101
2025-01-23 08:00:00+00:00,0.29663254
2025-01-23 09:00:00+00:00,0.38657905
2025-01-23 10:00:00+00:00,0.45018084
2025-01-23 11:00:00+00:00,0.48310354
2025-01-23 12:00:00+00:00,0.48310354
2025-01-23 13:00:00+00:00,0.45018084
2025-01-23 14:00:00+00:00,0.38657905
2025-01-23 15:00:00+00:00,0.29663254
2025-01-23 16:00:00+00:00,0.18647101
2025-01-23 17:00:00+00:00,0.06360179
2025-01-23 18:00:00+00:00,0.00000000
2025-01-23 19:00:00+00:00,0.00000000
2025-01-23 20:00:00+00:00,0.00000000
2025-01-23 21:00:00+00:00,0.00000000
2025-01-23 22:00:00+00:00,0.00000000
2025-01-23 23:00:00+00:00,0.00000000
2025-01-24 00:00:00+00:00,0.00000000
2025-01-24 01:00:00+00:00,0.00000000
2025-01-24 02:00:00+00:00,0.00000000
2025-01-24 03:00:00+00:00,0.00000000
2025-01-24 04:00:00+00:00,0.00000000
2025-01-24 05:00:00+00:00,0.00000000
2025-01-24 06:00:00+00:00,0.06395608
2025-01-24 07:00:00+00:00,0.18750974
2025-01-24 08:00:00+00:00,0.29828492
2025-01-24 09:00:00+00:00,0.38873248
2025-01-24 10:00:00+00:00,0.45268856
2025-01-24 11:00:00+00:00,0.48579466
2025-01-24 12:00:00+00:00,0.48579466
2025-01-24 13:00:00+00:00,0.45268856
2025-01-24 14:00:00+00:00,0.38873248
2025-01-24 15:00:00+00:00,0.29828492
2025-01-24 16:00:00+00:00,0.18750974
2025-01-24 17:00:00+00:00,0.06395608
2025-01-24 18:00:00+00:00,0.00000000
2025-01-24 19:00:00+00:00,0.00000000
2025-01-24 20:00:00+00:00,0.00000000
2025-01-24 21:00:00+00:00,0.00000000
2025-01-24 22:00:00+00:00,0.00000000
2025-01-24 23:00:00+00:00,0.00000000
2025-01-25 00:00:00+00:00,0.00000000
2025-01-25 01:00:00+00:00,0.00000000
2025-01-25 02:00:00+00:00,0.00000000
2025-01-25 03:00:00+00:00,0.00000000
2025-01-25 04:00:00+00:00,0.00000000
2025-01-25 05:00:00+00:00,0.00000000
2025-01-25 06:00:00+00:00,0.06431927
2025-01-25 07:00:00+00:00,0.18857456
2025-01-25 08:00:00+00:00,0.29997880
2025-01-25 09:00:00+00:00,0.39093998
2025-01-25 10:00:00+00:00,0.45525925
2025-01-25 11:00:00+00:00,0.48855336
2025-01-25 12:00:00+00:00,0.48855336
2025-01-25 13:00:00+00:00,0.45525925
2025-01-25 14:00:00+00:00,0.39093998
2025-01-25 15:00:00+00:00,0.29997880
2025-01-25 16:00:00+00:00,0.18857456
2025-01-25 17:00:00+00:00,0.06431927
2025-01-25 18:00:00+00:00,0.00000000
2025-01-25 19:00:00+00:00,0.00000000
2025-01-25 20:00:00+00:00,0.00000000
2025-01-25 21:00:00+00:00,0.00000000
2025-01-25 22:00:00+00:00,0.00000000
2025-01-25 23:00:00+00:00,0.00000000
2025-01-26 00:00:00+00:00,0.00000000
2025-01-26 01:00:00+00:00,0.00000000
2025-01-26 02:00:00+00:00,0.00000000
2025-01-26 03:00:00+00:00,0.00000000
2025-01-26 04:00:00+00:00,0.00000000
2025-01-26 05:00:00+00:00,0.00000000
2025-01-26 06:00:00+00:00,0.06469125
2025-01-26 07:00:00+00:00,0.18966514
2025-01-26 08:00:00+00:00,0.30171367
2025-01-26 09:00:00+00:00,0.39320091
2025-01-26 10:00:00+00:00,0.45789215
2025-01-26 11:00:00+00:00,0.49137881
2025-01-26 12:00:00+00:00,0.49137881
2025-01-26 13:00:00+00:00,0.45789215
2025-01-26 14:00:00+00:00,0.39320091
2025-01-26 15:00:00+00:00,0.30171367
2025-01-26 16:00:00+00:00,0.18966514
2025-01-26 17:00:00+00:00,0.06469125
2025-01-26 18:00:00+00:00,0.00000000
2025-01-26 19:00:00+00:00,0.00000000
2025-01-26 20:00:00+00:00,0.00000000
2025-01-26 21:00:00+00:00,0.00000000
2025-01-26 22:00:00+00:00,0.00000000
2025-01-26 23:00:00+00:00,0.00000000
2025-01-27 00:00:00+00:00,0.00000000
2025-01-27 01:00:00+00:00,0.00000000
2025-01-27 02:00:00+00:00,0.00000000
2025-01-27 03:00:00+00:00,0.00000000
2025-01-27 04:00:00+00:00,0.00000000
2025-01-27 05:00:00+00:00,0.00000000
2025-01-27 06:00:00+00:00,0.06507190
2025-01-27 07:00:00+00:00,0.19078117
2025-01-27 08:00:00+00:00,0.30348901
2025-01-27 09:00:00+00:00,0.39551458
2025-01-27 10:00:00+00:00,0.46058648
2025-01-27 11:00:00+00:00,0.49427018
2025-01-27 12:00:00+00:00,0.49427018
2025-01-27 13:00:00+00:00,0.46058648
2025-01-27 14:00:00+00:00,0.39551458
2025-01-27 15:00:00+00:00,0.30348901
2025-01-27 16:00:00+00:00,0.19078117
2025-01-27 17:00:00+00:00,0.06507190
2025-01-27 18:00:00+00:00,0.00000000
2025-01-27 19:00:00+00:00,0.00000000
2025-01-27 20:00:00+00:00,0.00000000
2025-01-27 21:00:00+00:00,0.00000000
2025-01-27 22:00:00+00:00,0.00000000
2025-01-27 23:00:00+00:00,0.00000000
2025-01-28 00:00:00+00:00,0.00000000
2025-01-28 01:00:00+00:00,0.00000000
2025-01-28 02:00:00+00:00,0.00000000
2025-01-28 03:00:00+00:00,0.00000000
2025-01-28 04:00:00+00:00,0.00000000
2025-01-28 05:00:00+00:00,0.00000000
2025-01-28 06:00:00+00:00,0.06546113
2025-01-28 07:00:00+00:00,0.19192231
2025-01-28 08:00:00+00:00,0.30530430
2025-01-28 09:00:00+00:00,0.39788032
2025-01-28 10:00:00+00:00,0.46334144
2025-01-28 11:00:00+00:00,0.49722661
2025-01-28 12:00:00+00:00,0.49722661
2025-01-28 13:00:00+00:00,0.46334144
2025-01-28 14:00:00+00:00,0.39788032
2025-01-28 15:00:00+00:00,0.30530430
2025-01-28 16:00:00+00:00,0.19192231
2025-01-28 17:00:00+00:00,0.06546113
2025-01-28 18:00:00+00:00,0.00000000
2025-01-28 19:00:00+00:00,0.00000000
2025-01-28 20:00:00+00:00,0.00000000
2025-01-28 21:00:00+00:00,0.00000000
2025-01-28 22:00:00+00:00,0.00000000
2025-01-28 23:00:00+00:00,0.00000000
2025-01-29 00:00:00+00:00,0.00000000
2025-01-29 01:00:00+00:00,0.00000000
2025-01-29 02:00:00+00:00,0.00000000
2025-01-29 03:00:00+00:00,0.00000000
2025-01-29 04:00:00+00:00,0.00000000
2025-01-29 05:00:00+00:00,0.00000000
2025-01-29 06:00:00+00:00,0.06585880
2025-01-29 07:00:00+00:00,0.19308823
2025-01-29 08:00:00+00:00,0.30715901
2025-01-29 09:00:00+00:00,0.40029741
2025-01-29 10:00:00+00:00,0.46615621
2025-01-29 11:00:00+00:00,0.50024723
2025-01-29 12:00:00+00:00,0.50024723
2025-01-29 13:00:00+00:00,0.46615621
2025-01-29 14:00:00+00:00,0.40029741
2025-01-29 15:00:00+00:00,0.30715901
2025-01-29 16:00:00+00:00,0.19308823
2025-01-29 17:00:00+00:00,0.06585880
2025-01-29 18:00:00+00:00,0.00000000
2025-01-29 19:00:00+00:00,0.00000000
2025-01-29 20:00:00+00:00,0.00000000
2025-01-29 21:00:00+00:00,0.00000000
2025-01-29 22:00:00+00:00,0.00000000
2025-01-29 23:00:00+00:00,0.00000000
2025-01-30 00:00:00+00:00,0.00000000
2025-01-30 01:00:00+00:00,0.00000000
2025-01-30 02:00:00+00:00,0.00000000
2025-01-30 03:00:00+00:00,0.00000000
2025-01-30 04:00:00+00:00,0.00000000
2025-01-30 05:00:00+00:00,0.00000000
2025-01-30 06:00:00+00:00,0.06626480
2025-01-30 07:00:00+00:00,0.19427857
2025-01-30 08:00:00+00:00,0.30905258
2025-01-30 09:00:00+00:00,0.40276516
2025-01-30 10:00:00+00:00,0.46902996
2025-01-30 11:00:00+00:00,0.50333115
2025-01-30 12:00:00+00:00,0.50333115
2025-01-30 13:00:00+00:00,0.46902996
2025-01-30 14:00:00+00:00,0.40276516
2025-01-30 15:00:00+00:00,0.30905258
2025-01-30 16:00:00+00:00,0.19427857
2025-01-30 17:00:00+00:00,0.06626480
2025-01-30 18:00:00+00:00,0.00000000
2025-01-30 19:00:00+00:00,0.00000000
2025-01-30 20:00:00+00:00,0.00000000
2025-01-30 21:00:00+00:00,0.00000000
2025-01-30 22:00:00+00:00,0.00000000
2025-01-30 23:00:00+00:00,0.00000000
2025-01-31 00:00:00+00:00,0.00000000
2025-01-31 01:00:00+00:00,0.00000000
2025-01-31 02:00:00+00:00,0.00000000
2025-01-31 03:00:00+00:00,0.00000000
2025-01-31 04:00:00+00:00,0.00000000
2025-01-31 05:00:00+00:00,0.00000000
2025-01-31 06:00:00+00:00,0.06667902
2025-01-31 07:00:00+00:00,0.19549300
2025-01-31 08:00:00+00:00,0.31098445
2025-01-31 09:00:00+00:00,0.40528282
2025-01-31 10:00:00+00:00,0.47196184
2025-01-31 11:00:00+00:00,0.50647744
2025-01-31 12:00:00+00:00,0.50647744
2025-01-31 13:00:00+00:00,0.47196184
2025-01-31 14:00:00+00:00,0.40528282
2025-01-31 15:00:00+00:00,0.31098445
2025-01-31 16:00:00+00:00,0.19549300
2025-01-31 17:00:00+00:00,0.06667902
2025-01-31 18:00:00+00:00,0.00000000
2025-01-31 19:00:00+00:00,0.00000000
2025-01-31 20:00:00+00:00,0.00000000
2025-01-31 21:00:00+00:00,0.00000000
2025-01-31 22:00:00+00:00,0.00000000
2025-01-31 23:00:00+00:00,0.00000000
2025-02-01 00:00:00+00:00,0.00000000
2025-02-01 01:00:00+00:00,0.00000000
2025-02-01 02:00:00+00:00,0.00000000
2025-02-01 03:00:00+00:00,0.00000000
2025-02-01 04:00:00+00:00,0.00000000
2025-02-01 05:00:00+00:00,0.00000000
2025-02-01 06:00:00+00:00,0.06710133
2025-02-01 07:00:00+00:00,0.19673114
2025-02-01 08:00:00+00:00,0.31295404
2025-02-01 09:00:00+00:00,0.40784965
2025-02-01 10:00:00+00:00,0.47495098
2025-02-01 11:00:00+00:00,0.50968518
2025-02-01 12:00:00+00:00,0.50968518
2025-02-01 13:00:00+00:00,0.47495098
2025-02-01 14:00:00+00:00,0.40784965
2025-02-01 15:00:00+00:00,0.31295404
2025-02-01 16:00:00+00:00,0.19673114
2025-02-01 17:00:00+00:00,0.06710133
2025-02-01 18:00:00+00:00,0.00000000
2025-02-01 19:00:00+00:00,0.00000000
2025-02-01 20:00:00+00:00,0.00000000
2025-02-01 21:00:00+00:00,0.00000000
2025-02-01 22:00:00+00:00,0.00000000
2025-02-01 23:00:00+00:00,0.00000000
2025-02-02 00:00:00+00:00,0.00000000
2025-02-02 01:00:00+00:00,0.00000000
2025-02-02 02:00:00+00:00,0.00000000
2025-02-02 03:00:00+00:00,0.00000000
2025-02-02 04:00:00+00:00,0.00000000
2025-02-02 05:00:00+00:00,0.00000000
2025-02-02 06:00:00+00:00,0.06753160
2025-02-02 07:00:00+00:00,0.19799263
2025-02-02 08:00:00+00:00,0.31496079
2025-02-02 09:00:00+00:00,0.41046489
2025-02-02 10:00:00+00:00,0.47799649
2025-02-02 11:00:00+00:00,0.51295341
2025-02-02 12:00:00+00:00,0.51295341
2025-02-02 13:00:00+00:00,0.47799649
2025-02-02 14:00:00+00:00,0.41046489
2025-02-02 15:00:00+00:00,0.31496079
2025-02-02 16:00:00+00:00,0.19799263
2025-02-02 17:00:00+00:00,0.06753160
2025-02-02 18:00:00+00:00,0.00000000
2025-02-02 19:00:00+00:00,0.00000000
2025-02-02 20:00:00+00:00,0.00000000
2025-02-02 21:00:00+00:00,0.00000000
2025-02-02 22:00:00+00:00,0.00000000
2025-02-02 23:00:00+00:00,0.00000000
2025-02-03 00:00:00+00:00,0.00000000
2025-02-03 01:00:00+00:00,0.00000000
2025-02-03 02:00:00+00:00,0.00000000
2025-02-03 03:00:00+00:00,0.00000000
2025-02-03 04:00:00+00:00,0.00000000
2025-02-03 05:00:00+00:00,0.00000000
2025-02-03 06:00:00+00:00,0.06796971
2025-02-03 07:00:00+00:00,0.19927710
2025-02-03 08:00:00+00:00,0.31700408
2025-02-03 09:00:00+00:00,0.41312776
2025-02-03 10:00:00+00:00,0.48109747
2025-02-03 11:00:00+00:00,0.51628118
2025-02-03 12:00:00+00:00,0.51628118
2025-02-03 13:00:00+00:00,0.48109747
2025-02-03 14:00:00+00:00,0.41312776
2025-02-03 15:00:00+00:00,0.31700408
2025-02-03 16:00:00+00:00,0.19927710
2025-02-03 17:00:00+00:00,0.06796971
2025-02-03 18:00:00+00:00,0.00000000
2025-02-03 19:00:00+00:00,0.00000000
2025-02-03 20:00:00+00:00,0.00000000
2025-02-03 21:00:00+00:00,0.00000000
2025-02-03 22:00:00+00:00,0.00000000
2025-02-03 23:00:00+00:00,0.00000000
2025-02-04 00:00:00+00:00,0.00000000
2025-02-04 01:00:00+00:00,0.00000000
2025-02-04 02:00:00+00:00,0.00000000
2025-02-04 03:00:00+00:00,0.00000000
2025-02-04 04:00:00+00:00,0.00000000
2025-02-04 05:00:00+00:00,0.00000000
2025-02-04 06:00:00+00:00,0.06841552
2025-02-04 07:00:00+00:00,0.20058416
2025-02-04 08:00:00+00:00,0.31908332
2025-02-04 09:00:00+00:00,0.41583748
2025-02-04 10:00:00+00:00,0.48425300
2025-02-04 11:00:00+00:00,0.51966748
2025-02-04 12:00:00+00:00,0.51966748
2025-02-04 13:00:00+00:00,0.48425300
2025-02-04 14:00:00+00:00,0.41583748
2025-02-04 15:00:00+00:00,0.31908332
2025-02-04 16:00:00+00:00,0.20058416
2025-02-04 17:00:00+00:00,0.06841552
2025-02-04 18:00:00+00:00,0.00000000
2025-02-04 19:00:00+00:00,0.00000000
2025-02-04 20:00:00+00:00,0.00000000
2025-02-04 21:00:00+00:00,0.00000000
2025-02-04 22:00:00+00:00,0.00000000
2025-02-04 23:00:00+00:00,0.00000000
2025-02-05 00:00:00+00:00,0.00000000
2025-02-05 01:00:00+00:00,0.00000000
2025-02-05 02:00:00+00:00,0.00000000
2025-02-05 03:00:00+00:00,0.00000000
2025-02-05 04:00:00+00:00,0.00000000
2025-02-05 05:00:00+00:00,0.00000000
2025-02-05 06:00:00+00:00,0.06886891
2025-02-05 07:00:00+00:00,0.20191343
2025-02-05 08:00:00+00:00,0.32119789
2025-02-05 09:00:00+00:00,0.41859323
2025-02-05 10:00:00+00:00,0.48746215
2025-02-05 11:00:00+00:00,0.52311132
2025-02-05 12:00:00+00:00,0.52311132
2025-02-05 13:00:00+00:00,0.48746215
2025-02-05 14:00:00+00:00,0.41859323
2025-02-05 15:00:00+00:00,0.32119789
2025-02-05 16:00:00+00:00,0.20191343
2025-02-05 17:00:00+00:00,0.06886891
2025-02-05 18:00:00+00:00,0.00000000
2025-02-05 19:00:00+00:00,0.00000000
2025-02-05 20:00:00+00:00,0.00000000
2025-02-05 21:00:00+00:00,0.00000000
2025-02-05 22:00:00+00:00,0.00000000
2025-02-05 23:00:00+00:00,0.00000000
2025-02-06 00:00:00+00:00,0.00000000
2025-02-06 01:00:00+00:00,0.00000000
2025-02-06 02:00:00+00:00,0.00000000
2025-02-06 03:00:00+00:00,0.00000000
2025-02-06 04:00:00+00:00,0.00000000
2025-02-06 05:00:00+00:00,0.00000000
2025-02-06 06:00:00+00:00,0.06932974
2025-02-06 07:00:00+00:00,0.20326452
2025-02-06 08:00:00+00:00,0.32334716
2025-02-06 09:00:00+00:00,0.42139422
2025-02-06 10:00:00+00:00,0.49072396
2025-02-06 11:00:00+00:00,0.52661168
2025-02-06 12:00:00+00:00,0.52661168
2025-02-06 13:00:00+00:00,0.49072396
2025-02-06 14:00:00+00:00,0.42139422
2025-02-06 15:00:00+00:00,0.32334716
2025-02-06 16:00:00+00:00,0.20326452
2025-02-06 17:00:00+00:00,0.06932974
2025-02-06 18:00:00+00:00,0.00000000
2025-02-06 19:00:00+00:00,0.00000000
2025-02-06 20:00:00+00:00,0.00000000
2025-02-06 21:00:00+00:00,0.00000000
2025-02-06 22:00:00+00:00,0.00000000
2025-02-06 23:00:00+00:00,0.00000000
2025-02-07 00:00:00+00:00,0.00000000
2025-02-07 01:00:00+00:00,0.00000000
2025-02-07 02:00:00+00:00,0.00000000
2025-02-07 03:00:00+00:00,0.00000000
2025-02-07 04:00:00+00:00,0.00000000
2025-02-07 05:00:00+00:00,0.00000000
2025-02-07 06:00:00+00:00,0.06979788
2025-02-07 07:00:00+00:00,0.20463702
2025-02-07 08:00:00+00:00,0.32553049
2025-02-07 09:00:00+00:00,0.42423960
2025-02-07 10:00:00+00:00,0.49403747
2025-02-07 11:00:00+00:00,0.53016751
2025-02-07 12:00:00+00:00,0.53016751
2025-02-07 13:00:00+00:00,0.49403747
2025-02-07 14:00:00+00:00,0.42423960
2025-02-07 15:00:00+00:00,0.32553049
2025-02-07 16:00:00+00:00,0.20463702
2025-02-07 17:00:00+00:00,0.06979788
2025-02-07 18:00:00+00:00,0.00000000
2025-02-07 19:00:00+00:00,0.00000000
2025-02-07 20:00:00+00:00,0.00000000
2025-02-07 21:00:00+00:00,0.00000000
2025-02-07 22:00:00+00:00,0.00000000
2025-02-07 23:00:00+00:00,0.00000000
2025-02-08 00:00:00+00:00,0.00000000
2025-02-08 01:00:00+00:00,0.00000000
2025-02-08 02:00:00+00:00,0.00000000
2025-02-08 03:00:00+00:00,0.00000000
2025-02-08 04:00:00+00:00,0.00000000
2025-02-08 05:00:00+00:00,0.00000000
2025-02-08 06:00:00+00:00,0.07027318
2025-02-08 07:00:00+00:00,0.20603053
2025-02-08 08:00:00+00:00,0.32774724
2025-02-08 09:00:00+00:00,0.42712852
2025-02-08 10:00:00+00:00,0.49740170
2025-02-08 11:00:00+00:00,0.53377778
2025-02-08 12:00:00+00:00,0.53377778
2025-02-08 13:00:00+00:00,0.49740170
2025-02-08 14:00:00+00:00,0.42712852
2025-02-08 15:00:00+00:00,0.32774724
2025-02-08 16:00:00+00:00,0.20603053
2025-02-08 17:00:00+00:00,0.07027318
2025-02-08 18:00:00+00:00,0.00000000
2025-02-08 19:00:00+00:00,0.00000000
2025-02-08 20:00:00+00:00,0.00000000
2025-02-08 21:00:00+00:00,0.00000000
2025-02-08 22:00:00+00:00,0.00000000
2025-02-08 23:00:00+00:00,0.00000000
2025-02-09 00:00:00+00:00,0.00000000
2025-02-09 01:00:00+00:00,0.00000000
2025-02-09 02:00:00+00:00,0.00000000
2025-02-09 03:00:00+00:00,0.00000000
2025-02-09 04:00:00+00:00,0.00000000
2025-02-09 05:00:00+00:00,0.00000000
2025-02-09 06:00:00+00:00,0.07075550
2025-02-09 07:00:00+00:00,0.20744464
2025-02-09 08:00:00+00:00,0.32999676
2025-02-09 09:00:00+00:00,0.43006015
2025-02-09 10:00:00+00:00,0.50081565
2025-02-09 11:00:00+00:00,0.53744140
2025-02-09 12:00:00+00:00,0.53744140
2025-02-09 13:00:00+00:00,0.50081565
2025-02-09 14:00:00+00:00,0.43006015
2025-02-09 15:00:00+00:00,0.32999676
2025-02-09 16:00:00+00:00,0.20744464
2025-02-09 17:00:00+00:00,0.07075550
2025-02-09 18:00:00+00:00,0.00000000
2025-02-09 19:00:00+00:00,0.00000000
2025-02-09 20:00:00+00:00,0.00000000
2025-02-09 21:00:00+00:00,0.00000000
2025-02-09 22:00:00+00:00,0.00000000
2025-02-09 23:00:00+00:00,0.00000000
2025-02-10 00:00:00+00:00,0.00000000
2025-02-10 01:00:00+00:00,0.00000000
2025-02-10 02:00:00+00:00,0.00000000
2025-02-10 03:00:00+00:00,0.00000000
2025-02-10 04:00:00+00:00,0.00000000
2025-02-10 05:00:00+00:00,0.00000000
2025-02-10 06:00:00+00:00,0.07124471
2025-02-10 07:00:00+00:00,0.20887892
2025-02-10 08:00:00+00:00,0.33227837
2025-02-10 09:00:00+00:00,0.43303360
2025-02-10 10:00:00+00:00,0.50427831
2025-02-10 11:00:00+00:00,0.54115729
2025-02-10 12:00:00+00:00,0.54115729
2025-02-10 13:00:00+00:00,0.50427831
2025-02-10 14:00:00+00:00,0.43303360
2025-02-10 15:00:00+00:00,0.33227837
2025-02-10 16:00:00+00:00,0.20887892
2025-02-10 17:00:00+00:00,0.07124471
2025-02-10 18:00:00+00:00,0.00000000
2025-02-10 19:00:00+00:00,0.00000000
2025-02-10 20:00:00+00:00,0.00000000
2025-02-10 21:00:00+00:00,0.00000000
2025-02-10 22:00:00+00:00,0.00000000
2025-02-10 23:00:00+00:00,0.00000000
2025-02-11 00:00:00+00:00,0.00000000
2025-02-11 01:00:00+00:00,0.00000000
2025-02-11 02:00:00+00:00,0.00000000
2025-02-11 03:00:00+00:00,0.00000000
2025-02-11 04:00:00+00:00,0.00000000
2025-02-11 05:00:00+00:00,0.00000000
2025-02-11 06:00:00+00:00,0.07174065
2025-02-11 07:00:00+00:00,0.21033295
2025-02-11 08:00:00+00:00,0.33459140
2025-02-11 09:00:00+00:00,0.43604800
2025-02-11 10:00:00+00:00,0.50778865
2025-02-11 11:00:00+00:00,0.54492435
2025-02-11 12:00:00+00:00,0.54492435
2025-02-11 13:00:00+00:00,0.50778865
2025-02-11 14:00:00+00:00,0.43604800
2025-02-11 15:00:00+00:00,0.33459140
2025-02-11 16:00:00+00:00,0.21033295
2025-02-11 17:00:00+00:00,0.07174065
2025-02-11 18:00:00+00:00,0.00000000
2025-02-11 19:00:00+00:00,0.00000000
2025-02-11 20:00:00+00:00,0.00000000
2025-02-11 21:00:00+00:00,0.00000000
2025-02-11 22:00:00+00:00,0.00000000
2025-02-11 23:00:00+00:00,0.00000000
2025-02-12 00:00:00+00:00,0.00000000
2025-02-12 01:00:00+00:00,0.00000000
2025-02-12 02:00:00+00:00,0.00000000
2025-02-12 03:00:00+00:00,0.00000000
2025-02-12 04:00:00+00:00,0.00000000
2025-02-12 05:00:00+00:00,0.00000000
2025-02-12 06:00:00+00:00,0.07224318
2025-02-12 07:00:00+00:00,0.21180630
2025-02-12 08:00:00+00:00,0.33693516
2025-02-12 09:00:00+00:00,0.43910245
2025-02-12 10:00:00+00:00,0.51134564
2025-02-12 11:00:00+00:00,0.54874146
2025-02-12 12:00:00+00:00,0.54874146
2025-02-12 13:00:00+00:00,0.51134564
2025-02-12 14:00:00+00:00,0.43910245
2025-02-12 15:00:00+00:00,0.33693516
2025-02-12 16:00:00+00:00,0.21180630
2025-02-12 17:00:00+00:00,0.07224318
2025-02-12 18:00:00+00:00,0.00000000
2025-02-12 19:00:00+00:00,0.00000000
2025-02-12 20:00:00+00:00,0.00000000
2025-02-12 21:00:00+00:00,0.00000000
2025-02-12 22:00:00+00:00,0.00000000
2025-02-12 23:00:00+00:00,0.00000000
2025-02-13 00:00:00+00:00,0.00000000
2025-02-13 01:00:00+00:00,0.00000000
2025-02-13 02:00:00+00:00,0.00000000
2025-02-13 03:00:00+00:00,0.00000000
2025-02-13 04:00:00+00:00,0.00000000
2025-02-13 05:00:00+00:00,0.00000000
2025-02-13 06:00:00+00:00,0.07275216
2025-02-13 07:00:00+00:00,0.21329853
2025-02-13 08:00:00+00:00,0.33930896
2025-02-13 09:00:00+00:00,0.44219605
2025-02-13 10:00:00+00:00,0.51494821
2025-02-13 11:00:00+00:00,0.55260750
2025-02-13 12:00:00+00:00,0.55260750
2025-02-13 13:00:00+00:00,0.51494821
2025-02-13 14:00:00+00:00,0.44219605
2025-02-13 15:00:00+00:00,0.33930896
2025-02-13 16:00:00+00:00,0.21329853
2025-02-13 17:00:00+00:00,0.07275216
2025-02-13 18:00:00+00:00,0.00000000
2025-02-13 19:00:00+00:00,0.00000000
2025-02-13 20:00:00+00:00,0.00000000
2025-02-13 21:00:00+00:00,0.00000000
2025-02-13 22:00:00+00:00,0.00000000
2025-02-13 23:00:00+00:00,0.00000000
2025-02-14 00:00:00+00:00,0.00000000
2025-02-14 01:00:00+00:00,0.00000000
2025-02-14 02:00:00+00:00,0.00000000
2025-02-14 03:00:00+00:00,0.00000000
2025-02-14 04:00:00+00:00,0.00000000
2025-02-14 05:00:00+00:00,0.00000000
2025-02-14 06:00:00+00:00,0.07326742
2025-02-14 07:00:00+00:00,0.21480921
2025-02-14 08:00:00+00:00,0.34171210
2025-02-14 09:00:00+00:00,0.44532788
2025-02-14 10:00:00+00:00,0.51859530
2025-02-14 11:00:00+00:00,0.55652131
2025-02-14 12:00:00+00:00,0.55652131
2025-02-14 13:00:00+00:00,0.51859530
2025-02-14 14:00:00+00:00,0.44532788
2025-02-14 15:00:00+00:00,0.34171210
2025-02-14 16:00:00+00:00,0.21480921
2025-02-14 17:00:00+00:00,0.07326742
2025-02-14 18:00:00+00:00,0.00000000
2025-02-14 19:00:00+00:00,0.00000000
2025-02-14 20:00:00+00:00,0.00000000
2025-02-14 21:00:00+00:00,0.00000000
2025-02-14 22:00:00+00:00,0.00000000
2025-02-14 23:00:00+00:00,0.00000000
2025-02-15 00:00:00+00:00,0.00000000
2025-02-15 01:00:00+00:00,0.00000000
2025-02-15 02:00:00+00:00,0.00000000
2025-02-15 03:00:00+00:00,0.00000000
2025-02-15 04:00:00+00:00,0.00000000
2025-02-15 05:00:00+00:00,0.00000000
2025-02-15 06:00:00+00:00,0.07378882
2025-02-15 07:00:00+00:00,0.21633788
2025-02-15 08:00:00+00:00,0.34414386
2025-02-15 09:00:00+00:00,0.44849701
2025-02-15 10:00:00+00:00,0.52228583
2025-02-15 11:00:00+00:00,0.56048174
2025-02-15 12:00:00+00:00,0.56048174
2025-02-15 13:00:00+00:00,0.52228583
2025-02-15 14:00:00+00:00,0.44849701
2025-02-15 15:00:00+00:00,0.34414386
2025-02-15 16:00:00+00:00,0.21633788
2025-02-15 17:00:00+00:00,0.07378882
2025-02-15 18:00:00+00:00,0.00000000
2025-02-15 19:00:00+00:00,0.00000000
2025-02-15 20:00:00+00:00,0.00000000
2025-02-15 21:00:00+00:00,0.00000000
2025-02-15 22:00:00+00:00,0.00000000
2025-02-15 23:00:00+00:00,0.00000000
2025-02-16 00:00:00+00:00,0.00000000
2025-02-16 01:00:00+00:00,0.00000000
2025-02-16 02:00:00+00:00,0.00000000
2025-02-16 03:00:00+00:00,0.00000000
2025-02-16 04:00:00+00:00,0.00000000
2025-02-16 05:00:00+00:00,0.00000000
2025-02-16 06:00:00+00:00,0.07431620
2025-02-16 07:00:00+00:00,0.21788408
2025-02-16 08:00:00+00:00,0.34660353
2025-02-16 09:00:00+00:00,0.45170251
2025-02-16 10:00:00+00:00,0.52601871
2025-02-16 11:00:00+00:00,0.56448761
2025-02-16 12:00:00+00:00,0.56448761
2025-02-16 13:00:00+00:00,0.52601871
2025-02-16 14:00:00+00:00,0.45170251
2025-02-16 15:00:00+00:00,0.34660353
2025-02-16 16:00:00+00:00,0.21788408
2025-02-16 17:00:00+00:00,0.07431620
2025-02-16 18:00:00+00:00,0.00000000
2025-02-16 19:00:00+00:00,0.00000000
2025-02-16 20:00:00+00:00,0.00000000
2025-02-16 21:00:00+00:00,0.00000000
2025-02-16 22:00:00+00:00,0.00000000
2025-02-16 23:00:00+00:00,0.00000000
2025-02-17 00:00:00+00:00,0.00000000
2025-02-17 01:00:00+00:00,0.00000000
2025-02-17 02:00:00+00:00,0.00000000
2025-02-17 03:00:00+00:00,0.00000000
2025-02-17 04:00:00+00:00,0.00000000
2025-02-17 05:00:00+00:00,0.00000000
2025-02-17 06:00:00+00:00,0.07484941
2025-02-17 07:00:00+00:00,0.21944738
2025-02-17 08:00:00+00:00,0.34909036
2025-02-17 09:00:00+00:00,0.45494342
2025-02-17 10:00:00+00:00,0.52979283
2025-02-17 11:00:00+00:00,0.56853774
2025-02-17 12:00:00+00:00,0.56853774
2025-02-17 13:00:00+00:00,0.52979283
2025-02-17 14:00:00+00:00,0.45494342
2025-02-17 15:00:00+00:00,0.34909036
2025-02-17 16:00:00+00:00,0.21944738
2025-02-17 17:00:00+00:00,0.07484941
2025-02-17 18:00:00+00:00,0.00000000
2025-02-17 19:00:00+00:00,0.00000000
2025-02-17 20:00:00+00:00,0.00000000
2025-02-17 21:00:00+00:00,0.00000000
2025-02-17 22:00:00+00:00,0.00000000
2025-02-17 23:00:00+00:00,0.00000000
2025-02-18 00:00:00+00:00,0.00000000
2025-02-18 01:00:00+00:00,0.00000000
2025-02-18 02:00:00+00:00,0.00000000
2025-02-18 03:00:00+00:00,0.00000000
2025-02-18 04:00:00+00:00,0.00000000
2025-02-18 05:00:00+00:00,0.00000000
2025-02-18 06:00:00+00:00,0.07538829
2025-02-18 07:00:00+00:00,0.22102729
2025-02-18 08:00:00+00:00,0.35160364
2025-02-18 09:00:00+00:00,0.45821878
2025-02-18 10:00:00+00:00,0.53360707
2025-02-18 11:00:00+00:00,0.57263093
2025-02-18 12:00:00+00:00,0.57263093
2025-02-18 13:00:00+00:00,0.53360707
2025-02-18 14:00:00+00:00,0.45821878
2025-02-18 15:00:00+00:00,0.35160364
2025-02-18 16:00:00+00:00,0.22102729
2025-02-18 17:00:00+00:00,0.07538829
2025-02-18 18:00:00+00:00,0.00000000
2025-02-18 19:00:00+00:00,0.00000000
2025-02-18 20:00:00+00:00,0.00000000
2025-02-18 21:00:00+00:00,0.00000000
2025-02-18 22:00:00+00:00,0.00000000
2025-02-18 23:00:00+00:00,0.00000000
2025-02-19 00:00:00+00:00,0.00000000
2025-02-19 01:00:00+00:00,0.00000000
2025-02-19 02:00:00+00:00,0.00000000
2025-02-19 03:00:00+00:00,0.00000000
2025-02-19 04:00:00+00:00,0.00000000
2025-02-19 05:00:00+00:00,0.00000000
2025-02-19 06:00:00+00:00,0.07593268
2025-02-19 07:00:00+00:00,0.22262335
2025-02-19 08:00:00+00:00,0.35414261
2025-02-19 09:00:00+00:00,0.46152763
2025-02-19 10:00:00+00:00,0.53746031
2025-02-19 11:00:00+00:00,0.57676596
2025-02-19 12:00:00+00:00,0.57676596
2025-02-19 13:00:00+00:00,0.53746031
2025-02-19 14:00:00+00:00,0.46152763
2025-02-19 15:00:00+00:00,0.35414261
2025-02-19 16:00:00+00:00,0.22262335
2025-02-19 17:00:00+00:00,0.07593268
2025-02-19 18:00:00+00:00,0.00000000
2025-02-19 19:00:00+00:00,0.00000000
2025-02-19 20:00:00+00:00,0.00000000
2025-02-19 21:00:00+00:00,0.00000000
2025-02-19 22:00:00+00:00,0.00000000
2025-02-19 23:00:00+00:00,0.00000000
2025-02-20 00:00:00+00:00,0.00000000
2025-02-20 01:00:00+00:00,0.00000000
2025-02-20 02:00:00+00:00,0.00000000
2025-02-20 03:00:00+00:00,0.00000000
2025-02-20 04:00:00+00:00,0.00000000
2025-02-20 05:00:00+00:00,0.00000000
2025-02-20 06:00:00+00:00,0.07648241
2025-02-20 07:00:00+00:00,0.22423509
2025-02-20 08:00:00+00:00,0.35670651
2025-02-20 09:00:00+00:00,0.46486898
2025-02-20 10:00:00+00:00,0.54135139
2025-02-20 11:00:00+00:00,0.58094160
2025-02-20 12:00:00+00:00,0.58094160
2025-02-20 13:00:00+00:00,0.54135139
2025-02-20 14:00:00+00:00,0.46486898
2025-02-20 15:00:00+00:00,0.35670651
2025-02-20 16:00:00+00:00,0.22423509
2025-02-20 17:00:00+00:00,0.07648241
2025-02-20 18:00:00+00:00,0.00000000
2025-02-20 19:00:00+00:00,0.00000000
2025-02-20 20:00:00+00:00,0.00000000
2025-02-20 21:00:00+00:00,0.00000000
2025-02-20 22:00:00+00:00,0.00000000
2025-02-20 23:00:00+00:00,0.00000000
2025-02-21 00:00:00+00:00,0.00000000
2025-02-21 01:00:00+00:00,0.00000000
2025-02-21 02:00:00+00:00,0.00000000
2025-02-21 03:00:00+00:00,0.00000000
2025-02-21 04:00:00+00:00,0.00000000
2025-02-21 05:00:00+00:00,0.00000000
2025-02-21 06:00:00+00:00,0.07703733
2025-02-21 07:00:00+00:00,0.22586203
2025-02-21 08:00:00+00:00,0.35929460
2025-02-21 09:00:00+00:00,0.46824184
2025-02-21 10:00:00+00:00,0.54527917
2025-02-21 11:00:00+00:00,0.58515663
2025-02-21 12:00:00+00:00,0.58515663
2025-02-21 13:00:00+00:00,0.54527917
2025-02-21 14:00:00+00:00,0.46824184
2025-02-21 15:00:00+00:00,0.35929460
2025-02-21 16:00:00+00:00,0.22586203
2025-02-21 17:00:00+00:00,0.07703733
2025-02-21 18:00:00+00:00,0.00000000
2025-02-21 19:00:00+00:00,0.00000000
2025-02-21 20:00:00+00:00,0.00000000
2025-02-21 21:00:00+00:00,0.00000000
2025-02-21 22:00:00+00:00,0.00000000
2025-02-21 23:00:00+00:00,0.00000000
2025-02-22 00:00:00+00:00,0.00000000
2025-02-22 01:00:00+00:00,0.00000000
2025-02-22 02:00:00+00:00,0.00000000
2025-02-22 03:00:00+00:00,0.00000000
2025-02-22 04:00:00+00:00,0.00000000
2025-02-22 05:00:00+00:00,0.00000000
2025-02-22 06:00:00+00:00,0.07759727
2025-02-22 07:00:00+00:00,0.22750369
2025-02-22 08:00:00+00:00,0.36190610
2025-02-22 09:00:00+00:00,0.47164522
2025-02-22 10:00:00+00:00,0.54924249
2025-02-22 11:00:00+00:00,0.58940979
2025-02-22 12:00:00+00:00,0.58940979
2025-02-22 13:00:00+00:00,0.54924249
2025-02-22 14:00:00+00:00,0.47164522
2025-02-22 15:00:00+00:00,0.36190610
2025-02-22 16:00:00+00:00,0.22750369
2025-02-22 17:00:00+00:00,0.07759727
2025-02-22 18:00:00+00:00,0.00000000
2025-02-22 19:00:00+00:00,0.00000000
2025-02-22 20:00:00+00:00,0.00000000
2025-02-22 21:00:00+00:00,0.00000000
2025-02-22 22:00:00+00:00,0.00000000
2025-02-22 23:00:00+00:00,0.00000000
2025-02-23 00:00:00+00:00,0.00000000
2025-02-23 01:00:00+00:00,0.00000000
2025-02-23 02:00:00+00:00,0.00000000
2025-02-23 03:00:00+00:00,0.00000000
2025-02-23 04:00:00+00:00,0.00000000
2025-02-23 05:00:00+00:00,0.00000000
2025-02-23 06:00:00+00:00,0.07816206
2025-02-23 07:00:00+00:00,0.22915958
2025-02-23 08:00:00+00:00,0.36454024
2025-02-23 09:00:00+00:00,0.47507810
2025-02-23 10:00:00+00:00,0.55324016
2025-02-23 11:00:00+00:00,0.59369982
2025-02-23 12:00:00+00:00,0.59369982
2025-02-23 13:00:00+00:00,0.55324016
2025-02-23 14:00:00+00:00,0.47507810
2025-02-23 15:00:00+00:00,0.36454024
2025-02-23 16:00:00+00:00,0.22915958
2025-02-23 17:00:00+00:00,0.07816206
2025-02-23 18:00:00+00:00,0.00000000
2025-02-23 19:00:00+00:00,0.00000000
2025-02-23 20:00:00+00:00,0.00000000
2025-02-23 21:00:00+00:00,0.00000000
2025-02-23 22:00:00+00:00,0.00000000
2025-02-23 23:00:00+00:00,0.00000000
2025-02-24 00:00:00+00:00,0.00000000
2025-02-24 01:00:00+00:00,0.00000000
2025-02-24 02:00:00+00:00,0.00000000
2025-02-24 03:00:00+00:00,0.00000000
2025-02-24 04:00:00+00:00,0.00000000
2025-02-24 05:00:00+00:00,0.00000000
2025-02-24 06:00:00+00:00,0.07873154
2025-02-24 07:00:00+00:00,0.23082921
2025-02-24 08:00:00+00:00,0.36719624
2025-02-24 09:00:00+00:00,0.47853946
2025-02-24 10:00:00+00:00,0.55727101
2025-02-24 11:00:00+00:00,0.59802545
2025-02-24 12:00:00+00:00,0.59802545
2025-02-24 13:00:00+00:00,0.55727101
2025-02-24 14:00:00+00:00,0.47853946
2025-02-24 15:00:00+00:00,0.36719624
2025-02-24 16:00:00+00:00,0.23082921
2025-02-24 17:00:00+00:00,0.07873154
2025-02-24 18:00:00+00:00,0.00000000
2025-02-24 19:00:00+00:00,0.00000000
2025-02-24 20:00:00+00:00,0.00000000
2025-02-24 21:00:00+00:00,0.00000000
2025-02-24 22:00:00+00:00,0.00000000
2025-02-24 23:00:00+00:00,0.00000000
2025-02-25 00:00:00+00:00,0.00000000
2025-02-25 01:00:00+00:00,0.00000000
2025-02-25 02:00:00+00:00,0.00000000
2025-02-25 03:00:00+00:00,0.00000000
2025-02-25 04:00:00+00:00,0.00000000
2025-02-25 05:00:00+00:00,0.00000000
2025-02-25 06:00:00+00:00,0.07930554
2025-02-25 07:00:00+00:00,0.23251209
2025-02-25 08:00:00+00:00,0.36987332
2025-02-25 09:00:00+00:00,0.48202829
2025-02-25 10:00:00+00:00,0.56133383
2025-02-25 11:00:00+00:00,0.60238540
2025-02-25 12:00:00+00:00,0.60238540
2025-02-25 13:00:00+00:00,0.56133383
2025-02-25 14:00:00+00:00,0.48202829
2025-02-25 15:00:00+00:00,0.36987332
2025-02-25 16:00:00+00:00,0.23251209
2025-02-25 17:00:00+00:00,0.07930554
2025-02-25 18:00:00+00:00,0.00000000
2025-02-25 19:00:00+00:00,0.00000000
2025-02-25 20:00:00+00:00,0.00000000
2025-02-25 21:00:00+00:00,0.00000000
2025-02-25 22:00:00+00:00,0.00000000
2025-02-25 23:00:00+00:00,0.00000000
2025-02-26 00:00:00+00:00,0.00000000
2025-02-26 01:00:00+00:00,0.00000000
2025-02-26 02:00:00+00:00,0.00000000
2025-02-26 03:00:00+00:00,0.00000000
2025-02-26 04:00:00+00:00,0.00000000
2025-02-26 05:00:00+00:00,0.00000000
2025-02-26 06:00:00+00:00,0.07988389
2025-02-26 07:00:00+00:00,0.23420771
2025-02-26 08:00:00+00:00,0.37257067
2025-02-26 09:00:00+00:00,0.48554355
2025-02-26 10:00:00+00:00,0.56542744
2025-02-26 11:00:00+00:00,0.60677838
2025-02-26 12:00:00+00:00,0.60677838
2025-02-26 13:00:00+00:00,0.56542744
2025-02-26 14:00:00+00:00,0.48554355
2025-02-26 15:00:00+00:00,0.37257067
2025-02-26 16:00:00+00:00,0.23420771
2025-02-26 17:00:00+00:00,0.07988389
2025-02-26 18:00:00+00:00,0.00000000
2025-02-26 19:00:00+00:00,0.00000000
2025-02-26 20:00:00+00:00,0.00000000
2025-02-26 21:00:00+00:00,0.00000000
2025-02-26 22:00:00+00:00,0.00000000
2025-02-26 23:00:00+00:00,0.00000000
2025-02-27 00:00:00+00:00,0.00000000
2025-02-27 01:00:00+00:00,0.00000000
2025-02-27 02:00:00+00:00,0.00000000
2025-02-27 03:00:00+00:00,0.00000000
2025-02-27 04:00:00+00:00,0.00000000
2025-02-27 05:00:00+00:00,0.00000000
2025-02-27 06:00:00+00:00,0.08046641
2025-02-27 07:00:00+00:00,0.23591558
2025-02-27 08:00:00+00:00,0.37528750
2025-02-27 09:00:00+00:00,0.48908419
2025-02-27 10:00:00+00:00,0.56955060
2025-02-27 11:00:00+00:00,0.61120308
2025-02-27 12:00:00+00:00,0.61120308
2025-02-27 13:00:00+00:00,0.56955060
2025-02-27 14:00:00+00:00,0.48908419
2025-02-27 15:00:00+00:00,0.37528750
2025-02-27 16:00:00+00:00,0.23591558
2025-02-27 17:00:00+00:00,0.08046641
2025-02-27 18:00:00+00:00,0.00000000
2025-02-27 19:00:00+00:00,0.00000000
2025-02-27 20:00:00+00:00,0.00000000
2025-02-27 21:00:00+00:00,0.00000000
2025-02-27 22:00:00+00:00,0.00000000
2025-02-27 23:00:00+00:00,0.00000000
2025-02-28 00:00:00+00:00,0.00000000
2025-02-28 01:00:00+00:00,0.00000000
2025-02-28 02:00:00+00:00,0.00000000
2025-02-28 03:00:00+00:00,0.00000000
2025-02-28 04:00:00+00:00,0.00000000
2025-02-28 05:00:00+00:00,0.00000000
2025-02-28 06:00:00+00:00,0.08105294
2025-02-28 07:00:00+00:00,0.23763519
2025-02-28 08:00:00+00:00,0.37802300
2025-02-28 09:00:00+00:00,0.49264917
2025-02-28 10:00:00+00:00,0.57370211
2025-02-28 11:00:00+00:00,0.61565820
2025-02-28 12:00:00+00:00,0.61565820
2025-02-28 13:00:00+00:00,0.57370211
2025-02-28 14:00:00+00:00,0.49264917
2025-02-28 15:00:00+00:00,0.37802300
2025-02-28 16:00:00+00:00,0.23763519
2025-02-28 17:00:00+00:00,0.08105294
2025-02-28 18:00:00+00:00,0.00000000
2025-02-28 19:00:00+00:00,0.00000000
2025-02-28 20:00:00+00:00,0.00000000
2025-02-28 21:00:00+00:00,0.00000000
2025-02-28 22:00:00+00:00,0.00000000
2025-02-28 23:00:00+00:00,0.00000000
2025-03-01 00:00:00+00:00,0.00000000
2025-03-01 01:00:00+00:00,0.00000000
2025-03-01 02:00:00+00:00,0.00000000
2025-03-01 03:00:00+00:00,0.00000000
2025-03-01 04:00:00+00:00,0.00000000
2025-03-01 05:00:00+00:00,0.00000000
2025-03-01 06:00:00+00:00,0.08164330
2025-03-01 07:00:00+00:00,0.23936603
2025-03-01 08:00:00+00:00,0.38077637
2025-03-01 09:00:00+00:00,0.49623743
2025-03-01 10:00:00+00:00,0.57788072
2025-03-01 11:00:00+00:00,0.62014240
2025-03-01 12:00:00+00:00,0.62014240
2025-03-01 13:00:00+00:00,0.57788072
2025-03-01 14:00:00+00:00,0.49623743
2025-03-01 15:00:00+00:00,0.38077637
2025-03-01 16:00:00+00:00,0.23936603
2025-03-01 17:00:00+00:00,0.08164330
2025-03-01 18:00:00+00:00,0.00000000
2025-03-01 19:00:00+00:00,0.00000000
2025-03-01 20:00:00+00:00,0.00000000
2025-03-01 21:00:00+00:00,0.00000000
2025-03-01 22:00:00+00:00,0.00000000
2025-03-01 23:00:00+00:00,0.00000000
2025-03-02 00:00:00+00:00,0.00000000
2025-03-02 01:00:00+00:00,0.00000000
2025-03-02 02:00:00+00:00,0.00000000
2025-03-02 03:00:00+00:00,0.00000000
2025-03-02 04:00:00+00:00,0.00000000
2025-03-02 05:00:00+00:00,0.00000000
2025-03-02 06:00:00+00:00,0.08223731
2025-03-02 07:00:00+00:00,0.24110759
2025-03-02 08:00:00+00:00,0.38354679
2025-03-02 09:00:00+00:00,0.49984790
2025-03-02 10:00:00+00:00,0.58208521
2025-03-02 11:00:00+00:00,0.62465438
2025-03-02 12:00:00+00:00,0.62465438
2025-03-02 13:00:00+00:00,0.58208521
2025-03-02 14:00:00+00:00,0.49984790
2025-03-02 15:00:00+00:00,0.38354679
2025-03-02 16:00:00+00:00,0.24110759
2025-03-02 17:00:00+00:00,0.08223731
2025-03-02 18:00:00+00:00,0.00000000
2025-03-02 19:00:00+00:00,0.00000000
2025-03-02 20:00:00+00:00,0.00000000
2025-03-02 21:00:00+00:00,0.00000000
2025-03-02 22:00:00+00:00,0.00000000
2025-03-02 23:00:00+00:00,0.00000000
2025-03-03 00:00:00+00:00,0.00000000
2025-03-03 01:00:00+00:00,0.00000000
2025-03-03 02:00:00+00:00,0.00000000
2025-03-03 03:00:00+00:00,0.00000000
2025-03-03 04:00:00+00:00,0.00000000
2025-03-03 05:00:00+00:00,0.00000000
2025-03-03 06:00:00+00:00,0.08283480
2025-03-03 07:00:00+00:00,0.24285935
2025-03-03 08:00:00+00:00,0.38633343
2025-03-03 09:00:00+00:00,0.50347953
2025-03-03 10:00:00+00:00,0.58631433
2025-03-03 11:00:00+00:00,0.62919278
2025-03-03 12:00:00+00:00,0.62919278
2025-03-03 13:00:00+00:00,0.58631433
2025-03-03 14:00:00+00:00,0.50347953
2025-03-03 15:00:00+00:00,0.38633343
2025-03-03 16:00:00+00:00,0.24285935
2025-03-03 17:00:00+00:00,0.08283480
2025-03-03 18:00:00+00:00,0.00000000
2025-03-03 19:00:00+00:00,0.00000000
2025-03-03 20:00:00+00:00,0.00000000
2025-03-03 21:00:00+00:00,0.00000000
2025-03-03 22:00:00+00:00,0.00000000
2025-03-03 23:00:00+00:00,0.00000000
2025-03-04 00:00:00+00:00,0.00000000
2025-03-04 01:00:00+00:00,0.00000000
2025-03-04 02:00:00+00:00,0.00000000
2025-03-04 03:00:00+00:00,0.00000000
2025-03-04 04:00:00+00:00,0.00000000
2025-03-04 05:00:00+00:00,0.00000000
2025-03-04 06:00:00+00:00,0.08343559
2025-03-04 07:00:00+00:00,0.24462079
2025-03-04 08:00:00+00:00,0.38913548
2025-03-04 09:00:00+00:00,0.50713122
2025-03-04 10:00:00+00:00,0.59056682
2025-03-04 11:00:00+00:00,0.63375626
2025-03-04 12:00:00+00:00,0.63375626
2025-03-04 13:00:00+00:00,0.59056682
2025-03-04 14:00:00+00:00,0.50713122
2025-03-04 15:00:00+00:00,0.38913548
2025-03-04 16:00:00+00:00,0.24462079
2025-03-04 17:00:00+00:00,0.08343559
2025-03-04 18:00:00+00:00,0.00000000
2025-03-04 19:00:00+00:00,0.00000000
2025-03-04 20:00:00+00:00,0.00000000
2025-03-04 21:00:00+00:00,0.00000000
2025-03-04 22:00:00+00:00,0.00000000
2025-03-04 23:00:00+00:00,0.00000000
2025-03-05 00:00:00+00:00,0.00000000
2025-03-05 01:00:00+00:00,0.00000000
2025-03-05 02:00:00+00:00,0.00000000
2025-03-05 03:00:00+00:00,0.00000000
2025-03-05 04:00:00+00:00,0.00000000
2025-03-05 05:00:00+00:00,0.00000000
2025-03-05 06:00:00+00:00,0.08403951
2025-03-05 07:00:00+00:00,0.24639138
2025-03-05 08:00:00+00:00,0.39195209
2025-03-05 09:00:00+00:00,0.51080191
2025-03-05 10:00:00+00:00,0.59484142
2025-03-05 11:00:00+00:00,0.63834348
2025-03-05 12:00:00+00:00,0.63834348
2025-03-05 13:00:00+00:00,0.59484142
2025-03-05 14:00:00+00:00,0.51080191
2025-03-05 15:00:00+00:00,0.39195209
2025-03-05 16:00:00+00:00,0.24639138
2025-03-05 17:00:00+00:00,0.08403951
2025-03-05 18:00:00+00:00,0.00000000
2025-03-05 19:00:00+00:00,0.00000000
2025-03-05 20:00:00+00:00,0.00000000
2025-03-05 21:00:00+00:00,0.00000000
2025-03-05 22:00:00+00:00,0.00000000
2025-03-05 23:00:00+00:00,0.00000000
2025-03-06 00:00:00+00:00,0.00000000
2025-03-06 01:00:00+00:00,0.00000000
2025-03-06 02:00:00+00:00,0.00000000
2025-03-06 03:00:00+00:00,0.00000000
2025-03-06 04:00:00+00:00,0.00000000
2025-03-06 05:00:00+00:00,0.00000000
2025-03-06 06:00:00+00:00,0.08464638
2025-03-06 07:00:00+00:00,0.24817062
2025-03-06 08:00:00+00:00,0.39478244
2025-03-06 09:00:00+00:00,0.51449050
2025-03-06 10:00:00+00:00,0.59913687
2025-03-06 11:00:00+00:00,0.64295306
2025-03-06 12:00:00+00:00,0.64295306
2025-03-06 13:00:00+00:00,0.59913687
2025-03-06 14:00:00+00:00,0.51449050
2025-03-06 15:00:00+00:00,0.39478244
2025-03-06 16:00:00+00:00,0.24817062
2025-03-06 17:00:00+00:00,0.08464638
2025-03-06 18:00:00+00:00,0.00000000
2025-03-06 19:00:00+00:00,0.00000000
2025-03-06 20:00:00+00:00,0.00000000
2025-03-06 21:00:00+00:00,0.00000000
2025-03-06 22:00:00+00:00,0.00000000
2025-03-06 23:00:00+00:00,0.00000000
2025-03-07 00:00:00+00:00,0.00000000
2025-03-07 01:00:00+00:00,0.00000000
2025-03-07 02:00:00+00:00,0.00000000
2025-03-07 03:00:00+00:00,0.00000000
2025-03-07 04:00:00+00:00,0.00000000
2025-03-07 05:00:00+00:00,0.00000000
2025-03-07 06:00:00+00:00,0.08525601
2025-03-07 07:00:00+00:00,0.24995796
2025-03-07 08:00:00+00:00,0.39762569
2025-03-07 09:00:00+00:00,0.51819589
2025-03-07 10:00:00+00:00,0.60345190
2025-03-07 11:00:00+00:00,0.64758365
2025-03-07 12:00:00+00:00,0.64758365
2025-03-07 13:00:00+00:00,0.60345190
2025-03-07 14:00:00+00:00,0.51819589
2025-03-07 15:00:00+00:00,0.39762569
2025-03-07 16:00:00+00:00,0.24995796
2025-03-07 17:00:00+00:00,0.08525601
2025-03-07 18:00:00+00:00,0.00000000
2025-03-07 19:00:00+00:00,0.00000000
2025-03-07 20:00:00+00:00,0.00000000
2025-03-07 21:00:00+00:00,0.00000000
2025-03-07 22:00:00+00:00,0.00000000
2025-03-07 23:00:00+00:00,0.00000000
2025-03-08 00:00:00+00:00,0.00000000
2025-03-08 01:00:00+00:00,0.00000000
2025-03-08 02:00:00+00:00,0.00000000
2025-03-08 03:00:00+00:00,0.00000000
2025-03-08 04:00:00+00:00,0.00000000
2025-03-08 05:00:00+00:00,0.00000000
2025-03-08 06:00:00+00:00,0.08586822
2025-03-08 07:00:00+00:00,0.25175288
2025-03-08 08:00:00+00:00,0.40048100
2025-03-08 09:00:00+00:00,0.52191700
2025-03-08 10:00:00+00:00,0.60778522
2025-03-08 11:00:00+00:00,0.65223388
2025-03-08 12:00:00+00:00,0.65223388
2025-03-08 13:00:00+00:00,0.60778522
2025-03-08 14:00:00+00:00,0.52191700
2025-03-08 15:00:00+00:00,0.40048100
2025-03-08 16:00:00+00:00,0.25175288
2025-03-08 17:00:00+00:00,0.08586822
2025-03-08 18:00:00+00:00,0.00000000
2025-03-08 19:00:00+00:00,0.00000000
2025-03-08 20:00:00+00:00,0.00000000
2025-03-08 21:00:00+00:00,0.00000000
2025-03-08 22:00:00+00:00,0.00000000
2025-03-08 23:00:00+00:00,0.00000000
2025-03-09 00:00:00+00:00,0.00000000
2025-03-09 01:00:00+00:00,0.00000000
2025-03-09 02:00:00+00:00,0.00000000
2025-03-09 03:00:00+00:00,0.00000000
2025-03-09 04:00:00+00:00,0.00000000
2025-03-09 05:00:00+00:00,0.00000000
2025-03-09 06:00:00+00:00,0.08648284
2025-03-09 07:00:00+00:00,0.25355484
2025-03-09 08:00:00+00:00,0.40334751
2025-03-09 09:00:00+00:00,0.52565271
2025-03-09 10:00:00+00:00,0.61213555
2025-03-09 11:00:00+00:00,0.65690236
2025-03-09 12:00:00+00:00,0.65690236
2025-03-09 13:00:00+00:00,0.61213555
2025-03-09 14:00:00+00:00,0.52565271
2025-03-09 15:00:00+00:00,0.40334751
2025-03-09 16:00:00+00:00,0.25355484
2025-03-09 17:00:00+00:00,0.08648284
2025-03-09 18:00:00+00:00,0.00000000
2025-03-09 19:00:00+00:00,0.00000000
2025-03-09 20:00:00+00:00,0.00000000
2025-03-09 21:00:00+00:00,0.00000000
2025-03-09 22:00:00+00:00,0.00000000
2025-03-09 23:00:00+00:00,0.00000000
2025-03-10 00:00:00+00:00,0.00000000
2025-03-10 01:00:00+00:00,0.00000000
2025-03-10 02:00:00+00:00,0.00000000
2025-03-10 03:00:00+00:00,0.00000000
2025-03-10 04:00:00+00:00,0.00000000
2025-03-10 05:00:00+00:00,0.00000000
2025-03-10 06:00:00+00:00,0.08709967
2025-03-10 07:00:00+00:00,0.25536332
2025-03-10 08:00:00+00:00,0.40622438
2025-03-10 09:00:00+00:00,0.52940192
2025-03-10 10:00:00+00:00,0.61650160
2025-03-10 11:00:00+00:00,0.66158771
2025-03-10 12:00:00+00:00,0.66158771
2025-03-10 13:00:00+00:00,0.61650160
2025-03-10 14:00:00+00:00,0.52940192
2025-03-10 15:00:00+00:00,0.40622438
2025-03-10 16:00:00+00:00,0.25536332
2025-03-10 17:00:00+00:00,0.08709967
2025-03-10 18:00:00+00:00,0.00000000
2025-03-10 19:00:00+00:00,0.00000000
2025-03-10 20:00:00+00:00,0.00000000
2025-03-10 21:00:00+00:00,0.00000000
2025-03-10 22:00:00+00:00,0.00000000
2025-03-10 23:00:00+00:00,0.00000000
2025-03-11 00:00:00+00:00,0.00000000
2025-03-11 01:00:00+00:00,0.00000000
2025-03-11 02:00:00+00:00,0.00000000
2025-03-11 03:00:00+00:00,0.00000000
2025-03-11 04:00:00+00:00,0.00000000
2025-03-11 05:00:00+00:00,0.00000000
2025-03-11 06:00:00+00:00,0.08771855
2025-03-11 07:00:00+00:00,0.25717778
2025-03-11 08:00:00+00:00,0.40911076
2025-03-11 09:00:00+00:00,0.53316353
2025-03-11 10:00:00+00:00,0.62088208
2025-03-11 11:00:00+00:00,0.66628854
2025-03-11 12:00:00+00:00,0.66628854
2025-03-11 13:00:00+00:00,0.62088208
2025-03-11 14:00:00+00:00,0.53316353
2025-03-11 15:00:00+00:00,0.40911076
2025-03-11 16:00:00+00:00,0.25717778
2025-03-11 17:00:00+00:00,0.08771855
2025-03-11 18:00:00+00:00,0.00000000
2025-03-11 19:00:00+00:00,0.00000000
2025-03-11 20:00:00+00:00,0.00000000
2025-03-11 21:00:00+00:00,0.00000000
2025-03-11 22:00:00+00:00,0.00000000
2025-03-11 23:00:00+00:00,0.00000000
2025-03-12 00:00:00+00:00,0.00000000
2025-03-12 01:00:00+00:00,0.00000000
2025-03-12 02:00:00+00:00,0.00000000
2025-03-12 03:00:00+00:00,0.00000000
2025-03-12 04:00:00+00:00,0.00000000
2025-03-12 05:00:00+00:00,0.00000000
2025-03-12 06:00:00+00:00,0.08833928
2025-03-12 07:00:00+00:00,0.25899767
2025-03-12 08:00:00+00:00,0.41200580
2025-03-12 09:00:00+00:00,0.53693641
2025-03-12 10:00:00+00:00,0.62527569
2025-03-12 11:00:00+00:00,0.67100347
2025-03-12 12:00:00+00:00,0.67100347
2025-03-12 13:00:00+00:00,0.62527569
2025-03-12 14:00:00+00:00,0.53693641
2025-03-12 15:00:00+00:00,0.41200580
2025-03-12 16:00:00+00:00,0.25899767
2025-03-12 17:00:00+00:00,0.08833928
2025-03-12 18:00:00+00:00,0.00000000
2025-03-12 19:00:00+00:00,0.00000000
2025-03-12 20:00:00+00:00,0.00000000
2025-03-12 21:00:00+00:00,0.00000000
2025-03-12 22:00:00+00:00,0.00000000
2025-03-12 23:00:00+00:00,0.00000000
2025-03-13 00:00:00+00:00,0.00000000
2025-03-13 01:00:00+00:00,0.00000000
2025-03-13 02:00:00+00:00,0.00000000
2025-03-13 03:00:00+00:00,0.00000000
2025-03-13 04:00:00+00:00,0.00000000
2025-03-13 05:00:00+00:00,0.00000000
2025-03-13 06:00:00+00:00,0.08896169
2025-03-13 07:00:00+00:00,0.26082246
2025-03-13 08:00:00+00:00,0.41490862
2025-03-13 09:00:00+00:00,0.54071944
2025-03-13 10:00:00+00:00,0.62968113
2025-03-13 11:00:00+00:00,0.67573109
2025-03-13 12:00:00+00:00,0.67573109
2025-03-13 13:00:00+00:00,0.62968113
2025-03-13 14:00:00+00:00,0.54071944
2025-03-13 15:00:00+00:00,0.41490862
2025-03-13 16:00:00+00:00,0.26082246
2025-03-13 17:00:00+00:00,0.08896169
2025-03-13 18:00:00+00:00,0.00000000
2025-03-13 19:00:00+00:00,0.00000000
2025-03-13 20:00:00+00:00,0.00000000
2025-03-13 21:00:00+00:00,0.00000000
2025-03-13 22:00:00+00:00,0.00000000
2025-03-13 23:00:00+00:00,0.00000000
2025-03-14 00:00:00+00:00,0.00000000
2025-03-14 01:00:00+00:00,0.00000000
2025-03-14 02:00:00+00:00,0.00000000
2025-03-14 03:00:00+00:00,0.00000000
2025-03-14 04:00:00+00:00,0.00000000
2025-03-14 05:00:00+00:00,0.00000000
2025-03-14 06:00:00+00:00,0.08958557
2025-03-14 07:00:00+00:00,0.26265162
2025-03-14 08:00:00+00:00,0.41781838
2025-03-14 09:00:00+00:00,0.54451152
2025-03-14 10:00:00+00:00,0.63409709
2025-03-14 11:00:00+00:00,0.68047000
2025-03-14 12:00:00+00:00,0.68047000
2025-03-14 13:00:00+00:00,0.63409709
2025-03-14 14:00:00+00:00,0.54451152
2025-03-14 15:00:00+00:00,0.41781838
2025-03-14 16:00:00+00:00,0.26265162
2025-03-14 17:00:00+00:00,0.08958557
2025-03-14 18:00:00+00:00,0.00000000
2025-03-14 19:00:00+00:00,0.00000000
2025-03-14 20:00:00+00:00,0.00000000
2025-03-14 21:00:00+00:00,0.00000000
2025-03-14 22:00:00+00:00,0.00000000
2025-03-14 23:00:00+00:00,0.00000000
2025-03-15 00:00:00+00:00,0.00000000
2025-03-15 01:00:00+00:00,0.00000000
2025-03-15 02:00:00+00:00,0.00000000
2025-03-15 03:00:00+00:00,0.00000000
2025-03-15 04:00:00+00:00,0.00000000
2025-03-15 05:00:00+00:00,0.00000000
2025-03-15 06:00:00+00:00,0.09021077
2025-03-15 07:00:00+00:00,0.26448458
2025-03-15 08:00:00+00:00,0.42073421
2025-03-15 09:00:00+00:00,0.54831150
2025-03-15 10:00:00+00:00,0.63852227
2025-03-15 11:00:00+00:00,0.68521880
2025-03-15 12:00:00+00:00,0.68521880
2025-03-15 13:00:00+00:00,0.63852227
2025-03-15 14:00:00+00:00,0.54831150
2025-03-15 15:00:00+00:00,0.42073421
2025-03-15 16:00:00+00:00,0.26448458
2025-03-15 17:00:00+00:00,0.09021077
2025-03-15 18:00:00+00:00,0.00000000
2025-03-15 19:00:00+00:00,0.00000000
2025-03-15 20:00:00+00:00,0.00000000
2025-03-15 21:00:00+00:00,0.00000000
2025-03-15 22:00:00+00:00,0.00000000
2025-03-15 23:00:00+00:00,0.00000000
2025-03-16 00:00:00+00:00,0.00000000
2025-03-16 01:00:00+00:00,0.00000000
2025-03-16 02:00:00+00:00,0.00000000
2025-03-16 03:00:00+00:00,0.00000000
2025-03-16 04:00:00+00:00,0.00000000
2025-03-16 05:00:00+00:00,0.00000000
2025-03-16 06:00:00+00:00,0.09083707
2025-03-16 07:00:00+00:00,0.26632083
2025-03-16 08:00:00+00:00,0.42365525
2025-03-16 09:00:00+00:00,0.55211828
2025-03-16 10:00:00+00:00,0.64295535
2025-03-16 11:00:00+00:00,0.68997608
2025-03-16 12:00:00+00:00,0.68997608
2025-03-16 13:00:00+00:00,0.64295535
2025-03-16 14:00:00+00:00,0.55211828
2025-03-16 15:00:00+00:00,0.42365525
2025-03-16 16:00:00+00:00,0.26632083
2025-03-16 17:00:00+00:00,0.09083707
2025-03-16 18:00:00+00:00,0.00000000
2025-03-16 19:00:00+00:00,0.00000000
2025-03-16 20:00:00+00:00,0.00000000
2025-03-16 21:00:00+00:00,0.00000000
2025-03-16 22:00:00+00:00,0.00000000
2025-03-16 23:00:00+00:00,0.00000000
2025-03-17 00:00:00+00:00,0.00000000
2025-03-17 01:00:00+00:00,0.00000000
2025-03-17 02:00:00+00:00,0.00000000
2025-03-17 03:00:00+00:00,0.00000000
2025-03-17 04:00:00+00:00,0.00000000
2025-03-17 05:00:00+00:00,0.00000000
2025-03-17 06:00:00+00:00,0.09146431
2025-03-17 07:00:00+00:00,0.26815980
2025-03-17 08:00:00+00:00,0.42658064
2025-03-17 09:00:00+00:00,0.55593071
2025-03-17 10:00:00+00:00,0.64739502
2025-03-17 11:00:00+00:00,0.69474043
2025-03-17 12:00:00+00:00,0.69474043
2025-03-17 13:00:00+00:00,0.64739502
2025-03-17 14:00:00+00:00,0.55593071
2025-03-17 15:00:00+00:00,0.42658064
2025-03-17 16:00:00+00:00,0.26815980
2025-03-17 17:00:00+00:00,0.09146431
2025-03-17 18:00:00+00:00,0.00000000
2025-03-17 19:00:00+00:00,0.00000000
2025-03-17 20:00:00+00:00,0.00000000
2025-03-17 21:00:00+00:00,0.00000000
2025-03-17 22:00:00+00:00,0.00000000
2025-03-17 23:00:00+00:00,0.00000000
2025-03-18 00:00:00+00:00,0.00000000
2025-03-18 01:00:00+00:00,0.00000000
2025-03-18 02:00:00+00:00,0.00000000
2025-03-18 03:00:00+00:00,0.00000000
2025-03-18 04:00:00+00:00,0.00000000
2025-03-18 05:00:00+00:00,0.00000000
2025-03-18 06:00:00+00:00,0.09209230
2025-03-18 07:00:00+00:00,0.27000095
2025-03-18 08:00:00+00:00,0.42950949
2025-03-18 09:00:00+00:00,0.55974767
2025-03-18 10:00:00+00:00,0.65183996
2025-03-18 11:00:00+00:00,0.69951045
2025-03-18 12:00:00+00:00,0.69951045
2025-03-18 13:00:00+00:00,0.65183996
2025-03-18 14:00:00+00:00,0.55974767
2025-03-18 15:00:00+00:00,0.42950949
2025-03-18 16:00:00+00:00,0.27000095
2025-03-18 17:00:00+00:00,0.09209230
2025-03-18 18:00:00+00:00,0.00000000
2025-03-18 19:00:00+00:00,0.00000000
2025-03-18 20:00:00+00:00,0.00000000
2025-03-18 21:00:00+00:00,0.00000000
2025-03-18 22:00:00+00:00,0.00000000
2025-03-18 23:00:00+00:00,0.00000000
2025-03-19 00:00:00+00:00,0.00000000
2025-03-19 01:00:00+00:00,0.00000000
2025-03-19 02:00:00+00:00,0.00000000
2025-03-19 03:00:00+00:00,0.00000000
2025-03-19 04:00:00+00:00,0.00000000
2025-03-19 05:00:00+00:00,0.00000000
2025-03-19 06:00:00+00:00,0.09272084
2025-03-19 07:00:00+00:00,0.27184375
2025-03-19 08:00:00+00:00,0.43244096
2025-03-19 09:00:00+00:00,0.56356802
2025-03-19 10:00:00+00:00,0.65628887
2025-03-19 11:00:00+00:00,0.70428470
2025-03-19 12:00:00+00:00,0.70428470
2025-03-19 13:00:00+00:00,0.65628887
2025-03-19 14:00:00+00:00,0.56356802
2025-03-19 15:00:00+00:00,0.43244096
2025-03-19 16:00:00+00:00,0.27184375
2025-03-19 17:00:00+00:00,0.09272084
2025-03-19 18:00:00+00:00,0.00000000
2025-03-19 19:00:00+00:00,0.00000000
2025-03-19 20:00:00+00:00,0.00000000
2025-03-19 21:00:00+00:00,0.00000000
2025-03-19 22:00:00+00:00,0.00000000
2025-03-19 23:00:00+00:00,0.00000000
2025-03-20 00:00:00+00:00,0.00000000
2025-03-20 01:00:00+00:00,0.00000000
2025-03-20 02:00:00+00:00,0.00000000
2025-03-20 03:00:00+00:00,0.00000000
2025-03-20 04:00:00+00:00,0.00000000
2025-03-20 05:00:00+00:00,0.00000000
2025-03-20 06:00:00+00:00,0.09334976
2025-03-20 07:00:00+00:00,0.27368764
2025-03-20 08:00:00+00:00,0.43537416
2025-03-20 09:00:00+00:00,0.56739065
2025-03-20 10:00:00+00:00,0.66074040
2025-03-20 11:00:00+00:00,0.70906179
2025-03-20 12:00:00+00:00,0.70906179
2025-03-20 13:00:00+00:00,0.66074040
2025-03-20 14:00:00+00:00,0.56739065
2025-03-20 15:00:00+00:00,0.43537416
2025-03-20 16:00:00+00:00,0.27368764
2025-03-20 17:00:00+00:00,0.09334976
2025-03-20 18:00:00+00:00,0.00000000
2025-03-20 19:00:00+00:00,0.00000000
2025-03-20 20:00:00+00:00,0.00000000
2025-03-20 21:00:00+00:00,0.00000000
2025-03-20 22:00:00+00:00,0.00000000
2025-03-20 23:00:00+00:00,0.00000000
2025-03-21 00:00:00+00:00,0.00000000
2025-03-21 01:00:00+00:00,0.00000000
2025-03-21 02:00:00+00:00,0.00000000
2025-03-21 03:00:00+00:00,0.00000000
2025-03-21 04:00:00+00:00,0.00000000
2025-03-21 05:00:00+00:00,0.00000000
2025-03-21 06:00:00+00:00,0.09397886
2025-03-21 07:00:00+00:00,0.27553207
2025-03-21 08:00:00+00:00,0.43830823
2025-03-21 09:00:00+00:00,0.57121441
2025-03-21 10:00:00+00:00,0.66519326
2025-03-21 11:00:00+00:00,0.71384030
2025-03-21 12:00:00+00:00,0.71384030
2025-03-21 13:00:00+00:00,0.66519326
2025-03-21 14:00:00+00:00,0.57121441
2025-03-21 15:00:00+00:00,0.43830823
2025-03-21 16:00:00+00:00,0.27553207
2025-03-21 17:00:00+00:00,0.09397886
2025-03-21 18:00:00+00:00,0.00000000
2025-03-21 19:00:00+00:00,0.00000000
2025-03-21 20:00:00+00:00,0.00000000
2025-03-21 21:00:00+00:00,0.00000000
2025-03-21 22:00:00+00:00,0.00000000
2025-03-21 23:00:00+00:00,0.00000000
2025-03-22 00:00:00+00:00,0.00000000
2025-03-22 01:00:00+00:00,0.00000000
2025-03-22 02:00:00+00:00,0.00000000
2025-03-22 03:00:00+00:00,0.00000000
2025-03-22 04:00:00+00:00,0.00000000
2025-03-22 05:00:00+00:00,0.00000000
2025-03-22 06:00:00+00:00,0.09460796
2025-03-22 07:00:00+00:00,0.27737651
2025-03-22 08:00:00+00:00,0.44124230
2025-03-22 09:00:00+00:00,0.57503816
2025-03-22 10:00:00+00:00,0.66964612
2025-03-22 11:00:00+00:00,0.71861881
2025-03-22 12:00:00+00:00,0.71861881
2025-03-22 13:00:00+00:00,0.66964612
2025-03-22 14:00:00+00:00,0.57503816
2025-03-22 15:00:00+00:00,0.44124230
2025-03-22 16:00:00+00:00,0.27737651
2025-03-22 17:00:00+00:00,0.09460796
2025-03-22 18:00:00+00:00,0.00000000
2025-03-22 19:00:00+00:00,0.00000000
2025-03-22 20:00:00+00:00,0.00000000
2025-03-22 21:00:00+00:00,0.00000000
2025-03-22 22:00:00+00:00,0.00000000
2025-03-22 23:00:00+00:00,0.00000000
2025-03-23 00:00:00+00:00,0.00000000
2025-03-23 01:00:00+00:00,0.00000000
2025-03-23 02:00:00+00:00,0.00000000
2025-03-23 03:00:00+00:00,0.00000000
2025-03-23 04:00:00+00:00,0.00000000
2025-03-23 05:00:00+00:00,0.00000000
2025-03-23 06:00:00+00:00,0.09523688
2025-03-23 07:00:00+00:00,0.27922039
2025-03-23 08:00:00+00:00,0.44417550
2025-03-23 09:00:00+00:00,0.57886079
2025-03-23 10:00:00+00:00,0.67409766
2025-03-23 11:00:00+00:00,0.72339590
2025-03-23 12:00:00+00:00,0.72339590
2025-03-23 13:00:00+00:00,0.67409766
2025-03-23 14:00:00+00:00,0.57886079
2025-03-23 15:00:00+00:00,0.44417550
2025-03-23 16:00:00+00:00,0.27922039
2025-03-23 17:00:00+00:00,0.09523688
2025-03-23 18:00:00+00:00,0.00000000
2025-03-23 19:00:00+00:00,0.00000000
2025-03-23 20:00:00+00:00,0.00000000
2025-03-23 21:00:00+00:00,0.00000000
2025-03-23 22:00:00+00:00,0.00000000
2025-03-23 23:00:00+00:00,0.00000000
2025-03-24 00:00:00+00:00,0.00000000
2025-03-24 01:00:00+00:00,0.00000000
2025-03-24 02:00:00+00:00,0.00000000
2025-03-24 03:00:00+00:00,0.00000000
2025-03-24 04:00:00+00:00,0.00000000
2025-03-24 05:00:00+00:00,0.00000000
2025-03-24 06:00:00+00:00,0.09586542
2025-03-24 07:00:00+00:00,0.28106319
2025-03-24 08:00:00+00:00,0.44710697
2025-03-24 09:00:00+00:00,0.58268114
2025-03-24 10:00:00+00:00,0.67854656
2025-03-24 11:00:00+00:00,0.72817016
2025-03-24 12:00:00+00:00,0.72817016
2025-03-24 13:00:00+00:00,0.67854656
2025-03-24 14:00:00+00:00,0.58268114
2025-03-24 15:00:00+00:00,0.44710697
2025-03-24 16:00:00+00:00,0.28106319
2025-03-24 17:00:00+00:00,0.09586542
2025-03-24 18:00:00+00:00,0.00000000
2025-03-24 19:00:00+00:00,0.00000000
2025-03-24 20:00:00+00:00,0.00000000
2025-03-24 21:00:00+00:00,0.00000000
2025-03-24 22:00:00+00:00,0.00000000
2025-03-24 23:00:00+00:00,0.00000000
2025-03-25 00:00:00+00:00,0.00000000
2025-03-25 01:00:00+00:00,0.00000000
2025-03-25 02:00:00+00:00,0.00000000
2025-03-25 03:00:00+00:00,0.00000000
2025-03-25 04:00:00+00:00,0.00000000
2025-03-25 05:00:00+00:00,0.00000000
2025-03-25 06:00:00+00:00,0.09649340
2025-03-25 07:00:00+00:00,0.28290434
2025-03-25 08:00:00+00:00,0.45003582
2025-03-25 09:00:00+00:00,0.58649810
2025-03-25 10:00:00+00:00,0.68299151
2025-03-25 11:00:00+00:00,0.73294017
2025-03-25 12:00:00+00:00,0.73294017
2025-03-25 13:00:00+00:00,0.68299151
2025-03-25 14:00:00+00:00,0.58649810
2025-03-25 15:00:00+00:00,0.45003582
2025-03-25 16:00:00+00:00,0.28290434
2025-03-25 17:00:00+00:00,0.09649340
2025-03-25 18:00:00+00:00,0.00000000
2025-03-25 19:00:00+00:00,0.00000000
2025-03-25 20:00:00+00:00,0.00000000
2025-03-25 21:00:00+00:00,0.00000000
2025-03-25 22:00:00+00:00,0.00000000
2025-03-25 23:00:00+00:00,0.00000000
2025-03-26 00:00:00+00:00,0.00000000
2025-03-26 01:00:00+00:00,0.00000000
2025-03-26 02:00:00+00:00,0.00000000
2025-03-26 03:00:00+00:00,0.00000000
2025-03-26 04:00:00+00:00,0.00000000
2025-03-26 05:00:00+00:00,0.00000000
2025-03-26 06:00:00+00:00,0.09712064
2025-03-26 07:00:00+00:00,0.28474332
2025-03-26 08:00:00+00:00,0.45296120
2025-03-26 09:00:00+00:00,0.59031053
2025-03-26 10:00:00+00:00,0.68743118
2025-03-26 11:00:00+00:00,0.73770452
2025-03-26 12:00:00+00:00,0.73770452
2025-03-26 13:00:00+00:00,0.68743118
2025-03-26 14:00:00+00:00,0.59031053
2025-03-26 15:00:00+00:00,0.45296120
2025-03-26 16:00:00+00:00,0.28474332
2025-03-26 17:00:00+00:00,0.09712064
2025-03-26 18:00:00+00:00,0.00000000
2025-03-26 19:00:00+00:00,0.00000000
2025-03-26 20:00:00+00:00,0.00000000
2025-03-26 21:00:00+00:00,0.00000000
2025-03-26 22:00:00+00:00,0.00000000
2025-03-26 23:00:00+00:00,0.00000000
2025-03-27 00:00:00+00:00,0.00000000
2025-03-27 01:00:00+00:00,0.00000000
2025-03-27 02:00:00+00:00,0.00000000
2025-03-27 03:00:00+00:00,0.00000000
2025-03-27 04:00:00+00:00,0.00000000
2025-03-27 05:00:00+00:00,0.00000000
2025-03-27 06:00:00+00:00,0.09774695
2025-03-27 07:00:00+00:00,0.28657956
2025-03-27 08:00:00+00:00,0.45588224
2025-03-27 09:00:00+00:00,0.59411731
2025-03-27 10:00:00+00:00,0.69186426
2025-03-27 11:00:00+00:00,0.74246180
2025-03-27 12:00:00+00:00,0.74246180
2025-03-27 13:00:00+00:00,0.69186426
2025-03-27 14:00:00+00:00,0.59411731
2025-03-27 15:00:00+00:00,0.45588224
2025-03-27 16:00:00+00:00,0.28657956
2025-03-27 17:00:00+00:00,0.09774695
2025-03-27 18:00:00+00:00,0.00000000
2025-03-27 19:00:00+00:00,0.00000000
2025-03-27 20:00:00+00:00,0.00000000
2025-03-27 21:00:00+00:00,0.00000000
2025-03-27 22:00:00+00:00,0.00000000
2025-03-27 23:00:00+00:00,0.00000000
2025-03-28 00:00:00+00:00,0.00000000
2025-03-28 01:00:00+00:00,0.00000000
2025-03-28 02:00:00+00:00,0.00000000
2025-03-28 03:00:00+00:00,0.00000000
2025-03-28 04:00:00+00:00,0.00000000
2025-03-28 05:00:00+00:00,0.00000000
2025-03-28 06:00:00+00:00,0.09837214
2025-03-28 07:00:00+00:00,0.28841253
2025-03-28 08:00:00+00:00,0.45879807
2025-03-28 09:00:00+00:00,0.59791729
2025-03-28 10:00:00+00:00,0.69628943
2025-03-28 11:00:00+00:00,0.74721060
2025-03-28 12:00:00+00:00,0.74721060
2025-03-28 13:00:00+00:00,0.69628943
2025-03-28 14:00:00+00:00,0.59791729
2025-03-28 15:00:00+00:00,0.45879807
2025-03-28 16:00:00+00:00,0.28841253
2025-03-28 17:00:00+00:00,0.09837214
2025-03-28 18:00:00+00:00,0.00000000
2025-03-28 19:00:00+00:00,0.00000000
2025-03-28 20:00:00+00:00,0.00000000
2025-03-28 21:00:00+00:00,0.00000000
2025-03-28 22:00:00+00:00,0.00000000
2025-03-28 23:00:00+00:00,0.00000000
2025-03-29 00:00:00+00:00,0.00000000
2025-03-29 01:00:00+00:00,0.00000000
2025-03-29 02:00:00+00:00,0.00000000
2025-03-29 03:00:00+00:00,0.00000000
2025-03-29 04:00:00+00:00,0.00000000
2025-03-29 05:00:00+00:00,0.00000000
2025-03-29 06:00:00+00:00,0.09899603
2025-03-29 07:00:00+00:00,0.29024168
2025-03-29 08:00:00+00:00,0.46170783
2025-03-29 09:00:00+00:00,0.60170937
2025-03-29 10:00:00+00:00,0.70070540
2025-03-29 11:00:00+00:00,0.75194951
2025-03-29 12:00:00+00:00,0.75194951
2025-03-29 13:00:00+00:00,0.70070540
2025-03-29 14:00:00+00:00,0.60170937
2025-03-29 15:00:00+00:00,0.46170783
2025-03-29 16:00:00+00:00,0.29024168
2025-03-29 17:00:00+00:00,0.09899603
2025-03-29 18:00:00+00:00,0.00000000
2025-03-29 19:00:00+00:00,0.00000000
2025-03-29 20:00:00+00:00,0.00000000
2025-03-29 21:00:00+00:00,0.00000000
2025-03-29 22:00:00+00:00,0.00000000
2025-03-29 23:00:00+00:00,0.00000000
2025-03-30 00:00:00+00:00,0.00000000
2025-03-30 01:00:00+00:00,0.00000000
2025-03-30 02:00:00+00:00,0.00000000
2025-03-30 03:00:00+00:00,0.00000000
2025-03-30 04:00:00+00:00,0.00000000
2025-03-30 05:00:00+00:00,0.00000000
2025-03-30 06:00:00+00:00,0.09961843
2025-03-30 07:00:00+00:00,0.29206647
2025-03-30 08:00:00+00:00,0.46461066
2025-03-30 09:00:00+00:00,0.60549240
2025-03-30 10:00:00+00:00,0.70511084
2025-03-30 11:00:00+00:00,0.75667713
2025-03-30 12:00:00+00:00,0.75667713
2025-03-30 13:00:00+00:00,0.70511084
2025-03-30 14:00:00+00:00,0.60549240
2025-03-30 15:00:00+00:00,0.46461066
2025-03-30 16:00:00+00:00,0.29206647
2025-03-30 17:00:00+00:00,0.09961843
2025-03-30 18:00:00+00:00,0.00000000
2025-03-30 19:00:00+00:00,0.00000000
2025-03-30 20:00:00+00:00,0.00000000
2025-03-30 21:00:00+00:00,0.00000000
2025-03-30 22:00:00+00:00,0.00000000
2025-03-30 23:00:00+00:00,0.00000000
2025-03-31 00:00:00+00:00,0.00000000
2025-03-31 01:00:00+00:00,0.00000000
2025-03-31 02:00:00+00:00,0.00000000
2025-03-31 03:00:00+00:00,0.00000000
2025-03-31 04:00:00+00:00,0.00000000
2025-03-31 05:00:00+00:00,0.00000000
2025-03-31 06:00:00+00:00,0.10023917
2025-03-31 07:00:00+00:00,0.29388636
2025-03-31 08:00:00+00:00,0.46750569
2025-03-31 09:00:00+00:00,0.60926528
2025-03-31 10:00:00+00:00,0.70950445
2025-03-31 11:00:00+00:00,0.76139206
2025-03-31 12:00:00+00:00,0.76139206
2025-03-31 13:00:00+00:00,0.70950445
2025-03-31 14:00:00+00:00,0.60926528
2025-03-31 15:00:00+00:00,0.46750569
2025-03-31 16:00:00+00:00,0.29388636
2025-03-31 17:00:00+00:00,0.10023917
2025-03-31 18:00:00+00:00,0.00000000
2025-03-31 19:00:00+00:00,0.00000000
2025-03-31 20:00:00+00:00,0.00000000
2025-03-31 21:00:00+00:00,0.00000000
2025-03-31 22:00:00+00:00,0.00000000
2025-03-31 23:00:00+00:00,0.00000000
2025-04-01 00:00:00+00:00,0.00000000
2025-04-01 01:00:00+00:00,0.00000000
2025-04-01 02:00:00+00:00,0.00000000
2025-04-01 03:00:00+00:00,0.00000000
2025-04-01 04:00:00+00:00,0.00000000
2025-04-01 05:00:00+00:00,0.00000000
2025-04-01 06:00:00+00:00,0.10085804
2025-04-01 07:00:00+00:00,0.29570082
2025-04-01 08:00:00+00:00,0.47039207
2025-04-01 09:00:00+00:00,0.61302689
2025-04-01 10:00:00+00:00,0.71388493
2025-04-01 11:00:00+00:00,0.76609289
2025-04-01 12:00:00+00:00,0.76609289
2025-04-01 13:00:00+00:00,0.71388493
2025-04-01 14:00:00+00:00,0.61302689
2025-04-01 15:00:00+00:00,0.47039207
2025-04-01 16:00:00+00:00,0.29570082
2025-04-01 17:00:00+00:00,0.10085804
2025-04-01 18:00:00+00:00,0.00000000
2025-04-01 19:00:00+00:00,0.00000000
2025-04-01 20:00:00+00:00,0.00000000
2025-04-01 21:00:00+00:00,0.00000000
2025-04-01 22:00:00+00:00,0.00000000
2025-04-01 23:00:00+00:00,0.00000000
2025-04-02 00:00:00+00:00,0.00000000
2025-04-02 01:00:00+00:00,0.00000000
2025-04-02 02:00:00+00:00,0.00000000
2025-04-02 03:00:00+00:00,0.00000000
2025-04-02 04:00:00+00:00,0.00000000
2025-04-02 05:00:00+00:00,0.00000000
2025-04-02 06:00:00+00:00,0.10147488
2025-04-02 07:00:00+00:00,0.29750930
2025-04-02 08:00:00+00:00,0.47326895
2025-04-02 09:00:00+00:00,0.61677610
2025-04-02 10:00:00+00:00,0.71825098
2025-04-02 11:00:00+00:00,0.77077824
2025-04-02 12:00:00+00:00,0.77077824
2025-04-02 13:00:00+00:00,0.71825098
2025-04-02 14:00:00+00:00,0.61677610
2025-04-02 15:00:00+00:00,0.47326895
2025-04-02 16:00:00+00:00,0.29750930
2025-04-02 17:00:00+00:00,0.10147488
2025-04-02 18:00:00+00:00,0.00000000
2025-04-02 19:00:00+00:00,0.00000000
2025-04-02 20:00:00+00:00,0.00000000
2025-04-02 21:00:00+00:00,0.00000000
2025-04-02 22:00:00+00:00,0.00000000
2025-04-02 23:00:00+00:00,0.00000000
2025-04-03 00:00:00+00:00,0.00000000
2025-04-03 01:00:00+00:00,0.00000000
2025-04-03 02:00:00+00:00,0.00000000
2025-04-03 03:00:00+00:00,0.00000000
2025-04-03 04:00:00+00:00,0.00000000
2025-04-03 05:00:00+00:00,0.00000000
2025-04-03 06:00:00+00:00,0.10208950
2025-04-03 07:00:00+00:00,0.29931126
2025-04-03 08:00:00+00:00,0.47613546
2025-04-03 09:00:00+00:00,0.62051181
2025-04-03 10:00:00+00:00,0.72260131
2025-04-03 11:00:00+00:00,0.77544672
2025-04-03 12:00:00+00:00,0.77544672
2025-04-03 13:00:00+00:00,0.72260131
2025-04-03 14:00:00+00:00,0.62051181
2025-04-03 15:00:00+00:00,0.47613546
2025-04-03 16:00:00+00:00,0.29931126
2025-04-03 17:00:00+00:00,0.10208950
2025-04-03 18:00:00+00:00,0.00000000
2025-04-03 19:00:00+00:00,0.00000000
2025-04-03 20:00:00+00:00,0.00000000
2025-04-03 21:00:00+00:00,0.00000000
2025-04-03 22:00:00+00:00,0.00000000
2025-04-03 23:00:00+00:00,0.00000000
2025-04-04 00:00:00+00:00,0.00000000
2025-04-04 01:00:00+00:00,0.00000000
2025-04-04 02:00:00+00:00,0.00000000
2025-04-04 03:00:00+00:00,0.00000000
2025-04-04 04:00:00+00:00,0.00000000
2025-04-04 05:00:00+00:00,0.00000000
2025-04-04 06:00:00+00:00,0.10270171
2025-04-04 07:00:00+00:00,0.30110618
2025-04-04 08:00:00+00:00,0.47899077
2025-04-04 09:00:00+00:00,0.62423292
2025-04-04 10:00:00+00:00,0.72693463
2025-04-04 11:00:00+00:00,0.78009695
2025-04-04 12:00:00+00:00,0.78009695
2025-04-04 13:00:00+00:00,0.72693463
2025-04-04 14:00:00+00:00,0.62423292
2025-04-04 15:00:00+00:00,0.47899077
2025-04-04 16:00:00+00:00,0.30110618
2025-04-04 17:00:00+00:00,0.10270171
2025-04-04 18:00:00+00:00,0.00000000
2025-04-04 19:00:00+00:00,0.00000000
2025-04-04 20:00:00+00:00,0.00000000
2025-04-04 21:00:00+00:00,0.00000000
2025-04-04 22:00:00+00:00,0.00000000
2025-04-04 23:00:00+00:00,0.00000000
2025-04-05 00:00:00+00:00,0.00000000
2025-04-05 01:00:00+00:00,0.00000000
2025-04-05 02:00:00+00:00,0.00000000
2025-04-05 03:00:00+00:00,0.00000000
2025-04-05 04:00:00+00:00,0.00000000
2025-04-05 05:00:00+00:00,0.00000000
2025-04-05 06:00:00+00:00,0.10331134
2025-04-05 07:00:00+00:00,0.30289352
2025-04-05 08:00:00+00:00,0.48183402
2025-04-05 09:00:00+00:00,0.62793831
2025-04-05 10:00:00+00:00,0.73124965
2025-04-05 11:00:00+00:00,0.78472754
2025-04-05 12:00:00+00:00,0.78472754
2025-04-05 13:00:00+00:00,0.73124965
2025-04-05 14:00:00+00:00,0.62793831
2025-04-05 15:00:00+00:00,0.48183402
2025-04-05 16:00:00+00:00,0.30289352
2025-04-05 17:00:00+00:00,0.10331134
2025-04-05 18:00:00+00:00,0.00000000
2025-04-05 19:00:00+00:00,0.00000000
2025-04-05 20:00:00+00:00,0.00000000
2025-04-05 21:00:00+00:00,0.00000000
2025-04-05 22:00:00+00:00,0.00000000
2025-04-05 23:00:00+00:00,0.00000000
2025-04-06 00:00:00+00:00,0.00000000
2025-04-06 01:00:00+00:00,0.00000000
2025-04-06 02:00:00+00:00,0.00000000
2025-04-06 03:00:00+00:00,0.00000000
2025-04-06 04:00:00+00:00,0.00000000
2025-04-06 05:00:00+00:00,0.00000000
2025-04-06 06:00:00+00:00,0.10391820
2025-04-06 07:00:00+00:00,0.30467276
2025-04-06 08:00:00+00:00,0.48466437
2025-04-06 09:00:00+00:00,0.63162690
2025-04-06 10:00:00+00:00,0.73554510
2025-04-06 11:00:00+00:00,0.78933713
2025-04-06 12:00:00+00:00,0.78933713
2025-04-06 13:00:00+00:00,0.73554510
2025-04-06 14:00:00+00:00,0.63162690
2025-04-06 15:00:00+00:00,0.48466437
2025-04-06 16:00:00+00:00,0.30467276
2025-04-06 17:00:00+00:00,0.10391820
2025-04-06 18:00:00+00:00,0.00000000
2025-04-06 19:00:00+00:00,0.00000000
2025-04-06 20:00:00+00:00,0.00000000
2025-04-06 21:00:00+00:00,0.00000000
2025-04-06 22:00:00+00:00,0.00000000
2025-04-06 23:00:00+00:00,0.00000000
2025-04-07 00:00:00+00:00,0.00000000
2025-04-07 01:00:00+00:00,0.00000000
2025-04-07 02:00:00+00:00,0.00000000
2025-04-07 03:00:00+00:00,0.00000000
2025-04-07 04:00:00+00:00,0.00000000
2025-04-07 05:00:00+00:00,0.00000000
2025-04-07 06:00:00+00:00,0.10452212
2025-04-07 07:00:00+00:00,0.30644336
2025-04-07 08:00:00+00:00,0.48748098
2025-04-07 09:00:00+00:00,0.63529759
2025-04-07 10:00:00+00:00,0.73981971
2025-04-07 11:00:00+00:00,0.79392434
2025-04-07 12:00:00+00:00,0.79392434
2025-04-07 13:00:00+00:00,0.73981971
2025-04-07 14:00:00+00:00,0.63529759
2025-04-07 15:00:00+00:00,0.48748098
2025-04-07 16:00:00+00:00,0.30644336
2025-04-07 17:00:00+00:00,0.10452212
2025-04-07 18:00:00+00:00,0.00000000
2025-04-07 19:00:00+00:00,0.00000000
2025-04-07 20:00:00+00:00,0.00000000
2025-04-07 21:00:00+00:00,0.00000000
2025-04-07 22:00:00+00:00,0.00000000
2025-04-07 23:00:00+00:00,0.00000000
2025-04-08 00:00:00+00:00,0.00000000
2025-04-08 01:00:00+00:00,0.00000000
2025-04-08 02:00:00+00:00,0.00000000
2025-04-08 03:00:00+00:00,0.00000000
2025-04-08 04:00:00+00:00,0.00000000
2025-04-08 05:00:00+00:00,0.00000000
2025-04-08 06:00:00+00:00,0.10512292
2025-04-08 07:00:00+00:00,0.30820480
2025-04-08 08:00:00+00:00,0.49028303
2025-04-08 09:00:00+00:00,0.63894928
2025-04-08 10:00:00+00:00,0.74407220
2025-04-08 11:00:00+00:00,0.79848782
2025-04-08 12:00:00+00:00,0.79848782
2025-04-08 13:00:00+00:00,0.74407220
2025-04-08 14:00:00+00:00,0.63894928
2025-04-08 15:00:00+00:00,0.49028303
2025-04-08 16:00:00+00:00,0.30820480
2025-04-08 17:00:00+00:00,0.10512292
2025-04-08 18:00:00+00:00,0.00000000
2025-04-08 19:00:00+00:00,0.00000000
2025-04-08 20:00:00+00:00,0.00000000
2025-04-08 21:00:00+00:00,0.00000000
2025-04-08 22:00:00+00:00,0.00000000
2025-04-08 23:00:00+00:00,0.00000000
2025-04-09 00:00:00+00:00,0.00000000
2025-04-09 01:00:00+00:00,0.00000000
2025-04-09 02:00:00+00:00,0.00000000
2025-04-09 03:00:00+00:00,0.00000000
2025-04-09 04:00:00+00:00,0.00000000
2025-04-09 05:00:00+00:00,0.00000000
2025-04-09 06:00:00+00:00,0.10572041
2025-04-09 07:00:00+00:00,0.30995655
2025-04-09 08:00:00+00:00,0.49306967
2025-04-09 09:00:00+00:00,0.64258091
2025-04-09 10:00:00+00:00,0.74830131
2025-04-09 11:00:00+00:00,0.80302622
2025-04-09 12:00:00+00:00,0.80302622
2025-04-09 13:00:00+00:00,0.74830131
2025-04-09 14:00:00+00:00,0.64258091
2025-04-09 15:00:00+00:00,0.49306967
2025-04-09 16:00:00+00:00,0.30995655
2025-04-09 17:00:00+00:00,0.10572041
2025-04-09 18:00:00+00:00,0.00000000
2025-04-09 19:00:00+00:00,0.00000000
2025-04-09 20:00:00+00:00,0.00000000
2025-04-09 21:00:00+00:00,0.00000000
2025-04-09 22:00:00+00:00,0.00000000
2025-04-09 23:00:00+00:00,0.00000000
2025-04-10 00:00:00+00:00,0.00000000
2025-04-10 01:00:00+00:00,0.00000000
2025-04-10 02:00:00+00:00,0.00000000
2025-04-10 03:00:00+00:00,0.00000000
2025-04-10 04:00:00+00:00,0.00000000
2025-04-10 05:00:00+00:00,0.00000000
2025-04-10 06:00:00+00:00,0.10631442
2025-04-10 07:00:00+00:00,0.31169811
2025-04-10 08:00:00+00:00,0.49584009
2025-04-10 09:00:00+00:00,0.64619138
2025-04-10 10:00:00+00:00,0.75250580
2025-04-10 11:00:00+00:00,0.80753820
2025-04-10 12:00:00+00:00,0.80753820
2025-04-10 13:00:00+00:00,0.75250580
2025-04-10 14:00:00+00:00,0.64619138
2025-04-10 15:00:00+00:00,0.49584009
2025-04-10 16:00:00+00:00,0.31169811
2025-04-10 17:00:00+00:00,0.10631442
2025-04-10 18:00:00+00:00,0.00000000
2025-04-10 19:00:00+00:00,0.00000000
2025-04-10 20:00:00+00:00,0.00000000
2025-04-10 21:00:00+00:00,0.00000000
2025-04-10 22:00:00+00:00,0.00000000
2025-04-10 23:00:00+00:00,0.00000000
2025-04-11 00:00:00+00:00,0.00000000
2025-04-11 01:00:00+00:00,0.00000000
2025-04-11 02:00:00+00:00,0.00000000
2025-04-11 03:00:00+00:00,0.00000000
2025-04-11 04:00:00+00:00,0.00000000
2025-04-11 05:00:00+00:00,0.00000000
2025-04-11 06:00:00+00:00,0.10690478
2025-04-11 07:00:00+00:00,0.31342895
2025-04-11 08:00:00+00:00,0.49859346
2025-04-11 09:00:00+00:00,0.64977964
2025-04-11 10:00:00+00:00,0.75668442
2025-04-11 11:00:00+00:00,0.81202240
2025-04-11 12:00:00+00:00,0.81202240
2025-04-11 13:00:00+00:00,0.75668442
2025-04-11 14:00:00+00:00,0.64977964
2025-04-11 15:00:00+00:00,0.49859346
2025-04-11 16:00:00+00:00,0.31342895
2025-04-11 17:00:00+00:00,0.10690478
2025-04-11 18:00:00+00:00,0.00000000
2025-04-11 19:00:00+00:00,0.00000000
2025-04-11 20:00:00+00:00,0.00000000
2025-04-11 21:00:00+00:00,0.00000000
2025-04-11 22:00:00+00:00,0.00000000
2025-04-11 23:00:00+00:00,0.00000000
2025-04-12 00:00:00+00:00,0.00000000
2025-04-12 01:00:00+00:00,0.00000000
2025-04-12 02:00:00+00:00,0.00000000
2025-04-12 03:00:00+00:00,0.00000000
2025-04-12 04:00:00+00:00,0.00000000
2025-04-12 05:00:00+00:00,0.00000000
2025-04-12 06:00:00+00:00,0.10749130
2025-04-12 07:00:00+00:00,0.31514856
2025-04-12 08:00:00+00:00,0.50132896
2025-04-12 09:00:00+00:00,0.65334462
2025-04-12 10:00:00+00:00,0.76083593
2025-04-12 11:00:00+00:00,0.81647752
2025-04-12 12:00:00+00:00,0.81647752
2025-04-12 13:00:00+00:00,0.76083593
2025-04-12 14:00:00+00:00,0.65334462
2025-04-12 15:00:00+00:00,0.50132896
2025-04-12 16:00:00+00:00,0.31514856
2025-04-12 17:00:00+00:00,0.10749130
2025-04-12 18:00:00+00:00,0.00000000
2025-04-12 19:00:00+00:00,0.00000000
2025-04-12 20:00:00+00:00,0.00000000
2025-04-12 21:00:00+00:00,0.00000000
2025-04-12 22:00:00+00:00,0.00000000
2025-04-12 23:00:00+00:00,0.00000000
2025-04-13 00:00:00+00:00,0.00000000
2025-04-13 01:00:00+00:00,0.00000000
2025-04-13 02:00:00+00:00,0.00000000
2025-04-13 03:00:00+00:00,0.00000000
2025-04-13 04:00:00+00:00,0.00000000
2025-04-13 05:00:00+00:00,0.00000000
2025-04-13 06:00:00+00:00,0.10807383
2025-04-13 07:00:00+00:00,0.31685643
2025-04-13 08:00:00+00:00,0.50404579
2025-04-13 09:00:00+00:00,0.65688526
2025-04-13 10:00:00+00:00,0.76495909
2025-04-13 11:00:00+00:00,0.82090222
2025-04-13 12:00:00+00:00,0.82090222
2025-04-13 13:00:00+00:00,0.76495909
2025-04-13 14:00:00+00:00,0.65688526
2025-04-13 15:00:00+00:00,0.50404579
2025-04-13 16:00:00+00:00,0.31685643
2025-04-13 17:00:00+00:00,0.10807383
2025-04-13 18:00:00+00:00,0.00000000
2025-04-13 19:00:00+00:00,0.00000000
2025-04-13 20:00:00+00:00,0.00000000
2025-04-13 21:00:00+00:00,0.00000000
2025-04-13 22:00:00+00:00,0.00000000
2025-04-13 23:00:00+00:00,0.00000000
2025-04-14 00:00:00+00:00,0.00000000
2025-04-14 01:00:00+00:00,0.00000000
2025-04-14 02:00:00+00:00,0.00000000
2025-04-14 03:00:00+00:00,0.00000000
2025-04-14 04:00:00+00:00,0.00000000
2025-04-14 05:00:00+00:00,0.00000000
2025-04-14 06:00:00+00:00,0.10865217
2025-04-14 07:00:00+00:00,0.31855206
2025-04-14 08:00:00+00:00,0.50674314
2025-04-14 09:00:00+00:00,0.66040052
2025-04-14 10:00:00+00:00,0.76905269
2025-04-14 11:00:00+00:00,0.82529520
2025-04-14 12:00:00+00:00,0.82529520
2025-04-14 13:00:00+00:00,0.76905269
2025-04-14 14:00:00+00:00,0.66040052
2025-04-14 15:00:00+00:00,0.50674314
2025-04-14 16:00:00+00:00,0.31855206
2025-04-14 17:00:00+00:00,0.10865217
2025-04-14 18:00:00+00:00,0.00000000
2025-04-14 19:00:00+00:00,0.00000000
2025-04-14 20:00:00+00:00,0.00000000
2025-04-14 21:00:00+00:00,0.00000000
2025-04-14 22:00:00+00:00,0.00000000
2025-04-14 23:00:00+00:00,0.00000000
2025-04-15 00:00:00+00:00,0.00000000
2025-04-15 01:00:00+00:00,0.00000000
2025-04-15 02:00:00+00:00,0.00000000
2025-04-15 03:00:00+00:00,0.00000000
2025-04-15 04:00:00+00:00,0.00000000
2025-04-15 05:00:00+00:00,0.00000000
2025-04-15 06:00:00+00:00,0.10922617
2025-04-15 07:00:00+00:00,0.32023493
2025-04-15 08:00:00+00:00,0.50942021
2025-04-15 09:00:00+00:00,0.66388935
2025-04-15 10:00:00+00:00,0.77311552
2025-04-15 11:00:00+00:00,0.82965515
2025-04-15 12:00:00+00:00,0.82965515
2025-04-15 13:00:00+00:00,0.77311552
2025-04-15 14:00:00+00:00,0.66388935
2025-04-15 15:00:00+00:00,0.50942021
2025-04-15 16:00:00+00:00,0.32023493
2025-04-15 17:00:00+00:00,0.10922617
2025-04-15 18:00:00+00:00,0.00000000
2025-04-15 19:00:00+00:00,0.00000000
2025-04-15 20:00:00+00:00,0.00000000
2025-04-15 21:00:00+00:00,0.00000000
2025-04-15 22:00:00+00:00,0.00000000
2025-04-15 23:00:00+00:00,0.00000000
2025-04-16 00:00:00+00:00,0.00000000
2025-04-16 01:00:00+00:00,0.00000000
2025-04-16 02:00:00+00:00,0.00000000
2025-04-16 03:00:00+00:00,0.00000000
2025-04-16 04:00:00+00:00,0.00000000
2025-04-16 05:00:00+00:00,0.00000000
2025-04-16 06:00:00+00:00,0.10979565
2025-04-16 07:00:00+00:00,0.32190457
2025-04-16 08:00:00+00:00,0.51207621
2025-04-16 09:00:00+00:00,0.66735071
2025-04-16 10:00:00+00:00,0.77714637
2025-04-16 11:00:00+00:00,0.83398078
2025-04-16 12:00:00+00:00,0.83398078
2025-04-16 13:00:00+00:00,0.77714637
2025-04-16 14:00:00+00:00,0.66735071
2025-04-16 15:00:00+00:00,0.51207621
2025-04-16 16:00:00+00:00,0.32190457
2025-04-16 17:00:00+00:00,0.10979565
2025-04-16 18:00:00+00:00,0.00000000
2025-04-16 19:00:00+00:00,0.00000000
2025-04-16 20:00:00+00:00,0.00000000
2025-04-16 21:00:00+00:00,0.00000000
2025-04-16 22:00:00+00:00,0.00000000
2025-04-16 23:00:00+00:00,0.00000000
2025-04-17 00:00:00+00:00,0.00000000
2025-04-17 01:00:00+00:00,0.00000000
2025-04-17 02:00:00+00:00,0.00000000
2025-04-17 03:00:00+00:00,0.00000000
2025-04-17 04:00:00+00:00,0.00000000
2025-04-17 05:00:00+00:00,0.00000000
2025-04-17 06:00:00+00:00,0.11036045
2025-04-17 07:00:00+00:00,0.32356046
2025-04-17 08:00:00+00:00,0.51471035
2025-04-17 09:00:00+00:00,0.67078359
2025-04-17 10:00:00+00:00,0.78114404
2025-04-17 11:00:00+00:00,0.83827081
2025-04-17 12:00:00+00:00,0.83827081
2025-04-17 13:00:00+00:00,0.78114404
2025-04-17 14:00:00+00:00,0.67078359
2025-04-17 15:00:00+00:00,0.51471035
2025-04-17 16:00:00+00:00,0.32356046
2025-04-17 17:00:00+00:00,0.11036045
2025-04-17 18:00:00+00:00,0.00000000
2025-04-17 19:00:00+00:00,0.00000000
2025-04-17 20:00:00+00:00,0.00000000
2025-04-17 21:00:00+00:00,0.00000000
2025-04-17 22:00:00+00:00,0.00000000
2025-04-17 23:00:00+00:00,0.00000000
2025-04-18 00:00:00+00:00,0.00000000
2025-04-18 01:00:00+00:00,0.00000000
2025-04-18 02:00:00+00:00,0.00000000
2025-04-18 03:00:00+00:00,0.00000000
2025-04-18 04:00:00+00:00,0.00000000
2025-04-18 05:00:00+00:00,0.00000000
2025-04-18 06:00:00+00:00,0.11092038
2025-04-18 07:00:00+00:00,0.32520211
2025-04-18 08:00:00+00:00,0.51732186
2025-04-18 09:00:00+00:00,0.67418697
2025-04-18 10:00:00+00:00,0.78510735
2025-04-18 11:00:00+00:00,0.84252397
2025-04-18 12:00:00+00:00,0.84252397
2025-04-18 13:00:00+00:00,0.78510735
2025-04-18 14:00:00+00:00,0.67418697
2025-04-18 15:00:00+00:00,0.51732186
2025-04-18 16:00:00+00:00,0.32520211
2025-04-18 17:00:00+00:00,0.11092038
2025-04-18 18:00:00+00:00,0.00000000
2025-04-18 19:00:00+00:00,0.00000000
2025-04-18 20:00:00+00:00,0.00000000
2025-04-18 21:00:00+00:00,0.00000000
2025-04-18 22:00:00+00:00,0.00000000
2025-04-18 23:00:00+00:00,0.00000000
2025-04-19 00:00:00+00:00,0.00000000
2025-04-19 01:00:00+00:00,0.00000000
2025-04-19 02:00:00+00:00,0.00000000
2025-04-19 03:00:00+00:00,0.00000000
2025-04-19 04:00:00+00:00,0.00000000
2025-04-19 05:00:00+00:00,0.00000000
2025-04-19 06:00:00+00:00,0.11147530
2025-04-19 07:00:00+00:00,0.32682905
2025-04-19 08:00:00+00:00,0.51990994
2025-04-19 09:00:00+00:00,0.67755983
2025-04-19 10:00:00+00:00,0.78903513
2025-04-19 11:00:00+00:00,0.84673900
2025-04-19 12:00:00+00:00,0.84673900
2025-04-19 13:00:00+00:00,0.78903513
2025-04-19 14:00:00+00:00,0.67755983
2025-04-19 15:00:00+00:00,0.51990994
2025-04-19 16:00:00+00:00,0.32682905
2025-04-19 17:00:00+00:00,0.11147530
2025-04-19 18:00:00+00:00,0.00000000
2025-04-19 19:00:00+00:00,0.00000000
2025-04-19 20:00:00+00:00,0.00000000
2025-04-19 21:00:00+00:00,0.00000000
2025-04-19 22:00:00+00:00,0.00000000
2025-04-19 23:00:00+00:00,0.00000000
2025-04-20 00:00:00+00:00,0.00000000
2025-04-20 01:00:00+00:00,0.00000000
2025-04-20 02:00:00+00:00,0.00000000
2025-04-20 03:00:00+00:00,0.00000000
2025-04-20 04:00:00+00:00,0.00000000
2025-04-20 05:00:00+00:00,0.00000000
2025-04-20 06:00:00+00:00,0.11202504
2025-04-20 07:00:00+00:00,0.32844079
2025-04-20 08:00:00+00:00,0.52247385
2025-04-20 09:00:00+00:00,0.68090118
2025-04-20 10:00:00+00:00,0.79292622
2025-04-20 11:00:00+00:00,0.85091465
2025-04-20 12:00:00+00:00,0.85091465
2025-04-20 13:00:00+00:00,0.79292622
2025-04-20 14:00:00+00:00,0.68090118
2025-04-20 15:00:00+00:00,0.52247385
2025-04-20 16:00:00+00:00,0.32844079
2025-04-20 17:00:00+00:00,0.11202504
2025-04-20 18:00:00+00:00,0.00000000
2025-04-20 19:00:00+00:00,0.00000000
2025-04-20 20:00:00+00:00,0.00000000
2025-04-20 21:00:00+00:00,0.00000000
2025-04-20 22:00:00+00:00,0.00000000
2025-04-20 23:00:00+00:00,0.00000000
2025-04-21 00:00:00+00:00,0.00000000
2025-04-21 01:00:00+00:00,0.00000000
2025-04-21 02:00:00+00:00,0.00000000
2025-04-21 03:00:00+00:00,0.00000000
2025-04-21 04:00:00+00:00,0.00000000
2025-04-21 05:00:00+00:00,0.00000000
2025-04-21 06:00:00+00:00,0.11256943
2025-04-21 07:00:00+00:00,0.33003686
2025-04-21 08:00:00+00:00,0.52501282
2025-04-21 09:00:00+00:00,0.68421003
2025-04-21 10:00:00+00:00,0.79677945
2025-04-21 11:00:00+00:00,0.85504967
2025-04-21 12:00:00+00:00,0.85504967
2025-04-21 13:00:00+00:00,0.79677945
2025-04-21 14:00:00+00:00,0.68421003
2025-04-21 15:00:00+00:00,0.52501282
2025-04-21 16:00:00+00:00,0.33003686
2025-04-21 17:00:00+00:00,0.11256943
2025-04-21 18:00:00+00:00,0.00000000
2025-04-21 19:00:00+00:00,0.00000000
2025-04-21 20:00:00+00:00,0.00000000
2025-04-21 21:00:00+00:00,0.00000000
2025-04-21 22:00:00+00:00,0.00000000
2025-04-21 23:00:00+00:00,0.00000000
2025-04-22 00:00:00+00:00,0.00000000
2025-04-22 01:00:00+00:00,0.00000000
2025-04-22 02:00:00+00:00,0.00000000
2025-04-22 03:00:00+00:00,0.00000000
2025-04-22 04:00:00+00:00,0.00000000
2025-04-22 05:00:00+00:00,0.00000000
2025-04-22 06:00:00+00:00,0.11310830
2025-04-22 07:00:00+00:00,0.33161677
2025-04-22 08:00:00+00:00,0.52752609
2025-04-22 09:00:00+00:00,0.68748539
2025-04-22 10:00:00+00:00,0.80059369
2025-04-22 11:00:00+00:00,0.85914286
2025-04-22 12:00:00+00:00,0.85914286
2025-04-22 13:00:00+00:00,0.80059369
2025-04-22 14:00:00+00:00,0.68748539
2025-04-22 15:00:00+00:00,0.52752609
2025-04-22 16:00:00+00:00,0.33161677
2025-04-22 17:00:00+00:00,0.11310830
2025-04-22 18:00:00+00:00,0.00000000
2025-04-22 19:00:00+00:00,0.00000000
2025-04-22 20:00:00+00:00,0.00000000
2025-04-22 21:00:00+00:00,0.00000000
2025-04-22 22:00:00+00:00,0.00000000
2025-04-22 23:00:00+00:00,0.00000000
2025-04-23 00:00:00+00:00,0.00000000
2025-04-23 01:00:00+00:00,0.00000000
2025-04-23 02:00:00+00:00,0.00000000
2025-04-23 03:00:00+00:00,0.00000000
2025-04-23 04:00:00+00:00,0.00000000
2025-04-23 05:00:00+00:00,0.00000000
2025-04-23 06:00:00+00:00,0.11364151
2025-04-23 07:00:00+00:00,0.33318006
2025-04-23 08:00:00+00:00,0.53001293
2025-04-23 09:00:00+00:00,0.69072630
2025-04-23 10:00:00+00:00,0.80436781
2025-04-23 11:00:00+00:00,0.86319299
2025-04-23 12:00:00+00:00,0.86319299
2025-04-23 13:00:00+00:00,0.80436781
2025-04-23 14:00:00+00:00,0.69072630
2025-04-23 15:00:00+00:00,0.53001293
2025-04-23 16:00:00+00:00,0.33318006
2025-04-23 17:00:00+00:00,0.11364151
2025-04-23 18:00:00+00:00,0.00000000
2025-04-23 19:00:00+00:00,0.00000000
2025-04-23 20:00:00+00:00,0.00000000
2025-04-23 21:00:00+00:00,0.00000000
2025-04-23 22:00:00+00:00,0.00000000
2025-04-23 23:00:00+00:00,0.00000000
2025-04-24 00:00:00+00:00,0.00000000
2025-04-24 01:00:00+00:00,0.00000000
2025-04-24 02:00:00+00:00,0.00000000
2025-04-24 03:00:00+00:00,0.00000000
2025-04-24 04:00:00+00:00,0.00000000
2025-04-24 05:00:00+00:00,0.00000000
2025-04-24 06:00:00+00:00,0.11416890
2025-04-24 07:00:00+00:00,0.33472627
2025-04-24 08:00:00+00:00,0.53247260
2025-04-24 09:00:00+00:00,0.69393180
2025-04-24 10:00:00+00:00,0.80810069
2025-04-24 11:00:00+00:00,0.86719886
2025-04-24 12:00:00+00:00,0.86719886
2025-04-24 13:00:00+00:00,0.80810069
2025-04-24 14:00:00+00:00,0.69393180
2025-04-24 15:00:00+00:00,0.53247260
2025-04-24 16:00:00+00:00,0.33472627
2025-04-24 17:00:00+00:00,0.11416890
2025-04-24 18:00:00+00:00,0.00000000
2025-04-24 19:00:00+00:00,0.00000000
2025-04-24 20:00:00+00:00,0.00000000
2025-04-24 21:00:00+00:00,0.00000000
2025-04-24 22:00:00+00:00,0.00000000
2025-04-24 23:00:00+00:00,0.00000000
2025-04-25 00:00:00+00:00,0.00000000
2025-04-25 01:00:00+00:00,0.00000000
2025-04-25 02:00:00+00:00,0.00000000
2025-04-25 03:00:00+00:00,0.00000000
2025-04-25 04:00:00+00:00,0.00000000
2025-04-25 05:00:00+00:00,0.00000000
2025-04-25 06:00:00+00:00,0.11469030
2025-04-25 07:00:00+00:00,0.33625494
2025-04-25 08:00:00+00:00,0.53490436
2025-04-25 09:00:00+00:00,0.69710093
2025-04-25 10:00:00+00:00,0.81179123
2025-04-25 11:00:00+00:00,0.87115929
2025-04-25 12:00:00+00:00,0.87115929
2025-04-25 13:00:00+00:00,0.81179123
2025-04-25 14:00:00+00:00,0.69710093
2025-04-25 15:00:00+00:00,0.53490436
2025-04-25 16:00:00+00:00,0.33625494
2025-04-25 17:00:00+00:00,0.11469030
2025-04-25 18:00:00+00:00,0.00000000
2025-04-25 19:00:00+00:00,0.00000000
2025-04-25 20:00:00+00:00,0.00000000
2025-04-25 21:00:00+00:00,0.00000000
2025-04-25 22:00:00+00:00,0.00000000
2025-04-25 23:00:00+00:00,0.00000000
2025-04-26 00:00:00+00:00,0.00000000
2025-04-26 01:00:00+00:00,0.00000000
2025-04-26 02:00:00+00:00,0.00000000
2025-04-26 03:00:00+00:00,0.00000000
2025-04-26 04:00:00+00:00,0.00000000
2025-04-26 05:00:00+00:00,0.00000000
2025-04-26 06:00:00+00:00,0.11520556
2025-04-26 07:00:00+00:00,0.33776561
2025-04-26 08:00:00+00:00,0.53730749
2025-04-26 09:00:00+00:00,0.70023276
2025-04-26 10:00:00+00:00,0.81543832
2025-04-26 11:00:00+00:00,0.87507311
2025-04-26 12:00:00+00:00,0.87507311
2025-04-26 13:00:00+00:00,0.81543832
2025-04-26 14:00:00+00:00,0.70023276
2025-04-26 15:00:00+00:00,0.53730749
2025-04-26 16:00:00+00:00,0.33776561
2025-04-26 17:00:00+00:00,0.11520556
2025-04-26 18:00:00+00:00,0.00000000
2025-04-26 19:00:00+00:00,0.00000000
2025-04-26 20:00:00+00:00,0.00000000
2025-04-26 21:00:00+00:00,0.00000000
2025-04-26 22:00:00+00:00,0.00000000
2025-04-26 23:00:00+00:00,0.00000000
2025-04-27 00:00:00+00:00,0.00000000
2025-04-27 01:00:00+00:00,0.00000000
2025-04-27 02:00:00+00:00,0.00000000
2025-04-27 03:00:00+00:00,0.00000000
2025-04-27 04:00:00+00:00,0.00000000
2025-04-27 05:00:00+00:00,0.00000000
2025-04-27 06:00:00+00:00,0.11571453
2025-04-27 07:00:00+00:00,0.33925785
2025-04-27 08:00:00+00:00,0.53968130
2025-04-27 09:00:00+00:00,0.70332636
2025-04-27 10:00:00+00:00,0.81904089
2025-04-27 11:00:00+00:00,0.87893914
2025-04-27 12:00:00+00:00,0.87893914
2025-04-27 13:00:00+00:00,0.81904089
2025-04-27 14:00:00+00:00,0.70332636
2025-04-27 15:00:00+00:00,0.53968130
2025-04-27 16:00:00+00:00,0.33925785
2025-04-27 17:00:00+00:00,0.11571453
2025-04-27 18:00:00+00:00,0.00000000
2025-04-27 19:00:00+00:00,0.00000000
2025-04-27 20:00:00+00:00,0.00000000
2025-04-27 21:00:00+00:00,0.00000000
2025-04-27 22:00:00+00:00,0.00000000
2025-04-27 23:00:00+00:00,0.00000000
2025-04-28 00:00:00+00:00,0.00000000
2025-04-28 01:00:00+00:00,0.00000000
2025-04-28 02:00:00+00:00,0.00000000
2025-04-28 03:00:00+00:00,0.00000000
2025-04-28 04:00:00+00:00,0.00000000
2025-04-28 05:00:00+00:00,0.00000000
2025-04-28 06:00:00+00:00,0.11621707
2025-04-28 07:00:00+00:00,0.34073120
2025-04-28 08:00:00+00:00,0.54202506
2025-04-28 09:00:00+00:00,0.70638081
2025-04-28 10:00:00+00:00,0.82259787
2025-04-28 11:00:00+00:00,0.88275625
2025-04-28 12:00:00+00:00,0.88275625
2025-04-28 13:00:00+00:00,0.82259787
2025-04-28 14:00:00+00:00,0.70638081
2025-04-28 15:00:00+00:00,0.54202506
2025-04-28 16:00:00+00:00,0.34073120
2025-04-28 17:00:00+00:00,0.11621707
2025-04-28 18:00:00+00:00,0.00000000
2025-04-28 19:00:00+00:00,0.00000000
2025-04-28 20:00:00+00:00,0.00000000
2025-04-28 21:00:00+00:00,0.00000000
2025-04-28 22:00:00+00:00,0.00000000
2025-04-28 23:00:00+00:00,0.00000000
2025-04-29 00:00:00+00:00,0.00000000
2025-04-29 01:00:00+00:00,0.00000000
2025-04-29 02:00:00+00:00,0.00000000
2025-04-29 03:00:00+00:00,0.00000000
2025-04-29 04:00:00+00:00,0.00000000
2025-04-29 05:00:00+00:00,0.00000000
2025-04-29 06:00:00+00:00,0.11671301
2025-04-29 07:00:00+00:00,0.34218523
2025-04-29 08:00:00+00:00,0.54433809
2025-04-29 09:00:00+00:00,0.70939521
2025-04-29 10:00:00+00:00,0.82610822
2025-04-29 11:00:00+00:00,0.88652331
2025-04-29 12:00:00+00:00,0.88652331
2025-04-29 13:00:00+00:00,0.82610822
2025-04-29 14:00:00+00:00,0.70939521
2025-04-29 15:00:00+00:00,0.54433809
2025-04-29 16:00:00+00:00,0.34218523
2025-04-29 17:00:00+00:00,0.11671301
2025-04-29 18:00:00+00:00,0.00000000
2025-04-29 19:00:00+00:00,0.00000000
2025-04-29 20:00:00+00:00,0.00000000
2025-04-29 21:00:00+00:00,0.00000000
2025-04-29 22:00:00+00:00,0.00000000
2025-04-29 23:00:00+00:00,0.00000000
2025-04-30 00:00:00+00:00,0.00000000
2025-04-30 01:00:00+00:00,0.00000000
2025-04-30 02:00:00+00:00,0.00000000
2025-04-30 03:00:00+00:00,0.00000000
2025-04-30 04:00:00+00:00,0.00000000
2025-04-30 05:00:00+00:00,0.00000000
2025-04-30 06:00:00+00:00,0.11720221
2025-04-30 07:00:00+00:00,0.34361951
2025-04-30 08:00:00+00:00,0.54661970
2025-04-30 09:00:00+00:00,0.71236866
2025-04-30 10:00:00+00:00,0.82957087
2025-04-30 11:00:00+00:00,0.89023921
2025-04-30 12:00:00+00:00,0.89023921
2025-04-30 13:00:00+00:00,0.82957087
2025-04-30 14:00:00+00:00,0.71236866
2025-04-30 15:00:00+00:00,0.54661970
2025-04-30 16:00:00+00:00,0.34361951
2025-04-30 17:00:00+00:00,0.11720221
2025-04-30 18:00:00+00:00,0.00000000
2025-04-30 19:00:00+00:00,0.00000000
2025-04-30 20:00:00+00:00,0.00000000
2025-04-30 21:00:00+00:00,0.00000000
2025-04-30 22:00:00+00:00,0.00000000
2025-04-30 23:00:00+00:00,0.00000000
2025-05-01 00:00:00+00:00,0.00000000
2025-05-01 01:00:00+00:00,0.00000000
2025-05-01 02:00:00+00:00,0.00000000
2025-05-01 03:00:00+00:00,0.00000000
2025-05-01 04:00:00+00:00,0.00000000
2025-05-01 05:00:00+00:00,0.00000000
2025-05-01 06:00:00+00:00,0.11768454
2025-05-01 07:00:00+00:00,0.34503361
2025-05-01 08:00:00+00:00,0.54886921
2025-05-01 09:00:00+00:00,0.71530029
2025-05-01 10:00:00+00:00,0.83298482
2025-05-01 11:00:00+00:00,0.89390282
2025-05-01 12:00:00+00:00,0.89390282
2025-05-01 13:00:00+00:00,0.83298482
2025-05-01 14:00:00+00:00,0.71530029
2025-05-01 15:00:00+00:00,0.54886921
2025-05-01 16:00:00+00:00,0.34503361
2025-05-01 17:00:00+00:00,0.11768454
2025-05-01 18:00:00+00:00,0.00000000
2025-05-01 19:00:00+00:00,0.00000000
2025-05-01 20:00:00+00:00,0.00000000
2025-05-01 21:00:00+00:00,0.00000000
2025-05-01 22:00:00+00:00,0.00000000
2025-05-01 23:00:00+00:00,0.00000000
2025-05-02 00:00:00+00:00,0.00000000
2025-05-02 01:00:00+00:00,0.00000000
2025-05-02 02:00:00+00:00,0.00000000
2025-05-02 03:00:00+00:00,0.00000000
2025-05-02 04:00:00+00:00,0.00000000
2025-05-02 05:00:00+00:00,0.00000000
2025-05-02 06:00:00+00:00,0.11815984
2025-05-02 07:00:00+00:00,0.34642712
2025-05-02 08:00:00+00:00,0.55108597
2025-05-02 09:00:00+00:00,0.71818921
2025-05-02 10:00:00+00:00,0.83634905
2025-05-02 11:00:00+00:00,0.89751309
2025-05-02 12:00:00+00:00,0.89751309
2025-05-02 13:00:00+00:00,0.83634905
2025-05-02 14:00:00+00:00,0.71818921
2025-05-02 15:00:00+00:00,0.55108597
2025-05-02 16:00:00+00:00,0.34642712
2025-05-02 17:00:00+00:00,0.11815984
2025-05-02 18:00:00+00:00,0.00000000
2025-05-02 19:00:00+00:00,0.00000000
2025-05-02 20:00:00+00:00,0.00000000
2025-05-02 21:00:00+00:00,0.00000000
2025-05-02 22:00:00+00:00,0.00000000
2025-05-02 23:00:00+00:00,0.00000000
2025-05-03 00:00:00+00:00,0.00000000
2025-05-03 01:00:00+00:00,0.00000000
2025-05-03 02:00:00+00:00,0.00000000
2025-05-03 03:00:00+00:00,0.00000000
2025-05-03 04:00:00+00:00,0.00000000
2025-05-03 05:00:00+00:00,0.00000000
2025-05-03 06:00:00+00:00,0.11862797
2025-05-03 07:00:00+00:00,0.34779962
2025-05-03 08:00:00+00:00,0.55326930
2025-05-03 09:00:00+00:00,0.72103459
2025-05-03 10:00:00+00:00,0.83966257
2025-05-03 11:00:00+00:00,0.90106893
2025-05-03 12:00:00+00:00,0.90106893
2025-05-03 13:00:00+00:00,0.83966257
2025-05-03 14:00:00+00:00,0.72103459
2025-05-03 15:00:00+00:00,0.55326930
2025-05-03 16:00:00+00:00,0.34779962
2025-05-03 17:00:00+00:00,0.11862797
2025-05-03 18:00:00+00:00,0.00000000
2025-05-03 19:00:00+00:00,0.00000000
2025-05-03 20:00:00+00:00,0.00000000
2025-05-03 21:00:00+00:00,0.00000000
2025-05-03 22:00:00+00:00,0.00000000
2025-05-03 23:00:00+00:00,0.00000000
2025-05-04 00:00:00+00:00,0.00000000
2025-05-04 01:00:00+00:00,0.00000000
2025-05-04 02:00:00+00:00,0.00000000
2025-05-04 03:00:00+00:00,0.00000000
2025-05-04 04:00:00+00:00,0.00000000
2025-05-04 05:00:00+00:00,0.00000000
2025-05-04 06:00:00+00:00,0.11908881
2025-05-04 07:00:00+00:00,0.34915071
2025-05-04 08:00:00+00:00,0.55541857
2025-05-04 09:00:00+00:00,0.72383558
2025-05-04 10:00:00+00:00,0.84292438
2025-05-04 11:00:00+00:00,0.90456928
2025-05-04 12:00:00+00:00,0.90456928
2025-05-04 13:00:00+00:00,0.84292438
2025-05-04 14:00:00+00:00,0.72383558
2025-05-04 15:00:00+00:00,0.55541857
2025-05-04 16:00:00+00:00,0.34915071
2025-05-04 17:00:00+00:00,0.11908881
2025-05-04 18:00:00+00:00,0.00000000
2025-05-04 19:00:00+00:00,0.00000000
2025-05-04 20:00:00+00:00,0.00000000
2025-05-04 21:00:00+00:00,0.00000000
2025-05-04 22:00:00+00:00,0.00000000
2025-05-04 23:00:00+00:00,0.00000000
2025-05-05 00:00:00+00:00,0.00000000
2025-05-05 01:00:00+00:00,0.00000000
2025-05-05 02:00:00+00:00,0.00000000
2025-05-05 03:00:00+00:00,0.00000000
2025-05-05 04:00:00+00:00,0.00000000
2025-05-05 05:00:00+00:00,0.00000000
2025-05-05 06:00:00+00:00,0.11954220
2025-05-05 07:00:00+00:00,0.35047998
2025-05-05 08:00:00+00:00,0.55753314
2025-05-05 09:00:00+00:00,0.72659133
2025-05-05 10:00:00+00:00,0.84613353
2025-05-05 11:00:00+00:00,0.90801312
2025-05-05 12:00:00+00:00,0.90801312
2025-05-05 13:00:00+00:00,0.84613353
2025-05-05 14:00:00+00:00,0.72659133
2025-05-05 15:00:00+00:00,0.55753314
2025-05-05 16:00:00+00:00,0.35047998
2025-05-05 17:00:00+00:00,0.11954220
2025-05-05 18:00:00+00:00,0.00000000
2025-05-05 19:00:00+00:00,0.00000000
2025-05-05 20:00:00+00:00,0.00000000
2025-05-05 21:00:00+00:00,0.00000000
2025-05-05 22:00:00+00:00,0.00000000
2025-05-05 23:00:00+00:00,0.00000000
2025-05-06 00:00:00+00:00,0.00000000
2025-05-06 01:00:00+00:00,0.00000000
2025-05-06 02:00:00+00:00,0.00000000
2025-05-06 03:00:00+00:00,0.00000000
2025-05-06 04:00:00+00:00,0.00000000
2025-05-06 05:00:00+00:00,0.00000000
2025-05-06 06:00:00+00:00,0.11998801
2025-05-06 07:00:00+00:00,0.35178705
2025-05-06 08:00:00+00:00,0.55961238
2025-05-06 09:00:00+00:00,0.72930105
2025-05-06 10:00:00+00:00,0.84928906
2025-05-06 11:00:00+00:00,0.91139942
2025-05-06 12:00:00+00:00,0.91139942
2025-05-06 13:00:00+00:00,0.84928906
2025-05-06 14:00:00+00:00,0.72930105
2025-05-06 15:00:00+00:00,0.55961238
2025-05-06 16:00:00+00:00,0.35178705
2025-05-06 17:00:00+00:00,0.11998801
2025-05-06 18:00:00+00:00,0.00000000
2025-05-06 19:00:00+00:00,0.00000000
2025-05-06 20:00:00+00:00,0.00000000
2025-05-06 21:00:00+00:00,0.00000000
2025-05-06 22:00:00+00:00,0.00000000
2025-05-06 23:00:00+00:00,0.00000000
2025-05-07 00:00:00+00:00,0.00000000
2025-05-07 01:00:00+00:00,0.00000000
2025-05-07 02:00:00+00:00,0.00000000
2025-05-07 03:00:00+00:00,0.00000000
2025-05-07 04:00:00+00:00,0.00000000
2025-05-07 05:00:00+00:00,0.00000000
2025-05-07 06:00:00+00:00,0.12042612
2025-05-07 07:00:00+00:00,0.35307151
2025-05-07 08:00:00+00:00,0.56165567
2025-05-07 09:00:00+00:00,0.73196392
2025-05-07 10:00:00+00:00,0.85239004
2025-05-07 11:00:00+00:00,0.91472719
2025-05-07 12:00:00+00:00,0.91472719
2025-05-07 13:00:00+00:00,0.85239004
2025-05-07 14:00:00+00:00,0.73196392
2025-05-07 15:00:00+00:00,0.56165567
2025-05-07 16:00:00+00:00,0.35307151
2025-05-07 17:00:00+00:00,0.12042612
2025-05-07 18:00:00+00:00,0.00000000
2025-05-07 19:00:00+00:00,0.00000000
2025-05-07 20:00:00+00:00,0.00000000
2025-05-07 21:00:00+00:00,0.00000000
2025-05-07 22:00:00+00:00,0.00000000
2025-05-07 23:00:00+00:00,0.00000000
2025-05-08 00:00:00+00:00,0.00000000
2025-05-08 01:00:00+00:00,0.00000000
2025-05-08 02:00:00+00:00,0.00000000
2025-05-08 03:00:00+00:00,0.00000000
2025-05-08 04:00:00+00:00,0.00000000
2025-05-08 05:00:00+00:00,0.00000000
2025-05-08 06:00:00+00:00,0.12085639
2025-05-08 07:00:00+00:00,0.35433301
2025-05-08 08:00:00+00:00,0.56366241
2025-05-08 09:00:00+00:00,0.73457916
2025-05-08 10:00:00+00:00,0.85543555
2025-05-08 11:00:00+00:00,0.91799542
2025-05-08 12:00:00+00:00,0.91799542
2025-05-08 13:00:00+00:00,0.85543555
2025-05-08 14:00:00+00:00,0.73457916
2025-05-08 15:00:00+00:00,0.56366241
2025-05-08 16:00:00+00:00,0.35433301
2025-05-08 17:00:00+00:00,0.12085639
2025-05-08 18:00:00+00:00,0.00000000
2025-05-08 19:00:00+00:00,0.00000000
2025-05-08 20:00:00+00:00,0.00000000
2025-05-08 21:00:00+00:00,0.00000000
2025-05-08 22:00:00+00:00,0.00000000
2025-05-08 23:00:00+00:00,0.00000000
2025-05-09 00:00:00+00:00,0.00000000
2025-05-09 01:00:00+00:00,0.00000000
2025-05-09 02:00:00+00:00,0.00000000
2025-05-09 03:00:00+00:00,0.00000000
2025-05-09 04:00:00+00:00,0.00000000
2025-05-09 05:00:00+00:00,0.00000000
2025-05-09 06:00:00+00:00,0.12127870
2025-05-09 07:00:00+00:00,0.35557115
2025-05-09 08:00:00+00:00,0.56563201
2025-05-09 09:00:00+00:00,0.73714599
2025-05-09 10:00:00+00:00,0.85842469
2025-05-09 11:00:00+00:00,0.92120316
2025-05-09 12:00:00+00:00,0.92120316
2025-05-09 13:00:00+00:00,0.85842469
2025-05-09 14:00:00+00:00,0.73714599
2025-05-09 15:00:00+00:00,0.56563201
2025-05-09 16:00:00+00:00,0.35557115
2025-05-09 17:00:00+00:00,0.12127870
2025-05-09 18:00:00+00:00,0.00000000
2025-05-09 19:00:00+00:00,0.00000000
2025-05-09 20:00:00+00:00,0.00000000
2025-05-09 21:00:00+00:00,0.00000000
2025-05-09 22:00:00+00:00,0.00000000
2025-05-09 23:00:00+00:00,0.00000000
2025-05-10 00:00:00+00:00,0.00000000
2025-05-10 01:00:00+00:00,0.00000000
2025-05-10 02:00:00+00:00,0.00000000
2025-05-10 03:00:00+00:00,0.00000000
2025-05-10 04:00:00+00:00,0.00000000
2025-05-10 05:00:00+00:00,0.00000000
2025-05-10 06:00:00+00:00,0.12169291
2025-05-10 07:00:00+00:00,0.35678557
2025-05-10 08:00:00+00:00,0.56756388
2025-05-10 09:00:00+00:00,0.73966365
2025-05-10 10:00:00+00:00,0.86135656
2025-05-10 11:00:00+00:00,0.92434945
2025-05-10 12:00:00+00:00,0.92434945
2025-05-10 13:00:00+00:00,0.86135656
2025-05-10 14:00:00+00:00,0.73966365
2025-05-10 15:00:00+00:00,0.56756388
2025-05-10 16:00:00+00:00,0.35678557
2025-05-10 17:00:00+00:00,0.12169291
2025-05-10 18:00:00+00:00,0.00000000
2025-05-10 19:00:00+00:00,0.00000000
2025-05-10 20:00:00+00:00,0.00000000
2025-05-10 21:00:00+00:00,0.00000000
2025-05-10 22:00:00+00:00,0.00000000
2025-05-10 23:00:00+00:00,0.00000000
2025-05-11 00:00:00+00:00,0.00000000
2025-05-11 01:00:00+00:00,0.00000000
2025-05-11 02:00:00+00:00,0.00000000
2025-05-11 03:00:00+00:00,0.00000000
2025-05-11 04:00:00+00:00,0.00000000
2025-05-11 05:00:00+00:00,0.00000000
2025-05-11 06:00:00+00:00,0.12209892
2025-05-11 07:00:00+00:00,0.35797592
2025-05-11 08:00:00+00:00,0.56945745
2025-05-11 09:00:00+00:00,0.74213140
2025-05-11 10:00:00+00:00,0.86423031
2025-05-11 11:00:00+00:00,0.92743337
2025-05-11 12:00:00+00:00,0.92743337
2025-05-11 13:00:00+00:00,0.86423031
2025-05-11 14:00:00+00:00,0.74213140
2025-05-11 15:00:00+00:00,0.56945745
2025-05-11 16:00:00+00:00,0.35797592
2025-05-11 17:00:00+00:00,0.12209892
2025-05-11 18:00:00+00:00,0.00000000
2025-05-11 19:00:00+00:00,0.00000000
2025-05-11 20:00:00+00:00,0.00000000
2025-05-11 21:00:00+00:00,0.00000000
2025-05-11 22:00:00+00:00,0.00000000
2025-05-11 23:00:00+00:00,0.00000000
2025-05-12 00:00:00+00:00,0.00000000
2025-05-12 01:00:00+00:00,0.00000000
2025-05-12 02:00:00+00:00,0.00000000
2025-05-12 03:00:00+00:00,0.00000000
2025-05-12 04:00:00+00:00,0.00000000
2025-05-12 05:00:00+00:00,0.00000000
2025-05-12 06:00:00+00:00,0.12249659
2025-05-12 07:00:00+00:00,0.35914183
2025-05-12 08:00:00+00:00,0.57131215
2025-05-12 09:00:00+00:00,0.74454849
2025-05-12 10:00:00+00:00,0.86704509
2025-05-12 11:00:00+00:00,0.93045399
2025-05-12 12:00:00+00:00,0.93045399
2025-05-12 13:00:00+00:00,0.86704509
2025-05-12 14:00:00+00:00,0.74454849
2025-05-12 15:00:00+00:00,0.57131215
2025-05-12 16:00:00+00:00,0.35914183
2025-05-12 17:00:00+00:00,0.12249659
2025-05-12 18:00:00+00:00,0.00000000
2025-05-12 19:00:00+00:00,0.00000000
2025-05-12 20:00:00+00:00,0.00000000
2025-05-12 21:00:00+00:00,0.00000000
2025-05-12 22:00:00+00:00,0.00000000
2025-05-12 23:00:00+00:00,0.00000000
2025-05-13 00:00:00+00:00,0.00000000
2025-05-13 01:00:00+00:00,0.00000000
2025-05-13 02:00:00+00:00,0.00000000
2025-05-13 03:00:00+00:00,0.00000000
2025-05-13 04:00:00+00:00,0.00000000
2025-05-13 05:00:00+00:00,0.00000000
2025-05-13 06:00:00+00:00,0.12288581
2025-05-13 07:00:00+00:00,0.36028297
2025-05-13 08:00:00+00:00,0.57312745
2025-05-13 09:00:00+00:00,0.74691423
2025-05-13 10:00:00+00:00,0.86980004
2025-05-13 11:00:00+00:00,0.93341042
2025-05-13 12:00:00+00:00,0.93341042
2025-05-13 13:00:00+00:00,0.86980004
2025-05-13 14:00:00+00:00,0.74691423
2025-05-13 15:00:00+00:00,0.57312745
2025-05-13 16:00:00+00:00,0.36028297
2025-05-13 17:00:00+00:00,0.12288581
2025-05-13 18:00:00+00:00,0.00000000
2025-05-13 19:00:00+00:00,0.00000000
2025-05-13 20:00:00+00:00,0.00000000
2025-05-13 21:00:00+00:00,0.00000000
2025-05-13 22:00:00+00:00,0.00000000
2025-05-13 23:00:00+00:00,0.00000000
2025-05-14 00:00:00+00:00,0.00000000
2025-05-14 01:00:00+00:00,0.00000000
2025-05-14 02:00:00+00:00,0.00000000
2025-05-14 03:00:00+00:00,0.00000000
2025-05-14 04:00:00+00:00,0.00000000
2025-05-14 05:00:00+00:00,0.00000000
2025-05-14 06:00:00+00:00,0.12326647
2025-05-14 07:00:00+00:00,0.36139900
2025-05-14 08:00:00+00:00,0.57490279
2025-05-14 09:00:00+00:00,0.74922790
2025-05-14 10:00:00+00:00,0.87249437
2025-05-14 11:00:00+00:00,0.93630179
2025-05-14 12:00:00+00:00,0.93630179
2025-05-14 13:00:00+00:00,0.87249437
2025-05-14 14:00:00+00:00,0.74922790
2025-05-14 15:00:00+00:00,0.57490279
2025-05-14 16:00:00+00:00,0.36139900
2025-05-14 17:00:00+00:00,0.12326647
2025-05-14 18:00:00+00:00,0.00000000
2025-05-14 19:00:00+00:00,0.00000000
2025-05-14 20:00:00+00:00,0.00000000
2025-05-14 21:00:00+00:00,0.00000000
2025-05-14 22:00:00+00:00,0.00000000
2025-05-14 23:00:00+00:00,0.00000000
2025-05-15 00:00:00+00:00,0.00000000
2025-05-15 01:00:00+00:00,0.00000000
2025-05-15 02:00:00+00:00,0.00000000
2025-05-15 03:00:00+00:00,0.00000000
2025-05-15 04:00:00+00:00,0.00000000
2025-05-15 05:00:00+00:00,0.00000000
2025-05-15 06:00:00+00:00,0.12363845
2025-05-15 07:00:00+00:00,0.36248959
2025-05-15 08:00:00+00:00,0.57663766
2025-05-15 09:00:00+00:00,0.75148883
2025-05-15 10:00:00+00:00,0.87512727
2025-05-15 11:00:00+00:00,0.93912724
2025-05-15 12:00:00+00:00,0.93912724
2025-05-15 13:00:00+00:00,0.87512727
2025-05-15 14:00:00+00:00,0.75148883
2025-05-15 15:00:00+00:00,0.57663766
2025-05-15 16:00:00+00:00,0.36248959
2025-05-15 17:00:00+00:00,0.12363845
2025-05-15 18:00:00+00:00,0.00000000
2025-05-15 19:00:00+00:00,0.00000000
2025-05-15 20:00:00+00:00,0.00000000
2025-05-15 21:00:00+00:00,0.00000000
2025-05-15 22:00:00+00:00,0.00000000
2025-05-15 23:00:00+00:00,0.00000000
2025-05-16 00:00:00+00:00,0.00000000
2025-05-16 01:00:00+00:00,0.00000000
2025-05-16 02:00:00+00:00,0.00000000
2025-05-16 03:00:00+00:00,0.00000000
2025-05-16 04:00:00+00:00,0.00000000
2025-05-16 05:00:00+00:00,0.00000000
2025-05-16 06:00:00+00:00,0.12400164
2025-05-16 07:00:00+00:00,0.36355440
2025-05-16 08:00:00+00:00,0.57833154
2025-05-16 09:00:00+00:00,0.75369633
2025-05-16 10:00:00+00:00,0.87769797
2025-05-16 11:00:00+00:00,0.94188594
2025-05-16 12:00:00+00:00,0.94188594
2025-05-16 13:00:00+00:00,0.87769797
2025-05-16 14:00:00+00:00,0.75369633
2025-05-16 15:00:00+00:00,0.57833154
2025-05-16 16:00:00+00:00,0.36355440
2025-05-16 17:00:00+00:00,0.12400164
2025-05-16 18:00:00+00:00,0.00000000
2025-05-16 19:00:00+00:00,0.00000000
2025-05-16 20:00:00+00:00,0.00000000
2025-05-16 21:00:00+00:00,0.00000000
2025-05-16 22:00:00+00:00,0.00000000
2025-05-16 23:00:00+00:00,0.00000000
2025-05-17 00:00:00+00:00,0.00000000
2025-05-17 01:00:00+00:00,0.00000000
2025-05-17 02:00:00+00:00,0.00000000
2025-05-17 03:00:00+00:00,0.00000000
2025-05-17 04:00:00+00:00,0.00000000
2025-05-17 05:00:00+00:00,0.00000000
2025-05-17 06:00:00+00:00,0.12435593
2025-05-17 07:00:00+00:00,0.36459314
2025-05-17 08:00:00+00:00,0.57998392
2025-05-17 09:00:00+00:00,0.75584976
2025-05-17 10:00:00+00:00,0.88020569
2025-05-17 11:00:00+00:00,0.94457706
2025-05-17 12:00:00+00:00,0.94457706
2025-05-17 13:00:00+00:00,0.88020569
2025-05-17 14:00:00+00:00,0.75584976
2025-05-17 15:00:00+00:00,0.57998392
2025-05-17 16:00:00+00:00,0.36459314
2025-05-17 17:00:00+00:00,0.12435593
2025-05-17 18:00:00+00:00,0.00000000
2025-05-17 19:00:00+00:00,0.00000000
2025-05-17 20:00:00+00:00,0.00000000
2025-05-17 21:00:00+00:00,0.00000000
2025-05-17 22:00:00+00:00,0.00000000
2025-05-17 23:00:00+00:00,0.00000000
2025-05-18 00:00:00+00:00,0.00000000
2025-05-18 01:00:00+00:00,0.00000000
2025-05-18 02:00:00+00:00,0.00000000
2025-05-18 03:00:00+00:00,0.00000000
2025-05-18 04:00:00+00:00,0.00000000
2025-05-18 05:00:00+00:00,0.00000000
2025-05-18 06:00:00+00:00,0.12470122
2025-05-18 07:00:00+00:00,0.36560548
2025-05-18 08:00:00+00:00,0.58159433
2025-05-18 09:00:00+00:00,0.75794848
2025-05-18 10:00:00+00:00,0.88264970
2025-05-18 11:00:00+00:00,0.94719980
2025-05-18 12:00:00+00:00,0.94719980
2025-05-18 13:00:00+00:00,0.88264970
2025-05-18 14:00:00+00:00,0.75794848
2025-05-18 15:00:00+00:00,0.58159433
2025-05-18 16:00:00+00:00,0.36560548
2025-05-18 17:00:00+00:00,0.12470122
2025-05-18 18:00:00+00:00,0.00000000
2025-05-18 19:00:00+00:00,0.00000000
2025-05-18 20:00:00+00:00,0.00000000
2025-05-18 21:00:00+00:00,0.00000000
2025-05-18 22:00:00+00:00,0.00000000
2025-05-18 23:00:00+00:00,0.00000000
2025-05-19 00:00:00+00:00,0.00000000
2025-05-19 01:00:00+00:00,0.00000000
2025-05-19 02:00:00+00:00,0.00000000
2025-05-19 03:00:00+00:00,0.00000000
2025-05-19 04:00:00+00:00,0.00000000
2025-05-19 05:00:00+00:00,0.00000000
2025-05-19 06:00:00+00:00,0.12503741
2025-05-19 07:00:00+00:00,0.36659113
2025-05-19 08:00:00+00:00,0.58316227
2025-05-19 09:00:00+00:00,0.75999187
2025-05-19 10:00:00+00:00,0.88502928
2025-05-19 11:00:00+00:00,0.94975340
2025-05-19 12:00:00+00:00,0.94975340
2025-05-19 13:00:00+00:00,0.88502928
2025-05-19 14:00:00+00:00,0.75999187
2025-05-19 15:00:00+00:00,0.58316227
2025-05-19 16:00:00+00:00,0.36659113
2025-05-19 17:00:00+00:00,0.12503741
2025-05-19 18:00:00+00:00,0.00000000
2025-05-19 19:00:00+00:00,0.00000000
2025-05-19 20:00:00+00:00,0.00000000
2025-05-19 21:00:00+00:00,0.00000000
2025-05-19 22:00:00+00:00,0.00000000
2025-05-19 23:00:00+00:00,0.00000000
2025-05-20 00:00:00+00:00,0.00000000
2025-05-20 01:00:00+00:00,0.00000000
2025-05-20 02:00:00+00:00,0.00000000
2025-05-20 03:00:00+00:00,0.00000000
2025-05-20 04:00:00+00:00,0.00000000
2025-05-20 05:00:00+00:00,0.00000000
2025-05-20 06:00:00+00:00,0.12536439
2025-05-20 07:00:00+00:00,0.36754980
2025-05-20 08:00:00+00:00,0.58468729
2025-05-20 09:00:00+00:00,0.76197932
2025-05-20 10:00:00+00:00,0.88734371
2025-05-20 11:00:00+00:00,0.95223709
2025-05-20 12:00:00+00:00,0.95223709
2025-05-20 13:00:00+00:00,0.88734371
2025-05-20 14:00:00+00:00,0.76197932
2025-05-20 15:00:00+00:00,0.58468729
2025-05-20 16:00:00+00:00,0.36754980
2025-05-20 17:00:00+00:00,0.12536439
2025-05-20 18:00:00+00:00,0.00000000
2025-05-20 19:00:00+00:00,0.00000000
2025-05-20 20:00:00+00:00,0.00000000
2025-05-20 21:00:00+00:00,0.00000000
2025-05-20 22:00:00+00:00,0.00000000
2025-05-20 23:00:00+00:00,0.00000000
2025-05-21 00:00:00+00:00,0.00000000
2025-05-21 01:00:00+00:00,0.00000000
2025-05-21 02:00:00+00:00,0.00000000
2025-05-21 03:00:00+00:00,0.00000000
2025-05-21 04:00:00+00:00,0.00000000
2025-05-21 05:00:00+00:00,0.00000000
2025-05-21 06:00:00+00:00,0.12568208
2025-05-21 07:00:00+00:00,0.36848120
2025-05-21 08:00:00+00:00,0.58616894
2025-05-21 09:00:00+00:00,0.76391024
2025-05-21 10:00:00+00:00,0.88959231
2025-05-21 11:00:00+00:00,0.95465014
2025-05-21 12:00:00+00:00,0.95465014
2025-05-21 13:00:00+00:00,0.88959231
2025-05-21 14:00:00+00:00,0.76391024
2025-05-21 15:00:00+00:00,0.58616894
2025-05-21 16:00:00+00:00,0.36848120
2025-05-21 17:00:00+00:00,0.12568208
2025-05-21 18:00:00+00:00,0.00000000
2025-05-21 19:00:00+00:00,0.00000000
2025-05-21 20:00:00+00:00,0.00000000
2025-05-21 21:00:00+00:00,0.00000000
2025-05-21 22:00:00+00:00,0.00000000
2025-05-21 23:00:00+00:00,0.00000000
2025-05-22 00:00:00+00:00,0.00000000
2025-05-22 01:00:00+00:00,0.00000000
2025-05-22 02:00:00+00:00,0.00000000
2025-05-22 03:00:00+00:00,0.00000000
2025-05-22 04:00:00+00:00,0.00000000
2025-05-22 05:00:00+00:00,0.00000000
2025-05-22 06:00:00+00:00,0.12599036
2025-05-22 07:00:00+00:00,0.36938506
2025-05-22 08:00:00+00:00,0.58760677
2025-05-22 09:00:00+00:00,0.76578406
2025-05-22 10:00:00+00:00,0.89177442
2025-05-22 11:00:00+00:00,0.95699183
2025-05-22 12:00:00+00:00,0.95699183
2025-05-22 13:00:00+00:00,0.89177442
2025-05-22 14:00:00+00:00,0.76578406
2025-05-22 15:00:00+00:00,0.58760677
2025-05-22 16:00:00+00:00,0.36938506
2025-05-22 17:00:00+00:00,0.12599036
2025-05-22 18:00:00+00:00,0.00000000
2025-05-22 19:00:00+00:00,0.00000000
2025-05-22 20:00:00+00:00,0.00000000
2025-05-22 21:00:00+00:00,0.00000000
2025-05-22 22:00:00+00:00,0.00000000
2025-05-22 23:00:00+00:00,0.00000000
2025-05-23 00:00:00+00:00,0.00000000
2025-05-23 01:00:00+00:00,0.00000000
2025-05-23 02:00:00+00:00,0.00000000
2025-05-23 03:00:00+00:00,0.00000000
2025-05-23 04:00:00+00:00,0.00000000
2025-05-23 05:00:00+00:00,0.00000000
2025-05-23 06:00:00+00:00,0.12628917
2025-05-23 07:00:00+00:00,0.37026111
2025-05-23 08:00:00+00:00,0.58900037
2025-05-23 09:00:00+00:00,0.76760022
2025-05-23 10:00:00+00:00,0.89388939
2025-05-23 11:00:00+00:00,0.95926147
2025-05-23 12:00:00+00:00,0.95926147
2025-05-23 13:00:00+00:00,0.89388939
2025-05-23 14:00:00+00:00,0.76760022
2025-05-23 15:00:00+00:00,0.58900037
2025-05-23 16:00:00+00:00,0.37026111
2025-05-23 17:00:00+00:00,0.12628917
2025-05-23 18:00:00+00:00,0.00000000
2025-05-23 19:00:00+00:00,0.00000000
2025-05-23 20:00:00+00:00,0.00000000
2025-05-23 21:00:00+00:00,0.00000000
2025-05-23 22:00:00+00:00,0.00000000
2025-05-23 23:00:00+00:00,0.00000000
2025-05-24 00:00:00+00:00,0.00000000
2025-05-24 01:00:00+00:00,0.00000000
2025-05-24 02:00:00+00:00,0.00000000
2025-05-24 03:00:00+00:00,0.00000000
2025-05-24 04:00:00+00:00,0.00000000
2025-05-24 05:00:00+00:00,0.00000000
2025-05-24 06:00:00+00:00,0.12657840
2025-05-24 07:00:00+00:00,0.37110909
2025-05-24 08:00:00+00:00,0.59034930
2025-05-24 09:00:00+00:00,0.76935819
2025-05-24 10:00:00+00:00,0.89593659
2025-05-24 11:00:00+00:00,0.96145839
2025-05-24 12:00:00+00:00,0.96145839
2025-05-24 13:00:00+00:00,0.89593659
2025-05-24 14:00:00+00:00,0.76935819
2025-05-24 15:00:00+00:00,0.59034930
2025-05-24 16:00:00+00:00,0.37110909
2025-05-24 17:00:00+00:00,0.12657840
2025-05-24 18:00:00+00:00,0.00000000
2025-05-24 19:00:00+00:00,0.00000000
2025-05-24 20:00:00+00:00,0.00000000
2025-05-24 21:00:00+00:00,0.00000000
2025-05-24 22:00:00+00:00,0.00000000
2025-05-24 23:00:00+00:00,0.00000000
2025-05-25 00:00:00+00:00,0.00000000
2025-05-25 01:00:00+00:00,0.00000000
2025-05-25 02:00:00+00:00,0.00000000
2025-05-25 03:00:00+00:00,0.00000000
2025-05-25 04:00:00+00:00,0.00000000
2025-05-25 05:00:00+00:00,0.00000000
2025-05-25 06:00:00+00:00,0.12685797
2025-05-25 07:00:00+00:00,0.37192874
2025-05-25 08:00:00+00:00,0.59165319
2025-05-25 09:00:00+00:00,0.77105745
2025-05-25 10:00:00+00:00,0.89791542
2025-05-25 11:00:00+00:00,0.96358193
2025-05-25 12:00:00+00:00,0.96358193
2025-05-25 13:00:00+00:00,0.89791542
2025-05-25 14:00:00+00:00,0.77105745
2025-05-25 15:00:00+00:00,0.59165319
2025-05-25 16:00:00+00:00,0.37192874
2025-05-25 17:00:00+00:00,0.12685797
2025-05-25 18:00:00+00:00,0.00000000
2025-05-25 19:00:00+00:00,0.00000000
2025-05-25 20:00:00+00:00,0.00000000
2025-05-25 21:00:00+00:00,0.00000000
2025-05-25 22:00:00+00:00,0.00000000
2025-05-25 23:00:00+00:00,0.00000000
2025-05-26 00:00:00+00:00,0.00000000
2025-05-26 01:00:00+00:00,0.00000000
2025-05-26 02:00:00+00:00,0.00000000
2025-05-26 03:00:00+00:00,0.00000000
2025-05-26 04:00:00+00:00,0.00000000
2025-05-26 05:00:00+00:00,0.00000000
2025-05-26 06:00:00+00:00,0.12712779
2025-05-26 07:00:00+00:00,0.37271984
2025-05-26 08:00:00+00:00,0.59291164
2025-05-26 09:00:00+00:00,0.77269749
2025-05-26 10:00:00+00:00,0.89982528
2025-05-26 11:00:00+00:00,0.96563147
2025-05-26 12:00:00+00:00,0.96563147
2025-05-26 13:00:00+00:00,0.89982528
2025-05-26 14:00:00+00:00,0.77269749
2025-05-26 15:00:00+00:00,0.59291164
2025-05-26 16:00:00+00:00,0.37271984
2025-05-26 17:00:00+00:00,0.12712779
2025-05-26 18:00:00+00:00,0.00000000
2025-05-26 19:00:00+00:00,0.00000000
2025-05-26 20:00:00+00:00,0.00000000
2025-05-26 21:00:00+00:00,0.00000000
2025-05-26 22:00:00+00:00,0.00000000
2025-05-26 23:00:00+00:00,0.00000000
2025-05-27 00:00:00+00:00,0.00000000
2025-05-27 01:00:00+00:00,0.00000000
2025-05-27 02:00:00+00:00,0.00000000
2025-05-27 03:00:00+00:00,0.00000000
2025-05-27 04:00:00+00:00,0.00000000
2025-05-27 05:00:00+00:00,0.00000000
2025-05-27 06:00:00+00:00,0.12738780
2025-05-27 07:00:00+00:00,0.37348213
2025-05-27 08:00:00+00:00,0.59412427
2025-05-27 09:00:00+00:00,0.77427782
2025-05-27 10:00:00+00:00,0.90166562
2025-05-27 11:00:00+00:00,0.96760640
2025-05-27 12:00:00+00:00,0.96760640
2025-05-27 13:00:00+00:00,0.90166562
2025-05-27 14:00:00+00:00,0.77427782
2025-05-27 15:00:00+00:00,0.59412427
2025-05-27 16:00:00+00:00,0.37348213
2025-05-27 17:00:00+00:00,0.12738780
2025-05-27 18:00:00+00:00,0.00000000
2025-05-27 19:00:00+00:00,0.00000000
2025-05-27 20:00:00+00:00,0.00000000
2025-05-27 21:00:00+00:00,0.00000000
2025-05-27 22:00:00+00:00,0.00000000
2025-05-27 23:00:00+00:00,0.00000000
2025-05-28 00:00:00+00:00,0.00000000
2025-05-28 01:00:00+00:00,0.00000000
2025-05-28 02:00:00+00:00,0.00000000
2025-05-28 03:00:00+00:00,0.00000000
2025-05-28 04:00:00+00:00,0.00000000
2025-05-28 05:00:00+00:00,0.00000000
2025-05-28 06:00:00+00:00,0.12763790
2025-05-28 07:00:00+00:00,0.37421540
2025-05-28 08:00:00+00:00,0.59529073
2025-05-28 09:00:00+00:00,0.77579799
2025-05-28 10:00:00+00:00,0.90343589
2025-05-28 11:00:00+00:00,0.96950613
2025-05-28 12:00:00+00:00,0.96950613
2025-05-28 13:00:00+00:00,0.90343589
2025-05-28 14:00:00+00:00,0.77579799
2025-05-28 15:00:00+00:00,0.59529073
2025-05-28 16:00:00+00:00,0.37421540
2025-05-28 17:00:00+00:00,0.12763790
2025-05-28 18:00:00+00:00,0.00000000
2025-05-28 19:00:00+00:00,0.00000000
2025-05-28 20:00:00+00:00,0.00000000
2025-05-28 21:00:00+00:00,0.00000000
2025-05-28 22:00:00+00:00,0.00000000
2025-05-28 23:00:00+00:00,0.00000000
2025-05-29 00:00:00+00:00,0.00000000
2025-05-29 01:00:00+00:00,0.00000000
2025-05-29 02:00:00+00:00,0.00000000
2025-05-29 03:00:00+00:00,0.00000000
2025-05-29 04:00:00+00:00,0.00000000
2025-05-29 05:00:00+00:00,0.00000000
2025-05-29 06:00:00+00:00,0.12787803
2025-05-29 07:00:00+00:00,0.37491943
2025-05-29 08:00:00+00:00,0.59641068
2025-05-29 09:00:00+00:00,0.77725753
2025-05-29 10:00:00+00:00,0.90513556
2025-05-29 11:00:00+00:00,0.97133010
2025-05-29 12:00:00+00:00,0.97133010
2025-05-29 13:00:00+00:00,0.90513556
2025-05-29 14:00:00+00:00,0.77725753
2025-05-29 15:00:00+00:00,0.59641068
2025-05-29 16:00:00+00:00,0.37491943
2025-05-29 17:00:00+00:00,0.12787803
2025-05-29 18:00:00+00:00,0.00000000
2025-05-29 19:00:00+00:00,0.00000000
2025-05-29 20:00:00+00:00,0.00000000
2025-05-29 21:00:00+00:00,0.00000000
2025-05-29 22:00:00+00:00,0.00000000
2025-05-29 23:00:00+00:00,0.00000000
2025-05-30 00:00:00+00:00,0.00000000
2025-05-30 01:00:00+00:00,0.00000000
2025-05-30 02:00:00+00:00,0.00000000
2025-05-30 03:00:00+00:00,0.00000000
2025-05-30 04:00:00+00:00,0.00000000
2025-05-30 05:00:00+00:00,0.00000000
2025-05-30 06:00:00+00:00,0.12810812
2025-05-30 07:00:00+00:00,0.37559400
2025-05-30 08:00:00+00:00,0.59748377
2025-05-30 09:00:00+00:00,0.77865601
2025-05-30 10:00:00+00:00,0.90676413
2025-05-30 11:00:00+00:00,0.97307777
2025-05-30 12:00:00+00:00,0.97307777
2025-05-30 13:00:00+00:00,0.90676413
2025-05-30 14:00:00+00:00,0.77865601
2025-05-30 15:00:00+00:00,0.59748377
2025-05-30 16:00:00+00:00,0.37559400
2025-05-30 17:00:00+00:00,0.12810812
2025-05-30 18:00:00+00:00,0.00000000
2025-05-30 19:00:00+00:00,0.00000000
2025-05-30 20:00:00+00:00,0.00000000
2025-05-30 21:00:00+00:00,0.00000000
2025-05-30 22:00:00+00:00,0.00000000
2025-05-30 23:00:00+00:00,0.00000000
2025-05-31 00:00:00+00:00,0.00000000
2025-05-31 01:00:00+00:00,0.00000000
2025-05-31 02:00:00+00:00,0.00000000
2025-05-31 03:00:00+00:00,0.00000000
2025-05-31 04:00:00+00:00,0.00000000
2025-05-31 05:00:00+00:00,0.00000000
2025-05-31 06:00:00+00:00,0.12832809
2025-05-31 07:00:00+00:00,0.37623893
2025-05-31 08:00:00+00:00,0.59850970
2025-05-31 09:00:00+00:00,0.77999303
2025-05-31 10:00:00+00:00,0.90832112
2025-05-31 11:00:00+00:00,0.97474863
2025-05-31 12:00:00+00:00,0.97474863
2025-05-31 13:00:00+00:00,0.90832112
2025-05-31 14:00:00+00:00,0.77999303
2025-05-31 15:00:00+00:00,0.59850970
2025-05-31 16:00:00+00:00,0.37623893
2025-05-31 17:00:00+00:00,0.12832809
2025-05-31 18:00:00+00:00,0.00000000
2025-05-31 19:00:00+00:00,0.00000000
2025-05-31 20:00:00+00:00,0.00000000
2025-05-31 21:00:00+00:00,0.00000000
2025-05-31 22:00:00+00:00,0.00000000
2025-05-31 23:00:00+00:00,0.00000000
2025-06-01 00:00:00+00:00,0.00000000
2025-06-01 01:00:00+00:00,0.00000000
2025-06-01 02:00:00+00:00,0.00000000
2025-06-01 03:00:00+00:00,0.00000000
2025-06-01 04:00:00+00:00,0.00000000
2025-06-01 05:00:00+00:00,0.00000000
2025-06-01 06:00:00+00:00,0.12853789
2025-06-01 07:00:00+00:00,0.37685401
2025-06-01 08:00:00+00:00,0.59948816
2025-06-01 09:00:00+00:00,0.78126818
2025-06-01 10:00:00+00:00,0.90980606
2025-06-01 11:00:00+00:00,0.97634217
2025-06-01 12:00:00+00:00,0.97634217
2025-06-01 13:00:00+00:00,0.90980606
2025-06-01 14:00:00+00:00,0.78126818
2025-06-01 15:00:00+00:00,0.59948816
2025-06-01 16:00:00+00:00,0.37685401
2025-06-01 17:00:00+00:00,0.12853789
2025-06-01 18:00:00+00:00,0.00000000
2025-06-01 19:00:00+00:00,0.00000000
2025-06-01 20:00:00+00:00,0.00000000
2025-06-01 21:00:00+00:00,0.00000000
2025-06-01 22:00:00+00:00,0.00000000
2025-06-01 23:00:00+00:00,0.00000000
2025-06-02 00:00:00+00:00,0.00000000
2025-06-02 01:00:00+00:00,0.00000000
2025-06-02 02:00:00+00:00,0.00000000
2025-06-02 03:00:00+00:00,0.00000000
2025-06-02 04:00:00+00:00,0.00000000
2025-06-02 05:00:00+00:00,0.00000000
2025-06-02 06:00:00+00:00,0.12873744
2025-06-02 07:00:00+00:00,0.37743907
2025-06-02 08:00:00+00:00,0.60041886
2025-06-02 09:00:00+00:00,0.78248109
2025-06-02 10:00:00+00:00,0.91121853
2025-06-02 11:00:00+00:00,0.97785793
2025-06-02 12:00:00+00:00,0.97785793
2025-06-02 13:00:00+00:00,0.91121853
2025-06-02 14:00:00+00:00,0.78248109
2025-06-02 15:00:00+00:00,0.60041886
2025-06-02 16:00:00+00:00,0.37743907
2025-06-02 17:00:00+00:00,0.12873744
2025-06-02 18:00:00+00:00,0.00000000
2025-06-02 19:00:00+00:00,0.00000000
2025-06-02 20:00:00+00:00,0.00000000
2025-06-02 21:00:00+00:00,0.00000000
2025-06-02 22:00:00+00:00,0.00000000
2025-06-02 23:00:00+00:00,0.00000000
2025-06-03 00:00:00+00:00,0.00000000
2025-06-03 01:00:00+00:00,0.00000000
2025-06-03 02:00:00+00:00,0.00000000
2025-06-03 03:00:00+00:00,0.00000000
2025-06-03 04:00:00+00:00,0.00000000
2025-06-03 05:00:00+00:00,0.00000000
2025-06-03 06:00:00+00:00,0.12892669
2025-06-03 07:00:00+00:00,0.37799393
2025-06-03 08:00:00+00:00,0.60130152
2025-06-03 09:00:00+00:00,0.78363139
2025-06-03 10:00:00+00:00,0.91255808
2025-06-03 11:00:00+00:00,0.97929545
2025-06-03 12:00:00+00:00,0.97929545
2025-06-03 13:00:00+00:00,0.91255808
2025-06-03 14:00:00+00:00,0.78363139
2025-06-03 15:00:00+00:00,0.60130152
2025-06-03 16:00:00+00:00,0.37799393
2025-06-03 17:00:00+00:00,0.12892669
2025-06-03 18:00:00+00:00,0.00000000
2025-06-03 19:00:00+00:00,0.00000000
2025-06-03 20:00:00+00:00,0.00000000
2025-06-03 21:00:00+00:00,0.00000000
2025-06-03 22:00:00+00:00,0.00000000
2025-06-03 23:00:00+00:00,0.00000000
2025-06-04 00:00:00+00:00,0.00000000
2025-06-04 01:00:00+00:00,0.00000000
2025-06-04 02:00:00+00:00,0.00000000
2025-06-04 03:00:00+00:00,0.00000000
2025-06-04 04:00:00+00:00,0.00000000
2025-06-04 05:00:00+00:00,0.00000000
2025-06-04 06:00:00+00:00,0.12910559
2025-06-04 07:00:00+00:00,0.37851844
2025-06-04 08:00:00+00:00,0.60213588
2025-06-04 09:00:00+00:00,0.78471875
2025-06-04 10:00:00+00:00,0.91382434
2025-06-04 11:00:00+00:00,0.98065431
2025-06-04 12:00:00+00:00,0.98065431
2025-06-04 13:00:00+00:00,0.91382434
2025-06-04 14:00:00+00:00,0.78471875
2025-06-04 15:00:00+00:00,0.60213588
2025-06-04 16:00:00+00:00,0.37851844
2025-06-04 17:00:00+00:00,0.12910559
2025-06-04 18:00:00+00:00,0.00000000
2025-06-04 19:00:00+00:00,0.00000000
2025-06-04 20:00:00+00:00,0.00000000
2025-06-04 21:00:00+00:00,0.00000000
2025-06-04 22:00:00+00:00,0.00000000
2025-06-04 23:00:00+00:00,0.00000000
2025-06-05 00:00:00+00:00,0.00000000
2025-06-05 01:00:00+00:00,0.00000000
2025-06-05 02:00:00+00:00,0.00000000
2025-06-05 03:00:00+00:00,0.00000000
2025-06-05 04:00:00+00:00,0.00000000
2025-06-05 05:00:00+00:00,0.00000000
2025-06-05 06:00:00+00:00,0.12927408
2025-06-05 07:00:00+00:00,0.37901242
2025-06-05 08:00:00+00:00,0.60292169
2025-06-05 09:00:00+00:00,0.78574285
2025-06-05 10:00:00+00:00,0.91501692
2025-06-05 11:00:00+00:00,0.98193411
2025-06-05 12:00:00+00:00,0.98193411
2025-06-05 13:00:00+00:00,0.91501692
2025-06-05 14:00:00+00:00,0.78574285
2025-06-05 15:00:00+00:00,0.60292169
2025-06-05 16:00:00+00:00,0.37901242
2025-06-05 17:00:00+00:00,0.12927408
2025-06-05 18:00:00+00:00,0.00000000
2025-06-05 19:00:00+00:00,0.00000000
2025-06-05 20:00:00+00:00,0.00000000
2025-06-05 21:00:00+00:00,0.00000000
2025-06-05 22:00:00+00:00,0.00000000
2025-06-05 23:00:00+00:00,0.00000000
2025-06-06 00:00:00+00:00,0.00000000
2025-06-06 01:00:00+00:00,0.00000000
2025-06-06 02:00:00+00:00,0.00000000
2025-06-06 03:00:00+00:00,0.00000000
2025-06-06 04:00:00+00:00,0.00000000
2025-06-06 05:00:00+00:00,0.00000000
2025-06-06 06:00:00+00:00,0.12943211
2025-06-06 07:00:00+00:00,0.37947574
2025-06-06 08:00:00+00:00,0.60365873
2025-06-06 09:00:00+00:00,0.78670337
2025-06-06 10:00:00+00:00,0.91613548
2025-06-06 11:00:00+00:00,0.98313447
2025-06-06 12:00:00+00:00,0.98313447
2025-06-06 13:00:00+00:00,0.91613548
2025-06-06 14:00:00+00:00,0.78670337
2025-06-06 15:00:00+00:00,0.60365873
2025-06-06 16:00:00+00:00,0.37947574
2025-06-06 17:00:00+00:00,0.12943211
2025-06-06 18:00:00+00:00,0.00000000
2025-06-06 19:00:00+00:00,0.00000000
2025-06-06 20:00:00+00:00,0.00000000
2025-06-06 21:00:00+00:00,0.00000000
2025-06-06 22:00:00+00:00,0.00000000
2025-06-06 23:00:00+00:00,0.00000000
2025-06-07 00:00:00+00:00,0.00000000
2025-06-07 01:00:00+00:00,0.00000000
2025-06-07 02:00:00+00:00,0.00000000
2025-06-07 03:00:00+00:00,0.00000000
2025-06-07 04:00:00+00:00,0.00000000
2025-06-07 05:00:00+00:00,0.00000000
2025-06-07 06:00:00+00:00,0.12957963
2025-06-07 07:00:00+00:00,0.37990826
2025-06-07 08:00:00+00:00,0.60434677
2025-06-07 09:00:00+00:00,0.78760004
2025-06-07 10:00:00+00:00,0.91717968
2025-06-07 11:00:00+00:00,0.98425503
2025-06-07 12:00:00+00:00,0.98425503
2025-06-07 13:00:00+00:00,0.91717968
2025-06-07 14:00:00+00:00,0.78760004
2025-06-07 15:00:00+00:00,0.60434677
2025-06-07 16:00:00+00:00,0.37990826
2025-06-07 17:00:00+00:00,0.12957963
2025-06-07 18:00:00+00:00,0.00000000
2025-06-07 19:00:00+00:00,0.00000000
2025-06-07 20:00:00+00:00,0.00000000
2025-06-07 21:00:00+00:00,0.00000000
2025-06-07 22:00:00+00:00,0.00000000
2025-06-07 23:00:00+00:00,0.00000000
2025-06-08 00:00:00+00:00,0.00000000
2025-06-08 01:00:00+00:00,0.00000000
2025-06-08 02:00:00+00:00,0.00000000
2025-06-08 03:00:00+00:00,0.00000000
2025-06-08 04:00:00+00:00,0.00000000
2025-06-08 05:00:00+00:00,0.00000000
2025-06-08 06:00:00+00:00,0.12971661
2025-06-08 07:00:00+00:00,0.38030985
2025-06-08 08:00:00+00:00,0.60498561
2025-06-08 09:00:00+00:00,0.78843259
2025-06-08 10:00:00+00:00,0.91814920
2025-06-08 11:00:00+00:00,0.98529546
2025-06-08 12:00:00+00:00,0.98529546
2025-06-08 13:00:00+00:00,0.91814920
2025-06-08 14:00:00+00:00,0.78843259
2025-06-08 15:00:00+00:00,0.60498561
2025-06-08 16:00:00+00:00,0.38030985
2025-06-08 17:00:00+00:00,0.12971661
2025-06-08 18:00:00+00:00,0.00000000
2025-06-08 19:00:00+00:00,0.00000000
2025-06-08 20:00:00+00:00,0.00000000
2025-06-08 21:00:00+00:00,0.00000000
2025-06-08 22:00:00+00:00,0.00000000
2025-06-08 23:00:00+00:00,0.00000000
2025-06-09 00:00:00+00:00,0.00000000
2025-06-09 01:00:00+00:00,0.00000000
2025-06-09 02:00:00+00:00,0.00000000
2025-06-09 03:00:00+00:00,0.00000000
2025-06-09 04:00:00+00:00,0.00000000
2025-06-09 05:00:00+00:00,0.00000000
2025-06-09 06:00:00+00:00,0.12984299
2025-06-09 07:00:00+00:00,0.38068040
2025-06-09 08:00:00+00:00,0.60557506
2025-06-09 09:00:00+00:00,0.78920078
2025-06-09 10:00:00+00:00,0.91904377
2025-06-09 11:00:00+00:00,0.98625545
2025-06-09 12:00:00+00:00,0.98625545
2025-06-09 13:00:00+00:00,0.91904377
2025-06-09 14:00:00+00:00,0.78920078
2025-06-09 15:00:00+00:00,0.60557506
2025-06-09 16:00:00+00:00,0.38068040
2025-06-09 17:00:00+00:00,0.12984299
2025-06-09 18:00:00+00:00,0.00000000
2025-06-09 19:00:00+00:00,0.00000000
2025-06-09 20:00:00+00:00,0.00000000
2025-06-09 21:00:00+00:00,0.00000000
2025-06-09 22:00:00+00:00,0.00000000
2025-06-09 23:00:00+00:00,0.00000000
2025-06-10 00:00:00+00:00,0.00000000
2025-06-10 01:00:00+00:00,0.00000000
2025-06-10 02:00:00+00:00,0.00000000
2025-06-10 03:00:00+00:00,0.00000000
2025-06-10 04:00:00+00:00,0.00000000
2025-06-10 05:00:00+00:00,0.00000000
2025-06-10 06:00:00+00:00,0.12995875
2025-06-10 07:00:00+00:00,0.38101978
2025-06-10 08:00:00+00:00,0.60611494
2025-06-10 09:00:00+00:00,0.78990437
2025-06-10 10:00:00+00:00,0.91986312
2025-06-10 11:00:00+00:00,0.98713472
2025-06-10 12:00:00+00:00,0.98713472
2025-06-10 13:00:00+00:00,0.91986312
2025-06-10 14:00:00+00:00,0.78990437
2025-06-10 15:00:00+00:00,0.60611494
2025-06-10 16:00:00+00:00,0.38101978
2025-06-10 17:00:00+00:00,0.12995875
2025-06-10 18:00:00+00:00,0.00000000
2025-06-10 19:00:00+00:00,0.00000000
2025-06-10 20:00:00+00:00,0.00000000
2025-06-10 21:00:00+00:00,0.00000000
2025-06-10 22:00:00+00:00,0.00000000
2025-06-10 23:00:00+00:00,0.00000000
2025-06-11 00:00:00+00:00,0.00000000
2025-06-11 01:00:00+00:00,0.00000000
2025-06-11 02:00:00+00:00,0.00000000
2025-06-11 03:00:00+00:00,0.00000000
2025-06-11 04:00:00+00:00,0.00000000
2025-06-11 05:00:00+00:00,0.00000000
2025-06-11 06:00:00+00:00,0.13006385
2025-06-11 07:00:00+00:00,0.38132791
2025-06-11 08:00:00+00:00,0.60660510
2025-06-11 09:00:00+00:00,0.79054316
2025-06-11 10:00:00+00:00,0.92060701
2025-06-11 11:00:00+00:00,0.98793301
2025-06-11 12:00:00+00:00,0.98793301
2025-06-11 13:00:00+00:00,0.92060701
2025-06-11 14:00:00+00:00,0.79054316
2025-06-11 15:00:00+00:00,0.60660510
2025-06-11 16:00:00+00:00,0.38132791
2025-06-11 17:00:00+00:00,0.13006385
2025-06-11 18:00:00+00:00,0.00000000
2025-06-11 19:00:00+00:00,0.00000000
2025-06-11 20:00:00+00:00,0.00000000
2025-06-11 21:00:00+00:00,0.00000000
2025-06-11 22:00:00+00:00,0.00000000
2025-06-11 23:00:00+00:00,0.00000000
2025-06-12 00:00:00+00:00,0.00000000
2025-06-12 01:00:00+00:00,0.00000000
2025-06-12 02:00:00+00:00,0.00000000
2025-06-12 03:00:00+00:00,0.00000000
2025-06-12 04:00:00+00:00,0.00000000
2025-06-12 05:00:00+00:00,0.00000000
2025-06-12 06:00:00+00:00,0.13015825
2025-06-12 07:00:00+00:00,0.38160469
2025-06-12 08:00:00+00:00,0.60704539
2025-06-12 09:00:00+00:00,0.79111696
2025-06-12 10:00:00+00:00,0.92127521
2025-06-12 11:00:00+00:00,0.98865008
2025-06-12 12:00:00+00:00,0.98865008
2025-06-12 13:00:00+00:00,0.92127521
2025-06-12 14:00:00+00:00,0.79111696
2025-06-12 15:00:00+00:00,0.60704539
2025-06-12 16:00:00+00:00,0.38160469
2025-06-12 17:00:00+00:00,0.13015825
2025-06-12 18:00:00+00:00,0.00000000
2025-06-12 19:00:00+00:00,0.00000000
2025-06-12 20:00:00+00:00,0.00000000
2025-06-12 21:00:00+00:00,0.00000000
2025-06-12 22:00:00+00:00,0.00000000
2025-06-12 23:00:00+00:00,0.00000000
2025-06-13 00:00:00+00:00,0.00000000
2025-06-13 01:00:00+00:00,0.00000000
2025-06-13 02:00:00+00:00,0.00000000
2025-06-13 03:00:00+00:00,0.00000000
2025-06-13 04:00:00+00:00,0.00000000
2025-06-13 05:00:00+00:00,0.00000000
2025-06-13 06:00:00+00:00,0.13024193
2025-06-13 07:00:00+00:00,0.38185003
2025-06-13 08:00:00+00:00,0.60743568
2025-06-13 09:00:00+00:00,0.79162559
2025-06-13 10:00:00+00:00,0.92186752
2025-06-13 11:00:00+00:00,0.98928571
2025-06-13 12:00:00+00:00,0.98928571
2025-06-13 13:00:00+00:00,0.92186752
2025-06-13 14:00:00+00:00,0.79162559
2025-06-13 15:00:00+00:00,0.60743568
2025-06-13 16:00:00+00:00,0.38185003
2025-06-13 17:00:00+00:00,0.13024193
2025-06-13 18:00:00+00:00,0.00000000
2025-06-13 19:00:00+00:00,0.00000000
2025-06-13 20:00:00+00:00,0.00000000
2025-06-13 21:00:00+00:00,0.00000000
2025-06-13 22:00:00+00:00,0.00000000
2025-06-13 23:00:00+00:00,0.00000000
2025-06-14 00:00:00+00:00,0.00000000
2025-06-14 01:00:00+00:00,0.00000000
2025-06-14 02:00:00+00:00,0.00000000
2025-06-14 03:00:00+00:00,0.00000000
2025-06-14 04:00:00+00:00,0.00000000
2025-06-14 05:00:00+00:00,0.00000000
2025-06-14 06:00:00+00:00,0.13031487
2025-06-14 07:00:00+00:00,0.38206387
2025-06-14 08:00:00+00:00,0.60777585
2025-06-14 09:00:00+00:00,0.79206891
2025-06-14 10:00:00+00:00,0.92238378
2025-06-14 11:00:00+00:00,0.98983973
2025-06-14 12:00:00+00:00,0.98983973
2025-06-14 13:00:00+00:00,0.92238378
2025-06-14 14:00:00+00:00,0.79206891
2025-06-14 15:00:00+00:00,0.60777585
2025-06-14 16:00:00+00:00,0.38206387
2025-06-14 17:00:00+00:00,0.13031487
2025-06-14 18:00:00+00:00,0.00000000
2025-06-14 19:00:00+00:00,0.00000000
2025-06-14 20:00:00+00:00,0.00000000
2025-06-14 21:00:00+00:00,0.00000000
2025-06-14 22:00:00+00:00,0.00000000
2025-06-14 23:00:00+00:00,0.00000000
2025-06-15 00:00:00+00:00,0.00000000
2025-06-15 01:00:00+00:00,0.00000000
2025-06-15 02:00:00+00:00,0.00000000
2025-06-15 03:00:00+00:00,0.00000000
2025-06-15 04:00:00+00:00,0.00000000
2025-06-15 05:00:00+00:00,0.00000000
2025-06-15 06:00:00+00:00,0.13037704
2025-06-15 07:00:00+00:00,0.38224615
2025-06-15 08:00:00+00:00,0.60806581
2025-06-15 09:00:00+00:00,0.79244679
2025-06-15 10:00:00+00:00,0.92282383
2025-06-15 11:00:00+00:00,0.99031196
2025-06-15 12:00:00+00:00,0.99031196
2025-06-15 13:00:00+00:00,0.92282383
2025-06-15 14:00:00+00:00,0.79244679
2025-06-15 15:00:00+00:00,0.60806581
2025-06-15 16:00:00+00:00,0.38224615
2025-06-15 17:00:00+00:00,0.13037704
2025-06-15 18:00:00+00:00,0.00000000
2025-06-15 19:00:00+00:00,0.00000000
2025-06-15 20:00:00+00:00,0.00000000
2025-06-15 21:00:00+00:00,0.00000000
2025-06-15 22:00:00+00:00,0.00000000
2025-06-15 23:00:00+00:00,0.00000000
2025-06-16 00:00:00+00:00,0.00000000
2025-06-16 01:00:00+00:00,0.00000000
2025-06-16 02:00:00+00:00,0.00000000
2025-06-16 03:00:00+00:00,0.00000000
2025-06-16 04:00:00+00:00,0.00000000
2025-06-16 05:00:00+00:00,0.00000000
2025-06-16 06:00:00+00:00,0.13042843
2025-06-16 07:00:00+00:00,0.38239680
2025-06-16 08:00:00+00:00,0.60830546
2025-06-16 09:00:00+00:00,0.79275911
2025-06-16 10:00:00+00:00,0.92318754
2025-06-16 11:00:00+00:00,0.99070226
2025-06-16 12:00:00+00:00,0.99070226
2025-06-16 13:00:00+00:00,0.92318754
2025-06-16 14:00:00+00:00,0.79275911
2025-06-16 15:00:00+00:00,0.60830546
2025-06-16 16:00:00+00:00,0.38239680
2025-06-16 17:00:00+00:00,0.13042843
2025-06-16 18:00:00+00:00,0.00000000
2025-06-16 19:00:00+00:00,0.00000000
2025-06-16 20:00:00+00:00,0.00000000
2025-06-16 21:00:00+00:00,0.00000000
2025-06-16 22:00:00+00:00,0.00000000
2025-06-16 23:00:00+00:00,0.00000000
2025-06-17 00:00:00+00:00,0.00000000
2025-06-17 01:00:00+00:00,0.00000000
2025-06-17 02:00:00+00:00,0.00000000
2025-06-17 03:00:00+00:00,0.00000000
2025-06-17 04:00:00+00:00,0.00000000
2025-06-17 05:00:00+00:00,0.00000000
2025-06-17 06:00:00+00:00,0.13046901
2025-06-17 07:00:00+00:00,0.38251579
2025-06-17 08:00:00+00:00,0.60849474
2025-06-17 09:00:00+00:00,0.79300579
2025-06-17 10:00:00+00:00,0.92347480
2025-06-17 11:00:00+00:00,0.99101053
2025-06-17 12:00:00+00:00,0.99101053
2025-06-17 13:00:00+00:00,0.92347480
2025-06-17 14:00:00+00:00,0.79300579
2025-06-17 15:00:00+00:00,0.60849474
2025-06-17 16:00:00+00:00,0.38251579
2025-06-17 17:00:00+00:00,0.13046901
2025-06-17 18:00:00+00:00,0.00000000
2025-06-17 19:00:00+00:00,0.00000000
2025-06-17 20:00:00+00:00,0.00000000
2025-06-17 21:00:00+00:00,0.00000000
2025-06-17 22:00:00+00:00,0.00000000
2025-06-17 23:00:00+00:00,0.00000000
2025-06-18 00:00:00+00:00,0.00000000
2025-06-18 01:00:00+00:00,0.00000000
2025-06-18 02:00:00+00:00,0.00000000
2025-06-18 03:00:00+00:00,0.00000000
2025-06-18 04:00:00+00:00,0.00000000
2025-06-18 05:00:00+00:00,0.00000000
2025-06-18 06:00:00+00:00,0.13049878
2025-06-18 07:00:00+00:00,0.38260307
2025-06-18 08:00:00+00:00,0.60863359
2025-06-18 09:00:00+00:00,0.79318674
2025-06-18 10:00:00+00:00,0.92368552
2025-06-18 11:00:00+00:00,0.99123666
2025-06-18 12:00:00+00:00,0.99123666
2025-06-18 13:00:00+00:00,0.92368552
2025-06-18 14:00:00+00:00,0.79318674
2025-06-18 15:00:00+00:00,0.60863359
2025-06-18 16:00:00+00:00,0.38260307
2025-06-18 17:00:00+00:00,0.13049878
2025-06-18 18:00:00+00:00,0.00000000
2025-06-18 19:00:00+00:00,0.00000000
2025-06-18 20:00:00+00:00,0.00000000
2025-06-18 21:00:00+00:00,0.00000000
2025-06-18 22:00:00+00:00,0.00000000
2025-06-18 23:00:00+00:00,0.00000000
2025-06-19 00:00:00+00:00,0.00000000
2025-06-19 01:00:00+00:00,0.00000000
2025-06-19 02:00:00+00:00,0.00000000
2025-06-19 03:00:00+00:00,0.00000000
2025-06-19 04:00:00+00:00,0.00000000
2025-06-19 05:00:00+00:00,0.00000000
2025-06-19 06:00:00+00:00,0.13051773
2025-06-19 07:00:00+00:00,0.38265863
2025-06-19 08:00:00+00:00,0.60872197
2025-06-19 09:00:00+00:00,0.79330192
2025-06-19 10:00:00+00:00,0.92381965
2025-06-19 11:00:00+00:00,0.99138060
2025-06-19 12:00:00+00:00,0.99138060
2025-06-19 13:00:00+00:00,0.92381965
2025-06-19 14:00:00+00:00,0.79330192
2025-06-19 15:00:00+00:00,0.60872197
2025-06-19 16:00:00+00:00,0.38265863
2025-06-19 17:00:00+00:00,0.13051773
2025-06-19 18:00:00+00:00,0.00000000
2025-06-19 19:00:00+00:00,0.00000000
2025-06-19 20:00:00+00:00,0.00000000
2025-06-19 21:00:00+00:00,0.00000000
2025-06-19 22:00:00+00:00,0.00000000
2025-06-19 23:00:00+00:00,0.00000000
2025-06-20 00:00:00+00:00,0.00000000
2025-06-20 01:00:00+00:00,0.00000000
2025-06-20 02:00:00+00:00,0.00000000
2025-06-20 03:00:00+00:00,0.00000000
2025-06-20 04:00:00+00:00,0.00000000
2025-06-20 05:00:00+00:00,0.00000000
2025-06-20 06:00:00+00:00,0.13052585
2025-06-20 07:00:00+00:00,0.38268244
2025-06-20 08:00:00+00:00,0.60875985
2025-06-20 09:00:00+00:00,0.79335128
2025-06-20 10:00:00+00:00,0.92387714
2025-06-20 11:00:00+00:00,0.99144229
2025-06-20 12:00:00+00:00,0.99144229
2025-06-20 13:00:00+00:00,0.92387714
2025-06-20 14:00:00+00:00,0.79335128
2025-06-20 15:00:00+00:00,0.60875985
2025-06-20 16:00:00+00:00,0.38268244
2025-06-20 17:00:00+00:00,0.13052585
2025-06-20 18:00:00+00:00,0.00000000
2025-06-20 19:00:00+00:00,0.00000000
2025-06-20 20:00:00+00:00,0.00000000
2025-06-20 21:00:00+00:00,0.00000000
2025-06-20 22:00:00+00:00,0.00000000
2025-06-20 23:00:00+00:00,0.00000000
2025-06-21 00:00:00+00:00,0.00000000
2025-06-21 01:00:00+00:00,0.00000000
2025-06-21 02:00:00+00:00,0.00000000
2025-06-21 03:00:00+00:00,0.00000000
2025-06-21 04:00:00+00:00,0.00000000
2025-06-21 05:00:00+00:00,0.00000000
2025-06-21 06:00:00+00:00,0.13052315
2025-06-21 07:00:00+00:00,0.38267450
2025-06-21 08:00:00+00:00,0.60874722
2025-06-21 09:00:00+00:00,0.79333483
2025-06-21 10:00:00+00:00,0.92385797
2025-06-21 11:00:00+00:00,0.99142173
2025-06-21 12:00:00+00:00,0.99142173
2025-06-21 13:00:00+00:00,0.92385797
2025-06-21 14:00:00+00:00,0.79333483
2025-06-21 15:00:00+00:00,0.60874722
2025-06-21 16:00:00+00:00,0.38267450
2025-06-21 17:00:00+00:00,0.13052315
2025-06-21 18:00:00+00:00,0.00000000
2025-06-21 19:00:00+00:00,0.00000000
2025-06-21 20:00:00+00:00,0.00000000
2025-06-21 21:00:00+00:00,0.00000000
2025-06-21 22:00:00+00:00,0.00000000
2025-06-21 23:00:00+00:00,0.00000000
2025-06-22 00:00:00+00:00,0.00000000
2025-06-22 01:00:00+00:00,0.00000000
2025-06-22 02:00:00+00:00,0.00000000
2025-06-22 03:00:00+00:00,0.00000000
2025-06-22 04:00:00+00:00,0.00000000
2025-06-22 05:00:00+00:00,0.00000000
2025-06-22 06:00:00+00:00,0.13050961
2025-06-22 07:00:00+00:00,0.38263482
2025-06-22 08:00:00+00:00,0.60868409
2025-06-22 09:00:00+00:00,0.79325255
2025-06-22 10:00:00+00:00,0.92376216
2025-06-22 11:00:00+00:00,0.99131891
2025-06-22 12:00:00+00:00,0.99131891
2025-06-22 13:00:00+00:00,0.92376216
2025-06-22 14:00:00+00:00,0.79325255
2025-06-22 15:00:00+00:00,0.60868409
2025-06-22 16:00:00+00:00,0.38263482
2025-06-22 17:00:00+00:00,0.13050961
2025-06-22 18:00:00+00:00,0.00000000
2025-06-22 19:00:00+00:00,0.00000000
2025-06-22 20:00:00+00:00,0.00000000
2025-06-22 21:00:00+00:00,0.00000000
2025-06-22 22:00:00+00:00,0.00000000
2025-06-22 23:00:00+00:00,0.00000000
2025-06-23 00:00:00+00:00,0.00000000
2025-06-23 01:00:00+00:00,0.00000000
2025-06-23 02:00:00+00:00,0.00000000
2025-06-23 03:00:00+00:00,0.00000000
2025-06-23 04:00:00+00:00,0.00000000
2025-06-23 05:00:00+00:00,0.00000000
2025-06-23 06:00:00+00:00,0.13048525
2025-06-23 07:00:00+00:00,0.38256339
2025-06-23 08:00:00+00:00,0.60857047
2025-06-23 09:00:00+00:00,0.79310448
2025-06-23 10:00:00+00:00,0.92358973
2025-06-23 11:00:00+00:00,0.99113387
2025-06-23 12:00:00+00:00,0.99113387
2025-06-23 13:00:00+00:00,0.92358973
2025-06-23 14:00:00+00:00,0.79310448
2025-06-23 15:00:00+00:00,0.60857047
2025-06-23 16:00:00+00:00,0.38256339
2025-06-23 17:00:00+00:00,0.13048525
2025-06-23 18:00:00+00:00,0.00000000
2025-06-23 19:00:00+00:00,0.00000000
2025-06-23 20:00:00+00:00,0.00000000
2025-06-23 21:00:00+00:00,0.00000000
2025-06-23 22:00:00+00:00,0.00000000
2025-06-23 23:00:00+00:00,0.00000000
2025-06-24 00:00:00+00:00,0.00000000
2025-06-24 01:00:00+00:00,0.00000000
2025-06-24 02:00:00+00:00,0.00000000
2025-06-24 03:00:00+00:00,0.00000000
2025-06-24 04:00:00+00:00,0.00000000
2025-06-24 05:00:00+00:00,0.00000000
2025-06-24 06:00:00+00:00,0.13045007
2025-06-24 07:00:00+00:00,0.38246025
2025-06-24 08:00:00+00:00,0.60840640
2025-06-24 09:00:00+00:00,0.79289066
2025-06-24 10:00:00+00:00,0.92334073
2025-06-24 11:00:00+00:00,0.99086666
2025-06-24 12:00:00+00:00,0.99086666
2025-06-24 13:00:00+00:00,0.92334073
2025-06-24 14:00:00+00:00,0.79289066
2025-06-24 15:00:00+00:00,0.60840640
2025-06-24 16:00:00+00:00,0.38246025
2025-06-24 17:00:00+00:00,0.13045007
2025-06-24 18:00:00+00:00,0.00000000
2025-06-24 19:00:00+00:00,0.00000000
2025-06-24 20:00:00+00:00,0.00000000
2025-06-24 21:00:00+00:00,0.00000000
2025-06-24 22:00:00+00:00,0.00000000
2025-06-24 23:00:00+00:00,0.00000000
2025-06-25 00:00:00+00:00,0.00000000
2025-06-25 01:00:00+00:00,0.00000000
2025-06-25 02:00:00+00:00,0.00000000
2025-06-25 03:00:00+00:00,0.00000000
2025-06-25 04:00:00+00:00,0.00000000
2025-06-25 05:00:00+00:00,0.00000000
2025-06-25 06:00:00+00:00,0.13040408
2025-06-25 07:00:00+00:00,0.38232543
2025-06-25 08:00:00+00:00,0.60819193
2025-06-25 09:00:00+00:00,0.79261115
2025-06-25 10:00:00+00:00,0.92301524
2025-06-25 11:00:00+00:00,0.99051736
2025-06-25 12:00:00+00:00,0.99051736
2025-06-25 13:00:00+00:00,0.92301524
2025-06-25 14:00:00+00:00,0.79261115
2025-06-25 15:00:00+00:00,0.60819193
2025-06-25 16:00:00+00:00,0.38232543
2025-06-25 17:00:00+00:00,0.13040408
2025-06-25 18:00:00+00:00,0.00000000
2025-06-25 19:00:00+00:00,0.00000000
2025-06-25 20:00:00+00:00,0.00000000
2025-06-25 21:00:00+00:00,0.00000000
2025-06-25 22:00:00+00:00,0.00000000
2025-06-25 23:00:00+00:00,0.00000000
2025-06-26 00:00:00+00:00,0.00000000
2025-06-26 01:00:00+00:00,0.00000000
2025-06-26 02:00:00+00:00,0.00000000
2025-06-26 03:00:00+00:00,0.00000000
2025-06-26 04:00:00+00:00,0.00000000
2025-06-26 05:00:00+00:00,0.00000000
2025-06-26 06:00:00+00:00,0.13034730
2025-06-26 07:00:00+00:00,0.38215896
2025-06-26 08:00:00+00:00,0.60792711
2025-06-26 09:00:00+00:00,0.79226604
2025-06-26 10:00:00+00:00,0.92261334
2025-06-26 11:00:00+00:00,0.99008607
2025-06-26 12:00:00+00:00,0.99008607
2025-06-26 13:00:00+00:00,0.92261334
2025-06-26 14:00:00+00:00,0.79226604
2025-06-26 15:00:00+00:00,0.60792711
2025-06-26 16:00:00+00:00,0.38215896
2025-06-26 17:00:00+00:00,0.13034730
2025-06-26 18:00:00+00:00,0.00000000
2025-06-26 19:00:00+00:00,0.00000000
2025-06-26 20:00:00+00:00,0.00000000
2025-06-26 21:00:00+00:00,0.00000000
2025-06-26 22:00:00+00:00,0.00000000
2025-06-26 23:00:00+00:00,0.00000000
2025-06-27 00:00:00+00:00,0.00000000
2025-06-27 01:00:00+00:00,0.00000000
2025-06-27 02:00:00+00:00,0.00000000
2025-06-27 03:00:00+00:00,0.00000000
2025-06-27 04:00:00+00:00,0.00000000
2025-06-27 05:00:00+00:00,0.00000000
2025-06-27 06:00:00+00:00,0.13027975
2025-06-27 07:00:00+00:00,0.38196089
2025-06-27 08:00:00+00:00,0.60761204
2025-06-27 09:00:00+00:00,0.79185542
2025-06-27 10:00:00+00:00,0.92213517
2025-06-27 11:00:00+00:00,0.98957293
2025-06-27 12:00:00+00:00,0.98957293
2025-06-27 13:00:00+00:00,0.92213517
2025-06-27 14:00:00+00:00,0.79185542
2025-06-27 15:00:00+00:00,0.60761204
2025-06-27 16:00:00+00:00,0.38196089
2025-06-27 17:00:00+00:00,0.13027975
2025-06-27 18:00:00+00:00,0.00000000
2025-06-27 19:00:00+00:00,0.00000000
2025-06-27 20:00:00+00:00,0.00000000
2025-06-27 21:00:00+00:00,0.00000000
2025-06-27 22:00:00+00:00,0.00000000
2025-06-27 23:00:00+00:00,0.00000000
2025-06-28 00:00:00+00:00,0.00000000
2025-06-28 01:00:00+00:00,0.00000000
2025-06-28 02:00:00+00:00,0.00000000
2025-06-28 03:00:00+00:00,0.00000000
2025-06-28 04:00:00+00:00,0.00000000
2025-06-28 05:00:00+00:00,0.00000000
2025-06-28 06:00:00+00:00,0.13020143
2025-06-28 07:00:00+00:00,0.38173129
2025-06-28 08:00:00+00:00,0.60724679
2025-06-28 09:00:00+00:00,0.79137943
2025-06-28 10:00:00+00:00,0.92158086
2025-06-28 11:00:00+00:00,0.98897809
2025-06-28 12:00:00+00:00,0.98897809
2025-06-28 13:00:00+00:00,0.92158086
2025-06-28 14:00:00+00:00,0.79137943
2025-06-28 15:00:00+00:00,0.60724679
2025-06-28 16:00:00+00:00,0.38173129
2025-06-28 17:00:00+00:00,0.13020143
2025-06-28 18:00:00+00:00,0.00000000
2025-06-28 19:00:00+00:00,0.00000000
2025-06-28 20:00:00+00:00,0.00000000
2025-06-28 21:00:00+00:00,0.00000000
2025-06-28 22:00:00+00:00,0.00000000
2025-06-28 23:00:00+00:00,0.00000000
2025-06-29 00:00:00+00:00,0.00000000
2025-06-29 01:00:00+00:00,0.00000000
2025-06-29 02:00:00+00:00,0.00000000
2025-06-29 03:00:00+00:00,0.00000000
2025-06-29 04:00:00+00:00,0.00000000
2025-06-29 05:00:00+00:00,0.00000000
2025-06-29 06:00:00+00:00,0.13011239
2025-06-29 07:00:00+00:00,0.38147022
2025-06-29 08:00:00+00:00,0.60683149
2025-06-29 09:00:00+00:00,0.79083819
2025-06-29 10:00:00+00:00,0.92095058
2025-06-29 11:00:00+00:00,0.98830171
2025-06-29 12:00:00+00:00,0.98830171
2025-06-29 13:00:00+00:00,0.92095058
2025-06-29 14:00:00+00:00,0.79083819
2025-06-29 15:00:00+00:00,0.60683149
2025-06-29 16:00:00+00:00,0.38147022
2025-06-29 17:00:00+00:00,0.13011239
2025-06-29 18:00:00+00:00,0.00000000
2025-06-29 19:00:00+00:00,0.00000000
2025-06-29 20:00:00+00:00,0.00000000
2025-06-29 21:00:00+00:00,0.00000000
2025-06-29 22:00:00+00:00,0.00000000
2025-06-29 23:00:00+00:00,0.00000000
2025-06-30 00:00:00+00:00,0.00000000
2025-06-30 01:00:00+00:00,0.00000000
2025-06-30 02:00:00+00:00,0.00000000
2025-06-30 03:00:00+00:00,0.00000000
2025-06-30 04:00:00+00:00,0.00000000
2025-06-30 05:00:00+00:00,0.00000000
2025-06-30 06:00:00+00:00,0.13001263
2025-06-30 07:00:00+00:00,0.38117776
2025-06-30 08:00:00+00:00,0.60636625
2025-06-30 09:00:00+00:00,0.79023188
2025-06-30 10:00:00+00:00,0.92024451
2025-06-30 11:00:00+00:00,0.98754400
2025-06-30 12:00:00+00:00,0.98754400
2025-06-30 13:00:00+00:00,0.92024451
2025-06-30 14:00:00+00:00,0.79023188
2025-06-30 15:00:00+00:00,0.60636625
2025-06-30 16:00:00+00:00,0.38117776
2025-06-30 17:00:00+00:00,0.13001263
2025-06-30 18:00:00+00:00,0.00000000
2025-06-30 19:00:00+00:00,0.00000000
2025-06-30 20:00:00+00:00,0.00000000
2025-06-30 21:00:00+00:00,0.00000000
2025-06-30 22:00:00+00:00,0.00000000
2025-06-30 23:00:00+00:00,0.00000000
2025-07-01 00:00:00+00:00,0.00000000
2025-07-01 01:00:00+00:00,0.00000000
2025-07-01 02:00:00+00:00,0.00000000
2025-07-01 03:00:00+00:00,0.00000000
2025-07-01 04:00:00+00:00,0.00000000
2025-07-01 05:00:00+00:00,0.00000000
2025-07-01 06:00:00+00:00,0.12990220
2025-07-01 07:00:00+00:00,0.38085399
2025-07-01 08:00:00+00:00,0.60585121
2025-07-01 09:00:00+00:00,0.78956066
2025-07-01 10:00:00+00:00,0.91946287
2025-07-01 11:00:00+00:00,0.98670519
2025-07-01 12:00:00+00:00,0.98670519
2025-07-01 13:00:00+00:00,0.91946287
2025-07-01 14:00:00+00:00,0.78956066
2025-07-01 15:00:00+00:00,0.60585121
2025-07-01 16:00:00+00:00,0.38085399
2025-07-01 17:00:00+00:00,0.12990220
2025-07-01 18:00:00+00:00,0.00000000
2025-07-01 19:00:00+00:00,0.00000000
2025-07-01 20:00:00+00:00,0.00000000
2025-07-01 21:00:00+00:00,0.00000000
2025-07-01 22:00:00+00:00,0.00000000
2025-07-01 23:00:00+00:00,0.00000000
2025-07-02 00:00:00+00:00,0.00000000
2025-07-02 01:00:00+00:00,0.00000000
2025-07-02 02:00:00+00:00,0.00000000
2025-07-02 03:00:00+00:00,0.00000000
2025-07-02 04:00:00+00:00,0.00000000
2025-07-02 05:00:00+00:00,0.00000000
2025-07-02 06:00:00+00:00,0.12978113
2025-07-02 07:00:00+00:00,0.38049901
2025-07-02 08:00:00+00:00,0.60528652
2025-07-02 09:00:00+00:00,0.78882475
2025-07-02 10:00:00+00:00,0.91860587
2025-07-02 11:00:00+00:00,0.98578553
2025-07-02 12:00:00+00:00,0.98578553
2025-07-02 13:00:00+00:00,0.91860587
2025-07-02 14:00:00+00:00,0.78882475
2025-07-02 15:00:00+00:00,0.60528652
2025-07-02 16:00:00+00:00,0.38049901
2025-07-02 17:00:00+00:00,0.12978113
2025-07-02 18:00:00+00:00,0.00000000
2025-07-02 19:00:00+00:00,0.00000000
2025-07-02 20:00:00+00:00,0.00000000
2025-07-02 21:00:00+00:00,0.00000000
2025-07-02 22:00:00+00:00,0.00000000
2025-07-02 23:00:00+00:00,0.00000000
2025-07-03 00:00:00+00:00,0.00000000
2025-07-03 01:00:00+00:00,0.00000000
2025-07-03 02:00:00+00:00,0.00000000
2025-07-03 03:00:00+00:00,0.00000000
2025-07-03 04:00:00+00:00,0.00000000
2025-07-03 05:00:00+00:00,0.00000000
2025-07-03 06:00:00+00:00,0.12964944
2025-07-03 07:00:00+00:00,0.38011293
2025-07-03 08:00:00+00:00,0.60467235
2025-07-03 09:00:00+00:00,0.78802435
2025-07-03 10:00:00+00:00,0.91767379
2025-07-03 11:00:00+00:00,0.98478528
2025-07-03 12:00:00+00:00,0.98478528
2025-07-03 13:00:00+00:00,0.91767379
2025-07-03 14:00:00+00:00,0.78802435
2025-07-03 15:00:00+00:00,0.60467235
2025-07-03 16:00:00+00:00,0.38011293
2025-07-03 17:00:00+00:00,0.12964944
2025-07-03 18:00:00+00:00,0.00000000
2025-07-03 19:00:00+00:00,0.00000000
2025-07-03 20:00:00+00:00,0.00000000
2025-07-03 21:00:00+00:00,0.00000000
2025-07-03 22:00:00+00:00,0.00000000
2025-07-03 23:00:00+00:00,0.00000000
2025-07-04 00:00:00+00:00,0.00000000
2025-07-04 01:00:00+00:00,0.00000000
2025-07-04 02:00:00+00:00,0.00000000
2025-07-04 03:00:00+00:00,0.00000000
2025-07-04 04:00:00+00:00,0.00000000
2025-07-04 05:00:00+00:00,0.00000000
2025-07-04 06:00:00+00:00,0.12950719
2025-07-04 07:00:00+00:00,0.37969586
2025-07-04 08:00:00+00:00,0.60400889
2025-07-04 09:00:00+00:00,0.78715971
2025-07-04 10:00:00+00:00,0.91666689
2025-07-04 11:00:00+00:00,0.98370475
2025-07-04 12:00:00+00:00,0.98370475
2025-07-04 13:00:00+00:00,0.91666689
2025-07-04 14:00:00+00:00,0.78715971
2025-07-04 15:00:00+00:00,0.60400889
2025-07-04 16:00:00+00:00,0.37969586
2025-07-04 17:00:00+00:00,0.12950719
2025-07-04 18:00:00+00:00,0.00000000
2025-07-04 19:00:00+00:00,0.00000000
2025-07-04 20:00:00+00:00,0.00000000
2025-07-04 21:00:00+00:00,0.00000000
2025-07-04 22:00:00+00:00,0.00000000
2025-07-04 23:00:00+00:00,0.00000000
2025-07-05 00:00:00+00:00,0.00000000
2025-07-05 01:00:00+00:00,0.00000000
2025-07-05 02:00:00+00:00,0.00000000
2025-07-05 03:00:00+00:00,0.00000000
2025-07-05 04:00:00+00:00,0.00000000
2025-07-05 05:00:00+00:00,0.00000000
2025-07-05 06:00:00+00:00,0.12935440
2025-07-05 07:00:00+00:00,0.37924792
2025-07-05 08:00:00+00:00,0.60329632
2025-07-05 09:00:00+00:00,0.78623107
2025-07-05 10:00:00+00:00,0.91558548
2025-07-05 11:00:00+00:00,0.98254424
2025-07-05 12:00:00+00:00,0.98254424
2025-07-05 13:00:00+00:00,0.91558548
2025-07-05 14:00:00+00:00,0.78623107
2025-07-05 15:00:00+00:00,0.60329632
2025-07-05 16:00:00+00:00,0.37924792
2025-07-05 17:00:00+00:00,0.12935440
2025-07-05 18:00:00+00:00,0.00000000
2025-07-05 19:00:00+00:00,0.00000000
2025-07-05 20:00:00+00:00,0.00000000
2025-07-05 21:00:00+00:00,0.00000000
2025-07-05 22:00:00+00:00,0.00000000
2025-07-05 23:00:00+00:00,0.00000000
2025-07-06 00:00:00+00:00,0.00000000
2025-07-06 01:00:00+00:00,0.00000000
2025-07-06 02:00:00+00:00,0.00000000
2025-07-06 03:00:00+00:00,0.00000000
2025-07-06 04:00:00+00:00,0.00000000
2025-07-06 05:00:00+00:00,0.00000000
2025-07-06 06:00:00+00:00,0.12919114
2025-07-06 07:00:00+00:00,0.37876925
2025-07-06 08:00:00+00:00,0.60253487
2025-07-06 09:00:00+00:00,0.78523873
2025-07-06 10:00:00+00:00,0.91442987
2025-07-06 11:00:00+00:00,0.98130412
2025-07-06 12:00:00+00:00,0.98130412
2025-07-06 13:00:00+00:00,0.91442987
2025-07-06 14:00:00+00:00,0.78523873
2025-07-06 15:00:00+00:00,0.60253487
2025-07-06 16:00:00+00:00,0.37876925
2025-07-06 17:00:00+00:00,0.12919114
2025-07-06 18:00:00+00:00,0.00000000
2025-07-06 19:00:00+00:00,0.00000000
2025-07-06 20:00:00+00:00,0.00000000
2025-07-06 21:00:00+00:00,0.00000000
2025-07-06 22:00:00+00:00,0.00000000
2025-07-06 23:00:00+00:00,0.00000000
2025-07-07 00:00:00+00:00,0.00000000
2025-07-07 01:00:00+00:00,0.00000000
2025-07-07 02:00:00+00:00,0.00000000
2025-07-07 03:00:00+00:00,0.00000000
2025-07-07 04:00:00+00:00,0.00000000
2025-07-07 05:00:00+00:00,0.00000000
2025-07-07 06:00:00+00:00,0.12901744
2025-07-07 07:00:00+00:00,0.37825999
2025-07-07 08:00:00+00:00,0.60172475
2025-07-07 09:00:00+00:00,0.78418296
2025-07-07 10:00:00+00:00,0.91320040
2025-07-07 11:00:00+00:00,0.97998474
2025-07-07 12:00:00+00:00,0.97998474
2025-07-07 13:00:00+00:00,0.91320040
2025-07-07 14:00:00+00:00,0.78418296
2025-07-07 15:00:00+00:00,0.60172475
2025-07-07 16:00:00+00:00,0.37825999
2025-07-07 17:00:00+00:00,0.12901744
2025-07-07 18:00:00+00:00,0.00000000
2025-07-07 19:00:00+00:00,0.00000000
2025-07-07 20:00:00+00:00,0.00000000
2025-07-07 21:00:00+00:00,0.00000000
2025-07-07 22:00:00+00:00,0.00000000
2025-07-07 23:00:00+00:00,0.00000000
2025-07-08 00:00:00+00:00,0.00000000
2025-07-08 01:00:00+00:00,0.00000000
2025-07-08 02:00:00+00:00,0.00000000
2025-07-08 03:00:00+00:00,0.00000000
2025-07-08 04:00:00+00:00,0.00000000
2025-07-08 05:00:00+00:00,0.00000000
2025-07-08 06:00:00+00:00,0.12883336
2025-07-08 07:00:00+00:00,0.37772029
2025-07-08 08:00:00+00:00,0.60086621
2025-07-08 09:00:00+00:00,0.78306409
2025-07-08 10:00:00+00:00,0.91189744
2025-07-08 11:00:00+00:00,0.97858649
2025-07-08 12:00:00+00:00,0.97858649
2025-07-08 13:00:00+00:00,0.91189744
2025-07-08 14:00:00+00:00,0.78306409
2025-07-08 15:00:00+00:00,0.60086621
2025-07-08 16:00:00+00:00,0.37772029
2025-07-08 17:00:00+00:00,0.12883336
2025-07-08 18:00:00+00:00,0.00000000
2025-07-08 19:00:00+00:00,0.00000000
2025-07-08 20:00:00+00:00,0.00000000
2025-07-08 21:00:00+00:00,0.00000000
2025-07-08 22:00:00+00:00,0.00000000
2025-07-08 23:00:00+00:00,0.00000000
2025-07-09 00:00:00+00:00,0.00000000
2025-07-09 01:00:00+00:00,0.00000000
2025-07-09 02:00:00+00:00,0.00000000
2025-07-09 03:00:00+00:00,0.00000000
2025-07-09 04:00:00+00:00,0.00000000
2025-07-09 05:00:00+00:00,0.00000000
2025-07-09 06:00:00+00:00,0.12863895
2025-07-09 07:00:00+00:00,0.37715031
2025-07-09 08:00:00+00:00,0.59995950
2025-07-09 09:00:00+00:00,0.78188244
2025-07-09 10:00:00+00:00,0.91052138
2025-07-09 11:00:00+00:00,0.97710980
2025-07-09 12:00:00+00:00,0.97710980
2025-07-09 13:00:00+00:00,0.91052138
2025-07-09 14:00:00+00:00,0.78188244
2025-07-09 15:00:00+00:00,0.59995950
2025-07-09 16:00:00+00:00,0.37715031
2025-07-09 17:00:00+00:00,0.12863895
2025-07-09 18:00:00+00:00,0.00000000
2025-07-09 19:00:00+00:00,0.00000000
2025-07-09 20:00:00+00:00,0.00000000
2025-07-09 21:00:00+00:00,0.00000000
2025-07-09 22:00:00+00:00,0.00000000
2025-07-09 23:00:00+00:00,0.00000000
2025-07-10 00:00:00+00:00,0.00000000
2025-07-10 01:00:00+00:00,0.00000000
2025-07-10 02:00:00+00:00,0.00000000
2025-07-10 03:00:00+00:00,0.00000000
2025-07-10 04:00:00+00:00,0.00000000
2025-07-10 05:00:00+00:00,0.00000000
2025-07-10 06:00:00+00:00,0.12843426
2025-07-10 07:00:00+00:00,0.37655021
2025-07-10 08:00:00+00:00,0.59900488
2025-07-10 09:00:00+00:00,0.78063836
2025-07-10 10:00:00+00:00,0.90907263
2025-07-10 11:00:00+00:00,0.97555509
2025-07-10 12:00:00+00:00,0.97555509
2025-07-10 13:00:00+00:00,0.90907263
2025-07-10 14:00:00+00:00,0.78063836
2025-07-10 15:00:00+00:00,0.59900488
2025-07-10 16:00:00+00:00,0.37655021
2025-07-10 17:00:00+00:00,0.12843426
2025-07-10 18:00:00+00:00,0.00000000
2025-07-10 19:00:00+00:00,0.00000000
2025-07-10 20:00:00+00:00,0.00000000
2025-07-10 21:00:00+00:00,0.00000000
2025-07-10 22:00:00+00:00,0.00000000
2025-07-10 23:00:00+00:00,0.00000000
2025-07-11 00:00:00+00:00,0.00000000
2025-07-11 01:00:00+00:00,0.00000000
2025-07-11 02:00:00+00:00,0.00000000
2025-07-11 03:00:00+00:00,0.00000000
2025-07-11 04:00:00+00:00,0.00000000
2025-07-11 05:00:00+00:00,0.00000000
2025-07-11 06:00:00+00:00,0.12821937
2025-07-11 07:00:00+00:00,0.37592018
2025-07-11 08:00:00+00:00,0.59800265
2025-07-11 09:00:00+00:00,0.77933223
2025-07-11 10:00:00+00:00,0.90755160
2025-07-11 11:00:00+00:00,0.97392284
2025-07-11 12:00:00+00:00,0.97392284
2025-07-11 13:00:00+00:00,0.90755160
2025-07-11 14:00:00+00:00,0.77933223
2025-07-11 15:00:00+00:00,0.59800265
2025-07-11 16:00:00+00:00,0.37592018
2025-07-11 17:00:00+00:00,0.12821937
2025-07-11 18:00:00+00:00,0.00000000
2025-07-11 19:00:00+00:00,0.00000000
2025-07-11 20:00:00+00:00,0.00000000
2025-07-11 21:00:00+00:00,0.00000000
2025-07-11 22:00:00+00:00,0.00000000
2025-07-11 23:00:00+00:00,0.00000000
2025-07-12 00:00:00+00:00,0.00000000
2025-07-12 01:00:00+00:00,0.00000000
2025-07-12 02:00:00+00:00,0.00000000
2025-07-12 03:00:00+00:00,0.00000000
2025-07-12 04:00:00+00:00,0.00000000
2025-07-12 05:00:00+00:00,0.00000000
2025-07-12 06:00:00+00:00,0.12799434
2025-07-12 07:00:00+00:00,0.37526041
2025-07-12 08:00:00+00:00,0.59695310
2025-07-12 09:00:00+00:00,0.77796443
2025-07-12 10:00:00+00:00,0.90595876
2025-07-12 11:00:00+00:00,0.97221351
2025-07-12 12:00:00+00:00,0.97221351
2025-07-12 13:00:00+00:00,0.90595876
2025-07-12 14:00:00+00:00,0.77796443
2025-07-12 15:00:00+00:00,0.59695310
2025-07-12 16:00:00+00:00,0.37526041
2025-07-12 17:00:00+00:00,0.12799434
2025-07-12 18:00:00+00:00,0.00000000
2025-07-12 19:00:00+00:00,0.00000000
2025-07-12 20:00:00+00:00,0.00000000
2025-07-12 21:00:00+00:00,0.00000000
2025-07-12 22:00:00+00:00,0.00000000
2025-07-12 23:00:00+00:00,0.00000000
2025-07-13 00:00:00+00:00,0.00000000
2025-07-13 01:00:00+00:00,0.00000000
2025-07-13 02:00:00+00:00,0.00000000
2025-07-13 03:00:00+00:00,0.00000000
2025-07-13 04:00:00+00:00,0.00000000
2025-07-13 05:00:00+00:00,0.00000000
2025-07-13 06:00:00+00:00,0.12775922
2025-07-13 07:00:00+00:00,0.37457108
2025-07-13 08:00:00+00:00,0.59585654
2025-07-13 09:00:00+00:00,0.77653536
2025-07-13 10:00:00+00:00,0.90429458
2025-07-13 11:00:00+00:00,0.97042762
2025-07-13 12:00:00+00:00,0.97042762
2025-07-13 13:00:00+00:00,0.90429458
2025-07-13 14:00:00+00:00,0.77653536
2025-07-13 15:00:00+00:00,0.59585654
2025-07-13 16:00:00+00:00,0.37457108
2025-07-13 17:00:00+00:00,0.12775922
2025-07-13 18:00:00+00:00,0.00000000
2025-07-13 19:00:00+00:00,0.00000000
2025-07-13 20:00:00+00:00,0.00000000
2025-07-13 21:00:00+00:00,0.00000000
2025-07-13 22:00:00+00:00,0.00000000
2025-07-13 23:00:00+00:00,0.00000000
2025-07-14 00:00:00+00:00,0.00000000
2025-07-14 01:00:00+00:00,0.00000000
2025-07-14 02:00:00+00:00,0.00000000
2025-07-14 03:00:00+00:00,0.00000000
2025-07-14 04:00:00+00:00,0.00000000
2025-07-14 05:00:00+00:00,0.00000000
2025-07-14 06:00:00+00:00,0.12751409
2025-07-14 07:00:00+00:00,0.37385241
2025-07-14 08:00:00+00:00,0.59471329
2025-07-14 09:00:00+00:00,0.77504545
2025-07-14 10:00:00+00:00,0.90255955
2025-07-14 11:00:00+00:00,0.96856570
2025-07-14 12:00:00+00:00,0.96856570
2025-07-14 13:00:00+00:00,0.90255955
2025-07-14 14:00:00+00:00,0.77504545
2025-07-14 15:00:00+00:00,0.59471329
2025-07-14 16:00:00+00:00,0.37385241
2025-07-14 17:00:00+00:00,0.12751409
2025-07-14 18:00:00+00:00,0.00000000
2025-07-14 19:00:00+00:00,0.00000000
2025-07-14 20:00:00+00:00,0.00000000
2025-07-14 21:00:00+00:00,0.00000000
2025-07-14 22:00:00+00:00,0.00000000
2025-07-14 23:00:00+00:00,0.00000000
2025-07-15 00:00:00+00:00,0.00000000
2025-07-15 01:00:00+00:00,0.00000000
2025-07-15 02:00:00+00:00,0.00000000
2025-07-15 03:00:00+00:00,0.00000000
2025-07-15 04:00:00+00:00,0.00000000
2025-07-15 05:00:00+00:00,0.00000000
2025-07-15 06:00:00+00:00,0.12725903
2025-07-15 07:00:00+00:00,0.37310460
2025-07-15 08:00:00+00:00,0.59352370
2025-07-15 09:00:00+00:00,0.77349515
2025-07-15 10:00:00+00:00,0.90075418
2025-07-15 11:00:00+00:00,0.96662830
2025-07-15 12:00:00+00:00,0.96662830
2025-07-15 13:00:00+00:00,0.90075418
2025-07-15 14:00:00+00:00,0.77349515
2025-07-15 15:00:00+00:00,0.59352370
2025-07-15 16:00:00+00:00,0.37310460
2025-07-15 17:00:00+00:00,0.12725903
2025-07-15 18:00:00+00:00,0.00000000
2025-07-15 19:00:00+00:00,0.00000000
2025-07-15 20:00:00+00:00,0.00000000
2025-07-15 21:00:00+00:00,0.00000000
2025-07-15 22:00:00+00:00,0.00000000
2025-07-15 23:00:00+00:00,0.00000000
2025-07-16 00:00:00+00:00,0.00000000
2025-07-16 01:00:00+00:00,0.00000000
2025-07-16 02:00:00+00:00,0.00000000
2025-07-16 03:00:00+00:00,0.00000000
2025-07-16 04:00:00+00:00,0.00000000
2025-07-16 05:00:00+00:00,0.00000000
2025-07-16 06:00:00+00:00,0.12699410
2025-07-16 07:00:00+00:00,0.37232788
2025-07-16 08:00:00+00:00,0.59228812
2025-07-16 09:00:00+00:00,0.77188490
2025-07-16 10:00:00+00:00,0.89887901
2025-07-16 11:00:00+00:00,0.96461599
2025-07-16 12:00:00+00:00,0.96461599
2025-07-16 13:00:00+00:00,0.89887901
2025-07-16 14:00:00+00:00,0.77188490
2025-07-16 15:00:00+00:00,0.59228812
2025-07-16 16:00:00+00:00,0.37232788
2025-07-16 17:00:00+00:00,0.12699410
2025-07-16 18:00:00+00:00,0.00000000
2025-07-16 19:00:00+00:00,0.00000000
2025-07-16 20:00:00+00:00,0.00000000
2025-07-16 21:00:00+00:00,0.00000000
2025-07-16 22:00:00+00:00,0.00000000
2025-07-16 23:00:00+00:00,0.00000000
2025-07-17 00:00:00+00:00,0.00000000
2025-07-17 01:00:00+00:00,0.00000000
2025-07-17 02:00:00+00:00,0.00000000
2025-07-17 03:00:00+00:00,0.00000000
2025-07-17 04:00:00+00:00,0.00000000
2025-07-17 05:00:00+00:00,0.00000000
2025-07-17 06:00:00+00:00,0.12671940
2025-07-17 07:00:00+00:00,0.37152247
2025-07-17 08:00:00+00:00,0.59100690
2025-07-17 09:00:00+00:00,0.77021519
2025-07-17 10:00:00+00:00,0.89693459
2025-07-17 11:00:00+00:00,0.96252937
2025-07-17 12:00:00+00:00,0.96252937
2025-07-17 13:00:00+00:00,0.89693459
2025-07-17 14:00:00+00:00,0.77021519
2025-07-17 15:00:00+00:00,0.59100690
2025-07-17 16:00:00+00:00,0.37152247
2025-07-17 17:00:00+00:00,0.12671940
2025-07-17 18:00:00+00:00,0.00000000
2025-07-17 19:00:00+00:00,0.00000000
2025-07-17 20:00:00+00:00,0.00000000
2025-07-17 21:00:00+00:00,0.00000000
2025-07-17 22:00:00+00:00,0.00000000
2025-07-17 23:00:00+00:00,0.00000000
2025-07-18 00:00:00+00:00,0.00000000
2025-07-18 01:00:00+00:00,0.00000000
2025-07-18 02:00:00+00:00,0.00000000
2025-07-18 03:00:00+00:00,0.00000000
2025-07-18 04:00:00+00:00,0.00000000
2025-07-18 05:00:00+00:00,0.00000000
2025-07-18 06:00:00+00:00,0.12643499
2025-07-18 07:00:00+00:00,0.37068862
2025-07-18 08:00:00+00:00,0.58968044
2025-07-18 09:00:00+00:00,0.76848651
2025-07-18 10:00:00+00:00,0.89492150
2025-07-18 11:00:00+00:00,0.96036906
2025-07-18 12:00:00+00:00,0.96036906
2025-07-18 13:00:00+00:00,0.89492150
2025-07-18 14:00:00+00:00,0.76848651
2025-07-18 15:00:00+00:00,0.58968044
2025-07-18 16:00:00+00:00,0.37068862
2025-07-18 17:00:00+00:00,0.12643499
2025-07-18 18:00:00+00:00,0.00000000
2025-07-18 19:00:00+00:00,0.00000000
2025-07-18 20:00:00+00:00,0.00000000
2025-07-18 21:00:00+00:00,0.00000000
2025-07-18 22:00:00+00:00,0.00000000
2025-07-18 23:00:00+00:00,0.00000000
2025-07-19 00:00:00+00:00,0.00000000
2025-07-19 01:00:00+00:00,0.00000000
2025-07-19 02:00:00+00:00,0.00000000
2025-07-19 03:00:00+00:00,0.00000000
2025-07-19 04:00:00+00:00,0.00000000
2025-07-19 05:00:00+00:00,0.00000000
2025-07-19 06:00:00+00:00,0.12614096
2025-07-19 07:00:00+00:00,0.36982658
2025-07-19 08:00:00+00:00,0.58830913
2025-07-19 09:00:00+00:00,0.76669938
2025-07-19 10:00:00+00:00,0.89284034
2025-07-19 11:00:00+00:00,0.95813570
2025-07-19 12:00:00+00:00,0.95813570
2025-07-19 13:00:00+00:00,0.89284034
2025-07-19 14:00:00+00:00,0.76669938
2025-07-19 15:00:00+00:00,0.58830913
2025-07-19 16:00:00+00:00,0.36982658
2025-07-19 17:00:00+00:00,0.12614096
2025-07-19 18:00:00+00:00,0.00000000
2025-07-19 19:00:00+00:00,0.00000000
2025-07-19 20:00:00+00:00,0.00000000
2025-07-19 21:00:00+00:00,0.00000000
2025-07-19 22:00:00+00:00,0.00000000
2025-07-19 23:00:00+00:00,0.00000000
2025-07-20 00:00:00+00:00,0.00000000
2025-07-20 01:00:00+00:00,0.00000000
2025-07-20 02:00:00+00:00,0.00000000
2025-07-20 03:00:00+00:00,0.00000000
2025-07-20 04:00:00+00:00,0.00000000
2025-07-20 05:00:00+00:00,0.00000000
2025-07-20 06:00:00+00:00,0.12583740
2025-07-20 07:00:00+00:00,0.36893659
2025-07-20 08:00:00+00:00,0.58689336
2025-07-20 09:00:00+00:00,0.76485432
2025-07-20 10:00:00+00:00,0.89069172
2025-07-20 11:00:00+00:00,0.95582995
2025-07-20 12:00:00+00:00,0.95582995
2025-07-20 13:00:00+00:00,0.89069172
2025-07-20 14:00:00+00:00,0.76485432
2025-07-20 15:00:00+00:00,0.58689336
2025-07-20 16:00:00+00:00,0.36893659
2025-07-20 17:00:00+00:00,0.12583740
2025-07-20 18:00:00+00:00,0.00000000
2025-07-20 19:00:00+00:00,0.00000000
2025-07-20 20:00:00+00:00,0.00000000
2025-07-20 21:00:00+00:00,0.00000000
2025-07-20 22:00:00+00:00,0.00000000
2025-07-20 23:00:00+00:00,0.00000000
2025-07-21 00:00:00+00:00,0.00000000
2025-07-21 01:00:00+00:00,0.00000000
2025-07-21 02:00:00+00:00,0.00000000
2025-07-21 03:00:00+00:00,0.00000000
2025-07-21 04:00:00+00:00,0.00000000
2025-07-21 05:00:00+00:00,0.00000000
2025-07-21 06:00:00+00:00,0.12552440
2025-07-21 07:00:00+00:00,0.36801893
2025-07-21 08:00:00+00:00,0.58543357
2025-07-21 09:00:00+00:00,0.76295188
2025-07-21 10:00:00+00:00,0.88847628
2025-07-21 11:00:00+00:00,0.95345249
2025-07-21 12:00:00+00:00,0.95345249
2025-07-21 13:00:00+00:00,0.88847628
2025-07-21 14:00:00+00:00,0.76295188
2025-07-21 15:00:00+00:00,0.58543357
2025-07-21 16:00:00+00:00,0.36801893
2025-07-21 17:00:00+00:00,0.12552440
2025-07-21 18:00:00+00:00,0.00000000
2025-07-21 19:00:00+00:00,0.00000000
2025-07-21 20:00:00+00:00,0.00000000
2025-07-21 21:00:00+00:00,0.00000000
2025-07-21 22:00:00+00:00,0.00000000
2025-07-21 23:00:00+00:00,0.00000000
2025-07-22 00:00:00+00:00,0.00000000
2025-07-22 01:00:00+00:00,0.00000000
2025-07-22 02:00:00+00:00,0.00000000
2025-07-22 03:00:00+00:00,0.00000000
2025-07-22 04:00:00+00:00,0.00000000
2025-07-22 05:00:00+00:00,0.00000000
2025-07-22 06:00:00+00:00,0.12520206
2025-07-22 07:00:00+00:00,0.36707385
2025-07-22 08:00:00+00:00,0.58393018
2025-07-22 09:00:00+00:00,0.76099262
2025-07-22 10:00:00+00:00,0.88619468
2025-07-22 11:00:00+00:00,0.95100403
2025-07-22 12:00:00+00:00,0.95100403
2025-07-22 13:00:00+00:00,0.88619468
2025-07-22 14:00:00+00:00,0.76099262
2025-07-22 15:00:00+00:00,0.58393018
2025-07-22 16:00:00+00:00,0.36707385
2025-07-22 17:00:00+00:00,0.12520206
2025-07-22 18:00:00+00:00,0.00000000
2025-07-22 19:00:00+00:00,0.00000000
2025-07-22 20:00:00+00:00,0.00000000
2025-07-22 21:00:00+00:00,0.00000000
2025-07-22 22:00:00+00:00,0.00000000
2025-07-22 23:00:00+00:00,0.00000000
2025-07-23 00:00:00+00:00,0.00000000
2025-07-23 01:00:00+00:00,0.00000000
2025-07-23 02:00:00+00:00,0.00000000
2025-07-23 03:00:00+00:00,0.00000000
2025-07-23 04:00:00+00:00,0.00000000
2025-07-23 05:00:00+00:00,0.00000000
2025-07-23 06:00:00+00:00,0.12487046
2025-07-23 07:00:00+00:00,0.36610166
2025-07-23 08:00:00+00:00,0.58238364
2025-07-23 09:00:00+00:00,0.75897713
2025-07-23 10:00:00+00:00,0.88384759
2025-07-23 11:00:00+00:00,0.94848529
2025-07-23 12:00:00+00:00,0.94848529
2025-07-23 13:00:00+00:00,0.88384759
2025-07-23 14:00:00+00:00,0.75897713
2025-07-23 15:00:00+00:00,0.58238364
2025-07-23 16:00:00+00:00,0.36610166
2025-07-23 17:00:00+00:00,0.12487046
2025-07-23 18:00:00+00:00,0.00000000
2025-07-23 19:00:00+00:00,0.00000000
2025-07-23 20:00:00+00:00,0.00000000
2025-07-23 21:00:00+00:00,0.00000000
2025-07-23 22:00:00+00:00,0.00000000
2025-07-23 23:00:00+00:00,0.00000000
2025-07-24 00:00:00+00:00,0.00000000
2025-07-24 01:00:00+00:00,0.00000000
2025-07-24 02:00:00+00:00,0.00000000
2025-07-24 03:00:00+00:00,0.00000000
2025-07-24 04:00:00+00:00,0.00000000
2025-07-24 05:00:00+00:00,0.00000000
2025-07-24 06:00:00+00:00,0.12452971
2025-07-24 07:00:00+00:00,0.36510262
2025-07-24 08:00:00+00:00,0.58079440
2025-07-24 09:00:00+00:00,0.75690600
2025-07-24 10:00:00+00:00,0.88143571
2025-07-24 11:00:00+00:00,0.94589703
2025-07-24 12:00:00+00:00,0.94589703
2025-07-24 13:00:00+00:00,0.88143571
2025-07-24 14:00:00+00:00,0.75690600
2025-07-24 15:00:00+00:00,0.58079440
2025-07-24 16:00:00+00:00,0.36510262
2025-07-24 17:00:00+00:00,0.12452971
2025-07-24 18:00:00+00:00,0.00000000
2025-07-24 19:00:00+00:00,0.00000000
2025-07-24 20:00:00+00:00,0.00000000
2025-07-24 21:00:00+00:00,0.00000000
2025-07-24 22:00:00+00:00,0.00000000
2025-07-24 23:00:00+00:00,0.00000000
2025-07-25 00:00:00+00:00,0.00000000
2025-07-25 01:00:00+00:00,0.00000000
2025-07-25 02:00:00+00:00,0.00000000
2025-07-25 03:00:00+00:00,0.00000000
2025-07-25 04:00:00+00:00,0.00000000
2025-07-25 05:00:00+00:00,0.00000000
2025-07-25 06:00:00+00:00,0.12417990
2025-07-25 07:00:00+00:00,0.36407705
2025-07-25 08:00:00+00:00,0.57916295
2025-07-25 09:00:00+00:00,0.75477985
2025-07-25 10:00:00+00:00,0.87895975
2025-07-25 11:00:00+00:00,0.94323999
2025-07-25 12:00:00+00:00,0.94323999
2025-07-25 13:00:00+00:00,0.87895975
2025-07-25 14:00:00+00:00,0.75477985
2025-07-25 15:00:00+00:00,0.57916295
2025-07-25 16:00:00+00:00,0.36407705
2025-07-25 17:00:00+00:00,0.12417990
2025-07-25 18:00:00+00:00,0.00000000
2025-07-25 19:00:00+00:00,0.00000000
2025-07-25 20:00:00+00:00,0.00000000
2025-07-25 21:00:00+00:00,0.00000000
2025-07-25 22:00:00+00:00,0.00000000
2025-07-25 23:00:00+00:00,0.00000000
2025-07-26 00:00:00+00:00,0.00000000
2025-07-26 01:00:00+00:00,0.00000000
2025-07-26 02:00:00+00:00,0.00000000
2025-07-26 03:00:00+00:00,0.00000000
2025-07-26 04:00:00+00:00,0.00000000
2025-07-26 05:00:00+00:00,0.00000000
2025-07-26 06:00:00+00:00,0.12382115
2025-07-26 07:00:00+00:00,0.36302523
2025-07-26 08:00:00+00:00,0.57748975
2025-07-26 09:00:00+00:00,0.75259930
2025-07-26 10:00:00+00:00,0.87642045
2025-07-26 11:00:00+00:00,0.94051499
2025-07-26 12:00:00+00:00,0.94051499
2025-07-26 13:00:00+00:00,0.87642045
2025-07-26 14:00:00+00:00,0.75259930
2025-07-26 15:00:00+00:00,0.57748975
2025-07-26 16:00:00+00:00,0.36302523
2025-07-26 17:00:00+00:00,0.12382115
2025-07-26 18:00:00+00:00,0.00000000
2025-07-26 19:00:00+00:00,0.00000000
2025-07-26 20:00:00+00:00,0.00000000
2025-07-26 21:00:00+00:00,0.00000000
2025-07-26 22:00:00+00:00,0.00000000
2025-07-26 23:00:00+00:00,0.00000000
2025-07-27 00:00:00+00:00,0.00000000
2025-07-27 01:00:00+00:00,0.00000000
2025-07-27 02:00:00+00:00,0.00000000
2025-07-27 03:00:00+00:00,0.00000000
2025-07-27 04:00:00+00:00,0.00000000
2025-07-27 05:00:00+00:00,0.00000000
2025-07-27 06:00:00+00:00,0.12345355
2025-07-27 07:00:00+00:00,0.36194750
2025-07-27 08:00:00+00:00,0.57577532
2025-07-27 09:00:00+00:00,0.75036500
2025-07-27 10:00:00+00:00,0.87381855
2025-07-27 11:00:00+00:00,0.93772281
2025-07-27 12:00:00+00:00,0.93772281
2025-07-27 13:00:00+00:00,0.87381855
2025-07-27 14:00:00+00:00,0.75036500
2025-07-27 15:00:00+00:00,0.57577532
2025-07-27 16:00:00+00:00,0.36194750
2025-07-27 17:00:00+00:00,0.12345355
2025-07-27 18:00:00+00:00,0.00000000
2025-07-27 19:00:00+00:00,0.00000000
2025-07-27 20:00:00+00:00,0.00000000
2025-07-27 21:00:00+00:00,0.00000000
2025-07-27 22:00:00+00:00,0.00000000
2025-07-27 23:00:00+00:00,0.00000000
2025-07-28 00:00:00+00:00,0.00000000
2025-07-28 01:00:00+00:00,0.00000000
2025-07-28 02:00:00+00:00,0.00000000
2025-07-28 03:00:00+00:00,0.00000000
2025-07-28 04:00:00+00:00,0.00000000
2025-07-28 05:00:00+00:00,0.00000000
2025-07-28 06:00:00+00:00,0.12307722
2025-07-28 07:00:00+00:00,0.36084415
2025-07-28 08:00:00+00:00,0.57402015
2025-07-28 09:00:00+00:00,0.74807762
2025-07-28 10:00:00+00:00,0.87115484
2025-07-28 11:00:00+00:00,0.93486429
2025-07-28 12:00:00+00:00,0.93486429
2025-07-28 13:00:00+00:00,0.87115484
2025-07-28 14:00:00+00:00,0.74807762
2025-07-28 15:00:00+00:00,0.57402015
2025-07-28 16:00:00+00:00,0.36084415
2025-07-28 17:00:00+00:00,0.12307722
2025-07-28 18:00:00+00:00,0.00000000
2025-07-28 19:00:00+00:00,0.00000000
2025-07-28 20:00:00+00:00,0.00000000
2025-07-28 21:00:00+00:00,0.00000000
2025-07-28 22:00:00+00:00,0.00000000
2025-07-28 23:00:00+00:00,0.00000000
2025-07-29 00:00:00+00:00,0.00000000
2025-07-29 01:00:00+00:00,0.00000000
2025-07-29 02:00:00+00:00,0.00000000
2025-07-29 03:00:00+00:00,0.00000000
2025-07-29 04:00:00+00:00,0.00000000
2025-07-29 05:00:00+00:00,0.00000000
2025-07-29 06:00:00+00:00,0.12269227
2025-07-29 07:00:00+00:00,0.35971552
2025-07-29 08:00:00+00:00,0.57222476
2025-07-29 09:00:00+00:00,0.74573783
2025-07-29 10:00:00+00:00,0.86843009
2025-07-29 11:00:00+00:00,0.93194028
2025-07-29 12:00:00+00:00,0.93194028
2025-07-29 13:00:00+00:00,0.86843009
2025-07-29 14:00:00+00:00,0.74573783
2025-07-29 15:00:00+00:00,0.57222476
2025-07-29 16:00:00+00:00,0.35971552
2025-07-29 17:00:00+00:00,0.12269227
2025-07-29 18:00:00+00:00,0.00000000
2025-07-29 19:00:00+00:00,0.00000000
2025-07-29 20:00:00+00:00,0.00000000
2025-07-29 21:00:00+00:00,0.00000000
2025-07-29 22:00:00+00:00,0.00000000
2025-07-29 23:00:00+00:00,0.00000000
2025-07-30 00:00:00+00:00,0.00000000
2025-07-30 01:00:00+00:00,0.00000000
2025-07-30 02:00:00+00:00,0.00000000
2025-07-30 03:00:00+00:00,0.00000000
2025-07-30 04:00:00+00:00,0.00000000
2025-07-30 05:00:00+00:00,0.00000000
2025-07-30 06:00:00+00:00,0.12229880
2025-07-30 07:00:00+00:00,0.35856195
2025-07-30 08:00:00+00:00,0.57038969
2025-07-30 09:00:00+00:00,0.74334632
2025-07-30 10:00:00+00:00,0.86564513
2025-07-30 11:00:00+00:00,0.92895164
2025-07-30 12:00:00+00:00,0.92895164
2025-07-30 13:00:00+00:00,0.86564513
2025-07-30 14:00:00+00:00,0.74334632
2025-07-30 15:00:00+00:00,0.57038969
2025-07-30 16:00:00+00:00,0.35856195
2025-07-30 17:00:00+00:00,0.12229880
2025-07-30 18:00:00+00:00,0.00000000
2025-07-30 19:00:00+00:00,0.00000000
2025-07-30 20:00:00+00:00,0.00000000
2025-07-30 21:00:00+00:00,0.00000000
2025-07-30 22:00:00+00:00,0.00000000
2025-07-30 23:00:00+00:00,0.00000000
2025-07-31 00:00:00+00:00,0.00000000
2025-07-31 01:00:00+00:00,0.00000000
2025-07-31 02:00:00+00:00,0.00000000
2025-07-31 03:00:00+00:00,0.00000000
2025-07-31 04:00:00+00:00,0.00000000
2025-07-31 05:00:00+00:00,0.00000000
2025-07-31 06:00:00+00:00,0.12189695
2025-07-31 07:00:00+00:00,0.35738378
2025-07-31 08:00:00+00:00,0.56851549
2025-07-31 09:00:00+00:00,0.74090381
2025-07-31 10:00:00+00:00,0.86280076
2025-07-31 11:00:00+00:00,0.92589926
2025-07-31 12:00:00+00:00,0.92589926
2025-07-31 13:00:00+00:00,0.86280076
2025-07-31 14:00:00+00:00,0.74090381
2025-07-31 15:00:00+00:00,0.56851549
2025-07-31 16:00:00+00:00,0.35738378
2025-07-31 17:00:00+00:00,0.12189695
2025-07-31 18:00:00+00:00,0.00000000
2025-07-31 19:00:00+00:00,0.00000000
2025-07-31 20:00:00+00:00,0.00000000
2025-07-31 21:00:00+00:00,0.00000000
2025-07-31 22:00:00+00:00,0.00000000
2025-07-31 23:00:00+00:00,0.00000000
2025-08-01 00:00:00+00:00,0.00000000
2025-08-01 01:00:00+00:00,0.00000000
2025-08-01 02:00:00+00:00,0.00000000
2025-08-01 03:00:00+00:00,0.00000000
2025-08-01 04:00:00+00:00,0.00000000
2025-08-01 05:00:00+00:00,0.00000000
2025-08-01 06:00:00+00:00,0.12148682
2025-08-01 07:00:00+00:00,0.35618135
2025-08-01 08:00:00+00:00,0.56660270
2025-08-01 09:00:00+00:00,0.73841101
2025-08-01 10:00:00+00:00,0.85989784
2025-08-01 11:00:00+00:00,0.92278404
2025-08-01 12:00:00+00:00,0.92278404
2025-08-01 13:00:00+00:00,0.85989784
2025-08-01 14:00:00+00:00,0.73841101
2025-08-01 15:00:00+00:00,0.56660270
2025-08-01 16:00:00+00:00,0.35618135
2025-08-01 17:00:00+00:00,0.12148682
2025-08-01 18:00:00+00:00,0.00000000
2025-08-01 19:00:00+00:00,0.00000000
2025-08-01 20:00:00+00:00,0.00000000
2025-08-01 21:00:00+00:00,0.00000000
2025-08-01 22:00:00+00:00,0.00000000
2025-08-01 23:00:00+00:00,0.00000000
2025-08-02 00:00:00+00:00,0.00000000
2025-08-02 01:00:00+00:00,0.00000000
2025-08-02 02:00:00+00:00,0.00000000
2025-08-02 03:00:00+00:00,0.00000000
2025-08-02 04:00:00+00:00,0.00000000
2025-08-02 05:00:00+00:00,0.00000000
2025-08-02 06:00:00+00:00,0.12106855
2025-08-02 07:00:00+00:00,0.35495502
2025-08-02 08:00:00+00:00,0.56465189
2025-08-02 09:00:00+00:00,0.73586867
2025-08-02 10:00:00+00:00,0.85693722
2025-08-02 11:00:00+00:00,0.91960691
2025-08-02 12:00:00+00:00,0.91960691
2025-08-02 13:00:00+00:00,0.85693722
2025-08-02 14:00:00+00:00,0.73586867
2025-08-02 15:00:00+00:00,0.56465189
2025-08-02 16:00:00+00:00,0.35495502
2025-08-02 17:00:00+00:00,0.12106855
2025-08-02 18:00:00+00:00,0.00000000
2025-08-02 19:00:00+00:00,0.00000000
2025-08-02 20:00:00+00:00,0.00000000
2025-08-02 21:00:00+00:00,0.00000000
2025-08-02 22:00:00+00:00,0.00000000
2025-08-02 23:00:00+00:00,0.00000000
2025-08-03 00:00:00+00:00,0.00000000
2025-08-03 01:00:00+00:00,0.00000000
2025-08-03 02:00:00+00:00,0.00000000
2025-08-03 03:00:00+00:00,0.00000000
2025-08-03 04:00:00+00:00,0.00000000
2025-08-03 05:00:00+00:00,0.00000000
2025-08-03 06:00:00+00:00,0.12064224
2025-08-03 07:00:00+00:00,0.35370516
2025-08-03 08:00:00+00:00,0.56266365
2025-08-03 09:00:00+00:00,0.73327754
2025-08-03 10:00:00+00:00,0.85391979
2025-08-03 11:00:00+00:00,0.91636880
2025-08-03 12:00:00+00:00,0.91636880
2025-08-03 13:00:00+00:00,0.85391979
2025-08-03 14:00:00+00:00,0.73327754
2025-08-03 15:00:00+00:00,0.56266365
2025-08-03 16:00:00+00:00,0.35370516
2025-08-03 17:00:00+00:00,0.12064224
2025-08-03 18:00:00+00:00,0.00000000
2025-08-03 19:00:00+00:00,0.00000000
2025-08-03 20:00:00+00:00,0.00000000
2025-08-03 21:00:00+00:00,0.00000000
2025-08-03 22:00:00+00:00,0.00000000
2025-08-03 23:00:00+00:00,0.00000000
2025-08-04 00:00:00+00:00,0.00000000
2025-08-04 01:00:00+00:00,0.00000000
2025-08-04 02:00:00+00:00,0.00000000
2025-08-04 03:00:00+00:00,0.00000000
2025-08-04 04:00:00+00:00,0.00000000
2025-08-04 05:00:00+00:00,0.00000000
2025-08-04 06:00:00+00:00,0.12020804
2025-08-04 07:00:00+00:00,0.35243213
2025-08-04 08:00:00+00:00,0.56063856
2025-08-04 09:00:00+00:00,0.73063839
2025-08-04 10:00:00+00:00,0.85084643
2025-08-04 11:00:00+00:00,0.91307068
2025-08-04 12:00:00+00:00,0.91307068
2025-08-04 13:00:00+00:00,0.85084643
2025-08-04 14:00:00+00:00,0.73063839
2025-08-04 15:00:00+00:00,0.56063856
2025-08-04 16:00:00+00:00,0.35243213
2025-08-04 17:00:00+00:00,0.12020804
2025-08-04 18:00:00+00:00,0.00000000
2025-08-04 19:00:00+00:00,0.00000000
2025-08-04 20:00:00+00:00,0.00000000
2025-08-04 21:00:00+00:00,0.00000000
2025-08-04 22:00:00+00:00,0.00000000
2025-08-04 23:00:00+00:00,0.00000000
2025-08-05 00:00:00+00:00,0.00000000
2025-08-05 01:00:00+00:00,0.00000000
2025-08-05 02:00:00+00:00,0.00000000
2025-08-05 03:00:00+00:00,0.00000000
2025-08-05 04:00:00+00:00,0.00000000
2025-08-05 05:00:00+00:00,0.00000000
2025-08-05 06:00:00+00:00,0.11976606
2025-08-05 07:00:00+00:00,0.35113632
2025-08-05 08:00:00+00:00,0.55857721
2025-08-05 09:00:00+00:00,0.72795200
2025-08-05 10:00:00+00:00,0.84771806
2025-08-05 11:00:00+00:00,0.90971353
2025-08-05 12:00:00+00:00,0.90971353
2025-08-05 13:00:00+00:00,0.84771806
2025-08-05 14:00:00+00:00,0.72795200
2025-08-05 15:00:00+00:00,0.55857721
2025-08-05 16:00:00+00:00,0.35113632
2025-08-05 17:00:00+00:00,0.11976606
2025-08-05 18:00:00+00:00,0.00000000
2025-08-05 19:00:00+00:00,0.00000000
2025-08-05 20:00:00+00:00,0.00000000
2025-08-05 21:00:00+00:00,0.00000000
2025-08-05 22:00:00+00:00,0.00000000
2025-08-05 23:00:00+00:00,0.00000000
2025-08-06 00:00:00+00:00,0.00000000
2025-08-06 01:00:00+00:00,0.00000000
2025-08-06 02:00:00+00:00,0.00000000
2025-08-06 03:00:00+00:00,0.00000000
2025-08-06 04:00:00+00:00,0.00000000
2025-08-06 05:00:00+00:00,0.00000000
2025-08-06 06:00:00+00:00,0.11931644
2025-08-06 07:00:00+00:00,0.34981810
2025-08-06 08:00:00+00:00,0.55648023
2025-08-06 09:00:00+00:00,0.72521916
2025-08-06 10:00:00+00:00,0.84453560
2025-08-06 11:00:00+00:00,0.90629833
2025-08-06 12:00:00+00:00,0.90629833
2025-08-06 13:00:00+00:00,0.84453560
2025-08-06 14:00:00+00:00,0.72521916
2025-08-06 15:00:00+00:00,0.55648023
2025-08-06 16:00:00+00:00,0.34981810
2025-08-06 17:00:00+00:00,0.11931644
2025-08-06 18:00:00+00:00,0.00000000
2025-08-06 19:00:00+00:00,0.00000000
2025-08-06 20:00:00+00:00,0.00000000
2025-08-06 21:00:00+00:00,0.00000000
2025-08-06 22:00:00+00:00,0.00000000
2025-08-06 23:00:00+00:00,0.00000000
2025-08-07 00:00:00+00:00,0.00000000
2025-08-07 01:00:00+00:00,0.00000000
2025-08-07 02:00:00+00:00,0.00000000
2025-08-07 03:00:00+00:00,0.00000000
2025-08-07 04:00:00+00:00,0.00000000
2025-08-07 05:00:00+00:00,0.00000000
2025-08-07 06:00:00+00:00,0.11885931
2025-08-07 07:00:00+00:00,0.34847787
2025-08-07 08:00:00+00:00,0.55434824
2025-08-07 09:00:00+00:00,0.72244069
2025-08-07 10:00:00+00:00,0.84130000
2025-08-07 11:00:00+00:00,0.90282610
2025-08-07 12:00:00+00:00,0.90282610
2025-08-07 13:00:00+00:00,0.84130000
2025-08-07 14:00:00+00:00,0.72244069
2025-08-07 15:00:00+00:00,0.55434824
2025-08-07 16:00:00+00:00,0.34847787
2025-08-07 17:00:00+00:00,0.11885931
2025-08-07 18:00:00+00:00,0.00000000
2025-08-07 19:00:00+00:00,0.00000000
2025-08-07 20:00:00+00:00,0.00000000
2025-08-07 21:00:00+00:00,0.00000000
2025-08-07 22:00:00+00:00,0.00000000
2025-08-07 23:00:00+00:00,0.00000000
2025-08-08 00:00:00+00:00,0.00000000
2025-08-08 01:00:00+00:00,0.00000000
2025-08-08 02:00:00+00:00,0.00000000
2025-08-08 03:00:00+00:00,0.00000000
2025-08-08 04:00:00+00:00,0.00000000
2025-08-08 05:00:00+00:00,0.00000000
2025-08-08 06:00:00+00:00,0.11839481
2025-08-08 07:00:00+00:00,0.34711602
2025-08-08 08:00:00+00:00,0.55218185
2025-08-08 09:00:00+00:00,0.71961740
2025-08-08 10:00:00+00:00,0.83801221
2025-08-08 11:00:00+00:00,0.89929788
2025-08-08 12:00:00+00:00,0.89929788
2025-08-08 13:00:00+00:00,0.83801221
2025-08-08 14:00:00+00:00,0.71961740
2025-08-08 15:00:00+00:00,0.55218185
2025-08-08 16:00:00+00:00,0.34711602
2025-08-08 17:00:00+00:00,0.11839481
2025-08-08 18:00:00+00:00,0.00000000
2025-08-08 19:00:00+00:00,0.00000000
2025-08-08 20:00:00+00:00,0.00000000
2025-08-08 21:00:00+00:00,0.00000000
2025-08-08 22:00:00+00:00,0.00000000
2025-08-08 23:00:00+00:00,0.00000000
2025-08-09 00:00:00+00:00,0.00000000
2025-08-09 01:00:00+00:00,0.00000000
2025-08-09 02:00:00+00:00,0.00000000
2025-08-09 03:00:00+00:00,0.00000000
2025-08-09 04:00:00+00:00,0.00000000
2025-08-09 05:00:00+00:00,0.00000000
2025-08-09 06:00:00+00:00,0.11792308
2025-08-09 07:00:00+00:00,0.34573297
2025-08-09 08:00:00+00:00,0.54998173
2025-08-09 09:00:00+00:00,0.71675014
2025-08-09 10:00:00+00:00,0.83467322
2025-08-09 11:00:00+00:00,0.89571469
2025-08-09 12:00:00+00:00,0.89571469
2025-08-09 13:00:00+00:00,0.83467322
2025-08-09 14:00:00+00:00,0.71675014
2025-08-09 15:00:00+00:00,0.54998173
2025-08-09 16:00:00+00:00,0.34573297
2025-08-09 17:00:00+00:00,0.11792308
2025-08-09 18:00:00+00:00,0.00000000
2025-08-09 19:00:00+00:00,0.00000000
2025-08-09 20:00:00+00:00,0.00000000
2025-08-09 21:00:00+00:00,0.00000000
2025-08-09 22:00:00+00:00,0.00000000
2025-08-09 23:00:00+00:00,0.00000000
2025-08-10 00:00:00+00:00,0.00000000
2025-08-10 01:00:00+00:00,0.00000000
2025-08-10 02:00:00+00:00,0.00000000
2025-08-10 03:00:00+00:00,0.00000000
2025-08-10 04:00:00+00:00,0.00000000
2025-08-10 05:00:00+00:00,0.00000000
2025-08-10 06:00:00+00:00,0.11744425
2025-08-10 07:00:00+00:00,0.34432911
2025-08-10 08:00:00+00:00,0.54774851
2025-08-10 09:00:00+00:00,0.71383976
2025-08-10 10:00:00+00:00,0.83128400
2025-08-10 11:00:00+00:00,0.89207762
2025-08-10 12:00:00+00:00,0.89207762
2025-08-10 13:00:00+00:00,0.83128400
2025-08-10 14:00:00+00:00,0.71383976
2025-08-10 15:00:00+00:00,0.54774851
2025-08-10 16:00:00+00:00,0.34432911
2025-08-10 17:00:00+00:00,0.11744425
2025-08-10 18:00:00+00:00,0.00000000
2025-08-10 19:00:00+00:00,0.00000000
2025-08-10 20:00:00+00:00,0.00000000
2025-08-10 21:00:00+00:00,0.00000000
2025-08-10 22:00:00+00:00,0.00000000
2025-08-10 23:00:00+00:00,0.00000000
2025-08-11 00:00:00+00:00,0.00000000
2025-08-11 01:00:00+00:00,0.00000000
2025-08-11 02:00:00+00:00,0.00000000
2025-08-11 03:00:00+00:00,0.00000000
2025-08-11 04:00:00+00:00,0.00000000
2025-08-11 05:00:00+00:00,0.00000000
2025-08-11 06:00:00+00:00,0.11695846
2025-08-11 07:00:00+00:00,0.34290486
2025-08-11 08:00:00+00:00,0.54548286
2025-08-11 09:00:00+00:00,0.71088711
2025-08-11 10:00:00+00:00,0.82784557
2025-08-11 11:00:00+00:00,0.88838773
2025-08-11 12:00:00+00:00,0.88838773
2025-08-11 13:00:00+00:00,0.82784557
2025-08-11 14:00:00+00:00,0.71088711
2025-08-11 15:00:00+00:00,0.54548286
2025-08-11 16:00:00+00:00,0.34290486
2025-08-11 17:00:00+00:00,0.11695846
2025-08-11 18:00:00+00:00,0.00000000
2025-08-11 19:00:00+00:00,0.00000000
2025-08-11 20:00:00+00:00,0.00000000
2025-08-11 21:00:00+00:00,0.00000000
2025-08-11 22:00:00+00:00,0.00000000
2025-08-11 23:00:00+00:00,0.00000000
2025-08-12 00:00:00+00:00,0.00000000
2025-08-12 01:00:00+00:00,0.00000000
2025-08-12 02:00:00+00:00,0.00000000
2025-08-12 03:00:00+00:00,0.00000000
2025-08-12 04:00:00+00:00,0.00000000
2025-08-12 05:00:00+00:00,0.00000000
2025-08-12 06:00:00+00:00,0.11646587
2025-08-12 07:00:00+00:00,0.34146065
2025-08-12 08:00:00+00:00,0.54318546
2025-08-12 09:00:00+00:00,0.70789307
2025-08-12 10:00:00+00:00,0.82435894
2025-08-12 11:00:00+00:00,0.88464611
2025-08-12 12:00:00+00:00,0.88464611
2025-08-12 13:00:00+00:00,0.82435894
2025-08-12 14:00:00+00:00,0.70789307
2025-08-12 15:00:00+00:00,0.54318546
2025-08-12 16:00:00+00:00,0.34146065
2025-08-12 17:00:00+00:00,0.11646587
2025-08-12 18:00:00+00:00,0.00000000
2025-08-12 19:00:00+00:00,0.00000000
2025-08-12 20:00:00+00:00,0.00000000
2025-08-12 21:00:00+00:00,0.00000000
2025-08-12 22:00:00+00:00,0.00000000
2025-08-12 23:00:00+00:00,0.00000000
2025-08-13 00:00:00+00:00,0.00000000
2025-08-13 01:00:00+00:00,0.00000000
2025-08-13 02:00:00+00:00,0.00000000
2025-08-13 03:00:00+00:00,0.00000000
2025-08-13 04:00:00+00:00,0.00000000
2025-08-13 05:00:00+00:00,0.00000000
2025-08-13 06:00:00+00:00,0.11596661
2025-08-13 07:00:00+00:00,0.33999691
2025-08-13 08:00:00+00:00,0.54085698
2025-08-13 09:00:00+00:00,0.70485853
2025-08-13 10:00:00+00:00,0.82082515
2025-08-13 11:00:00+00:00,0.88085388
2025-08-13 12:00:00+00:00,0.88085388
2025-08-13 13:00:00+00:00,0.82082515
2025-08-13 14:00:00+00:00,0.70485853
2025-08-13 15:00:00+00:00,0.54085698
2025-08-13 16:00:00+00:00,0.33999691
2025-08-13 17:00:00+00:00,0.11596661
2025-08-13 18:00:00+00:00,0.00000000
2025-08-13 19:00:00+00:00,0.00000000
2025-08-13 20:00:00+00:00,0.00000000
2025-08-13 21:00:00+00:00,0.00000000
2025-08-13 22:00:00+00:00,0.00000000
2025-08-13 23:00:00+00:00,0.00000000
2025-08-14 00:00:00+00:00,0.00000000
2025-08-14 01:00:00+00:00,0.00000000
2025-08-14 02:00:00+00:00,0.00000000
2025-08-14 03:00:00+00:00,0.00000000
2025-08-14 04:00:00+00:00,0.00000000
2025-08-14 05:00:00+00:00,0.00000000
2025-08-14 06:00:00+00:00,0.11546084
2025-08-14 07:00:00+00:00,0.33851406
2025-08-14 08:00:00+00:00,0.53849811
2025-08-14 09:00:00+00:00,0.70178440
2025-08-14 10:00:00+00:00,0.81724524
2025-08-14 11:00:00+00:00,0.87701217
2025-08-14 12:00:00+00:00,0.87701217
2025-08-14 13:00:00+00:00,0.81724524
2025-08-14 14:00:00+00:00,0.70178440
2025-08-14 15:00:00+00:00,0.53849811
2025-08-14 16:00:00+00:00,0.33851406
2025-08-14 17:00:00+00:00,0.11546084
2025-08-14 18:00:00+00:00,0.00000000
2025-08-14 19:00:00+00:00,0.00000000
2025-08-14 20:00:00+00:00,0.00000000
2025-08-14 21:00:00+00:00,0.00000000
2025-08-14 22:00:00+00:00,0.00000000
2025-08-14 23:00:00+00:00,0.00000000
2025-08-15 00:00:00+00:00,0.00000000
2025-08-15 01:00:00+00:00,0.00000000
2025-08-15 02:00:00+00:00,0.00000000
2025-08-15 03:00:00+00:00,0.00000000
2025-08-15 04:00:00+00:00,0.00000000
2025-08-15 05:00:00+00:00,0.00000000
2025-08-15 06:00:00+00:00,0.11494871
2025-08-15 07:00:00+00:00,0.33701255
2025-08-15 08:00:00+00:00,0.53610955
2025-08-15 09:00:00+00:00,0.69867157
2025-08-15 10:00:00+00:00,0.81362027
2025-08-15 11:00:00+00:00,0.87312210
2025-08-15 12:00:00+00:00,0.87312210
2025-08-15 13:00:00+00:00,0.81362027
2025-08-15 14:00:00+00:00,0.69867157
2025-08-15 15:00:00+00:00,0.53610955
2025-08-15 16:00:00+00:00,0.33701255
2025-08-15 17:00:00+00:00,0.11494871
2025-08-15 18:00:00+00:00,0.00000000
2025-08-15 19:00:00+00:00,0.00000000
2025-08-15 20:00:00+00:00,0.00000000
2025-08-15 21:00:00+00:00,0.00000000
2025-08-15 22:00:00+00:00,0.00000000
2025-08-15 23:00:00+00:00,0.00000000
2025-08-16 00:00:00+00:00,0.00000000
2025-08-16 01:00:00+00:00,0.00000000
2025-08-16 02:00:00+00:00,0.00000000
2025-08-16 03:00:00+00:00,0.00000000
2025-08-16 04:00:00+00:00,0.00000000
2025-08-16 05:00:00+00:00,0.00000000
2025-08-16 06:00:00+00:00,0.11443035
2025-08-16 07:00:00+00:00,0.33549282
2025-08-16 08:00:00+00:00,0.53369201
2025-08-16 09:00:00+00:00,0.69552097
2025-08-16 10:00:00+00:00,0.80995132
2025-08-16 11:00:00+00:00,0.86918483
2025-08-16 12:00:00+00:00,0.86918483
2025-08-16 13:00:00+00:00,0.80995132
2025-08-16 14:00:00+00:00,0.69552097
2025-08-16 15:00:00+00:00,0.53369201
2025-08-16 16:00:00+00:00,0.33549282
2025-08-16 17:00:00+00:00,0.11443035
2025-08-16 18:00:00+00:00,0.00000000
2025-08-16 19:00:00+00:00,0.00000000
2025-08-16 20:00:00+00:00,0.00000000
2025-08-16 21:00:00+00:00,0.00000000
2025-08-16 22:00:00+00:00,0.00000000
2025-08-16 23:00:00+00:00,0.00000000
2025-08-17 00:00:00+00:00,0.00000000
2025-08-17 01:00:00+00:00,0.00000000
2025-08-17 02:00:00+00:00,0.00000000
2025-08-17 03:00:00+00:00,0.00000000
2025-08-17 04:00:00+00:00,0.00000000
2025-08-17 05:00:00+00:00,0.00000000
2025-08-17 06:00:00+00:00,0.11390594
2025-08-17 07:00:00+00:00,0.33395533
2025-08-17 08:00:00+00:00,0.53124621
2025-08-17 09:00:00+00:00,0.69233354
2025-08-17 10:00:00+00:00,0.80623948
2025-08-17 11:00:00+00:00,0.86520153
2025-08-17 12:00:00+00:00,0.86520153
2025-08-17 13:00:00+00:00,0.80623948
2025-08-17 14:00:00+00:00,0.69233354
2025-08-17 15:00:00+00:00,0.53124621
2025-08-17 16:00:00+00:00,0.33395533
2025-08-17 17:00:00+00:00,0.11390594
2025-08-17 18:00:00+00:00,0.00000000
2025-08-17 19:00:00+00:00,0.00000000
2025-08-17 20:00:00+00:00,0.00000000
2025-08-17 21:00:00+00:00,0.00000000
2025-08-17 22:00:00+00:00,0.00000000
2025-08-17 23:00:00+00:00,0.00000000
2025-08-18 00:00:00+00:00,0.00000000
2025-08-18 01:00:00+00:00,0.00000000
2025-08-18 02:00:00+00:00,0.00000000
2025-08-18 03:00:00+00:00,0.00000000
2025-08-18 04:00:00+00:00,0.00000000
2025-08-18 05:00:00+00:00,0.00000000
2025-08-18 06:00:00+00:00,0.11337563
2025-08-18 07:00:00+00:00,0.33240052
2025-08-18 08:00:00+00:00,0.52877286
2025-08-18 09:00:00+00:00,0.68911021
2025-08-18 10:00:00+00:00,0.80248584
2025-08-18 11:00:00+00:00,0.86117338
2025-08-18 12:00:00+00:00,0.86117338
2025-08-18 13:00:00+00:00,0.80248584
2025-08-18 14:00:00+00:00,0.68911021
2025-08-18 15:00:00+00:00,0.52877286
2025-08-18 16:00:00+00:00,0.33240052
2025-08-18 17:00:00+00:00,0.11337563
2025-08-18 18:00:00+00:00,0.00000000
2025-08-18 19:00:00+00:00,0.00000000
2025-08-18 20:00:00+00:00,0.00000000
2025-08-18 21:00:00+00:00,0.00000000
2025-08-18 22:00:00+00:00,0.00000000
2025-08-18 23:00:00+00:00,0.00000000
2025-08-19 00:00:00+00:00,0.00000000
2025-08-19 01:00:00+00:00,0.00000000
2025-08-19 02:00:00+00:00,0.00000000
2025-08-19 03:00:00+00:00,0.00000000
2025-08-19 04:00:00+00:00,0.00000000
2025-08-19 05:00:00+00:00,0.00000000
2025-08-19 06:00:00+00:00,0.11283956
2025-08-19 07:00:00+00:00,0.33082886
2025-08-19 08:00:00+00:00,0.52627271
2025-08-19 09:00:00+00:00,0.68585196
2025-08-19 10:00:00+00:00,0.79869152
2025-08-19 11:00:00+00:00,0.85710157
2025-08-19 12:00:00+00:00,0.85710157
2025-08-19 13:00:00+00:00,0.79869152
2025-08-19 14:00:00+00:00,0.68585196
2025-08-19 15:00:00+00:00,0.52627271
2025-08-19 16:00:00+00:00,0.33082886
2025-08-19 17:00:00+00:00,0.11283956
2025-08-19 18:00:00+00:00,0.00000000
2025-08-19 19:00:00+00:00,0.00000000
2025-08-19 20:00:00+00:00,0.00000000
2025-08-19 21:00:00+00:00,0.00000000
2025-08-19 22:00:00+00:00,0.00000000
2025-08-19 23:00:00+00:00,0.00000000
2025-08-20 00:00:00+00:00,0.00000000
2025-08-20 01:00:00+00:00,0.00000000
2025-08-20 02:00:00+00:00,0.00000000
2025-08-20 03:00:00+00:00,0.00000000
2025-08-20 04:00:00+00:00,0.00000000
2025-08-20 05:00:00+00:00,0.00000000
2025-08-20 06:00:00+00:00,0.11229791
2025-08-20 07:00:00+00:00,0.32924081
2025-08-20 08:00:00+00:00,0.52374650
2025-08-20 09:00:00+00:00,0.68255973
2025-08-20 10:00:00+00:00,0.79485764
2025-08-20 11:00:00+00:00,0.85298731
2025-08-20 12:00:00+00:00,0.85298731
2025-08-20 13:00:00+00:00,0.79485764
2025-08-20 14:00:00+00:00,0.68255973
2025-08-20 15:00:00+00:00,0.52374650
2025-08-20 16:00:00+00:00,0.32924081
2025-08-20 17:00:00+00:00,0.11229791
2025-08-20 18:00:00+00:00,0.00000000
2025-08-20 19:00:00+00:00,0.00000000
2025-08-20 20:00:00+00:00,0.00000000
2025-08-20 21:00:00+00:00,0.00000000
2025-08-20 22:00:00+00:00,0.00000000
2025-08-20 23:00:00+00:00,0.00000000
2025-08-21 00:00:00+00:00,0.00000000
2025-08-21 01:00:00+00:00,0.00000000
2025-08-21 02:00:00+00:00,0.00000000
2025-08-21 03:00:00+00:00,0.00000000
2025-08-21 04:00:00+00:00,0.00000000
2025-08-21 05:00:00+00:00,0.00000000
2025-08-21 06:00:00+00:00,0.11175083
2025-08-21 07:00:00+00:00,0.32763685
2025-08-21 08:00:00+00:00,0.52119497
2025-08-21 09:00:00+00:00,0.67923451
2025-08-21 10:00:00+00:00,0.79098534
2025-08-21 11:00:00+00:00,0.84883182
2025-08-21 12:00:00+00:00,0.84883182
2025-08-21 13:00:00+00:00,0.79098534
2025-08-21 14:00:00+00:00,0.67923451
2025-08-21 15:00:00+00:00,0.52119497
2025-08-21 16:00:00+00:00,0.32763685
2025-08-21 17:00:00+00:00,0.11175083
2025-08-21 18:00:00+00:00,0.00000000
2025-08-21 19:00:00+00:00,0.00000000
2025-08-21 20:00:00+00:00,0.00000000
2025-08-21 21:00:00+00:00,0.00000000
2025-08-21 22:00:00+00:00,0.00000000
2025-08-21 23:00:00+00:00,0.00000000
2025-08-22 00:00:00+00:00,0.00000000
2025-08-22 01:00:00+00:00,0.00000000
2025-08-22 02:00:00+00:00,0.00000000
2025-08-22 03:00:00+00:00,0.00000000
2025-08-22 04:00:00+00:00,0.00000000
2025-08-22 05:00:00+00:00,0.00000000
2025-08-22 06:00:00+00:00,0.11119848
2025-08-22 07:00:00+00:00,0.32601745
2025-08-22 08:00:00+00:00,0.51861887
2025-08-22 09:00:00+00:00,0.67587728
2025-08-22 10:00:00+00:00,0.78707576
2025-08-22 11:00:00+00:00,0.84463633
2025-08-22 12:00:00+00:00,0.84463633
2025-08-22 13:00:00+00:00,0.78707576
2025-08-22 14:00:00+00:00,0.67587728
2025-08-22 15:00:00+00:00,0.51861887
2025-08-22 16:00:00+00:00,0.32601745
2025-08-22 17:00:00+00:00,0.11119848
2025-08-22 18:00:00+00:00,0.00000000
2025-08-22 19:00:00+00:00,0.00000000
2025-08-22 20:00:00+00:00,0.00000000
2025-08-22 21:00:00+00:00,0.00000000
2025-08-22 22:00:00+00:00,0.00000000
2025-08-22 23:00:00+00:00,0.00000000
2025-08-23 00:00:00+00:00,0.00000000
2025-08-23 01:00:00+00:00,0.00000000
2025-08-23 02:00:00+00:00,0.00000000
2025-08-23 03:00:00+00:00,0.00000000
2025-08-23 04:00:00+00:00,0.00000000
2025-08-23 05:00:00+00:00,0.00000000
2025-08-23 06:00:00+00:00,0.11064103
2025-08-23 07:00:00+00:00,0.32438309
2025-08-23 08:00:00+00:00,0.51601898
2025-08-23 09:00:00+00:00,0.67248903
2025-08-23 10:00:00+00:00,0.78313007
2025-08-23 11:00:00+00:00,0.84040208
2025-08-23 12:00:00+00:00,0.84040208
2025-08-23 13:00:00+00:00,0.78313007
2025-08-23 14:00:00+00:00,0.67248903
2025-08-23 15:00:00+00:00,0.51601898
2025-08-23 16:00:00+00:00,0.32438309
2025-08-23 17:00:00+00:00,0.11064103
2025-08-23 18:00:00+00:00,0.00000000
2025-08-23 19:00:00+00:00,0.00000000
2025-08-23 20:00:00+00:00,0.00000000
2025-08-23 21:00:00+00:00,0.00000000
2025-08-23 22:00:00+00:00,0.00000000
2025-08-23 23:00:00+00:00,0.00000000
2025-08-24 00:00:00+00:00,0.00000000
2025-08-24 01:00:00+00:00,0.00000000
2025-08-24 02:00:00+00:00,0.00000000
2025-08-24 03:00:00+00:00,0.00000000
2025-08-24 04:00:00+00:00,0.00000000
2025-08-24 05:00:00+00:00,0.00000000
2025-08-24 06:00:00+00:00,0.11007865
2025-08-24 07:00:00+00:00,0.32273426
2025-08-24 08:00:00+00:00,0.51339607
2025-08-24 09:00:00+00:00,0.66907078
2025-08-24 10:00:00+00:00,0.77914942
2025-08-24 11:00:00+00:00,0.83613032
2025-08-24 12:00:00+00:00,0.83613032
2025-08-24 13:00:00+00:00,0.77914942
2025-08-24 14:00:00+00:00,0.66907078
2025-08-24 15:00:00+00:00,0.51339607
2025-08-24 16:00:00+00:00,0.32273426
2025-08-24 17:00:00+00:00,0.11007865
2025-08-24 18:00:00+00:00,0.00000000
2025-08-24 19:00:00+00:00,0.00000000
2025-08-24 20:00:00+00:00,0.00000000
2025-08-24 21:00:00+00:00,0.00000000
2025-08-24 22:00:00+00:00,0.00000000
2025-08-24 23:00:00+00:00,0.00000000
2025-08-25 00:00:00+00:00,0.00000000
2025-08-25 01:00:00+00:00,0.00000000
2025-08-25 02:00:00+00:00,0.00000000
2025-08-25 03:00:00+00:00,0.00000000
2025-08-25 04:00:00+00:00,0.00000000
2025-08-25 05:00:00+00:00,0.00000000
2025-08-25 06:00:00+00:00,0.10951149
2025-08-25 07:00:00+00:00,0.32107144
2025-08-25 08:00:00+00:00,0.51075090
2025-08-25 09:00:00+00:00,0.66562353
2025-08-25 10:00:00+00:00,0.77513502
2025-08-25 11:00:00+00:00,0.83182233
2025-08-25 12:00:00+00:00,0.83182233
2025-08-25 13:00:00+00:00,0.77513502
2025-08-25 14:00:00+00:00,0.66562353
2025-08-25 15:00:00+00:00,0.51075090
2025-08-25 16:00:00+00:00,0.32107144
2025-08-25 17:00:00+00:00,0.10951149
2025-08-25 18:00:00+00:00,0.00000000
2025-08-25 19:00:00+00:00,0.00000000
2025-08-25 20:00:00+00:00,0.00000000
2025-08-25 21:00:00+00:00,0.00000000
2025-08-25 22:00:00+00:00,0.00000000
2025-08-25 23:00:00+00:00,0.00000000
2025-08-26 00:00:00+00:00,0.00000000
2025-08-26 01:00:00+00:00,0.00000000
2025-08-26 02:00:00+00:00,0.00000000
2025-08-26 03:00:00+00:00,0.00000000
2025-08-26 04:00:00+00:00,0.00000000
2025-08-26 05:00:00+00:00,0.00000000
2025-08-26 06:00:00+00:00,0.10893973
2025-08-26 07:00:00+00:00,0.31939512
2025-08-26 08:00:00+00:00,0.50808426
2025-08-26 09:00:00+00:00,0.66214830
2025-08-26 10:00:00+00:00,0.77108803
2025-08-26 11:00:00+00:00,0.82747938
2025-08-26 12:00:00+00:00,0.82747938
2025-08-26 13:00:00+00:00,0.77108803
2025-08-26 14:00:00+00:00,0.66214830
2025-08-26 15:00:00+00:00,0.50808426
2025-08-26 16:00:00+00:00,0.31939512
2025-08-26 17:00:00+00:00,0.10893973
2025-08-26 18:00:00+00:00,0.00000000
2025-08-26 19:00:00+00:00,0.00000000
2025-08-26 20:00:00+00:00,0.00000000
2025-08-26 21:00:00+00:00,0.00000000
2025-08-26 22:00:00+00:00,0.00000000
2025-08-26 23:00:00+00:00,0.00000000
2025-08-27 00:00:00+00:00,0.00000000
2025-08-27 01:00:00+00:00,0.00000000
2025-08-27 02:00:00+00:00,0.00000000
2025-08-27 03:00:00+00:00,0.00000000
2025-08-27 04:00:00+00:00,0.00000000
2025-08-27 05:00:00+00:00,0.00000000
2025-08-27 06:00:00+00:00,0.10836353
2025-08-27 07:00:00+00:00,0.31770581
2025-08-27 08:00:00+00:00,0.50539695
2025-08-27 09:00:00+00:00,0.65864613
2025-08-27 10:00:00+00:00,0.76700966
2025-08-27 11:00:00+00:00,0.82310276
2025-08-27 12:00:00+00:00,0.82310276
2025-08-27 13:00:00+00:00,0.76700966
2025-08-27 14:00:00+00:00,0.65864613
2025-08-27 15:00:00+00:00,0.50539695
2025-08-27 16:00:00+00:00,0.31770581
2025-08-27 17:00:00+00:00,0.10836353
2025-08-27 18:00:00+00:00,0.00000000
2025-08-27 19:00:00+00:00,0.00000000
2025-08-27 20:00:00+00:00,0.00000000
2025-08-27 21:00:00+00:00,0.00000000
2025-08-27 22:00:00+00:00,0.00000000
2025-08-27 23:00:00+00:00,0.00000000
2025-08-28 00:00:00+00:00,0.00000000
2025-08-28 01:00:00+00:00,0.00000000
2025-08-28 02:00:00+00:00,0.00000000
2025-08-28 03:00:00+00:00,0.00000000
2025-08-28 04:00:00+00:00,0.00000000
2025-08-28 05:00:00+00:00,0.00000000
2025-08-28 06:00:00+00:00,0.10778308
2025-08-28 07:00:00+00:00,0.31600399
2025-08-28 08:00:00+00:00,0.50268976
2025-08-28 09:00:00+00:00,0.65511805
2025-08-28 10:00:00+00:00,0.76290113
2025-08-28 11:00:00+00:00,0.81869375
2025-08-28 12:00:00+00:00,0.81869375
2025-08-28 13:00:00+00:00,0.76290113
2025-08-28 14:00:00+00:00,0.65511805
2025-08-28 15:00:00+00:00,0.50268976
2025-08-28 16:00:00+00:00,0.31600399
2025-08-28 17:00:00+00:00,0.10778308
2025-08-28 18:00:00+00:00,0.00000000
2025-08-28 19:00:00+00:00,0.00000000
2025-08-28 20:00:00+00:00,0.00000000
2025-08-28 21:00:00+00:00,0.00000000
2025-08-28 22:00:00+00:00,0.00000000
2025-08-28 23:00:00+00:00,0.00000000
2025-08-29 00:00:00+00:00,0.00000000
2025-08-29 01:00:00+00:00,0.00000000
2025-08-29 02:00:00+00:00,0.00000000
2025-08-29 03:00:00+00:00,0.00000000
2025-08-29 04:00:00+00:00,0.00000000
2025-08-29 05:00:00+00:00,0.00000000
2025-08-29 06:00:00+00:00,0.10719853
2025-08-29 07:00:00+00:00,0.31429019
2025-08-29 08:00:00+00:00,0.49996349
2025-08-29 09:00:00+00:00,0.65156511
2025-08-29 10:00:00+00:00,0.75876364
2025-08-29 11:00:00+00:00,0.81425368
2025-08-29 12:00:00+00:00,0.81425368
2025-08-29 13:00:00+00:00,0.75876364
2025-08-29 14:00:00+00:00,0.65156511
2025-08-29 15:00:00+00:00,0.49996349
2025-08-29 16:00:00+00:00,0.31429019
2025-08-29 17:00:00+00:00,0.10719853
2025-08-29 18:00:00+00:00,0.00000000
2025-08-29 19:00:00+00:00,0.00000000
2025-08-29 20:00:00+00:00,0.00000000
2025-08-29 21:00:00+00:00,0.00000000
2025-08-29 22:00:00+00:00,0.00000000
2025-08-29 23:00:00+00:00,0.00000000
2025-08-30 00:00:00+00:00,0.00000000
2025-08-30 01:00:00+00:00,0.00000000
2025-08-30 02:00:00+00:00,0.00000000
2025-08-30 03:00:00+00:00,0.00000000
2025-08-30 04:00:00+00:00,0.00000000
2025-08-30 05:00:00+00:00,0.00000000
2025-08-30 06:00:00+00:00,0.10661007
2025-08-30 07:00:00+00:00,0.31256490
2025-08-30 08:00:00+00:00,0.49721895
2025-08-30 09:00:00+00:00,0.64798836
2025-08-30 10:00:00+00:00,0.75459842
2025-08-30 11:00:00+00:00,0.80978385
2025-08-30 12:00:00+00:00,0.80978385
2025-08-30 13:00:00+00:00,0.75459842
2025-08-30 14:00:00+00:00,0.64798836
2025-08-30 15:00:00+00:00,0.49721895
2025-08-30 16:00:00+00:00,0.31256490
2025-08-30 17:00:00+00:00,0.10661007
2025-08-30 18:00:00+00:00,0.00000000
2025-08-30 19:00:00+00:00,0.00000000
2025-08-30 20:00:00+00:00,0.00000000
2025-08-30 21:00:00+00:00,0.00000000
2025-08-30 22:00:00+00:00,0.00000000
2025-08-30 23:00:00+00:00,0.00000000
2025-08-31 00:00:00+00:00,0.00000000
2025-08-31 01:00:00+00:00,0.00000000
2025-08-31 02:00:00+00:00,0.00000000
2025-08-31 03:00:00+00:00,0.00000000
2025-08-31 04:00:00+00:00,0.00000000
2025-08-31 05:00:00+00:00,0.00000000
2025-08-31 06:00:00+00:00,0.10601786
2025-08-31 07:00:00+00:00,0.31082864
2025-08-31 08:00:00+00:00,0.49445696
2025-08-31 09:00:00+00:00,0.64438885
2025-08-31 10:00:00+00:00,0.75040671
2025-08-31 11:00:00+00:00,0.80528560
2025-08-31 12:00:00+00:00,0.80528560
2025-08-31 13:00:00+00:00,0.75040671
2025-08-31 14:00:00+00:00,0.64438885
2025-08-31 15:00:00+00:00,0.49445696
2025-08-31 16:00:00+00:00,0.31082864
2025-08-31 17:00:00+00:00,0.10601786
2025-08-31 18:00:00+00:00,0.00000000
2025-08-31 19:00:00+00:00,0.00000000
2025-08-31 20:00:00+00:00,0.00000000
2025-08-31 21:00:00+00:00,0.00000000
2025-08-31 22:00:00+00:00,0.00000000
2025-08-31 23:00:00+00:00,0.00000000
2025-09-01 00:00:00+00:00,0.00000000
2025-09-01 01:00:00+00:00,0.00000000
2025-09-01 02:00:00+00:00,0.00000000
2025-09-01 03:00:00+00:00,0.00000000
2025-09-01 04:00:00+00:00,0.00000000
2025-09-01 05:00:00+00:00,0.00000000
2025-09-01 06:00:00+00:00,0.10542209
2025-09-01 07:00:00+00:00,0.30908192
2025-09-01 08:00:00+00:00,0.49167833
2025-09-01 09:00:00+00:00,0.64076767
2025-09-01 10:00:00+00:00,0.74618976
2025-09-01 11:00:00+00:00,0.80076024
2025-09-01 12:00:00+00:00,0.80076024
2025-09-01 13:00:00+00:00,0.74618976
2025-09-01 14:00:00+00:00,0.64076767
2025-09-01 15:00:00+00:00,0.49167833
2025-09-01 16:00:00+00:00,0.30908192
2025-09-01 17:00:00+00:00,0.10542209
2025-09-01 18:00:00+00:00,0.00000000
2025-09-01 19:00:00+00:00,0.00000000
2025-09-01 20:00:00+00:00,0.00000000
2025-09-01 21:00:00+00:00,0.00000000
2025-09-01 22:00:00+00:00,0.00000000
2025-09-01 23:00:00+00:00,0.00000000
2025-09-02 00:00:00+00:00,0.00000000
2025-09-02 01:00:00+00:00,0.00000000
2025-09-02 02:00:00+00:00,0.00000000
2025-09-02 03:00:00+00:00,0.00000000
2025-09-02 04:00:00+00:00,0.00000000
2025-09-02 05:00:00+00:00,0.00000000
2025-09-02 06:00:00+00:00,0.10482292
2025-09-02 07:00:00+00:00,0.30732525
2025-09-02 08:00:00+00:00,0.48888388
2025-09-02 09:00:00+00:00,0.63712587
2025-09-02 10:00:00+00:00,0.74194880
2025-09-02 11:00:00+00:00,0.79620913
2025-09-02 12:00:00+00:00,0.79620913
2025-09-02 13:00:00+00:00,0.74194880
2025-09-02 14:00:00+00:00,0.63712587
2025-09-02 15:00:00+00:00,0.48888388
2025-09-02 16:00:00+00:00,0.30732525
2025-09-02 17:00:00+00:00,0.10482292
2025-09-02 18:00:00+00:00,0.00000000
2025-09-02 19:00:00+00:00,0.00000000
2025-09-02 20:00:00+00:00,0.00000000
2025-09-02 21:00:00+00:00,0.00000000
2025-09-02 22:00:00+00:00,0.00000000
2025-09-02 23:00:00+00:00,0.00000000
2025-09-03 00:00:00+00:00,0.00000000
2025-09-03 01:00:00+00:00,0.00000000
2025-09-03 02:00:00+00:00,0.00000000
2025-09-03 03:00:00+00:00,0.00000000
2025-09-03 04:00:00+00:00,0.00000000
2025-09-03 05:00:00+00:00,0.00000000
2025-09-03 06:00:00+00:00,0.10422054
2025-09-03 07:00:00+00:00,0.30555917
2025-09-03 08:00:00+00:00,0.48607444
2025-09-03 09:00:00+00:00,0.63346455
2025-09-03 10:00:00+00:00,0.73768509
2025-09-03 11:00:00+00:00,0.79163361
2025-09-03 12:00:00+00:00,0.79163361
2025-09-03 13:00:00+00:00,0.73768509
2025-09-03 14:00:00+00:00,0.63346455
2025-09-03 15:00:00+00:00,0.48607444
2025-09-03 16:00:00+00:00,0.30555917
2025-09-03 17:00:00+00:00,0.10422054
2025-09-03 18:00:00+00:00,0.00000000
2025-09-03 19:00:00+00:00,0.00000000
2025-09-03 20:00:00+00:00,0.00000000
2025-09-03 21:00:00+00:00,0.00000000
2025-09-03 22:00:00+00:00,0.00000000
2025-09-03 23:00:00+00:00,0.00000000
2025-09-04 00:00:00+00:00,0.00000000
2025-09-04 01:00:00+00:00,0.00000000
2025-09-04 02:00:00+00:00,0.00000000
2025-09-04 03:00:00+00:00,0.00000000
2025-09-04 04:00:00+00:00,0.00000000
2025-09-04 05:00:00+00:00,0.00000000
2025-09-04 06:00:00+00:00,0.10361513
2025-09-04 07:00:00+00:00,0.30378419
2025-09-04 08:00:00+00:00,0.48325086
2025-09-04 09:00:00+00:00,0.62978478
2025-09-04 10:00:00+00:00,0.73339991
2025-09-04 11:00:00+00:00,0.78703504
2025-09-04 12:00:00+00:00,0.78703504
2025-09-04 13:00:00+00:00,0.73339991
2025-09-04 14:00:00+00:00,0.62978478
2025-09-04 15:00:00+00:00,0.48325086
2025-09-04 16:00:00+00:00,0.30378419
2025-09-04 17:00:00+00:00,0.10361513
2025-09-04 18:00:00+00:00,0.00000000
2025-09-04 19:00:00+00:00,0.00000000
2025-09-04 20:00:00+00:00,0.00000000
2025-09-04 21:00:00+00:00,0.00000000
2025-09-04 22:00:00+00:00,0.00000000
2025-09-04 23:00:00+00:00,0.00000000
2025-09-05 00:00:00+00:00,0.00000000
2025-09-05 01:00:00+00:00,0.00000000
2025-09-05 02:00:00+00:00,0.00000000
2025-09-05 03:00:00+00:00,0.00000000
2025-09-05 04:00:00+00:00,0.00000000
2025-09-05 05:00:00+00:00,0.00000000
2025-09-05 06:00:00+00:00,0.10300686
2025-09-05 07:00:00+00:00,0.30200083
2025-09-05 08:00:00+00:00,0.48041395
2025-09-05 09:00:00+00:00,0.62608765
2025-09-05 10:00:00+00:00,0.72909451
2025-09-05 11:00:00+00:00,0.78241478
2025-09-05 12:00:00+00:00,0.78241478
2025-09-05 13:00:00+00:00,0.72909451
2025-09-05 14:00:00+00:00,0.62608765
2025-09-05 15:00:00+00:00,0.48041395
2025-09-05 16:00:00+00:00,0.30200083
2025-09-05 17:00:00+00:00,0.10300686
2025-09-05 18:00:00+00:00,0.00000000
2025-09-05 19:00:00+00:00,0.00000000
2025-09-05 20:00:00+00:00,0.00000000
2025-09-05 21:00:00+00:00,0.00000000
2025-09-05 22:00:00+00:00,0.00000000
2025-09-05 23:00:00+00:00,0.00000000
2025-09-06 00:00:00+00:00,0.00000000
2025-09-06 01:00:00+00:00,0.00000000
2025-09-06 02:00:00+00:00,0.00000000
2025-09-06 03:00:00+00:00,0.00000000
2025-09-06 04:00:00+00:00,0.00000000
2025-09-06 05:00:00+00:00,0.00000000
2025-09-06 06:00:00+00:00,0.10239592
2025-09-06 07:00:00+00:00,0.30020964
2025-09-06 08:00:00+00:00,0.47756457
2025-09-06 09:00:00+00:00,0.62237426
2025-09-06 10:00:00+00:00,0.72477018
2025-09-06 11:00:00+00:00,0.77777420
2025-09-06 12:00:00+00:00,0.77777420
2025-09-06 13:00:00+00:00,0.72477018
2025-09-06 14:00:00+00:00,0.62237426
2025-09-06 15:00:00+00:00,0.47756457
2025-09-06 16:00:00+00:00,0.30020964
2025-09-06 17:00:00+00:00,0.10239592
2025-09-06 18:00:00+00:00,0.00000000
2025-09-06 19:00:00+00:00,0.00000000
2025-09-06 20:00:00+00:00,0.00000000
2025-09-06 21:00:00+00:00,0.00000000
2025-09-06 22:00:00+00:00,0.00000000
2025-09-06 23:00:00+00:00,0.00000000
2025-09-07 00:00:00+00:00,0.00000000
2025-09-07 01:00:00+00:00,0.00000000
2025-09-07 02:00:00+00:00,0.00000000
2025-09-07 03:00:00+00:00,0.00000000
2025-09-07 04:00:00+00:00,0.00000000
2025-09-07 05:00:00+00:00,0.00000000
2025-09-07 06:00:00+00:00,0.10178248
2025-09-07 07:00:00+00:00,0.29841113
2025-09-07 08:00:00+00:00,0.47470355
2025-09-07 09:00:00+00:00,0.61864571
2025-09-07 10:00:00+00:00,0.72042819
2025-09-07 11:00:00+00:00,0.77311468
2025-09-07 12:00:00+00:00,0.77311468
2025-09-07 13:00:00+00:00,0.72042819
2025-09-07 14:00:00+00:00,0.61864571
2025-09-07 15:00:00+00:00,0.47470355
2025-09-07 16:00:00+00:00,0.29841113
2025-09-07 17:00:00+00:00,0.10178248
2025-09-07 18:00:00+00:00,0.00000000
2025-09-07 19:00:00+00:00,0.00000000
2025-09-07 20:00:00+00:00,0.00000000
2025-09-07 21:00:00+00:00,0.00000000
2025-09-07 22:00:00+00:00,0.00000000
2025-09-07 23:00:00+00:00,0.00000000
2025-09-08 00:00:00+00:00,0.00000000
2025-09-08 01:00:00+00:00,0.00000000
2025-09-08 02:00:00+00:00,0.00000000
2025-09-08 03:00:00+00:00,0.00000000
2025-09-08 04:00:00+00:00,0.00000000
2025-09-08 05:00:00+00:00,0.00000000
2025-09-08 06:00:00+00:00,0.10116673
2025-09-08 07:00:00+00:00,0.29660584
2025-09-08 08:00:00+00:00,0.47183175
2025-09-08 09:00:00+00:00,0.61490311
2025-09-08 10:00:00+00:00,0.71606984
2025-09-08 11:00:00+00:00,0.76843759
2025-09-08 12:00:00+00:00,0.76843759
2025-09-08 13:00:00+00:00,0.71606984
2025-09-08 14:00:00+00:00,0.61490311
2025-09-08 15:00:00+00:00,0.47183175
2025-09-08 16:00:00+00:00,0.29660584
2025-09-08 17:00:00+00:00,0.10116673
2025-09-08 18:00:00+00:00,0.00000000
2025-09-08 19:00:00+00:00,0.00000000
2025-09-08 20:00:00+00:00,0.00000000
2025-09-08 21:00:00+00:00,0.00000000
2025-09-08 22:00:00+00:00,0.00000000
2025-09-08 23:00:00+00:00,0.00000000
2025-09-09 00:00:00+00:00,0.00000000
2025-09-09 01:00:00+00:00,0.00000000
2025-09-09 02:00:00+00:00,0.00000000
2025-09-09 03:00:00+00:00,0.00000000
2025-09-09 04:00:00+00:00,0.00000000
2025-09-09 05:00:00+00:00,0.00000000
2025-09-09 06:00:00+00:00,0.10054885
2025-09-09 07:00:00+00:00,0.29479431
2025-09-09 08:00:00+00:00,0.46895002
2025-09-09 09:00:00+00:00,0.61114756
2025-09-09 10:00:00+00:00,0.71169641
2025-09-09 11:00:00+00:00,0.76374432
2025-09-09 12:00:00+00:00,0.76374432
2025-09-09 13:00:00+00:00,0.71169641
2025-09-09 14:00:00+00:00,0.61114756
2025-09-09 15:00:00+00:00,0.46895002
2025-09-09 16:00:00+00:00,0.29479431
2025-09-09 17:00:00+00:00,0.10054885
2025-09-09 18:00:00+00:00,0.00000000
2025-09-09 19:00:00+00:00,0.00000000
2025-09-09 20:00:00+00:00,0.00000000
2025-09-09 21:00:00+00:00,0.00000000
2025-09-09 22:00:00+00:00,0.00000000
2025-09-09 23:00:00+00:00,0.00000000
2025-09-10 00:00:00+00:00,0.00000000
2025-09-10 01:00:00+00:00,0.00000000
2025-09-10 02:00:00+00:00,0.00000000
2025-09-10 03:00:00+00:00,0.00000000
2025-09-10 04:00:00+00:00,0.00000000
2025-09-10 05:00:00+00:00,0.00000000
2025-09-10 06:00:00+00:00,0.09992902
2025-09-10 07:00:00+00:00,0.29297706
2025-09-10 08:00:00+00:00,0.46605921
2025-09-10 09:00:00+00:00,0.60738018
2025-09-10 10:00:00+00:00,0.70730920
2025-09-10 11:00:00+00:00,0.75903627
2025-09-10 12:00:00+00:00,0.75903627
2025-09-10 13:00:00+00:00,0.70730920
2025-09-10 14:00:00+00:00,0.60738018
2025-09-10 15:00:00+00:00,0.46605921
2025-09-10 16:00:00+00:00,0.29297706
2025-09-10 17:00:00+00:00,0.09992902
2025-09-10 18:00:00+00:00,0.00000000
2025-09-10 19:00:00+00:00,0.00000000
2025-09-10 20:00:00+00:00,0.00000000
2025-09-10 21:00:00+00:00,0.00000000
2025-09-10 22:00:00+00:00,0.00000000
2025-09-10 23:00:00+00:00,0.00000000
2025-09-11 00:00:00+00:00,0.00000000
2025-09-11 01:00:00+00:00,0.00000000
2025-09-11 02:00:00+00:00,0.00000000
2025-09-11 03:00:00+00:00,0.00000000
2025-09-11 04:00:00+00:00,0.00000000
2025-09-11 05:00:00+00:00,0.00000000
2025-09-11 06:00:00+00:00,0.09930743
2025-09-11 07:00:00+00:00,0.29115465
2025-09-11 08:00:00+00:00,0.46316017
2025-09-11 09:00:00+00:00,0.60360208
2025-09-11 10:00:00+00:00,0.70290951
2025-09-11 11:00:00+00:00,0.75431482
2025-09-11 12:00:00+00:00,0.75431482
2025-09-11 13:00:00+00:00,0.70290951
2025-09-11 14:00:00+00:00,0.60360208
2025-09-11 15:00:00+00:00,0.46316017
2025-09-11 16:00:00+00:00,0.29115465
2025-09-11 17:00:00+00:00,0.09930743
2025-09-11 18:00:00+00:00,0.00000000
2025-09-11 19:00:00+00:00,0.00000000
2025-09-11 20:00:00+00:00,0.00000000
2025-09-11 21:00:00+00:00,0.00000000
2025-09-11 22:00:00+00:00,0.00000000
2025-09-11 23:00:00+00:00,0.00000000
2025-09-12 00:00:00+00:00,0.00000000
2025-09-12 01:00:00+00:00,0.00000000
2025-09-12 02:00:00+00:00,0.00000000
2025-09-12 03:00:00+00:00,0.00000000
2025-09-12 04:00:00+00:00,0.00000000
2025-09-12 05:00:00+00:00,0.00000000
2025-09-12 06:00:00+00:00,0.09868426
2025-09-12 07:00:00+00:00,0.28932761
2025-09-12 08:00:00+00:00,0.46025377
2025-09-12 09:00:00+00:00,0.59981439
2025-09-12 10:00:00+00:00,0.69849865
2025-09-12 11:00:00+00:00,0.74958138
2025-09-12 12:00:00+00:00,0.74958138
2025-09-12 13:00:00+00:00,0.69849865
2025-09-12 14:00:00+00:00,0.59981439
2025-09-12 15:00:00+00:00,0.46025377
2025-09-12 16:00:00+00:00,0.28932761
2025-09-12 17:00:00+00:00,0.09868426
2025-09-12 18:00:00+00:00,0.00000000
2025-09-12 19:00:00+00:00,0.00000000
2025-09-12 20:00:00+00:00,0.00000000
2025-09-12 21:00:00+00:00,0.00000000
2025-09-12 22:00:00+00:00,0.00000000
2025-09-12 23:00:00+00:00,0.00000000
2025-09-13 00:00:00+00:00,0.00000000
2025-09-13 01:00:00+00:00,0.00000000
2025-09-13 02:00:00+00:00,0.00000000
2025-09-13 03:00:00+00:00,0.00000000
2025-09-13 04:00:00+00:00,0.00000000
2025-09-13 05:00:00+00:00,0.00000000
2025-09-13 06:00:00+00:00,0.09805970
2025-09-13 07:00:00+00:00,0.28749649
2025-09-13 08:00:00+00:00,0.45734086
2025-09-13 09:00:00+00:00,0.59601822
2025-09-13 10:00:00+00:00,0.69407792
2025-09-13 11:00:00+00:00,0.74483735
2025-09-13 12:00:00+00:00,0.74483735
2025-09-13 13:00:00+00:00,0.69407792
2025-09-13 14:00:00+00:00,0.59601822
2025-09-13 15:00:00+00:00,0.45734086
2025-09-13 16:00:00+00:00,0.28749649
2025-09-13 17:00:00+00:00,0.09805970
2025-09-13 18:00:00+00:00,0.00000000
2025-09-13 19:00:00+00:00,0.00000000
2025-09-13 20:00:00+00:00,0.00000000
2025-09-13 21:00:00+00:00,0.00000000
2025-09-13 22:00:00+00:00,0.00000000
2025-09-13 23:00:00+00:00,0.00000000
2025-09-14 00:00:00+00:00,0.00000000
2025-09-14 01:00:00+00:00,0.00000000
2025-09-14 02:00:00+00:00,0.00000000
2025-09-14 03:00:00+00:00,0.00000000
2025-09-14 04:00:00+00:00,0.00000000
2025-09-14 05:00:00+00:00,0.00000000
2025-09-14 06:00:00+00:00,0.09743392
2025-09-14 07:00:00+00:00,0.28566181
2025-09-14 08:00:00+00:00,0.45442232
2025-09-14 09:00:00+00:00,0.59221470
2025-09-14 10:00:00+00:00,0.68964862
2025-09-14 11:00:00+00:00,0.74008413
2025-09-14 12:00:00+00:00,0.74008413
2025-09-14 13:00:00+00:00,0.68964862
2025-09-14 14:00:00+00:00,0.59221470
2025-09-14 15:00:00+00:00,0.45442232
2025-09-14 16:00:00+00:00,0.28566181
2025-09-14 17:00:00+00:00,0.09743392
2025-09-14 18:00:00+00:00,0.00000000
2025-09-14 19:00:00+00:00,0.00000000
2025-09-14 20:00:00+00:00,0.00000000
2025-09-14 21:00:00+00:00,0.00000000
2025-09-14 22:00:00+00:00,0.00000000
2025-09-14 23:00:00+00:00,0.00000000
2025-09-15 00:00:00+00:00,0.00000000
2025-09-15 01:00:00+00:00,0.00000000
2025-09-15 02:00:00+00:00,0.00000000
2025-09-15 03:00:00+00:00,0.00000000
2025-09-15 04:00:00+00:00,0.00000000
2025-09-15 05:00:00+00:00,0.00000000
2025-09-15 06:00:00+00:00,0.09680713
2025-09-15 07:00:00+00:00,0.28382414
2025-09-15 08:00:00+00:00,0.45149900
2025-09-15 09:00:00+00:00,0.58840496
2025-09-15 10:00:00+00:00,0.68521208
2025-09-15 11:00:00+00:00,0.73532314
2025-09-15 12:00:00+00:00,0.73532314
2025-09-15 13:00:00+00:00,0.68521208
2025-09-15 14:00:00+00:00,0.58840496
2025-09-15 15:00:00+00:00,0.45149900
2025-09-15 16:00:00+00:00,0.28382414
2025-09-15 17:00:00+00:00,0.09680713
2025-09-15 18:00:00+00:00,0.00000000
2025-09-15 19:00:00+00:00,0.00000000
2025-09-15 20:00:00+00:00,0.00000000
2025-09-15 21:00:00+00:00,0.00000000
2025-09-15 22:00:00+00:00,0.00000000
2025-09-15 23:00:00+00:00,0.00000000
2025-09-16 00:00:00+00:00,0.00000000
2025-09-16 01:00:00+00:00,0.00000000
2025-09-16 02:00:00+00:00,0.00000000
2025-09-16 03:00:00+00:00,0.00000000
2025-09-16 04:00:00+00:00,0.00000000
2025-09-16 05:00:00+00:00,0.00000000
2025-09-16 06:00:00+00:00,0.09617949
2025-09-16 07:00:00+00:00,0.28198401
2025-09-16 08:00:00+00:00,0.44857177
2025-09-16 09:00:00+00:00,0.58459012
2025-09-16 10:00:00+00:00,0.68076961
2025-09-16 11:00:00+00:00,0.73055578
2025-09-16 12:00:00+00:00,0.73055578
2025-09-16 13:00:00+00:00,0.68076961
2025-09-16 14:00:00+00:00,0.58459012
2025-09-16 15:00:00+00:00,0.44857177
2025-09-16 16:00:00+00:00,0.28198401
2025-09-16 17:00:00+00:00,0.09617949
2025-09-16 18:00:00+00:00,0.00000000
2025-09-16 19:00:00+00:00,0.00000000
2025-09-16 20:00:00+00:00,0.00000000
2025-09-16 21:00:00+00:00,0.00000000
2025-09-16 22:00:00+00:00,0.00000000
2025-09-16 23:00:00+00:00,0.00000000
2025-09-17 00:00:00+00:00,0.00000000
2025-09-17 01:00:00+00:00,0.00000000
2025-09-17 02:00:00+00:00,0.00000000
2025-09-17 03:00:00+00:00,0.00000000
2025-09-17 04:00:00+00:00,0.00000000
2025-09-17 05:00:00+00:00,0.00000000
2025-09-17 06:00:00+00:00,0.09555121
2025-09-17 07:00:00+00:00,0.28014196
2025-09-17 08:00:00+00:00,0.44564151
2025-09-17 09:00:00+00:00,0.58077132
2025-09-17 10:00:00+00:00,0.67632252
2025-09-17 11:00:00+00:00,0.72578347
2025-09-17 12:00:00+00:00,0.72578347
2025-09-17 13:00:00+00:00,0.67632252
2025-09-17 14:00:00+00:00,0.58077132
2025-09-17 15:00:00+00:00,0.44564151
2025-09-17 16:00:00+00:00,0.28014196
2025-09-17 17:00:00+00:00,0.09555121
2025-09-17 18:00:00+00:00,0.00000000
2025-09-17 19:00:00+00:00,0.00000000
2025-09-17 20:00:00+00:00,0.00000000
2025-09-17 21:00:00+00:00,0.00000000
2025-09-17 22:00:00+00:00,0.00000000
2025-09-17 23:00:00+00:00,0.00000000
2025-09-18 00:00:00+00:00,0.00000000
2025-09-18 01:00:00+00:00,0.00000000
2025-09-18 02:00:00+00:00,0.00000000
2025-09-18 03:00:00+00:00,0.00000000
2025-09-18 04:00:00+00:00,0.00000000
2025-09-18 05:00:00+00:00,0.00000000
2025-09-18 06:00:00+00:00,0.09492245
2025-09-18 07:00:00+00:00,0.27829855
2025-09-18 08:00:00+00:00,0.44270906
2025-09-18 09:00:00+00:00,0.57694969
2025-09-18 10:00:00+00:00,0.67187214
2025-09-18 11:00:00+00:00,0.72100762
2025-09-18 12:00:00+00:00,0.72100762
2025-09-18 13:00:00+00:00,0.67187214
2025-09-18 14:00:00+00:00,0.57694969
2025-09-18 15:00:00+00:00,0.44270906
2025-09-18 16:00:00+00:00,0.27829855
2025-09-18 17:00:00+00:00,0.09492245
2025-09-18 18:00:00+00:00,0.00000000
2025-09-18 19:00:00+00:00,0.00000000
2025-09-18 20:00:00+00:00,0.00000000
2025-09-18 21:00:00+00:00,0.00000000
2025-09-18 22:00:00+00:00,0.00000000
2025-09-18 23:00:00+00:00,0.00000000
2025-09-19 00:00:00+00:00,0.00000000
2025-09-19 01:00:00+00:00,0.00000000
2025-09-19 02:00:00+00:00,0.00000000
2025-09-19 03:00:00+00:00,0.00000000
2025-09-19 04:00:00+00:00,0.00000000
2025-09-19 05:00:00+00:00,0.00000000
2025-09-19 06:00:00+00:00,0.09429342
2025-09-19 07:00:00+00:00,0.27645432
2025-09-19 08:00:00+00:00,0.43977532
2025-09-19 09:00:00+00:00,0.57312635
2025-09-19 10:00:00+00:00,0.66741978
2025-09-19 11:00:00+00:00,0.71622964
2025-09-19 12:00:00+00:00,0.71622964
2025-09-19 13:00:00+00:00,0.66741978
2025-09-19 14:00:00+00:00,0.57312635
2025-09-19 15:00:00+00:00,0.43977532
2025-09-19 16:00:00+00:00,0.27645432
2025-09-19 17:00:00+00:00,0.09429342
2025-09-19 18:00:00+00:00,0.00000000
2025-09-19 19:00:00+00:00,0.00000000
2025-09-19 20:00:00+00:00,0.00000000
2025-09-19 21:00:00+00:00,0.00000000
2025-09-19 22:00:00+00:00,0.00000000
2025-09-19 23:00:00+00:00,0.00000000
2025-09-20 00:00:00+00:00,0.00000000
2025-09-20 01:00:00+00:00,0.00000000
2025-09-20 02:00:00+00:00,0.00000000
2025-09-20 03:00:00+00:00,0.00000000
2025-09-20 04:00:00+00:00,0.00000000
2025-09-20 05:00:00+00:00,0.00000000
2025-09-20 06:00:00+00:00,0.09366430
2025-09-20 07:00:00+00:00,0.27460982
2025-09-20 08:00:00+00:00,0.43684114
2025-09-20 09:00:00+00:00,0.56930246
2025-09-20 10:00:00+00:00,0.66296675
2025-09-20 11:00:00+00:00,0.71145096
2025-09-20 12:00:00+00:00,0.71145096
2025-09-20 13:00:00+00:00,0.66296675
2025-09-20 14:00:00+00:00,0.56930246
2025-09-20 15:00:00+00:00,0.43684114
2025-09-20 16:00:00+00:00,0.27460982
2025-09-20 17:00:00+00:00,0.09366430
2025-09-20 18:00:00+00:00,0.00000000
2025-09-20 19:00:00+00:00,0.00000000
2025-09-20 20:00:00+00:00,0.00000000
2025-09-20 21:00:00+00:00,0.00000000
2025-09-20 22:00:00+00:00,0.00000000
2025-09-20 23:00:00+00:00,0.00000000
2025-09-21 00:00:00+00:00,0.00000000
2025-09-21 01:00:00+00:00,0.00000000
2025-09-21 02:00:00+00:00,0.00000000
2025-09-21 03:00:00+00:00,0.00000000
2025-09-21 04:00:00+00:00,0.00000000
2025-09-21 05:00:00+00:00,0.00000000
2025-09-21 06:00:00+00:00,0.09303526
2025-09-21 07:00:00+00:00,0.27276559
2025-09-21 08:00:00+00:00,0.43390739
2025-09-21 09:00:00+00:00,0.56547912
2025-09-21 10:00:00+00:00,0.65851439
2025-09-21 11:00:00+00:00,0.70667298
2025-09-21 12:00:00+00:00,0.70667298
2025-09-21 13:00:00+00:00,0.65851439
2025-09-21 14:00:00+00:00,0.56547912
2025-09-21 15:00:00+00:00,0.43390739
2025-09-21 16:00:00+00:00,0.27276559
2025-09-21 17:00:00+00:00,0.09303526
2025-09-21 18:00:00+00:00,0.00000000
2025-09-21 19:00:00+00:00,0.00000000
2025-09-21 20:00:00+00:00,0.00000000
2025-09-21 21:00:00+00:00,0.00000000
2025-09-21 22:00:00+00:00,0.00000000
2025-09-21 23:00:00+00:00,0.00000000
2025-09-22 00:00:00+00:00,0.00000000
2025-09-22 01:00:00+00:00,0.00000000
2025-09-22 02:00:00+00:00,0.00000000
2025-09-22 03:00:00+00:00,0.00000000
2025-09-22 04:00:00+00:00,0.00000000
2025-09-22 05:00:00+00:00,0.00000000
2025-09-22 06:00:00+00:00,0.09240651
2025-09-22 07:00:00+00:00,0.27092218
2025-09-22 08:00:00+00:00,0.43097495
2025-09-22 09:00:00+00:00,0.56165749
2025-09-22 10:00:00+00:00,0.65406400
2025-09-22 11:00:00+00:00,0.70189713
2025-09-22 12:00:00+00:00,0.70189713
2025-09-22 13:00:00+00:00,0.65406400
2025-09-22 14:00:00+00:00,0.56165749
2025-09-22 15:00:00+00:00,0.43097495
2025-09-22 16:00:00+00:00,0.27092218
2025-09-22 17:00:00+00:00,0.09240651
2025-09-22 18:00:00+00:00,0.00000000
2025-09-22 19:00:00+00:00,0.00000000
2025-09-22 20:00:00+00:00,0.00000000
2025-09-22 21:00:00+00:00,0.00000000
2025-09-22 22:00:00+00:00,0.00000000
2025-09-22 23:00:00+00:00,0.00000000
2025-09-23 00:00:00+00:00,0.00000000
2025-09-23 01:00:00+00:00,0.00000000
2025-09-23 02:00:00+00:00,0.00000000
2025-09-23 03:00:00+00:00,0.00000000
2025-09-23 04:00:00+00:00,0.00000000
2025-09-23 05:00:00+00:00,0.00000000
2025-09-23 06:00:00+00:00,0.09177822
2025-09-23 07:00:00+00:00,0.26908014
2025-09-23 08:00:00+00:00,0.42804468
2025-09-23 09:00:00+00:00,0.55783869
2025-09-23 10:00:00+00:00,0.64961692
2025-09-23 11:00:00+00:00,0.69712482
2025-09-23 12:00:00+00:00,0.69712482
2025-09-23 13:00:00+00:00,0.64961692
2025-09-23 14:00:00+00:00,0.55783869
2025-09-23 15:00:00+00:00,0.42804468
2025-09-23 16:00:00+00:00,0.26908014
2025-09-23 17:00:00+00:00,0.09177822
2025-09-23 18:00:00+00:00,0.00000000
2025-09-23 19:00:00+00:00,0.00000000
2025-09-23 20:00:00+00:00,0.00000000
2025-09-23 21:00:00+00:00,0.00000000
2025-09-23 22:00:00+00:00,0.00000000
2025-09-23 23:00:00+00:00,0.00000000
2025-09-24 00:00:00+00:00,0.00000000
2025-09-24 01:00:00+00:00,0.00000000
2025-09-24 02:00:00+00:00,0.00000000
2025-09-24 03:00:00+00:00,0.00000000
2025-09-24 04:00:00+00:00,0.00000000
2025-09-24 05:00:00+00:00,0.00000000
2025-09-24 06:00:00+00:00,0.09115059
2025-09-24 07:00:00+00:00,0.26724000
2025-09-24 08:00:00+00:00,0.42511746
2025-09-24 09:00:00+00:00,0.55402385
2025-09-24 10:00:00+00:00,0.64517444
2025-09-24 11:00:00+00:00,0.69235746
2025-09-24 12:00:00+00:00,0.69235746
2025-09-24 13:00:00+00:00,0.64517444
2025-09-24 14:00:00+00:00,0.55402385
2025-09-24 15:00:00+00:00,0.42511746
2025-09-24 16:00:00+00:00,0.26724000
2025-09-24 17:00:00+00:00,0.09115059
2025-09-24 18:00:00+00:00,0.00000000
2025-09-24 19:00:00+00:00,0.00000000
2025-09-24 20:00:00+00:00,0.00000000
2025-09-24 21:00:00+00:00,0.00000000
2025-09-24 22:00:00+00:00,0.00000000
2025-09-24 23:00:00+00:00,0.00000000
2025-09-25 00:00:00+00:00,0.00000000
2025-09-25 01:00:00+00:00,0.00000000
2025-09-25 02:00:00+00:00,0.00000000
2025-09-25 03:00:00+00:00,0.00000000
2025-09-25 04:00:00+00:00,0.00000000
2025-09-25 05:00:00+00:00,0.00000000
2025-09-25 06:00:00+00:00,0.09052379
2025-09-25 07:00:00+00:00,0.26540233
2025-09-25 08:00:00+00:00,0.42219414
2025-09-25 09:00:00+00:00,0.55021411
2025-09-25 10:00:00+00:00,0.64073790
2025-09-25 11:00:00+00:00,0.68759647
2025-09-25 12:00:00+00:00,0.68759647
2025-09-25 13:00:00+00:00,0.64073790
2025-09-25 14:00:00+00:00,0.55021411
2025-09-25 15:00:00+00:00,0.42219414
2025-09-25 16:00:00+00:00,0.26540233
2025-09-25 17:00:00+00:00,0.09052379
2025-09-25 18:00:00+00:00,0.00000000
2025-09-25 19:00:00+00:00,0.00000000
2025-09-25 20:00:00+00:00,0.00000000
2025-09-25 21:00:00+00:00,0.00000000
2025-09-25 22:00:00+00:00,0.00000000
2025-09-25 23:00:00+00:00,0.00000000
2025-09-26 00:00:00+00:00,0.00000000
2025-09-26 01:00:00+00:00,0.00000000
2025-09-26 02:00:00+00:00,0.00000000
2025-09-26 03:00:00+00:00,0.00000000
2025-09-26 04:00:00+00:00,0.00000000
2025-09-26 05:00:00+00:00,0.00000000
2025-09-26 06:00:00+00:00,0.08989802
2025-09-26 07:00:00+00:00,0.26356766
2025-09-26 08:00:00+00:00,0.41927559
2025-09-26 09:00:00+00:00,0.54641059
2025-09-26 10:00:00+00:00,0.63630861
2025-09-26 11:00:00+00:00,0.68284325
2025-09-26 12:00:00+00:00,0.68284325
2025-09-26 13:00:00+00:00,0.63630861
2025-09-26 14:00:00+00:00,0.54641059
2025-09-26 15:00:00+00:00,0.41927559
2025-09-26 16:00:00+00:00,0.26356766
2025-09-26 17:00:00+00:00,0.08989802
2025-09-26 18:00:00+00:00,0.00000000
2025-09-26 19:00:00+00:00,0.00000000
2025-09-26 20:00:00+00:00,0.00000000
2025-09-26 21:00:00+00:00,0.00000000
2025-09-26 22:00:00+00:00,0.00000000
2025-09-26 23:00:00+00:00,0.00000000
2025-09-27 00:00:00+00:00,0.00000000
2025-09-27 01:00:00+00:00,0.00000000
2025-09-27 02:00:00+00:00,0.00000000
2025-09-27 03:00:00+00:00,0.00000000
2025-09-27 04:00:00+00:00,0.00000000
2025-09-27 05:00:00+00:00,0.00000000
2025-09-27 06:00:00+00:00,0.08927346
2025-09-27 07:00:00+00:00,0.26173653
2025-09-27 08:00:00+00:00,0.41636269
2025-09-27 09:00:00+00:00,0.54261442
2025-09-27 10:00:00+00:00,0.63188788
2025-09-27 11:00:00+00:00,0.67809922
2025-09-27 12:00:00+00:00,0.67809922
2025-09-27 13:00:00+00:00,0.63188788
2025-09-27 14:00:00+00:00,0.54261442
2025-09-27 15:00:00+00:00,0.41636269
2025-09-27 16:00:00+00:00,0.26173653
2025-09-27 17:00:00+00:00,0.08927346
2025-09-27 18:00:00+00:00,0.00000000
2025-09-27 19:00:00+00:00,0.00000000
2025-09-27 20:00:00+00:00,0.00000000
2025-09-27 21:00:00+00:00,0.00000000
2025-09-27 22:00:00+00:00,0.00000000
2025-09-27 23:00:00+00:00,0.00000000
2025-09-28 00:00:00+00:00,0.00000000
2025-09-28 01:00:00+00:00,0.00000000
2025-09-28 02:00:00+00:00,0.00000000
2025-09-28 03:00:00+00:00,0.00000000
2025-09-28 04:00:00+00:00,0.00000000
2025-09-28 05:00:00+00:00,0.00000000
2025-09-28 06:00:00+00:00,0.08865029
2025-09-28 07:00:00+00:00,0.25990949
2025-09-28 08:00:00+00:00,0.41345629
2025-09-28 09:00:00+00:00,0.53882673
2025-09-28 10:00:00+00:00,0.62747701
2025-09-28 11:00:00+00:00,0.67336578
2025-09-28 12:00:00+00:00,0.67336578
2025-09-28 13:00:00+00:00,0.62747701
2025-09-28 14:00:00+00:00,0.53882673
2025-09-28 15:00:00+00:00,0.41345629
2025-09-28 16:00:00+00:00,0.25990949
2025-09-28 17:00:00+00:00,0.08865029
2025-09-28 18:00:00+00:00,0.00000000
2025-09-28 19:00:00+00:00,0.00000000
2025-09-28 20:00:00+00:00,0.00000000
2025-09-28 21:00:00+00:00,0.00000000
2025-09-28 22:00:00+00:00,0.00000000
2025-09-28 23:00:00+00:00,0.00000000
2025-09-29 00:00:00+00:00,0.00000000
2025-09-29 01:00:00+00:00,0.00000000
2025-09-29 02:00:00+00:00,0.00000000
2025-09-29 03:00:00+00:00,0.00000000
2025-09-29 04:00:00+00:00,0.00000000
2025-09-29 05:00:00+00:00,0.00000000
2025-09-29 06:00:00+00:00,0.08802870
2025-09-29 07:00:00+00:00,0.25808708
2025-09-29 08:00:00+00:00,0.41055725
2025-09-29 09:00:00+00:00,0.53504863
2025-09-29 10:00:00+00:00,0.62307732
2025-09-29 11:00:00+00:00,0.66864433
2025-09-29 12:00:00+00:00,0.66864433
2025-09-29 13:00:00+00:00,0.62307732
2025-09-29 14:00:00+00:00,0.53504863
2025-09-29 15:00:00+00:00,0.41055725
2025-09-29 16:00:00+00:00,0.25808708
2025-09-29 17:00:00+00:00,0.08802870
2025-09-29 18:00:00+00:00,0.00000000
2025-09-29 19:00:00+00:00,0.00000000
2025-09-29 20:00:00+00:00,0.00000000
2025-09-29 21:00:00+00:00,0.00000000
2025-09-29 22:00:00+00:00,0.00000000
2025-09-29 23:00:00+00:00,0.00000000
2025-09-30 00:00:00+00:00,0.00000000
2025-09-30 01:00:00+00:00,0.00000000
2025-09-30 02:00:00+00:00,0.00000000
2025-09-30 03:00:00+00:00,0.00000000
2025-09-30 04:00:00+00:00,0.00000000
2025-09-30 05:00:00+00:00,0.00000000
2025-09-30 06:00:00+00:00,0.08740887
2025-09-30 07:00:00+00:00,0.25626984
2025-09-30 08:00:00+00:00,0.40766644
2025-09-30 09:00:00+00:00,0.53128125
2025-09-30 10:00:00+00:00,0.61869012
2025-09-30 11:00:00+00:00,0.66393628
2025-09-30 12:00:00+00:00,0.66393628
2025-09-30 13:00:00+00:00,0.61869012
2025-09-30 14:00:00+00:00,0.53128125
2025-09-30 15:00:00+00:00,0.40766644
2025-09-30 16:00:00+00:00,0.25626984
2025-09-30 17:00:00+00:00,0.08740887
2025-09-30 18:00:00+00:00,0.00000000
2025-09-30 19:00:00+00:00,0.00000000
2025-09-30 20:00:00+00:00,0.00000000
2025-09-30 21:00:00+00:00,0.00000000
2025-09-30 22:00:00+00:00,0.00000000
2025-09-30 23:00:00+00:00,0.00000000
2025-10-01 00:00:00+00:00,0.00000000
2025-10-01 01:00:00+00:00,0.00000000
2025-10-01 02:00:00+00:00,0.00000000
2025-10-01 03:00:00+00:00,0.00000000
2025-10-01 04:00:00+00:00,0.00000000
2025-10-01 05:00:00+00:00,0.00000000
2025-10-01 06:00:00+00:00,0.08679099
2025-10-01 07:00:00+00:00,0.25445830
2025-10-01 08:00:00+00:00,0.40478471
2025-10-01 09:00:00+00:00,0.52752570
2025-10-01 10:00:00+00:00,0.61431669
2025-10-01 11:00:00+00:00,0.65924301
2025-10-01 12:00:00+00:00,0.65924301
2025-10-01 13:00:00+00:00,0.61431669
2025-10-01 14:00:00+00:00,0.52752570
2025-10-01 15:00:00+00:00,0.40478471
2025-10-01 16:00:00+00:00,0.25445830
2025-10-01 17:00:00+00:00,0.08679099
2025-10-01 18:00:00+00:00,0.00000000
2025-10-01 19:00:00+00:00,0.00000000
2025-10-01 20:00:00+00:00,0.00000000
2025-10-01 21:00:00+00:00,0.00000000
2025-10-01 22:00:00+00:00,0.00000000
2025-10-01 23:00:00+00:00,0.00000000
2025-10-02 00:00:00+00:00,0.00000000
2025-10-02 01:00:00+00:00,0.00000000
2025-10-02 02:00:00+00:00,0.00000000
2025-10-02 03:00:00+00:00,0.00000000
2025-10-02 04:00:00+00:00,0.00000000
2025-10-02 05:00:00+00:00,0.00000000
2025-10-02 06:00:00+00:00,0.08617524
2025-10-02 07:00:00+00:00,0.25265301
2025-10-02 08:00:00+00:00,0.40191291
2025-10-02 09:00:00+00:00,0.52378310
2025-10-02 10:00:00+00:00,0.60995833
2025-10-02 11:00:00+00:00,0.65456592
2025-10-02 12:00:00+00:00,0.65456592
2025-10-02 13:00:00+00:00,0.60995833
2025-10-02 14:00:00+00:00,0.52378310
2025-10-02 15:00:00+00:00,0.40191291
2025-10-02 16:00:00+00:00,0.25265301
2025-10-02 17:00:00+00:00,0.08617524
2025-10-02 18:00:00+00:00,0.00000000
2025-10-02 19:00:00+00:00,0.00000000
2025-10-02 20:00:00+00:00,0.00000000
2025-10-02 21:00:00+00:00,0.00000000
2025-10-02 22:00:00+00:00,0.00000000
2025-10-02 23:00:00+00:00,0.00000000
2025-10-03 00:00:00+00:00,0.00000000
2025-10-03 01:00:00+00:00,0.00000000
2025-10-03 02:00:00+00:00,0.00000000
2025-10-03 03:00:00+00:00,0.00000000
2025-10-03 04:00:00+00:00,0.00000000
2025-10-03 05:00:00+00:00,0.00000000
2025-10-03 06:00:00+00:00,0.08556180
2025-10-03 07:00:00+00:00,0.25085451
2025-10-03 08:00:00+00:00,0.39905189
2025-10-03 09:00:00+00:00,0.52005455
2025-10-03 10:00:00+00:00,0.60561635
2025-10-03 11:00:00+00:00,0.64990640
2025-10-03 12:00:00+00:00,0.64990640
2025-10-03 13:00:00+00:00,0.60561635
2025-10-03 14:00:00+00:00,0.52005455
2025-10-03 15:00:00+00:00,0.39905189
2025-10-03 16:00:00+00:00,0.25085451
2025-10-03 17:00:00+00:00,0.08556180
2025-10-03 18:00:00+00:00,0.00000000
2025-10-03 19:00:00+00:00,0.00000000
2025-10-03 20:00:00+00:00,0.00000000
2025-10-03 21:00:00+00:00,0.00000000
2025-10-03 22:00:00+00:00,0.00000000
2025-10-03 23:00:00+00:00,0.00000000
2025-10-04 00:00:00+00:00,0.00000000
2025-10-04 01:00:00+00:00,0.00000000
2025-10-04 02:00:00+00:00,0.00000000
2025-10-04 03:00:00+00:00,0.00000000
2025-10-04 04:00:00+00:00,0.00000000
2025-10-04 05:00:00+00:00,0.00000000
2025-10-04 06:00:00+00:00,0.08495086
2025-10-04 07:00:00+00:00,0.24906331
2025-10-04 08:00:00+00:00,0.39620251
2025-10-04 09:00:00+00:00,0.51634116
2025-10-04 10:00:00+00:00,0.60129202
2025-10-04 11:00:00+00:00,0.64526582
2025-10-04 12:00:00+00:00,0.64526582
2025-10-04 13:00:00+00:00,0.60129202
2025-10-04 14:00:00+00:00,0.51634116
2025-10-04 15:00:00+00:00,0.39620251
2025-10-04 16:00:00+00:00,0.24906331
2025-10-04 17:00:00+00:00,0.08495086
2025-10-04 18:00:00+00:00,0.00000000
2025-10-04 19:00:00+00:00,0.00000000
2025-10-04 20:00:00+00:00,0.00000000
2025-10-04 21:00:00+00:00,0.00000000
2025-10-04 22:00:00+00:00,0.00000000
2025-10-04 23:00:00+00:00,0.00000000
2025-10-05 00:00:00+00:00,0.00000000
2025-10-05 01:00:00+00:00,0.00000000
2025-10-05 02:00:00+00:00,0.00000000
2025-10-05 03:00:00+00:00,0.00000000
2025-10-05 04:00:00+00:00,0.00000000
2025-10-05 05:00:00+00:00,0.00000000
2025-10-05 06:00:00+00:00,0.08434259
2025-10-05 07:00:00+00:00,0.24727995
2025-10-05 08:00:00+00:00,0.39336560
2025-10-05 09:00:00+00:00,0.51264403
2025-10-05 10:00:00+00:00,0.59698662
2025-10-05 11:00:00+00:00,0.64064556
2025-10-05 12:00:00+00:00,0.64064556
2025-10-05 13:00:00+00:00,0.59698662
2025-10-05 14:00:00+00:00,0.51264403
2025-10-05 15:00:00+00:00,0.39336560
2025-10-05 16:00:00+00:00,0.24727995
2025-10-05 17:00:00+00:00,0.08434259
2025-10-05 18:00:00+00:00,0.00000000
2025-10-05 19:00:00+00:00,0.00000000
2025-10-05 20:00:00+00:00,0.00000000
2025-10-05 21:00:00+00:00,0.00000000
2025-10-05 22:00:00+00:00,0.00000000
2025-10-05 23:00:00+00:00,0.00000000
2025-10-06 00:00:00+00:00,0.00000000
2025-10-06 01:00:00+00:00,0.00000000
2025-10-06 02:00:00+00:00,0.00000000
2025-10-06 03:00:00+00:00,0.00000000
2025-10-06 04:00:00+00:00,0.00000000
2025-10-06 05:00:00+00:00,0.00000000
2025-10-06 06:00:00+00:00,0.08373717
2025-10-06 07:00:00+00:00,0.24550497
2025-10-06 08:00:00+00:00,0.39054201
2025-10-06 09:00:00+00:00,0.50896426
2025-10-06 10:00:00+00:00,0.59270144
2025-10-06 11:00:00+00:00,0.63604699
2025-10-06 12:00:00+00:00,0.63604699
2025-10-06 13:00:00+00:00,0.59270144
2025-10-06 14:00:00+00:00,0.50896426
2025-10-06 15:00:00+00:00,0.39054201
2025-10-06 16:00:00+00:00,0.24550497
2025-10-06 17:00:00+00:00,0.08373717
2025-10-06 18:00:00+00:00,0.00000000
2025-10-06 19:00:00+00:00,0.00000000
2025-10-06 20:00:00+00:00,0.00000000
2025-10-06 21:00:00+00:00,0.00000000
2025-10-06 22:00:00+00:00,0.00000000
2025-10-06 23:00:00+00:00,0.00000000
2025-10-07 00:00:00+00:00,0.00000000
2025-10-07 01:00:00+00:00,0.00000000
2025-10-07 02:00:00+00:00,0.00000000
2025-10-07 03:00:00+00:00,0.00000000
2025-10-07 04:00:00+00:00,0.00000000
2025-10-07 05:00:00+00:00,0.00000000
2025-10-07 06:00:00+00:00,0.08313480
2025-10-07 07:00:00+00:00,0.24373889
2025-10-07 08:00:00+00:00,0.38773258
2025-10-07 09:00:00+00:00,0.50530294
2025-10-07 10:00:00+00:00,0.58843773
2025-10-07 11:00:00+00:00,0.63147147
2025-10-07 12:00:00+00:00,0.63147147
2025-10-07 13:00:00+00:00,0.58843773
2025-10-07 14:00:00+00:00,0.50530294
2025-10-07 15:00:00+00:00,0.38773258
2025-10-07 16:00:00+00:00,0.24373889
2025-10-07 17:00:00+00:00,0.08313480
2025-10-07 18:00:00+00:00,0.00000000
2025-10-07 19:00:00+00:00,0.00000000
2025-10-07 20:00:00+00:00,0.00000000
2025-10-07 21:00:00+00:00,0.00000000
2025-10-07 22:00:00+00:00,0.00000000
2025-10-07 23:00:00+00:00,0.00000000
2025-10-08 00:00:00+00:00,0.00000000
2025-10-08 01:00:00+00:00,0.00000000
2025-10-08 02:00:00+00:00,0.00000000
2025-10-08 03:00:00+00:00,0.00000000
2025-10-08 04:00:00+00:00,0.00000000
2025-10-08 05:00:00+00:00,0.00000000
2025-10-08 06:00:00+00:00,0.08253563
2025-10-08 07:00:00+00:00,0.24198223
2025-10-08 08:00:00+00:00,0.38493813
2025-10-08 09:00:00+00:00,0.50166114
2025-10-08 10:00:00+00:00,0.58419677
2025-10-08 11:00:00+00:00,0.62692036
2025-10-08 12:00:00+00:00,0.62692036
2025-10-08 13:00:00+00:00,0.58419677
2025-10-08 14:00:00+00:00,0.50166114
2025-10-08 15:00:00+00:00,0.38493813
2025-10-08 16:00:00+00:00,0.24198223
2025-10-08 17:00:00+00:00,0.08253563
2025-10-08 18:00:00+00:00,0.00000000
2025-10-08 19:00:00+00:00,0.00000000
2025-10-08 20:00:00+00:00,0.00000000
2025-10-08 21:00:00+00:00,0.00000000
2025-10-08 22:00:00+00:00,0.00000000
2025-10-08 23:00:00+00:00,0.00000000
2025-10-09 00:00:00+00:00,0.00000000
2025-10-09 01:00:00+00:00,0.00000000
2025-10-09 02:00:00+00:00,0.00000000
2025-10-09 03:00:00+00:00,0.00000000
2025-10-09 04:00:00+00:00,0.00000000
2025-10-09 05:00:00+00:00,0.00000000
2025-10-09 06:00:00+00:00,0.08193986
2025-10-09 07:00:00+00:00,0.24023550
2025-10-09 08:00:00+00:00,0.38215950
2025-10-09 09:00:00+00:00,0.49803996
2025-10-09 10:00:00+00:00,0.57997981
2025-10-09 11:00:00+00:00,0.62239500
2025-10-09 12:00:00+00:00,0.62239500
2025-10-09 13:00:00+00:00,0.57997981
2025-10-09 14:00:00+00:00,0.49803996
2025-10-09 15:00:00+00:00,0.38215950
2025-10-09 16:00:00+00:00,0.24023550
2025-10-09 17:00:00+00:00,0.08193986
2025-10-09 18:00:00+00:00,0.00000000
2025-10-09 19:00:00+00:00,0.00000000
2025-10-09 20:00:00+00:00,0.00000000
2025-10-09 21:00:00+00:00,0.00000000
2025-10-09 22:00:00+00:00,0.00000000
2025-10-09 23:00:00+00:00,0.00000000
2025-10-10 00:00:00+00:00,0.00000000
2025-10-10 01:00:00+00:00,0.00000000
2025-10-10 02:00:00+00:00,0.00000000
2025-10-10 03:00:00+00:00,0.00000000
2025-10-10 04:00:00+00:00,0.00000000
2025-10-10 05:00:00+00:00,0.00000000
2025-10-10 06:00:00+00:00,0.08134765
2025-10-10 07:00:00+00:00,0.23849924
2025-10-10 08:00:00+00:00,0.37939750
2025-10-10 09:00:00+00:00,0.49444045
2025-10-10 10:00:00+00:00,0.57578810
2025-10-10 11:00:00+00:00,0.61789675
2025-10-10 12:00:00+00:00,0.61789675
2025-10-10 13:00:00+00:00,0.57578810
2025-10-10 14:00:00+00:00,0.49444045
2025-10-10 15:00:00+00:00,0.37939750
2025-10-10 16:00:00+00:00,0.23849924
2025-10-10 17:00:00+00:00,0.08134765
2025-10-10 18:00:00+00:00,0.00000000
2025-10-10 19:00:00+00:00,0.00000000
2025-10-10 20:00:00+00:00,0.00000000
2025-10-10 21:00:00+00:00,0.00000000
2025-10-10 22:00:00+00:00,0.00000000
2025-10-10 23:00:00+00:00,0.00000000
2025-10-11 00:00:00+00:00,0.00000000
2025-10-11 01:00:00+00:00,0.00000000
2025-10-11 02:00:00+00:00,0.00000000
2025-10-11 03:00:00+00:00,0.00000000
2025-10-11 04:00:00+00:00,0.00000000
2025-10-11 05:00:00+00:00,0.00000000
2025-10-11 06:00:00+00:00,0.08075919
2025-10-11 07:00:00+00:00,0.23677395
2025-10-11 08:00:00+00:00,0.37665297
2025-10-11 09:00:00+00:00,0.49086370
2025-10-11 10:00:00+00:00,0.57162289
2025-10-11 11:00:00+00:00,0.61342692
2025-10-11 12:00:00+00:00,0.61342692
2025-10-11 13:00:00+00:00,0.57162289
2025-10-11 14:00:00+00:00,0.49086370
2025-10-11 15:00:00+00:00,0.37665297
2025-10-11 16:00:00+00:00,0.23677395
2025-10-11 17:00:00+00:00,0.08075919
2025-10-11 18:00:00+00:00,0.00000000
2025-10-11 19:00:00+00:00,0.00000000
2025-10-11 20:00:00+00:00,0.00000000
2025-10-11 21:00:00+00:00,0.00000000
2025-10-11 22:00:00+00:00,0.00000000
2025-10-11 23:00:00+00:00,0.00000000
2025-10-12 00:00:00+00:00,0.00000000
2025-10-12 01:00:00+00:00,0.00000000
2025-10-12 02:00:00+00:00,0.00000000
2025-10-12 03:00:00+00:00,0.00000000
2025-10-12 04:00:00+00:00,0.00000000
2025-10-12 05:00:00+00:00,0.00000000
2025-10-12 06:00:00+00:00,0.08017464
2025-10-12 07:00:00+00:00,0.23506015
2025-10-12 08:00:00+00:00,0.37392670
2025-10-12 09:00:00+00:00,0.48731076
2025-10-12 10:00:00+00:00,0.56748540
2025-10-12 11:00:00+00:00,0.60898685
2025-10-12 12:00:00+00:00,0.60898685
2025-10-12 13:00:00+00:00,0.56748540
2025-10-12 14:00:00+00:00,0.48731076
2025-10-12 15:00:00+00:00,0.37392670
2025-10-12 16:00:00+00:00,0.23506015
2025-10-12 17:00:00+00:00,0.08017464
2025-10-12 18:00:00+00:00,0.00000000
2025-10-12 19:00:00+00:00,0.00000000
2025-10-12 20:00:00+00:00,0.00000000
2025-10-12 21:00:00+00:00,0.00000000
2025-10-12 22:00:00+00:00,0.00000000
2025-10-12 23:00:00+00:00,0.00000000
2025-10-13 00:00:00+00:00,0.00000000
2025-10-13 01:00:00+00:00,0.00000000
2025-10-13 02:00:00+00:00,0.00000000
2025-10-13 03:00:00+00:00,0.00000000
2025-10-13 04:00:00+00:00,0.00000000
2025-10-13 05:00:00+00:00,0.00000000
2025-10-13 06:00:00+00:00,0.07959418
2025-10-13 07:00:00+00:00,0.23335834
2025-10-13 08:00:00+00:00,0.37121951
2025-10-13 09:00:00+00:00,0.48378268
2025-10-13 10:00:00+00:00,0.56337686
2025-10-13 11:00:00+00:00,0.60457784
2025-10-13 12:00:00+00:00,0.60457784
2025-10-13 13:00:00+00:00,0.56337686
2025-10-13 14:00:00+00:00,0.48378268
2025-10-13 15:00:00+00:00,0.37121951
2025-10-13 16:00:00+00:00,0.23335834
2025-10-13 17:00:00+00:00,0.07959418
2025-10-13 18:00:00+00:00,0.00000000
2025-10-13 19:00:00+00:00,0.00000000
2025-10-13 20:00:00+00:00,0.00000000
2025-10-13 21:00:00+00:00,0.00000000
2025-10-13 22:00:00+00:00,0.00000000
2025-10-13 23:00:00+00:00,0.00000000
2025-10-14 00:00:00+00:00,0.00000000
2025-10-14 01:00:00+00:00,0.00000000
2025-10-14 02:00:00+00:00,0.00000000
2025-10-14 03:00:00+00:00,0.00000000
2025-10-14 04:00:00+00:00,0.00000000
2025-10-14 05:00:00+00:00,0.00000000
2025-10-14 06:00:00+00:00,0.07901799
2025-10-14 07:00:00+00:00,0.23166902
2025-10-14 08:00:00+00:00,0.36853220
2025-10-14 09:00:00+00:00,0.48028051
2025-10-14 10:00:00+00:00,0.55929850
2025-10-14 11:00:00+00:00,0.60020122
2025-10-14 12:00:00+00:00,0.60020122
2025-10-14 13:00:00+00:00,0.55929850
2025-10-14 14:00:00+00:00,0.48028051
2025-10-14 15:00:00+00:00,0.36853220
2025-10-14 16:00:00+00:00,0.23166902
2025-10-14 17:00:00+00:00,0.07901799
2025-10-14 18:00:00+00:00,0.00000000
2025-10-14 19:00:00+00:00,0.00000000
2025-10-14 20:00:00+00:00,0.00000000
2025-10-14 21:00:00+00:00,0.00000000
2025-10-14 22:00:00+00:00,0.00000000
2025-10-14 23:00:00+00:00,0.00000000
2025-10-15 00:00:00+00:00,0.00000000
2025-10-15 01:00:00+00:00,0.00000000
2025-10-15 02:00:00+00:00,0.00000000
2025-10-15 03:00:00+00:00,0.00000000
2025-10-15 04:00:00+00:00,0.00000000
2025-10-15 05:00:00+00:00,0.00000000
2025-10-15 06:00:00+00:00,0.07844623
2025-10-15 07:00:00+00:00,0.22999271
2025-10-15 08:00:00+00:00,0.36586556
2025-10-15 09:00:00+00:00,0.47680528
2025-10-15 10:00:00+00:00,0.55525151
2025-10-15 11:00:00+00:00,0.59585827
2025-10-15 12:00:00+00:00,0.59585827
2025-10-15 13:00:00+00:00,0.55525151
2025-10-15 14:00:00+00:00,0.47680528
2025-10-15 15:00:00+00:00,0.36586556
2025-10-15 16:00:00+00:00,0.22999271
2025-10-15 17:00:00+00:00,0.07844623
2025-10-15 18:00:00+00:00,0.00000000
2025-10-15 19:00:00+00:00,0.00000000
2025-10-15 20:00:00+00:00,0.00000000
2025-10-15 21:00:00+00:00,0.00000000
2025-10-15 22:00:00+00:00,0.00000000
2025-10-15 23:00:00+00:00,0.00000000
2025-10-16 00:00:00+00:00,0.00000000
2025-10-16 01:00:00+00:00,0.00000000
2025-10-16 02:00:00+00:00,0.00000000
2025-10-16 03:00:00+00:00,0.00000000
2025-10-16 04:00:00+00:00,0.00000000
2025-10-16 05:00:00+00:00,0.00000000
2025-10-16 06:00:00+00:00,0.07787907
2025-10-16 07:00:00+00:00,0.22832988
2025-10-16 08:00:00+00:00,0.36322039
2025-10-16 09:00:00+00:00,0.47335803
2025-10-16 10:00:00+00:00,0.55123710
2025-10-16 11:00:00+00:00,0.59155028
2025-10-16 12:00:00+00:00,0.59155028
2025-10-16 13:00:00+00:00,0.55123710
2025-10-16 14:00:00+00:00,0.47335803
2025-10-16 15:00:00+00:00,0.36322039
2025-10-16 16:00:00+00:00,0.22832988
2025-10-16 17:00:00+00:00,0.07787907
2025-10-16 18:00:00+00:00,0.00000000
2025-10-16 19:00:00+00:00,0.00000000
2025-10-16 20:00:00+00:00,0.00000000
2025-10-16 21:00:00+00:00,0.00000000
2025-10-16 22:00:00+00:00,0.00000000
2025-10-16 23:00:00+00:00,0.00000000
2025-10-17 00:00:00+00:00,0.00000000
2025-10-17 01:00:00+00:00,0.00000000
2025-10-17 02:00:00+00:00,0.00000000
2025-10-17 03:00:00+00:00,0.00000000
2025-10-17 04:00:00+00:00,0.00000000
2025-10-17 05:00:00+00:00,0.00000000
2025-10-17 06:00:00+00:00,0.07731668
2025-10-17 07:00:00+00:00,0.22668105
2025-10-17 08:00:00+00:00,0.36059747
2025-10-17 09:00:00+00:00,0.46993978
2025-10-17 10:00:00+00:00,0.54725646
2025-10-17 11:00:00+00:00,0.58727852
2025-10-17 12:00:00+00:00,0.58727852
2025-10-17 13:00:00+00:00,0.54725646
2025-10-17 14:00:00+00:00,0.46993978
2025-10-17 15:00:00+00:00,0.36059747
2025-10-17 16:00:00+00:00,0.22668105
2025-10-17 17:00:00+00:00,0.07731668
2025-10-17 18:00:00+00:00,0.00000000
2025-10-17 19:00:00+00:00,0.00000000
2025-10-17 20:00:00+00:00,0.00000000
2025-10-17 21:00:00+00:00,0.00000000
2025-10-17 22:00:00+00:00,0.00000000
2025-10-17 23:00:00+00:00,0.00000000
2025-10-18 00:00:00+00:00,0.00000000
2025-10-18 01:00:00+00:00,0.00000000
2025-10-18 02:00:00+00:00,0.00000000
2025-10-18 03:00:00+00:00,0.00000000
2025-10-18 04:00:00+00:00,0.00000000
2025-10-18 05:00:00+00:00,0.00000000
2025-10-18 06:00:00+00:00,0.07675923
2025-10-18 07:00:00+00:00,0.22504669
2025-10-18 08:00:00+00:00,0.35799758
2025-10-18 09:00:00+00:00,0.46655153
2025-10-18 10:00:00+00:00,0.54331077
2025-10-18 11:00:00+00:00,0.58304427
2025-10-18 12:00:00+00:00,0.58304427
2025-10-18 13:00:00+00:00,0.54331077
2025-10-18 14:00:00+00:00,0.46655153
2025-10-18 15:00:00+00:00,0.35799758
2025-10-18 16:00:00+00:00,0.22504669
2025-10-18 17:00:00+00:00,0.07675923
2025-10-18 18:00:00+00:00,0.00000000
2025-10-18 19:00:00+00:00,0.00000000
2025-10-18 20:00:00+00:00,0.00000000
2025-10-18 21:00:00+00:00,0.00000000
2025-10-18 22:00:00+00:00,0.00000000
2025-10-18 23:00:00+00:00,0.00000000
2025-10-19 00:00:00+00:00,0.00000000
2025-10-19 01:00:00+00:00,0.00000000
2025-10-19 02:00:00+00:00,0.00000000
2025-10-19 03:00:00+00:00,0.00000000
2025-10-19 04:00:00+00:00,0.00000000
2025-10-19 05:00:00+00:00,0.00000000
2025-10-19 06:00:00+00:00,0.07620689
2025-10-19 07:00:00+00:00,0.22342729
2025-10-19 08:00:00+00:00,0.35542149
2025-10-19 09:00:00+00:00,0.46319430
2025-10-19 10:00:00+00:00,0.53940119
2025-10-19 11:00:00+00:00,0.57884878
2025-10-19 12:00:00+00:00,0.57884878
2025-10-19 13:00:00+00:00,0.53940119
2025-10-19 14:00:00+00:00,0.46319430
2025-10-19 15:00:00+00:00,0.35542149
2025-10-19 16:00:00+00:00,0.22342729
2025-10-19 17:00:00+00:00,0.07620689
2025-10-19 18:00:00+00:00,0.00000000
2025-10-19 19:00:00+00:00,0.00000000
2025-10-19 20:00:00+00:00,0.00000000
2025-10-19 21:00:00+00:00,0.00000000
2025-10-19 22:00:00+00:00,0.00000000
2025-10-19 23:00:00+00:00,0.00000000
2025-10-20 00:00:00+00:00,0.00000000
2025-10-20 01:00:00+00:00,0.00000000
2025-10-20 02:00:00+00:00,0.00000000
2025-10-20 03:00:00+00:00,0.00000000
2025-10-20 04:00:00+00:00,0.00000000
2025-10-20 05:00:00+00:00,0.00000000
2025-10-20 06:00:00+00:00,0.07565981
2025-10-20 07:00:00+00:00,0.22182333
2025-10-20 08:00:00+00:00,0.35286996
2025-10-20 09:00:00+00:00,0.45986908
2025-10-20 10:00:00+00:00,0.53552889
2025-10-20 11:00:00+00:00,0.57469329
2025-10-20 12:00:00+00:00,0.57469329
2025-10-20 13:00:00+00:00,0.53552889
2025-10-20 14:00:00+00:00,0.45986908
2025-10-20 15:00:00+00:00,0.35286996
2025-10-20 16:00:00+00:00,0.22182333
2025-10-20 17:00:00+00:00,0.07565981
2025-10-20 18:00:00+00:00,0.00000000
2025-10-20 19:00:00+00:00,0.00000000
2025-10-20 20:00:00+00:00,0.00000000
2025-10-20 21:00:00+00:00,0.00000000
2025-10-20 22:00:00+00:00,0.00000000
2025-10-20 23:00:00+00:00,0.00000000
2025-10-21 00:00:00+00:00,0.00000000
2025-10-21 01:00:00+00:00,0.00000000
2025-10-21 02:00:00+00:00,0.00000000
2025-10-21 03:00:00+00:00,0.00000000
2025-10-21 04:00:00+00:00,0.00000000
2025-10-21 05:00:00+00:00,0.00000000
2025-10-21 06:00:00+00:00,0.07511815
2025-10-21 07:00:00+00:00,0.22023528
2025-10-21 08:00:00+00:00,0.35034374
2025-10-21 09:00:00+00:00,0.45657685
2025-10-21 10:00:00+00:00,0.53169501
2025-10-21 11:00:00+00:00,0.57057903
2025-10-21 12:00:00+00:00,0.57057903
2025-10-21 13:00:00+00:00,0.53169501
2025-10-21 14:00:00+00:00,0.45657685
2025-10-21 15:00:00+00:00,0.35034374
2025-10-21 16:00:00+00:00,0.22023528
2025-10-21 17:00:00+00:00,0.07511815
2025-10-21 18:00:00+00:00,0.00000000
2025-10-21 19:00:00+00:00,0.00000000
2025-10-21 20:00:00+00:00,0.00000000
2025-10-21 21:00:00+00:00,0.00000000
2025-10-21 22:00:00+00:00,0.00000000
2025-10-21 23:00:00+00:00,0.00000000
2025-10-22 00:00:00+00:00,0.00000000
2025-10-22 01:00:00+00:00,0.00000000
2025-10-22 02:00:00+00:00,0.00000000
2025-10-22 03:00:00+00:00,0.00000000
2025-10-22 04:00:00+00:00,0.00000000
2025-10-22 05:00:00+00:00,0.00000000
2025-10-22 06:00:00+00:00,0.07458209
2025-10-22 07:00:00+00:00,0.21866362
2025-10-22 08:00:00+00:00,0.34784359
2025-10-22 09:00:00+00:00,0.45331860
2025-10-22 10:00:00+00:00,0.52790069
2025-10-22 11:00:00+00:00,0.56650722
2025-10-22 12:00:00+00:00,0.56650722
2025-10-22 13:00:00+00:00,0.52790069
2025-10-22 14:00:00+00:00,0.45331860
2025-10-22 15:00:00+00:00,0.34784359
2025-10-22 16:00:00+00:00,0.21866362
2025-10-22 17:00:00+00:00,0.07458209
2025-10-22 18:00:00+00:00,0.00000000
2025-10-22 19:00:00+00:00,0.00000000
2025-10-22 20:00:00+00:00,0.00000000
2025-10-22 21:00:00+00:00,0.00000000
2025-10-22 22:00:00+00:00,0.00000000
2025-10-22 23:00:00+00:00,0.00000000
2025-10-23 00:00:00+00:00,0.00000000
2025-10-23 01:00:00+00:00,0.00000000
2025-10-23 02:00:00+00:00,0.00000000
2025-10-23 03:00:00+00:00,0.00000000
2025-10-23 04:00:00+00:00,0.00000000
2025-10-23 05:00:00+00:00,0.00000000
2025-10-23 06:00:00+00:00,0.07405177
2025-10-23 07:00:00+00:00,0.21710882
2025-10-23 08:00:00+00:00,0.34537025
2025-10-23 09:00:00+00:00,0.45009527
2025-10-23 10:00:00+00:00,0.52414705
2025-10-23 11:00:00+00:00,0.56247907
2025-10-23 12:00:00+00:00,0.56247907
2025-10-23 13:00:00+00:00,0.52414705
2025-10-23 14:00:00+00:00,0.45009527
2025-10-23 15:00:00+00:00,0.34537025
2025-10-23 16:00:00+00:00,0.21710882
2025-10-23 17:00:00+00:00,0.07405177
2025-10-23 18:00:00+00:00,0.00000000
2025-10-23 19:00:00+00:00,0.00000000
2025-10-23 20:00:00+00:00,0.00000000
2025-10-23 21:00:00+00:00,0.00000000
2025-10-23 22:00:00+00:00,0.00000000
2025-10-23 23:00:00+00:00,0.00000000
2025-10-24 00:00:00+00:00,0.00000000
2025-10-24 01:00:00+00:00,0.00000000
2025-10-24 02:00:00+00:00,0.00000000
2025-10-24 03:00:00+00:00,0.00000000
2025-10-24 04:00:00+00:00,0.00000000
2025-10-24 05:00:00+00:00,0.00000000
2025-10-24 06:00:00+00:00,0.07352736
2025-10-24 07:00:00+00:00,0.21557132
2025-10-24 08:00:00+00:00,0.34292445
2025-10-24 09:00:00+00:00,0.44690784
2025-10-24 10:00:00+00:00,0.52043520
2025-10-24 11:00:00+00:00,0.55849577
2025-10-24 12:00:00+00:00,0.55849577
2025-10-24 13:00:00+00:00,0.52043520
2025-10-24 14:00:00+00:00,0.44690784
2025-10-24 15:00:00+00:00,0.34292445
2025-10-24 16:00:00+00:00,0.21557132
2025-10-24 17:00:00+00:00,0.07352736
2025-10-24 18:00:00+00:00,0.00000000
2025-10-24 19:00:00+00:00,0.00000000
2025-10-24 20:00:00+00:00,0.00000000
2025-10-24 21:00:00+00:00,0.00000000
2025-10-24 22:00:00+00:00,0.00000000
2025-10-24 23:00:00+00:00,0.00000000
2025-10-25 00:00:00+00:00,0.00000000
2025-10-25 01:00:00+00:00,0.00000000
2025-10-25 02:00:00+00:00,0.00000000
2025-10-25 03:00:00+00:00,0.00000000
2025-10-25 04:00:00+00:00,0.00000000
2025-10-25 05:00:00+00:00,0.00000000
2025-10-25 06:00:00+00:00,0.07300901
2025-10-25 07:00:00+00:00,0.21405159
2025-10-25 08:00:00+00:00,0.34050691
2025-10-25 09:00:00+00:00,0.44375724
2025-10-25 10:00:00+00:00,0.51676626
2025-10-25 11:00:00+00:00,0.55455850
2025-10-25 12:00:00+00:00,0.55455850
2025-10-25 13:00:00+00:00,0.51676626
2025-10-25 14:00:00+00:00,0.44375724
2025-10-25 15:00:00+00:00,0.34050691
2025-10-25 16:00:00+00:00,0.21405159
2025-10-25 17:00:00+00:00,0.07300901
2025-10-25 18:00:00+00:00,0.00000000
2025-10-25 19:00:00+00:00,0.00000000
2025-10-25 20:00:00+00:00,0.00000000
2025-10-25 21:00:00+00:00,0.00000000
2025-10-25 22:00:00+00:00,0.00000000
2025-10-25 23:00:00+00:00,0.00000000
2025-10-26 00:00:00+00:00,0.00000000
2025-10-26 01:00:00+00:00,0.00000000
2025-10-26 02:00:00+00:00,0.00000000
2025-10-26 03:00:00+00:00,0.00000000
2025-10-26 04:00:00+00:00,0.00000000
2025-10-26 05:00:00+00:00,0.00000000
2025-10-26 06:00:00+00:00,0.07249687
2025-10-26 07:00:00+00:00,0.21255008
2025-10-26 08:00:00+00:00,0.33811835
2025-10-26 09:00:00+00:00,0.44064441
2025-10-26 10:00:00+00:00,0.51314129
2025-10-26 11:00:00+00:00,0.55066843
2025-10-26 12:00:00+00:00,0.55066843
2025-10-26 13:00:00+00:00,0.51314129
2025-10-26 14:00:00+00:00,0.44064441
2025-10-26 15:00:00+00:00,0.33811835
2025-10-26 16:00:00+00:00,0.21255008
2025-10-26 17:00:00+00:00,0.07249687
2025-10-26 18:00:00+00:00,0.00000000
2025-10-26 19:00:00+00:00,0.00000000
2025-10-26 20:00:00+00:00,0.00000000
2025-10-26 21:00:00+00:00,0.00000000
2025-10-26 22:00:00+00:00,0.00000000
2025-10-26 23:00:00+00:00,0.00000000
2025-10-27 00:00:00+00:00,0.00000000
2025-10-27 01:00:00+00:00,0.00000000
2025-10-27 02:00:00+00:00,0.00000000
2025-10-27 03:00:00+00:00,0.00000000
2025-10-27 04:00:00+00:00,0.00000000
2025-10-27 05:00:00+00:00,0.00000000
2025-10-27 06:00:00+00:00,0.07199110
2025-10-27 07:00:00+00:00,0.21106723
2025-10-27 08:00:00+00:00,0.33575948
2025-10-27 09:00:00+00:00,0.43757028
2025-10-27 10:00:00+00:00,0.50956138
2025-10-27 11:00:00+00:00,0.54682672
2025-10-27 12:00:00+00:00,0.54682672
2025-10-27 13:00:00+00:00,0.50956138
2025-10-27 14:00:00+00:00,0.43757028
2025-10-27 15:00:00+00:00,0.33575948
2025-10-27 16:00:00+00:00,0.21106723
2025-10-27 17:00:00+00:00,0.07199110
2025-10-27 18:00:00+00:00,0.00000000
2025-10-27 19:00:00+00:00,0.00000000
2025-10-27 20:00:00+00:00,0.00000000
2025-10-27 21:00:00+00:00,0.00000000
2025-10-27 22:00:00+00:00,0.00000000
2025-10-27 23:00:00+00:00,0.00000000
2025-10-28 00:00:00+00:00,0.00000000
2025-10-28 01:00:00+00:00,0.00000000
2025-10-28 02:00:00+00:00,0.00000000
2025-10-28 03:00:00+00:00,0.00000000
2025-10-28 04:00:00+00:00,0.00000000
2025-10-28 05:00:00+00:00,0.00000000
2025-10-28 06:00:00+00:00,0.07149185
2025-10-28 07:00:00+00:00,0.20960349
2025-10-28 08:00:00+00:00,0.33343100
2025-10-28 09:00:00+00:00,0.43453574
2025-10-28 10:00:00+00:00,0.50602759
2025-10-28 11:00:00+00:00,0.54303449
2025-10-28 12:00:00+00:00,0.54303449
2025-10-28 13:00:00+00:00,0.50602759
2025-10-28 14:00:00+00:00,0.43453574
2025-10-28 15:00:00+00:00,0.33343100
2025-10-28 16:00:00+00:00,0.20960349
2025-10-28 17:00:00+00:00,0.07149185
2025-10-28 18:00:00+00:00,0.00000000
2025-10-28 19:00:00+00:00,0.00000000
2025-10-28 20:00:00+00:00,0.00000000
2025-10-28 21:00:00+00:00,0.00000000
2025-10-28 22:00:00+00:00,0.00000000
2025-10-28 23:00:00+00:00,0.00000000
2025-10-29 00:00:00+00:00,0.00000000
2025-10-29 01:00:00+00:00,0.00000000
2025-10-29 02:00:00+00:00,0.00000000
2025-10-29 03:00:00+00:00,0.00000000
2025-10-29 04:00:00+00:00,0.00000000
2025-10-29 05:00:00+00:00,0.00000000
2025-10-29 06:00:00+00:00,0.07099925
2025-10-29 07:00:00+00:00,0.20815928
2025-10-29 08:00:00+00:00,0.33113360
2025-10-29 09:00:00+00:00,0.43154170
2025-10-29 10:00:00+00:00,0.50254096
2025-10-29 11:00:00+00:00,0.53929287
2025-10-29 12:00:00+00:00,0.53929287
2025-10-29 13:00:00+00:00,0.50254096
2025-10-29 14:00:00+00:00,0.43154170
2025-10-29 15:00:00+00:00,0.33113360
2025-10-29 16:00:00+00:00,0.20815928
2025-10-29 17:00:00+00:00,0.07099925
2025-10-29 18:00:00+00:00,0.00000000
2025-10-29 19:00:00+00:00,0.00000000
2025-10-29 20:00:00+00:00,0.00000000
2025-10-29 21:00:00+00:00,0.00000000
2025-10-29 22:00:00+00:00,0.00000000
2025-10-29 23:00:00+00:00,0.00000000
2025-10-30 00:00:00+00:00,0.00000000
2025-10-30 01:00:00+00:00,0.00000000
2025-10-30 02:00:00+00:00,0.00000000
2025-10-30 03:00:00+00:00,0.00000000
2025-10-30 04:00:00+00:00,0.00000000
2025-10-30 05:00:00+00:00,0.00000000
2025-10-30 06:00:00+00:00,0.07051347
2025-10-30 07:00:00+00:00,0.20673503
2025-10-30 08:00:00+00:00,0.32886795
2025-10-30 09:00:00+00:00,0.42858905
2025-10-30 10:00:00+00:00,0.49910253
2025-10-30 11:00:00+00:00,0.53560298
2025-10-30 12:00:00+00:00,0.53560298
2025-10-30 13:00:00+00:00,0.49910253
2025-10-30 14:00:00+00:00,0.42858905
2025-10-30 15:00:00+00:00,0.32886795
2025-10-30 16:00:00+00:00,0.20673503
2025-10-30 17:00:00+00:00,0.07051347
2025-10-30 18:00:00+00:00,0.00000000
2025-10-30 19:00:00+00:00,0.00000000
2025-10-30 20:00:00+00:00,0.00000000
2025-10-30 21:00:00+00:00,0.00000000
2025-10-30 22:00:00+00:00,0.00000000
2025-10-30 23:00:00+00:00,0.00000000
2025-10-31 00:00:00+00:00,0.00000000
2025-10-31 01:00:00+00:00,0.00000000
2025-10-31 02:00:00+00:00,0.00000000
2025-10-31 03:00:00+00:00,0.00000000
2025-10-31 04:00:00+00:00,0.00000000
2025-10-31 05:00:00+00:00,0.00000000
2025-10-31 06:00:00+00:00,0.07003464
2025-10-31 07:00:00+00:00,0.20533118
2025-10-31 08:00:00+00:00,0.32663473
2025-10-31 09:00:00+00:00,0.42567867
2025-10-31 10:00:00+00:00,0.49571331
2025-10-31 11:00:00+00:00,0.53196591
2025-10-31 12:00:00+00:00,0.53196591
2025-10-31 13:00:00+00:00,0.49571331
2025-10-31 14:00:00+00:00,0.42567867
2025-10-31 15:00:00+00:00,0.32663473
2025-10-31 16:00:00+00:00,0.20533118
2025-10-31 17:00:00+00:00,0.07003464
2025-10-31 18:00:00+00:00,0.00000000
2025-10-31 19:00:00+00:00,0.00000000
2025-10-31 20:00:00+00:00,0.00000000
2025-10-31 21:00:00+00:00,0.00000000
2025-10-31 22:00:00+00:00,0.00000000
2025-10-31 23:00:00+00:00,0.00000000
2025-11-01 00:00:00+00:00,0.00000000
2025-11-01 01:00:00+00:00,0.00000000
2025-11-01 02:00:00+00:00,0.00000000
2025-11-01 03:00:00+00:00,0.00000000
2025-11-01 04:00:00+00:00,0.00000000
2025-11-01 05:00:00+00:00,0.00000000
2025-11-01 06:00:00+00:00,0.06956291
2025-11-01 07:00:00+00:00,0.20394812
2025-11-01 08:00:00+00:00,0.32443461
2025-11-01 09:00:00+00:00,0.42281141
2025-11-01 10:00:00+00:00,0.49237431
2025-11-01 11:00:00+00:00,0.52838272
2025-11-01 12:00:00+00:00,0.52838272
2025-11-01 13:00:00+00:00,0.49237431
2025-11-01 14:00:00+00:00,0.42281141
2025-11-01 15:00:00+00:00,0.32443461
2025-11-01 16:00:00+00:00,0.20394812
2025-11-01 17:00:00+00:00,0.06956291
2025-11-01 18:00:00+00:00,0.00000000
2025-11-01 19:00:00+00:00,0.00000000
2025-11-01 20:00:00+00:00,0.00000000
2025-11-01 21:00:00+00:00,0.00000000
2025-11-01 22:00:00+00:00,0.00000000
2025-11-01 23:00:00+00:00,0.00000000
2025-11-02 00:00:00+00:00,0.00000000
2025-11-02 01:00:00+00:00,0.00000000
2025-11-02 02:00:00+00:00,0.00000000
2025-11-02 03:00:00+00:00,0.00000000
2025-11-02 04:00:00+00:00,0.00000000
2025-11-02 05:00:00+00:00,0.00000000
2025-11-02 06:00:00+00:00,0.06909841
2025-11-02 07:00:00+00:00,0.20258627
2025-11-02 08:00:00+00:00,0.32226822
2025-11-02 09:00:00+00:00,0.41998812
2025-11-02 10:00:00+00:00,0.48908653
2025-11-02 11:00:00+00:00,0.52485450
2025-11-02 12:00:00+00:00,0.52485450
2025-11-02 13:00:00+00:00,0.48908653
2025-11-02 14:00:00+00:00,0.41998812
2025-11-02 15:00:00+00:00,0.32226822
2025-11-02 16:00:00+00:00,0.20258627
2025-11-02 17:00:00+00:00,0.06909841
2025-11-02 18:00:00+00:00,0.00000000
2025-11-02 19:00:00+00:00,0.00000000
2025-11-02 20:00:00+00:00,0.00000000
2025-11-02 21:00:00+00:00,0.00000000
2025-11-02 22:00:00+00:00,0.00000000
2025-11-02 23:00:00+00:00,0.00000000
2025-11-03 00:00:00+00:00,0.00000000
2025-11-03 01:00:00+00:00,0.00000000
2025-11-03 02:00:00+00:00,0.00000000
2025-11-03 03:00:00+00:00,0.00000000
2025-11-03 04:00:00+00:00,0.00000000
2025-11-03 05:00:00+00:00,0.00000000
2025-11-03 06:00:00+00:00,0.06864128
2025-11-03 07:00:00+00:00,0.20124604
2025-11-03 08:00:00+00:00,0.32013623
2025-11-03 09:00:00+00:00,0.41720965
2025-11-03 10:00:00+00:00,0.48585093
2025-11-03 11:00:00+00:00,0.52138227
2025-11-03 12:00:00+00:00,0.52138227
2025-11-03 13:00:00+00:00,0.48585093
2025-11-03 14:00:00+00:00,0.41720965
2025-11-03 15:00:00+00:00,0.32013623
2025-11-03 16:00:00+00:00,0.20124604
2025-11-03 17:00:00+00:00,0.06864128
2025-11-03 18:00:00+00:00,0.00000000
2025-11-03 19:00:00+00:00,0.00000000
2025-11-03 20:00:00+00:00,0.00000000
2025-11-03 21:00:00+00:00,0.00000000
2025-11-03 22:00:00+00:00,0.00000000
2025-11-03 23:00:00+00:00,0.00000000
2025-11-04 00:00:00+00:00,0.00000000
2025-11-04 01:00:00+00:00,0.00000000
2025-11-04 02:00:00+00:00,0.00000000
2025-11-04 03:00:00+00:00,0.00000000
2025-11-04 04:00:00+00:00,0.00000000
2025-11-04 05:00:00+00:00,0.00000000
2025-11-04 06:00:00+00:00,0.06819166
2025-11-04 07:00:00+00:00,0.19992783
2025-11-04 08:00:00+00:00,0.31803924
2025-11-04 09:00:00+00:00,0.41447681
2025-11-04 10:00:00+00:00,0.48266847
2025-11-04 11:00:00+00:00,0.51796707
2025-11-04 12:00:00+00:00,0.51796707
2025-11-04 13:00:00+00:00,0.48266847
2025-11-04 14:00:00+00:00,0.41447681
2025-11-04 15:00:00+00:00,0.31803924
2025-11-04 16:00:00+00:00,0.19992783
2025-11-04 17:00:00+00:00,0.06819166
2025-11-04 18:00:00+00:00,0.00000000
2025-11-04 19:00:00+00:00,0.00000000
2025-11-04 20:00:00+00:00,0.00000000
2025-11-04 21:00:00+00:00,0.00000000
2025-11-04 22:00:00+00:00,0.00000000
2025-11-04 23:00:00+00:00,0.00000000
2025-11-05 00:00:00+00:00,0.00000000
2025-11-05 01:00:00+00:00,0.00000000
2025-11-05 02:00:00+00:00,0.00000000
2025-11-05 03:00:00+00:00,0.00000000
2025-11-05 04:00:00+00:00,0.00000000
2025-11-05 05:00:00+00:00,0.00000000
2025-11-05 06:00:00+00:00,0.06774968
2025-11-05 07:00:00+00:00,0.19863201
2025-11-05 08:00:00+00:00,0.31597790
2025-11-05 09:00:00+00:00,0.41179042
2025-11-05 10:00:00+00:00,0.47954010
2025-11-05 11:00:00+00:00,0.51460992
2025-11-05 12:00:00+00:00,0.51460992
2025-11-05 13:00:00+00:00,0.47954010
2025-11-05 14:00:00+00:00,0.41179042
2025-11-05 15:00:00+00:00,0.31597790
2025-11-05 16:00:00+00:00,0.19863201
2025-11-05 17:00:00+00:00,0.06774968
2025-11-05 18:00:00+00:00,0.00000000
2025-11-05 19:00:00+00:00,0.00000000
2025-11-05 20:00:00+00:00,0.00000000
2025-11-05 21:00:00+00:00,0.00000000
2025-11-05 22:00:00+00:00,0.00000000
2025-11-05 23:00:00+00:00,0.00000000
2025-11-06 00:00:00+00:00,0.00000000
2025-11-06 01:00:00+00:00,0.00000000
2025-11-06 02:00:00+00:00,0.00000000
2025-11-06 03:00:00+00:00,0.00000000
2025-11-06 04:00:00+00:00,0.00000000
2025-11-06 05:00:00+00:00,0.00000000
2025-11-06 06:00:00+00:00,0.06731547
2025-11-06 07:00:00+00:00,0.19735899
2025-11-06 08:00:00+00:00,0.31395281
2025-11-06 09:00:00+00:00,0.40915127
2025-11-06 10:00:00+00:00,0.47646674
2025-11-06 11:00:00+00:00,0.51131180
2025-11-06 12:00:00+00:00,0.51131180
2025-11-06 13:00:00+00:00,0.47646674
2025-11-06 14:00:00+00:00,0.40915127
2025-11-06 15:00:00+00:00,0.31395281
2025-11-06 16:00:00+00:00,0.19735899
2025-11-06 17:00:00+00:00,0.06731547
2025-11-06 18:00:00+00:00,0.00000000
2025-11-06 19:00:00+00:00,0.00000000
2025-11-06 20:00:00+00:00,0.00000000
2025-11-06 21:00:00+00:00,0.00000000
2025-11-06 22:00:00+00:00,0.00000000
2025-11-06 23:00:00+00:00,0.00000000
2025-11-07 00:00:00+00:00,0.00000000
2025-11-07 01:00:00+00:00,0.00000000
2025-11-07 02:00:00+00:00,0.00000000
2025-11-07 03:00:00+00:00,0.00000000
2025-11-07 04:00:00+00:00,0.00000000
2025-11-07 05:00:00+00:00,0.00000000
2025-11-07 06:00:00+00:00,0.06688917
2025-11-07 07:00:00+00:00,0.19610912
2025-11-07 08:00:00+00:00,0.31196457
2025-11-07 09:00:00+00:00,0.40656014
2025-11-07 10:00:00+00:00,0.47344931
2025-11-07 11:00:00+00:00,0.50807369
2025-11-07 12:00:00+00:00,0.50807369
2025-11-07 13:00:00+00:00,0.47344931
2025-11-07 14:00:00+00:00,0.40656014
2025-11-07 15:00:00+00:00,0.31196457
2025-11-07 16:00:00+00:00,0.19610912
2025-11-07 17:00:00+00:00,0.06688917
2025-11-07 18:00:00+00:00,0.00000000
2025-11-07 19:00:00+00:00,0.00000000
2025-11-07 20:00:00+00:00,0.00000000
2025-11-07 21:00:00+00:00,0.00000000
2025-11-07 22:00:00+00:00,0.00000000
2025-11-07 23:00:00+00:00,0.00000000
2025-11-08 00:00:00+00:00,0.00000000
2025-11-08 01:00:00+00:00,0.00000000
2025-11-08 02:00:00+00:00,0.00000000
2025-11-08 03:00:00+00:00,0.00000000
2025-11-08 04:00:00+00:00,0.00000000
2025-11-08 05:00:00+00:00,0.00000000
2025-11-08 06:00:00+00:00,0.06647089
2025-11-08 07:00:00+00:00,0.19488280
2025-11-08 08:00:00+00:00,0.31001376
2025-11-08 09:00:00+00:00,0.40401780
2025-11-08 10:00:00+00:00,0.47048869
2025-11-08 11:00:00+00:00,0.50489656
2025-11-08 12:00:00+00:00,0.50489656
2025-11-08 13:00:00+00:00,0.47048869
2025-11-08 14:00:00+00:00,0.40401780
2025-11-08 15:00:00+00:00,0.31001376
2025-11-08 16:00:00+00:00,0.19488280
2025-11-08 17:00:00+00:00,0.06647089
2025-11-08 18:00:00+00:00,0.00000000
2025-11-08 19:00:00+00:00,0.00000000
2025-11-08 20:00:00+00:00,0.00000000
2025-11-08 21:00:00+00:00,0.00000000
2025-11-08 22:00:00+00:00,0.00000000
2025-11-08 23:00:00+00:00,0.00000000
2025-11-09 00:00:00+00:00,0.00000000
2025-11-09 01:00:00+00:00,0.00000000
2025-11-09 02:00:00+00:00,0.00000000
2025-11-09 03:00:00+00:00,0.00000000
2025-11-09 04:00:00+00:00,0.00000000
2025-11-09 05:00:00+00:00,0.00000000
2025-11-09 06:00:00+00:00,0.06606077
2025-11-09 07:00:00+00:00,0.19368037
2025-11-09 08:00:00+00:00,0.30810097
2025-11-09 09:00:00+00:00,0.40152500
2025-11-09 10:00:00+00:00,0.46758577
2025-11-09 11:00:00+00:00,0.50178134
2025-11-09 12:00:00+00:00,0.50178134
2025-11-09 13:00:00+00:00,0.46758577
2025-11-09 14:00:00+00:00,0.40152500
2025-11-09 15:00:00+00:00,0.30810097
2025-11-09 16:00:00+00:00,0.19368037
2025-11-09 17:00:00+00:00,0.06606077
2025-11-09 18:00:00+00:00,0.00000000
2025-11-09 19:00:00+00:00,0.00000000
2025-11-09 20:00:00+00:00,0.00000000
2025-11-09 21:00:00+00:00,0.00000000
2025-11-09 22:00:00+00:00,0.00000000
2025-11-09 23:00:00+00:00,0.00000000
2025-11-10 00:00:00+00:00,0.00000000
2025-11-10 01:00:00+00:00,0.00000000
2025-11-10 02:00:00+00:00,0.00000000
2025-11-10 03:00:00+00:00,0.00000000
2025-11-10 04:00:00+00:00,0.00000000
2025-11-10 05:00:00+00:00,0.00000000
2025-11-10 06:00:00+00:00,0.06565891
2025-11-10 07:00:00+00:00,0.19250219
2025-11-10 08:00:00+00:00,0.30622676
2025-11-10 09:00:00+00:00,0.39908249
2025-11-10 10:00:00+00:00,0.46474140
2025-11-10 11:00:00+00:00,0.49872896
2025-11-10 12:00:00+00:00,0.49872896
2025-11-10 13:00:00+00:00,0.46474140
2025-11-10 14:00:00+00:00,0.39908249
2025-11-10 15:00:00+00:00,0.30622676
2025-11-10 16:00:00+00:00,0.19250219
2025-11-10 17:00:00+00:00,0.06565891
2025-11-10 18:00:00+00:00,0.00000000
2025-11-10 19:00:00+00:00,0.00000000
2025-11-10 20:00:00+00:00,0.00000000
2025-11-10 21:00:00+00:00,0.00000000
2025-11-10 22:00:00+00:00,0.00000000
2025-11-10 23:00:00+00:00,0.00000000
2025-11-11 00:00:00+00:00,0.00000000
2025-11-11 01:00:00+00:00,0.00000000
2025-11-11 02:00:00+00:00,0.00000000
2025-11-11 03:00:00+00:00,0.00000000
2025-11-11 04:00:00+00:00,0.00000000
2025-11-11 05:00:00+00:00,0.00000000
2025-11-11 06:00:00+00:00,0.06526545
2025-11-11 07:00:00+00:00,0.19134862
2025-11-11 08:00:00+00:00,0.30439170
2025-11-11 09:00:00+00:00,0.39669098
2025-11-11 10:00:00+00:00,0.46195643
2025-11-11 11:00:00+00:00,0.49574032
2025-11-11 12:00:00+00:00,0.49574032
2025-11-11 13:00:00+00:00,0.46195643
2025-11-11 14:00:00+00:00,0.39669098
2025-11-11 15:00:00+00:00,0.30439170
2025-11-11 16:00:00+00:00,0.19134862
2025-11-11 17:00:00+00:00,0.06526545
2025-11-11 18:00:00+00:00,0.00000000
2025-11-11 19:00:00+00:00,0.00000000
2025-11-11 20:00:00+00:00,0.00000000
2025-11-11 21:00:00+00:00,0.00000000
2025-11-11 22:00:00+00:00,0.00000000
2025-11-11 23:00:00+00:00,0.00000000
2025-11-12 00:00:00+00:00,0.00000000
2025-11-12 01:00:00+00:00,0.00000000
2025-11-12 02:00:00+00:00,0.00000000
2025-11-12 03:00:00+00:00,0.00000000
2025-11-12 04:00:00+00:00,0.00000000
2025-11-12 05:00:00+00:00,0.00000000
2025-11-12 06:00:00+00:00,0.06488050
2025-11-12 07:00:00+00:00,0.19021999
2025-11-12 08:00:00+00:00,0.30259631
2025-11-12 09:00:00+00:00,0.39435119
2025-11-12 10:00:00+00:00,0.45923169
2025-11-12 11:00:00+00:00,0.49281631
2025-11-12 12:00:00+00:00,0.49281631
2025-11-12 13:00:00+00:00,0.45923169
2025-11-12 14:00:00+00:00,0.39435119
2025-11-12 15:00:00+00:00,0.30259631
2025-11-12 16:00:00+00:00,0.19021999
2025-11-12 17:00:00+00:00,0.06488050
2025-11-12 18:00:00+00:00,0.00000000
2025-11-12 19:00:00+00:00,0.00000000
2025-11-12 20:00:00+00:00,0.00000000
2025-11-12 21:00:00+00:00,0.00000000
2025-11-12 22:00:00+00:00,0.00000000
2025-11-12 23:00:00+00:00,0.00000000
2025-11-13 00:00:00+00:00,0.00000000
2025-11-13 01:00:00+00:00,0.00000000
2025-11-13 02:00:00+00:00,0.00000000
2025-11-13 03:00:00+00:00,0.00000000
2025-11-13 04:00:00+00:00,0.00000000
2025-11-13 05:00:00+00:00,0.00000000
2025-11-13 06:00:00+00:00,0.06450417
2025-11-13 07:00:00+00:00,0.18911665
2025-11-13 08:00:00+00:00,0.30084114
2025-11-13 09:00:00+00:00,0.39206381
2025-11-13 10:00:00+00:00,0.45656797
2025-11-13 11:00:00+00:00,0.48995779
2025-11-13 12:00:00+00:00,0.48995779
2025-11-13 13:00:00+00:00,0.45656797
2025-11-13 14:00:00+00:00,0.39206381
2025-11-13 15:00:00+00:00,0.30084114
2025-11-13 16:00:00+00:00,0.18911665
2025-11-13 17:00:00+00:00,0.06450417
2025-11-13 18:00:00+00:00,0.00000000
2025-11-13 19:00:00+00:00,0.00000000
2025-11-13 20:00:00+00:00,0.00000000
2025-11-13 21:00:00+00:00,0.00000000
2025-11-13 22:00:00+00:00,0.00000000
2025-11-13 23:00:00+00:00,0.00000000
2025-11-14 00:00:00+00:00,0.00000000
2025-11-14 01:00:00+00:00,0.00000000
2025-11-14 02:00:00+00:00,0.00000000
2025-11-14 03:00:00+00:00,0.00000000
2025-11-14 04:00:00+00:00,0.00000000
2025-11-14 05:00:00+00:00,0.00000000
2025-11-14 06:00:00+00:00,0.06413657
2025-11-14 07:00:00+00:00,0.18803891
2025-11-14 08:00:00+00:00,0.29912670
2025-11-14 09:00:00+00:00,0.38982951
2025-11-14 10:00:00+00:00,0.45396608
2025-11-14 11:00:00+00:00,0.48716561
2025-11-14 12:00:00+00:00,0.48716561
2025-11-14 13:00:00+00:00,0.45396608
2025-11-14 14:00:00+00:00,0.38982951
2025-11-14 15:00:00+00:00,0.29912670
2025-11-14 16:00:00+00:00,0.18803891
2025-11-14 17:00:00+00:00,0.06413657
2025-11-14 18:00:00+00:00,0.00000000
2025-11-14 19:00:00+00:00,0.00000000
2025-11-14 20:00:00+00:00,0.00000000
2025-11-14 21:00:00+00:00,0.00000000
2025-11-14 22:00:00+00:00,0.00000000
2025-11-14 23:00:00+00:00,0.00000000
2025-11-15 00:00:00+00:00,0.00000000
2025-11-15 01:00:00+00:00,0.00000000
2025-11-15 02:00:00+00:00,0.00000000
2025-11-15 03:00:00+00:00,0.00000000
2025-11-15 04:00:00+00:00,0.00000000
2025-11-15 05:00:00+00:00,0.00000000
2025-11-15 06:00:00+00:00,0.06377782
2025-11-15 07:00:00+00:00,0.18698709
2025-11-15 08:00:00+00:00,0.29745351
2025-11-15 09:00:00+00:00,0.38764896
2025-11-15 10:00:00+00:00,0.45142678
2025-11-15 11:00:00+00:00,0.48444061
2025-11-15 12:00:00+00:00,0.48444061
2025-11-15 13:00:00+00:00,0.45142678
2025-11-15 14:00:00+00:00,0.38764896
2025-11-15 15:00:00+00:00,0.29745351
2025-11-15 16:00:00+00:00,0.18698709
2025-11-15 17:00:00+00:00,0.06377782
2025-11-15 18:00:00+00:00,0.00000000
2025-11-15 19:00:00+00:00,0.00000000
2025-11-15 20:00:00+00:00,0.00000000
2025-11-15 21:00:00+00:00,0.00000000
2025-11-15 22:00:00+00:00,0.00000000
2025-11-15 23:00:00+00:00,0.00000000
2025-11-16 00:00:00+00:00,0.00000000
2025-11-16 01:00:00+00:00,0.00000000
2025-11-16 02:00:00+00:00,0.00000000
2025-11-16 03:00:00+00:00,0.00000000
2025-11-16 04:00:00+00:00,0.00000000
2025-11-16 05:00:00+00:00,0.00000000
2025-11-16 06:00:00+00:00,0.06342801
2025-11-16 07:00:00+00:00,0.18596152
2025-11-16 08:00:00+00:00,0.29582206
2025-11-16 09:00:00+00:00,0.38552281
2025-11-16 10:00:00+00:00,0.44895082
2025-11-16 11:00:00+00:00,0.48178357
2025-11-16 12:00:00+00:00,0.48178357
2025-11-16 13:00:00+00:00,0.44895082
2025-11-16 14:00:00+00:00,0.38552281
2025-11-16 15:00:00+00:00,0.29582206
2025-11-16 16:00:00+00:00,0.18596152
2025-11-16 17:00:00+00:00,0.06342801
2025-11-16 18:00:00+00:00,0.00000000
2025-11-16 19:00:00+00:00,0.00000000
2025-11-16 20:00:00+00:00,0.00000000
2025-11-16 21:00:00+00:00,0.00000000
2025-11-16 22:00:00+00:00,0.00000000
2025-11-16 23:00:00+00:00,0.00000000
2025-11-17 00:00:00+00:00,0.00000000
2025-11-17 01:00:00+00:00,0.00000000
2025-11-17 02:00:00+00:00,0.00000000
2025-11-17 03:00:00+00:00,0.00000000
2025-11-17 04:00:00+00:00,0.00000000
2025-11-17 05:00:00+00:00,0.00000000
2025-11-17 06:00:00+00:00,0.06308726
2025-11-17 07:00:00+00:00,0.18496248
2025-11-17 08:00:00+00:00,0.29423282
2025-11-17 09:00:00+00:00,0.38345168
2025-11-17 10:00:00+00:00,0.44653894
2025-11-17 11:00:00+00:00,0.47919531
2025-11-17 12:00:00+00:00,0.47919531
2025-11-17 13:00:00+00:00,0.44653894
2025-11-17 14:00:00+00:00,0.38345168
2025-11-17 15:00:00+00:00,0.29423282
2025-11-17 16:00:00+00:00,0.18496248
2025-11-17 17:00:00+00:00,0.06308726
2025-11-17 18:00:00+00:00,0.00000000
2025-11-17 19:00:00+00:00,0.00000000
2025-11-17 20:00:00+00:00,0.00000000
2025-11-17 21:00:00+00:00,0.00000000
2025-11-17 22:00:00+00:00,0.00000000
2025-11-17 23:00:00+00:00,0.00000000
2025-11-18 00:00:00+00:00,0.00000000
2025-11-18 01:00:00+00:00,0.00000000
2025-11-18 02:00:00+00:00,0.00000000
2025-11-18 03:00:00+00:00,0.00000000
2025-11-18 04:00:00+00:00,0.00000000
2025-11-18 05:00:00+00:00,0.00000000
2025-11-18 06:00:00+00:00,0.06275566
2025-11-18 07:00:00+00:00,0.18399029
2025-11-18 08:00:00+00:00,0.29268628
2025-11-18 09:00:00+00:00,0.38143619
2025-11-18 10:00:00+00:00,0.44419185
2025-11-18 11:00:00+00:00,0.47667657
2025-11-18 12:00:00+00:00,0.47667657
2025-11-18 13:00:00+00:00,0.44419185
2025-11-18 14:00:00+00:00,0.38143619
2025-11-18 15:00:00+00:00,0.29268628
2025-11-18 16:00:00+00:00,0.18399029
2025-11-18 17:00:00+00:00,0.06275566
2025-11-18 18:00:00+00:00,0.00000000
2025-11-18 19:00:00+00:00,0.00000000
2025-11-18 20:00:00+00:00,0.00000000
2025-11-18 21:00:00+00:00,0.00000000
2025-11-18 22:00:00+00:00,0.00000000
2025-11-18 23:00:00+00:00,0.00000000
2025-11-19 00:00:00+00:00,0.00000000
2025-11-19 01:00:00+00:00,0.00000000
2025-11-19 02:00:00+00:00,0.00000000
2025-11-19 03:00:00+00:00,0.00000000
2025-11-19 04:00:00+00:00,0.00000000
2025-11-19 05:00:00+00:00,0.00000000
2025-11-19 06:00:00+00:00,0.06243331
2025-11-19 07:00:00+00:00,0.18304522
2025-11-19 08:00:00+00:00,0.29118289
2025-11-19 09:00:00+00:00,0.37947693
2025-11-19 10:00:00+00:00,0.44191025
2025-11-19 11:00:00+00:00,0.47422811
2025-11-19 12:00:00+00:00,0.47422811
2025-11-19 13:00:00+00:00,0.44191025
2025-11-19 14:00:00+00:00,0.37947693
2025-11-19 15:00:00+00:00,0.29118289
2025-11-19 16:00:00+00:00,0.18304522
2025-11-19 17:00:00+00:00,0.06243331
2025-11-19 18:00:00+00:00,0.00000000
2025-11-19 19:00:00+00:00,0.00000000
2025-11-19 20:00:00+00:00,0.00000000
2025-11-19 21:00:00+00:00,0.00000000
2025-11-19 22:00:00+00:00,0.00000000
2025-11-19 23:00:00+00:00,0.00000000
2025-11-20 00:00:00+00:00,0.00000000
2025-11-20 01:00:00+00:00,0.00000000
2025-11-20 02:00:00+00:00,0.00000000
2025-11-20 03:00:00+00:00,0.00000000
2025-11-20 04:00:00+00:00,0.00000000
2025-11-20 05:00:00+00:00,0.00000000
2025-11-20 06:00:00+00:00,0.06212032
2025-11-20 07:00:00+00:00,0.18212755
2025-11-20 08:00:00+00:00,0.28972310
2025-11-20 09:00:00+00:00,0.37757449
2025-11-20 10:00:00+00:00,0.43969481
2025-11-20 11:00:00+00:00,0.47185065
2025-11-20 12:00:00+00:00,0.47185065
2025-11-20 13:00:00+00:00,0.43969481
2025-11-20 14:00:00+00:00,0.37757449
2025-11-20 15:00:00+00:00,0.28972310
2025-11-20 16:00:00+00:00,0.18212755
2025-11-20 17:00:00+00:00,0.06212032
2025-11-20 18:00:00+00:00,0.00000000
2025-11-20 19:00:00+00:00,0.00000000
2025-11-20 20:00:00+00:00,0.00000000
2025-11-20 21:00:00+00:00,0.00000000
2025-11-20 22:00:00+00:00,0.00000000
2025-11-20 23:00:00+00:00,0.00000000
2025-11-21 00:00:00+00:00,0.00000000
2025-11-21 01:00:00+00:00,0.00000000
2025-11-21 02:00:00+00:00,0.00000000
2025-11-21 03:00:00+00:00,0.00000000
2025-11-21 04:00:00+00:00,0.00000000
2025-11-21 05:00:00+00:00,0.00000000
2025-11-21 06:00:00+00:00,0.06181676
2025-11-21 07:00:00+00:00,0.18123757
2025-11-21 08:00:00+00:00,0.28830733
2025-11-21 09:00:00+00:00,0.37572943
2025-11-21 10:00:00+00:00,0.43754619
2025-11-21 11:00:00+00:00,0.46954490
2025-11-21 12:00:00+00:00,0.46954490
2025-11-21 13:00:00+00:00,0.43754619
2025-11-21 14:00:00+00:00,0.37572943
2025-11-21 15:00:00+00:00,0.28830733
2025-11-21 16:00:00+00:00,0.18123757
2025-11-21 17:00:00+00:00,0.06181676
2025-11-21 18:00:00+00:00,0.00000000
2025-11-21 19:00:00+00:00,0.00000000
2025-11-21 20:00:00+00:00,0.00000000
2025-11-21 21:00:00+00:00,0.00000000
2025-11-21 22:00:00+00:00,0.00000000
2025-11-21 23:00:00+00:00,0.00000000
2025-11-22 00:00:00+00:00,0.00000000
2025-11-22 01:00:00+00:00,0.00000000
2025-11-22 02:00:00+00:00,0.00000000
2025-11-22 03:00:00+00:00,0.00000000
2025-11-22 04:00:00+00:00,0.00000000
2025-11-22 05:00:00+00:00,0.00000000
2025-11-22 06:00:00+00:00,0.06152273
2025-11-22 07:00:00+00:00,0.18037552
2025-11-22 08:00:00+00:00,0.28693602
2025-11-22 09:00:00+00:00,0.37394230
2025-11-22 10:00:00+00:00,0.43546503
2025-11-22 11:00:00+00:00,0.46731154
2025-11-22 12:00:00+00:00,0.46731154
2025-11-22 13:00:00+00:00,0.43546503
2025-11-22 14:00:00+00:00,0.37394230
2025-11-22 15:00:00+00:00,0.28693602
2025-11-22 16:00:00+00:00,0.18037552
2025-11-22 17:00:00+00:00,0.06152273
2025-11-22 18:00:00+00:00,0.00000000
2025-11-22 19:00:00+00:00,0.00000000
2025-11-22 20:00:00+00:00,0.00000000
2025-11-22 21:00:00+00:00,0.00000000
2025-11-22 22:00:00+00:00,0.00000000
2025-11-22 23:00:00+00:00,0.00000000
2025-11-23 00:00:00+00:00,0.00000000
2025-11-23 01:00:00+00:00,0.00000000
2025-11-23 02:00:00+00:00,0.00000000
2025-11-23 03:00:00+00:00,0.00000000
2025-11-23 04:00:00+00:00,0.00000000
2025-11-23 05:00:00+00:00,0.00000000
2025-11-23 06:00:00+00:00,0.06123832
2025-11-23 07:00:00+00:00,0.17954167
2025-11-23 08:00:00+00:00,0.28560955
2025-11-23 09:00:00+00:00,0.37221362
2025-11-23 10:00:00+00:00,0.43345194
2025-11-23 11:00:00+00:00,0.46515123
2025-11-23 12:00:00+00:00,0.46515123
2025-11-23 13:00:00+00:00,0.43345194
2025-11-23 14:00:00+00:00,0.37221362
2025-11-23 15:00:00+00:00,0.28560955
2025-11-23 16:00:00+00:00,0.17954167
2025-11-23 17:00:00+00:00,0.06123832
2025-11-23 18:00:00+00:00,0.00000000
2025-11-23 19:00:00+00:00,0.00000000
2025-11-23 20:00:00+00:00,0.00000000
2025-11-23 21:00:00+00:00,0.00000000
2025-11-23 22:00:00+00:00,0.00000000
2025-11-23 23:00:00+00:00,0.00000000
2025-11-24 00:00:00+00:00,0.00000000
2025-11-24 01:00:00+00:00,0.00000000
2025-11-24 02:00:00+00:00,0.00000000
2025-11-24 03:00:00+00:00,0.00000000
2025-11-24 04:00:00+00:00,0.00000000
2025-11-24 05:00:00+00:00,0.00000000
2025-11-24 06:00:00+00:00,0.06096361
2025-11-24 07:00:00+00:00,0.17873627
2025-11-24 08:00:00+00:00,0.28432834
2025-11-24 09:00:00+00:00,0.37054391
2025-11-24 10:00:00+00:00,0.43150752
2025-11-24 11:00:00+00:00,0.46306461
2025-11-24 12:00:00+00:00,0.46306461
2025-11-24 13:00:00+00:00,0.43150752
2025-11-24 14:00:00+00:00,0.37054391
2025-11-24 15:00:00+00:00,0.28432834
2025-11-24 16:00:00+00:00,0.17873627
2025-11-24 17:00:00+00:00,0.06096361
2025-11-24 18:00:00+00:00,0.00000000
2025-11-24 19:00:00+00:00,0.00000000
2025-11-24 20:00:00+00:00,0.00000000
2025-11-24 21:00:00+00:00,0.00000000
2025-11-24 22:00:00+00:00,0.00000000
2025-11-24 23:00:00+00:00,0.00000000
2025-11-25 00:00:00+00:00,0.00000000
2025-11-25 01:00:00+00:00,0.00000000
2025-11-25 02:00:00+00:00,0.00000000
2025-11-25 03:00:00+00:00,0.00000000
2025-11-25 04:00:00+00:00,0.00000000
2025-11-25 05:00:00+00:00,0.00000000
2025-11-25 06:00:00+00:00,0.06069869
2025-11-25 07:00:00+00:00,0.17795955
2025-11-25 08:00:00+00:00,0.28309276
2025-11-25 09:00:00+00:00,0.36893366
2025-11-25 10:00:00+00:00,0.42963235
2025-11-25 11:00:00+00:00,0.46105230
2025-11-25 12:00:00+00:00,0.46105230
2025-11-25 13:00:00+00:00,0.42963235
2025-11-25 14:00:00+00:00,0.36893366
2025-11-25 15:00:00+00:00,0.28309276
2025-11-25 16:00:00+00:00,0.17795955
2025-11-25 17:00:00+00:00,0.06069869
2025-11-25 18:00:00+00:00,0.00000000
2025-11-25 19:00:00+00:00,0.00000000
2025-11-25 20:00:00+00:00,0.00000000
2025-11-25 21:00:00+00:00,0.00000000
2025-11-25 22:00:00+00:00,0.00000000
2025-11-25 23:00:00+00:00,0.00000000
2025-11-26 00:00:00+00:00,0.00000000
2025-11-26 01:00:00+00:00,0.00000000
2025-11-26 02:00:00+00:00,0.00000000
2025-11-26 03:00:00+00:00,0.00000000
2025-11-26 04:00:00+00:00,0.00000000
2025-11-26 05:00:00+00:00,0.00000000
2025-11-26 06:00:00+00:00,0.06044362
2025-11-26 07:00:00+00:00,0.17721174
2025-11-26 08:00:00+00:00,0.28190316
2025-11-26 09:00:00+00:00,0.36738336
2025-11-26 10:00:00+00:00,0.42782698
2025-11-26 11:00:00+00:00,0.45911490
2025-11-26 12:00:00+00:00,0.45911490
2025-11-26 13:00:00+00:00,0.42782698
2025-11-26 14:00:00+00:00,0.36738336
2025-11-26 15:00:00+00:00,0.28190316
2025-11-26 16:00:00+00:00,0.17721174
2025-11-26 17:00:00+00:00,0.06044362
2025-11-26 18:00:00+00:00,0.00000000
2025-11-26 19:00:00+00:00,0.00000000
2025-11-26 20:00:00+00:00,0.00000000
2025-11-26 21:00:00+00:00,0.00000000
2025-11-26 22:00:00+00:00,0.00000000
2025-11-26 23:00:00+00:00,0.00000000
2025-11-27 00:00:00+00:00,0.00000000
2025-11-27 01:00:00+00:00,0.00000000
2025-11-27 02:00:00+00:00,0.00000000
2025-11-27 03:00:00+00:00,0.00000000
2025-11-27 04:00:00+00:00,0.00000000
2025-11-27 05:00:00+00:00,0.00000000
2025-11-27 06:00:00+00:00,0.06019850
2025-11-27 07:00:00+00:00,0.17649306
2025-11-27 08:00:00+00:00,0.28075992
2025-11-27 09:00:00+00:00,0.36589345
2025-11-27 10:00:00+00:00,0.42609194
2025-11-27 11:00:00+00:00,0.45725298
2025-11-27 12:00:00+00:00,0.45725298
2025-11-27 13:00:00+00:00,0.42609194
2025-11-27 14:00:00+00:00,0.36589345
2025-11-27 15:00:00+00:00,0.28075992
2025-11-27 16:00:00+00:00,0.17649306
2025-11-27 17:00:00+00:00,0.06019850
2025-11-27 18:00:00+00:00,0.00000000
2025-11-27 19:00:00+00:00,0.00000000
2025-11-27 20:00:00+00:00,0.00000000
2025-11-27 21:00:00+00:00,0.00000000
2025-11-27 22:00:00+00:00,0.00000000
2025-11-27 23:00:00+00:00,0.00000000
2025-11-28 00:00:00+00:00,0.00000000
2025-11-28 01:00:00+00:00,0.00000000
2025-11-28 02:00:00+00:00,0.00000000
2025-11-28 03:00:00+00:00,0.00000000
2025-11-28 04:00:00+00:00,0.00000000
2025-11-28 05:00:00+00:00,0.00000000
2025-11-28 06:00:00+00:00,0.05996338
2025-11-28 07:00:00+00:00,0.17580374
2025-11-28 08:00:00+00:00,0.27966336
2025-11-28 09:00:00+00:00,0.36446438
2025-11-28 10:00:00+00:00,0.42442776
2025-11-28 11:00:00+00:00,0.45546709
2025-11-28 12:00:00+00:00,0.45546709
2025-11-28 13:00:00+00:00,0.42442776
2025-11-28 14:00:00+00:00,0.36446438
2025-11-28 15:00:00+00:00,0.27966336
2025-11-28 16:00:00+00:00,0.17580374
2025-11-28 17:00:00+00:00,0.05996338
2025-11-28 18:00:00+00:00,0.00000000
2025-11-28 19:00:00+00:00,0.00000000
2025-11-28 20:00:00+00:00,0.00000000
2025-11-28 21:00:00+00:00,0.00000000
2025-11-28 22:00:00+00:00,0.00000000
2025-11-28 23:00:00+00:00,0.00000000
2025-11-29 00:00:00+00:00,0.00000000
2025-11-29 01:00:00+00:00,0.00000000
2025-11-29 02:00:00+00:00,0.00000000
2025-11-29 03:00:00+00:00,0.00000000
2025-11-29 04:00:00+00:00,0.00000000
2025-11-29 05:00:00+00:00,0.00000000
2025-11-29 06:00:00+00:00,0.05973834
2025-11-29 07:00:00+00:00,0.17514396
2025-11-29 08:00:00+00:00,0.27861381
2025-11-29 09:00:00+00:00,0.36309658
2025-11-29 10:00:00+00:00,0.42283492
2025-11-29 11:00:00+00:00,0.45375777
2025-11-29 12:00:00+00:00,0.45375777
2025-11-29 13:00:00+00:00,0.42283492
2025-11-29 14:00:00+00:00,0.36309658
2025-11-29 15:00:00+00:00,0.27861381
2025-11-29 16:00:00+00:00,0.17514396
2025-11-29 17:00:00+00:00,0.05973834
2025-11-29 18:00:00+00:00,0.00000000
2025-11-29 19:00:00+00:00,0.00000000
2025-11-29 20:00:00+00:00,0.00000000
2025-11-29 21:00:00+00:00,0.00000000
2025-11-29 22:00:00+00:00,0.00000000
2025-11-29 23:00:00+00:00,0.00000000
2025-11-30 00:00:00+00:00,0.00000000
2025-11-30 01:00:00+00:00,0.00000000
2025-11-30 02:00:00+00:00,0.00000000
2025-11-30 03:00:00+00:00,0.00000000
2025-11-30 04:00:00+00:00,0.00000000
2025-11-30 05:00:00+00:00,0.00000000
2025-11-30 06:00:00+00:00,0.05952345
2025-11-30 07:00:00+00:00,0.17451393
2025-11-30 08:00:00+00:00,0.27761158
2025-11-30 09:00:00+00:00,0.36179045
2025-11-30 10:00:00+00:00,0.42131390
2025-11-30 11:00:00+00:00,0.45212551
2025-11-30 12:00:00+00:00,0.45212551
2025-11-30 13:00:00+00:00,0.42131390
2025-11-30 14:00:00+00:00,0.36179045
2025-11-30 15:00:00+00:00,0.27761158
2025-11-30 16:00:00+00:00,0.17451393
2025-11-30 17:00:00+00:00,0.05952345
2025-11-30 18:00:00+00:00,0.00000000
2025-11-30 19:00:00+00:00,0.00000000
2025-11-30 20:00:00+00:00,0.00000000
2025-11-30 21:00:00+00:00,0.00000000
2025-11-30 22:00:00+00:00,0.00000000
2025-11-30 23:00:00+00:00,0.00000000
2025-12-01 00:00:00+00:00,0.00000000
2025-12-01 01:00:00+00:00,0.00000000
2025-12-01 02:00:00+00:00,0.00000000
2025-12-01 03:00:00+00:00,0.00000000
2025-12-01 04:00:00+00:00,0.00000000
2025-12-01 05:00:00+00:00,0.00000000
2025-12-01 06:00:00+00:00,0.05931877
2025-12-01 07:00:00+00:00,0.17391384
2025-12-01 08:00:00+00:00,0.27665696
2025-12-01 09:00:00+00:00,0.36054637
2025-12-01 10:00:00+00:00,0.41986514
2025-12-01 11:00:00+00:00,0.45057080
2025-12-01 12:00:00+00:00,0.45057080
2025-12-01 13:00:00+00:00,0.41986514
2025-12-01 14:00:00+00:00,0.36054637
2025-12-01 15:00:00+00:00,0.27665696
2025-12-01 16:00:00+00:00,0.17391384
2025-12-01 17:00:00+00:00,0.05931877
2025-12-01 18:00:00+00:00,0.00000000
2025-12-01 19:00:00+00:00,0.00000000
2025-12-01 20:00:00+00:00,0.00000000
2025-12-01 21:00:00+00:00,0.00000000
2025-12-01 22:00:00+00:00,0.00000000
2025-12-01 23:00:00+00:00,0.00000000
2025-12-02 00:00:00+00:00,0.00000000
2025-12-02 01:00:00+00:00,0.00000000
2025-12-02 02:00:00+00:00,0.00000000
2025-12-02 03:00:00+00:00,0.00000000
2025-12-02 04:00:00+00:00,0.00000000
2025-12-02 05:00:00+00:00,0.00000000
2025-12-02 06:00:00+00:00,0.05912436
2025-12-02 07:00:00+00:00,0.17334385
2025-12-02 08:00:00+00:00,0.27575025
2025-12-02 09:00:00+00:00,0.35936472
2025-12-02 10:00:00+00:00,0.41848908
2025-12-02 11:00:00+00:00,0.44909411
2025-12-02 12:00:00+00:00,0.44909411
2025-12-02 13:00:00+00:00,0.41848908
2025-12-02 14:00:00+00:00,0.35936472
2025-12-02 15:00:00+00:00,0.27575025
2025-12-02 16:00:00+00:00,0.17334385
2025-12-02 17:00:00+00:00,0.05912436
2025-12-02 18:00:00+00:00,0.00000000
2025-12-02 19:00:00+00:00,0.00000000
2025-12-02 20:00:00+00:00,0.00000000
2025-12-02 21:00:00+00:00,0.00000000
2025-12-02 22:00:00+00:00,0.00000000
2025-12-02 23:00:00+00:00,0.00000000
2025-12-03 00:00:00+00:00,0.00000000
2025-12-03 01:00:00+00:00,0.00000000
2025-12-03 02:00:00+00:00,0.00000000
2025-12-03 03:00:00+00:00,0.00000000
2025-12-03 04:00:00+00:00,0.00000000
2025-12-03 05:00:00+00:00,0.00000000
2025-12-03 06:00:00+00:00,0.05894028
2025-12-03 07:00:00+00:00,0.17280415
2025-12-03 08:00:00+00:00,0.27489171
2025-12-03 09:00:00+00:00,0.35824585
2025-12-03 10:00:00+00:00,0.41718613
2025-12-03 11:00:00+00:00,0.44769586
2025-12-03 12:00:00+00:00,0.44769586
2025-12-03 13:00:00+00:00,0.41718613
2025-12-03 14:00:00+00:00,0.35824585
2025-12-03 15:00:00+00:00,0.27489171
2025-12-03 16:00:00+00:00,0.17280415
2025-12-03 17:00:00+00:00,0.05894028
2025-12-03 18:00:00+00:00,0.00000000
2025-12-03 19:00:00+00:00,0.00000000
2025-12-03 20:00:00+00:00,0.00000000
2025-12-03 21:00:00+00:00,0.00000000
2025-12-03 22:00:00+00:00,0.00000000
2025-12-03 23:00:00+00:00,0.00000000
2025-12-04 00:00:00+00:00,0.00000000
2025-12-04 01:00:00+00:00,0.00000000
2025-12-04 02:00:00+00:00,0.00000000
2025-12-04 03:00:00+00:00,0.00000000
2025-12-04 04:00:00+00:00,0.00000000
2025-12-04 05:00:00+00:00,0.00000000
2025-12-04 06:00:00+00:00,0.05876658
2025-12-04 07:00:00+00:00,0.17229489
2025-12-04 08:00:00+00:00,0.27408159
2025-12-04 09:00:00+00:00,0.35719008
2025-12-04 10:00:00+00:00,0.41595666
2025-12-04 11:00:00+00:00,0.44637648
2025-12-04 12:00:00+00:00,0.44637648
2025-12-04 13:00:00+00:00,0.41595666
2025-12-04 14:00:00+00:00,0.35719008
2025-12-04 15:00:00+00:00,0.27408159
2025-12-04 16:00:00+00:00,0.17229489
2025-12-04 17:00:00+00:00,0.05876658
2025-12-04 18:00:00+00:00,0.00000000
2025-12-04 19:00:00+00:00,0.00000000
2025-12-04 20:00:00+00:00,0.00000000
2025-12-04 21:00:00+00:00,0.00000000
2025-12-04 22:00:00+00:00,0.00000000
2025-12-04 23:00:00+00:00,0.00000000
2025-12-05 00:00:00+00:00,0.00000000
2025-12-05 01:00:00+00:00,0.00000000
2025-12-05 02:00:00+00:00,0.00000000
2025-12-05 03:00:00+00:00,0.00000000
2025-12-05 04:00:00+00:00,0.00000000
2025-12-05 05:00:00+00:00,0.00000000
2025-12-05 06:00:00+00:00,0.05860331
2025-12-05 07:00:00+00:00,0.17181622
2025-12-05 08:00:00+00:00,0.27332014
2025-12-05 09:00:00+00:00,0.35619774
2025-12-05 10:00:00+00:00,0.41480105
2025-12-05 11:00:00+00:00,0.44513636
2025-12-05 12:00:00+00:00,0.44513636
2025-12-05 13:00:00+00:00,0.41480105
2025-12-05 14:00:00+00:00,0.35619774
2025-12-05 15:00:00+00:00,0.27332014
2025-12-05 16:00:00+00:00,0.17181622
2025-12-05 17:00:00+00:00,0.05860331
2025-12-05 18:00:00+00:00,0.00000000
2025-12-05 19:00:00+00:00,0.00000000
2025-12-05 20:00:00+00:00,0.00000000
2025-12-05 21:00:00+00:00,0.00000000
2025-12-05 22:00:00+00:00,0.00000000
2025-12-05 23:00:00+00:00,0.00000000
2025-12-06 00:00:00+00:00,0.00000000
2025-12-06 01:00:00+00:00,0.00000000
2025-12-06 02:00:00+00:00,0.00000000
2025-12-06 03:00:00+00:00,0.00000000
2025-12-06 04:00:00+00:00,0.00000000
2025-12-06 05:00:00+00:00,0.00000000
2025-12-06 06:00:00+00:00,0.05845053
2025-12-06 07:00:00+00:00,0.17136828
2025-12-06 08:00:00+00:00,0.27260757
2025-12-06 09:00:00+00:00,0.35526910
2025-12-06 10:00:00+00:00,0.41371963
2025-12-06 11:00:00+00:00,0.44397585
2025-12-06 12:00:00+00:00,0.44397585
2025-12-06 13:00:00+00:00,0.41371963
2025-12-06 14:00:00+00:00,0.35526910
2025-12-06 15:00:00+00:00,0.27260757
2025-12-06 16:00:00+00:00,0.17136828
2025-12-06 17:00:00+00:00,0.05845053
2025-12-06 18:00:00+00:00,0.00000000
2025-12-06 19:00:00+00:00,0.00000000
2025-12-06 20:00:00+00:00,0.00000000
2025-12-06 21:00:00+00:00,0.00000000
2025-12-06 22:00:00+00:00,0.00000000
2025-12-06 23:00:00+00:00,0.00000000
2025-12-07 00:00:00+00:00,0.00000000
2025-12-07 01:00:00+00:00,0.00000000
2025-12-07 02:00:00+00:00,0.00000000
2025-12-07 03:00:00+00:00,0.00000000
2025-12-07 04:00:00+00:00,0.00000000
2025-12-07 05:00:00+00:00,0.00000000
2025-12-07 06:00:00+00:00,0.05830827
2025-12-07 07:00:00+00:00,0.17095121
2025-12-07 08:00:00+00:00,0.27194411
2025-12-07 09:00:00+00:00,0.35440446
2025-12-07 10:00:00+00:00,0.41271274
2025-12-07 11:00:00+00:00,0.44289532
2025-12-07 12:00:00+00:00,0.44289532
2025-12-07 13:00:00+00:00,0.41271274
2025-12-07 14:00:00+00:00,0.35440446
2025-12-07 15:00:00+00:00,0.27194411
2025-12-07 16:00:00+00:00,0.17095121
2025-12-07 17:00:00+00:00,0.05830827
2025-12-07 18:00:00+00:00,0.00000000
2025-12-07 19:00:00+00:00,0.00000000
2025-12-07 20:00:00+00:00,0.00000000
2025-12-07 21:00:00+00:00,0.00000000
2025-12-07 22:00:00+00:00,0.00000000
2025-12-07 23:00:00+00:00,0.00000000
2025-12-08 00:00:00+00:00,0.00000000
2025-12-08 01:00:00+00:00,0.00000000
2025-12-08 02:00:00+00:00,0.00000000
2025-12-08 03:00:00+00:00,0.00000000
2025-12-08 04:00:00+00:00,0.00000000
2025-12-08 05:00:00+00:00,0.00000000
2025-12-08 06:00:00+00:00,0.05817659
2025-12-08 07:00:00+00:00,0.17056513
2025-12-08 08:00:00+00:00,0.27132994
2025-12-08 09:00:00+00:00,0.35360406
2025-12-08 10:00:00+00:00,0.41178065
2025-12-08 11:00:00+00:00,0.44189507
2025-12-08 12:00:00+00:00,0.44189507
2025-12-08 13:00:00+00:00,0.41178065
2025-12-08 14:00:00+00:00,0.35360406
2025-12-08 15:00:00+00:00,0.27132994
2025-12-08 16:00:00+00:00,0.17056513
2025-12-08 17:00:00+00:00,0.05817659
2025-12-08 18:00:00+00:00,0.00000000
2025-12-08 19:00:00+00:00,0.00000000
2025-12-08 20:00:00+00:00,0.00000000
2025-12-08 21:00:00+00:00,0.00000000
2025-12-08 22:00:00+00:00,0.00000000
2025-12-08 23:00:00+00:00,0.00000000
2025-12-09 00:00:00+00:00,0.00000000
2025-12-09 01:00:00+00:00,0.00000000
2025-12-09 02:00:00+00:00,0.00000000
2025-12-09 03:00:00+00:00,0.00000000
2025-12-09 04:00:00+00:00,0.00000000
2025-12-09 05:00:00+00:00,0.00000000
2025-12-09 06:00:00+00:00,0.05805551
2025-12-09 07:00:00+00:00,0.17021015
2025-12-09 08:00:00+00:00,0.27076525
2025-12-09 09:00:00+00:00,0.35286815
2025-12-09 10:00:00+00:00,0.41092366
2025-12-09 11:00:00+00:00,0.44097541
2025-12-09 12:00:00+00:00,0.44097541
2025-12-09 13:00:00+00:00,0.41092366
2025-12-09 14:00:00+00:00,0.35286815
2025-12-09 15:00:00+00:00,0.27076525
2025-12-09 16:00:00+00:00,0.17021015
2025-12-09 17:00:00+00:00,0.05805551
2025-12-09 18:00:00+00:00,0.00000000
2025-12-09 19:00:00+00:00,0.00000000
2025-12-09 20:00:00+00:00,0.00000000
2025-12-09 21:00:00+00:00,0.00000000
2025-12-09 22:00:00+00:00,0.00000000
2025-12-09 23:00:00+00:00,0.00000000
2025-12-10 00:00:00+00:00,0.00000000
2025-12-10 01:00:00+00:00,0.00000000
2025-12-10 02:00:00+00:00,0.00000000
2025-12-10 03:00:00+00:00,0.00000000
2025-12-10 04:00:00+00:00,0.00000000
2025-12-10 05:00:00+00:00,0.00000000
2025-12-10 06:00:00+00:00,0.05794508
2025-12-10 07:00:00+00:00,0.16988639
2025-12-10 08:00:00+00:00,0.27025021
2025-12-10 09:00:00+00:00,0.35219693
2025-12-10 10:00:00+00:00,0.41014201
2025-12-10 11:00:00+00:00,0.44013660
2025-12-10 12:00:00+00:00,0.44013660
2025-12-10 13:00:00+00:00,0.41014201
2025-12-10 14:00:00+00:00,0.35219693
2025-12-10 15:00:00+00:00,0.27025021
2025-12-10 16:00:00+00:00,0.16988639
2025-12-10 17:00:00+00:00,0.05794508
2025-12-10 18:00:00+00:00,0.00000000
2025-12-10 19:00:00+00:00,0.00000000
2025-12-10 20:00:00+00:00,0.00000000
2025-12-10 21:00:00+00:00,0.00000000
2025-12-10 22:00:00+00:00,0.00000000
2025-12-10 23:00:00+00:00,0.00000000
2025-12-11 00:00:00+00:00,0.00000000
2025-12-11 01:00:00+00:00,0.00000000
2025-12-11 02:00:00+00:00,0.00000000
2025-12-11 03:00:00+00:00,0.00000000
2025-12-11 04:00:00+00:00,0.00000000
2025-12-11 05:00:00+00:00,0.00000000
2025-12-11 06:00:00+00:00,0.05784533
2025-12-11 07:00:00+00:00,0.16959392
2025-12-11 08:00:00+00:00,0.26978497
2025-12-11 09:00:00+00:00,0.35159062
2025-12-11 10:00:00+00:00,0.40943595
2025-12-11 11:00:00+00:00,0.43937889
2025-12-11 12:00:00+00:00,0.43937889
2025-12-11 13:00:00+00:00,0.40943595
2025-12-11 14:00:00+00:00,0.35159062
2025-12-11 15:00:00+00:00,0.26978497
2025-12-11 16:00:00+00:00,0.16959392
2025-12-11 17:00:00+00:00,0.05784533
2025-12-11 18:00:00+00:00,0.00000000
2025-12-11 19:00:00+00:00,0.00000000
2025-12-11 20:00:00+00:00,0.00000000
2025-12-11 21:00:00+00:00,0.00000000
2025-12-11 22:00:00+00:00,0.00000000
2025-12-11 23:00:00+00:00,0.00000000
2025-12-12 00:00:00+00:00,0.00000000
2025-12-12 01:00:00+00:00,0.00000000
2025-12-12 02:00:00+00:00,0.00000000
2025-12-12 03:00:00+00:00,0.00000000
2025-12-12 04:00:00+00:00,0.00000000
2025-12-12 05:00:00+00:00,0.00000000
2025-12-12 06:00:00+00:00,0.05775628
2025-12-12 07:00:00+00:00,0.16933285
2025-12-12 08:00:00+00:00,0.26936966
2025-12-12 09:00:00+00:00,0.35104938
2025-12-12 10:00:00+00:00,0.40880566
2025-12-12 11:00:00+00:00,0.43870252
2025-12-12 12:00:00+00:00,0.43870252
2025-12-12 13:00:00+00:00,0.40880566
2025-12-12 14:00:00+00:00,0.35104938
2025-12-12 15:00:00+00:00,0.26936966
2025-12-12 16:00:00+00:00,0.16933285
2025-12-12 17:00:00+00:00,0.05775628
2025-12-12 18:00:00+00:00,0.00000000
2025-12-12 19:00:00+00:00,0.00000000
2025-12-12 20:00:00+00:00,0.00000000
2025-12-12 21:00:00+00:00,0.00000000
2025-12-12 22:00:00+00:00,0.00000000
2025-12-12 23:00:00+00:00,0.00000000
2025-12-13 00:00:00+00:00,0.00000000
2025-12-13 01:00:00+00:00,0.00000000
2025-12-13 02:00:00+00:00,0.00000000
2025-12-13 03:00:00+00:00,0.00000000
2025-12-13 04:00:00+00:00,0.00000000
2025-12-13 05:00:00+00:00,0.00000000
2025-12-13 06:00:00+00:00,0.05767797
2025-12-13 07:00:00+00:00,0.16910325
2025-12-13 08:00:00+00:00,0.26900442
2025-12-13 09:00:00+00:00,0.35057339
2025-12-13 10:00:00+00:00,0.40825135
2025-12-13 11:00:00+00:00,0.43810767
2025-12-13 12:00:00+00:00,0.43810767
2025-12-13 13:00:00+00:00,0.40825135
2025-12-13 14:00:00+00:00,0.35057339
2025-12-13 15:00:00+00:00,0.26900442
2025-12-13 16:00:00+00:00,0.16910325
2025-12-13 17:00:00+00:00,0.05767797
2025-12-13 18:00:00+00:00,0.00000000
2025-12-13 19:00:00+00:00,0.00000000
2025-12-13 20:00:00+00:00,0.00000000
2025-12-13 21:00:00+00:00,0.00000000
2025-12-13 22:00:00+00:00,0.00000000
2025-12-13 23:00:00+00:00,0.00000000
2025-12-14 00:00:00+00:00,0.00000000
2025-12-14 01:00:00+00:00,0.00000000
2025-12-14 02:00:00+00:00,0.00000000
2025-12-14 03:00:00+00:00,0.00000000
2025-12-14 04:00:00+00:00,0.00000000
2025-12-14 05:00:00+00:00,0.00000000
2025-12-14 06:00:00+00:00,0.05761041
2025-12-14 07:00:00+00:00,0.16890518
2025-12-14 08:00:00+00:00,0.26868934
2025-12-14 09:00:00+00:00,0.35016277
2025-12-14 10:00:00+00:00,0.40777318
2025-12-14 11:00:00+00:00,0.43759453
2025-12-14 12:00:00+00:00,0.43759453
2025-12-14 13:00:00+00:00,0.40777318
2025-12-14 14:00:00+00:00,0.35016277
2025-12-14 15:00:00+00:00,0.26868934
2025-12-14 16:00:00+00:00,0.16890518
2025-12-14 17:00:00+00:00,0.05761041
2025-12-14 18:00:00+00:00,0.00000000
2025-12-14 19:00:00+00:00,0.00000000
2025-12-14 20:00:00+00:00,0.00000000
2025-12-14 21:00:00+00:00,0.00000000
2025-12-14 22:00:00+00:00,0.00000000
2025-12-14 23:00:00+00:00,0.00000000
2025-12-15 00:00:00+00:00,0.00000000
2025-12-15 01:00:00+00:00,0.00000000
2025-12-15 02:00:00+00:00,0.00000000
2025-12-15 03:00:00+00:00,0.00000000
2025-12-15 04:00:00+00:00,0.00000000
2025-12-15 05:00:00+00:00,0.00000000
2025-12-15 06:00:00+00:00,0.05755363
2025-12-15 07:00:00+00:00,0.16873871
2025-12-15 08:00:00+00:00,0.26842453
2025-12-15 09:00:00+00:00,0.34981766
2025-12-15 10:00:00+00:00,0.40737129
2025-12-15 11:00:00+00:00,0.43716324
2025-12-15 12:00:00+00:00,0.43716324
2025-12-15 13:00:00+00:00,0.40737129
2025-12-15 14:00:00+00:00,0.34981766
2025-12-15 15:00:00+00:00,0.26842453
2025-12-15 16:00:00+00:00,0.16873871
2025-12-15 17:00:00+00:00,0.05755363
2025-12-15 18:00:00+00:00,0.00000000
2025-12-15 19:00:00+00:00,0.00000000
2025-12-15 20:00:00+00:00,0.00000000
2025-12-15 21:00:00+00:00,0.00000000
2025-12-15 22:00:00+00:00,0.00000000
2025-12-15 23:00:00+00:00,0.00000000
2025-12-16 00:00:00+00:00,0.00000000
2025-12-16 01:00:00+00:00,0.00000000
2025-12-16 02:00:00+00:00,0.00000000
2025-12-16 03:00:00+00:00,0.00000000
2025-12-16 04:00:00+00:00,0.00000000
2025-12-16 05:00:00+00:00,0.00000000
2025-12-16 06:00:00+00:00,0.05750765
2025-12-16 07:00:00+00:00,0.16860389
2025-12-16 08:00:00+00:00,0.26821006
2025-12-16 09:00:00+00:00,0.34953815
2025-12-16 10:00:00+00:00,0.40704580
2025-12-16 11:00:00+00:00,0.43681394
2025-12-16 12:00:00+00:00,0.43681394
2025-12-16 13:00:00+00:00,0.40704580
2025-12-16 14:00:00+00:00,0.34953815
2025-12-16 15:00:00+00:00,0.26821006
2025-12-16 16:00:00+00:00,0.16860389
2025-12-16 17:00:00+00:00,0.05750765
2025-12-16 18:00:00+00:00,0.00000000
2025-12-16 19:00:00+00:00,0.00000000
2025-12-16 20:00:00+00:00,0.00000000
2025-12-16 21:00:00+00:00,0.00000000
2025-12-16 22:00:00+00:00,0.00000000
2025-12-16 23:00:00+00:00,0.00000000
2025-12-17 00:00:00+00:00,0.00000000
2025-12-17 01:00:00+00:00,0.00000000
2025-12-17 02:00:00+00:00,0.00000000
2025-12-17 03:00:00+00:00,0.00000000
2025-12-17 04:00:00+00:00,0.00000000
2025-12-17 05:00:00+00:00,0.00000000
2025-12-17 06:00:00+00:00,0.05747247
2025-12-17 07:00:00+00:00,0.16850075
2025-12-17 08:00:00+00:00,0.26804598
2025-12-17 09:00:00+00:00,0.34932433
2025-12-17 10:00:00+00:00,0.40679680
2025-12-17 11:00:00+00:00,0.43654674
2025-12-17 12:00:00+00:00,0.43654674
2025-12-17 13:00:00+00:00,0.40679680
2025-12-17 14:00:00+00:00,0.34932433
2025-12-17 15:00:00+00:00,0.26804598
2025-12-17 16:00:00+00:00,0.16850075
2025-12-17 17:00:00+00:00,0.05747247
2025-12-17 18:00:00+00:00,0.00000000
2025-12-17 19:00:00+00:00,0.00000000
2025-12-17 20:00:00+00:00,0.00000000
2025-12-17 21:00:00+00:00,0.00000000
2025-12-17 22:00:00+00:00,0.00000000
2025-12-17 23:00:00+00:00,0.00000000
2025-12-18 00:00:00+00:00,0.00000000
2025-12-18 01:00:00+00:00,0.00000000
2025-12-18 02:00:00+00:00,0.00000000
2025-12-18 03:00:00+00:00,0.00000000
2025-12-18 04:00:00+00:00,0.00000000
2025-12-18 05:00:00+00:00,0.00000000
2025-12-18 06:00:00+00:00,0.05744811
2025-12-18 07:00:00+00:00,0.16842933
2025-12-18 08:00:00+00:00,0.26793237
2025-12-18 09:00:00+00:00,0.34917626
2025-12-18 10:00:00+00:00,0.40662437
2025-12-18 11:00:00+00:00,0.43636169
2025-12-18 12:00:00+00:00,0.43636169
2025-12-18 13:00:00+00:00,0.40662437
2025-12-18 14:00:00+00:00,0.34917626
2025-12-18 15:00:00+00:00,0.26793237
2025-12-18 16:00:00+00:00,0.16842933
2025-12-18 17:00:00+00:00,0.05744811
2025-12-18 18:00:00+00:00,0.00000000
2025-12-18 19:00:00+00:00,0.00000000
2025-12-18 20:00:00+00:00,0.00000000
2025-12-18 21:00:00+00:00,0.00000000
2025-12-18 22:00:00+00:00,0.00000000
2025-12-18 23:00:00+00:00,0.00000000
2025-12-19 00:00:00+00:00,0.00000000
2025-12-19 01:00:00+00:00,0.00000000
2025-12-19 02:00:00+00:00,0.00000000
2025-12-19 03:00:00+00:00,0.00000000
2025-12-19 04:00:00+00:00,0.00000000
2025-12-19 05:00:00+00:00,0.00000000
2025-12-19 06:00:00+00:00,0.05743457
2025-12-19 07:00:00+00:00,0.16838964
2025-12-19 08:00:00+00:00,0.26786923
2025-12-19 09:00:00+00:00,0.34909398
2025-12-19 10:00:00+00:00,0.40652855
2025-12-19 11:00:00+00:00,0.43625887
2025-12-19 12:00:00+00:00,0.43625887
2025-12-19 13:00:00+00:00,0.40652855
2025-12-19 14:00:00+00:00,0.34909398
2025-12-19 15:00:00+00:00,0.26786923
2025-12-19 16:00:00+00:00,0.16838964
2025-12-19 17:00:00+00:00,0.05743457
2025-12-19 18:00:00+00:00,0.00000000
2025-12-19 19:00:00+00:00,0.00000000
2025-12-19 20:00:00+00:00,0.00000000
2025-12-19 21:00:00+00:00,0.00000000
2025-12-19 22:00:00+00:00,0.00000000
2025-12-19 23:00:00+00:00,0.00000000
2025-12-20 00:00:00+00:00,0.00000000
2025-12-20 01:00:00+00:00,0.00000000
2025-12-20 02:00:00+00:00,0.00000000
2025-12-20 03:00:00+00:00,0.00000000
2025-12-20 04:00:00+00:00,0.00000000
2025-12-20 05:00:00+00:00,0.00000000
2025-12-20 06:00:00+00:00,0.05743186
2025-12-20 07:00:00+00:00,0.16838170
2025-12-20 08:00:00+00:00,0.26785661
2025-12-20 09:00:00+00:00,0.34907753
2025-12-20 10:00:00+00:00,0.40650939
2025-12-20 11:00:00+00:00,0.43623831
2025-12-20 12:00:00+00:00,0.43623831
2025-12-20 13:00:00+00:00,0.40650939
2025-12-20 14:00:00+00:00,0.34907753
2025-12-20 15:00:00+00:00,0.26785661
2025-12-20 16:00:00+00:00,0.16838170
2025-12-20 17:00:00+00:00,0.05743186
2025-12-20 18:00:00+00:00,0.00000000
2025-12-20 19:00:00+00:00,0.00000000
2025-12-20 20:00:00+00:00,0.00000000
2025-12-20 21:00:00+00:00,0.00000000
2025-12-20 22:00:00+00:00,0.00000000
2025-12-20 23:00:00+00:00,0.00000000
2025-12-21 00:00:00+00:00,0.00000000
2025-12-21 01:00:00+00:00,0.00000000
2025-12-21 02:00:00+00:00,0.00000000
2025-12-21 03:00:00+00:00,0.00000000
2025-12-21 04:00:00+00:00,0.00000000
2025-12-21 05:00:00+00:00,0.00000000
2025-12-21 06:00:00+00:00,0.05743999
2025-12-21 07:00:00+00:00,0.16840552
2025-12-21 08:00:00+00:00,0.26789449
2025-12-21 09:00:00+00:00,0.34912689
2025-12-21 10:00:00+00:00,0.40656688
2025-12-21 11:00:00+00:00,0.43630000
2025-12-21 12:00:00+00:00,0.43630000
2025-12-21 13:00:00+00:00,0.40656688
2025-12-21 14:00:00+00:00,0.34912689
2025-12-21 15:00:00+00:00,0.26789449
2025-12-21 16:00:00+00:00,0.16840552
2025-12-21 17:00:00+00:00,0.05743999
2025-12-21 18:00:00+00:00,0.00000000
2025-12-21 19:00:00+00:00,0.00000000
2025-12-21 20:00:00+00:00,0.00000000
2025-12-21 21:00:00+00:00,0.00000000
2025-12-21 22:00:00+00:00,0.00000000
2025-12-21 23:00:00+00:00,0.00000000
2025-12-22 00:00:00+00:00,0.00000000
2025-12-22 01:00:00+00:00,0.00000000
2025-12-22 02:00:00+00:00,0.00000000
2025-12-22 03:00:00+00:00,0.00000000
2025-12-22 04:00:00+00:00,0.00000000
2025-12-22 05:00:00+00:00,0.00000000
2025-12-22 06:00:00+00:00,0.05745893
2025-12-22 07:00:00+00:00,0.16846107
2025-12-22 08:00:00+00:00,0.26798287
2025-12-22 09:00:00+00:00,0.34924207
2025-12-22 10:00:00+00:00,0.40670101
2025-12-22 11:00:00+00:00,0.43644394
2025-12-22 12:00:00+00:00,0.43644394
2025-12-22 13:00:00+00:00,0.40670101
2025-12-22 14:00:00+00:00,0.34924207
2025-12-22 15:00:00+00:00,0.26798287
2025-12-22 16:00:00+00:00,0.16846107
2025-12-22 17:00:00+00:00,0.05745893
2025-12-22 18:00:00+00:00,0.00000000
2025-12-22 19:00:00+00:00,0.00000000
2025-12-22 20:00:00+00:00,0.00000000
2025-12-22 21:00:00+00:00,0.00000000
2025-12-22 22:00:00+00:00,0.00000000
2025-12-22 23:00:00+00:00,0.00000000
2025-12-23 00:00:00+00:00,0.00000000
2025-12-23 01:00:00+00:00,0.00000000
2025-12-23 02:00:00+00:00,0.00000000
2025-12-23 03:00:00+00:00,0.00000000
2025-12-23 04:00:00+00:00,0.00000000
2025-12-23 05:00:00+00:00,0.00000000
2025-12-23 06:00:00+00:00,0.05748871
2025-12-23 07:00:00+00:00,0.16854836
2025-12-23 08:00:00+00:00,0.26812172
2025-12-23 09:00:00+00:00,0.34942302
2025-12-23 10:00:00+00:00,0.40691173
2025-12-23 11:00:00+00:00,0.43667007
2025-12-23 12:00:00+00:00,0.43667007
2025-12-23 13:00:00+00:00,0.40691173
2025-12-23 14:00:00+00:00,0.34942302
2025-12-23 15:00:00+00:00,0.26812172
2025-12-23 16:00:00+00:00,0.16854836
2025-12-23 17:00:00+00:00,0.05748871
2025-12-23 18:00:00+00:00,0.00000000
2025-12-23 19:00:00+00:00,0.00000000
2025-12-23 20:00:00+00:00,0.00000000
2025-12-23 21:00:00+00:00,0.00000000
2025-12-23 22:00:00+00:00,0.00000000
2025-12-23 23:00:00+00:00,0.00000000
2025-12-24 00:00:00+00:00,0.00000000
2025-12-24 01:00:00+00:00,0.00000000
2025-12-24 02:00:00+00:00,0.00000000
2025-12-24 03:00:00+00:00,0.00000000
2025-12-24 04:00:00+00:00,0.00000000
2025-12-24 05:00:00+00:00,0.00000000
2025-12-24 06:00:00+00:00,0.05752929
2025-12-24 07:00:00+00:00,0.16866734
2025-12-24 08:00:00+00:00,0.26831100
2025-12-24 09:00:00+00:00,0.34966970
2025-12-24 10:00:00+00:00,0.40719899
2025-12-24 11:00:00+00:00,0.43697834
2025-12-24 12:00:00+00:00,0.43697834
2025-12-24 13:00:00+00:00,0.40719899
2025-12-24 14:00:00+00:00,0.34966970
2025-12-24 15:00:00+00:00,0.26831100
2025-12-24 16:00:00+00:00,0.16866734
2025-12-24 17:00:00+00:00,0.05752929
2025-12-24 18:00:00+00:00,0.00000000
2025-12-24 19:00:00+00:00,0.00000000
2025-12-24 20:00:00+00:00,0.00000000
2025-12-24 21:00:00+00:00,0.00000000
2025-12-24 22:00:00+00:00,0.00000000
2025-12-24 23:00:00+00:00,0.00000000
2025-12-25 00:00:00+00:00,0.00000000
2025-12-25 01:00:00+00:00,0.00000000
2025-12-25 02:00:00+00:00,0.00000000
2025-12-25 03:00:00+00:00,0.00000000
2025-12-25 04:00:00+00:00,0.00000000
2025-12-25 05:00:00+00:00,0.00000000
2025-12-25 06:00:00+00:00,0.05758067
2025-12-25 07:00:00+00:00,0.16881800
2025-12-25 08:00:00+00:00,0.26855065
2025-12-25 09:00:00+00:00,0.34998202
2025-12-25 10:00:00+00:00,0.40756269
2025-12-25 11:00:00+00:00,0.43736864
2025-12-25 12:00:00+00:00,0.43736864
2025-12-25 13:00:00+00:00,0.40756269
2025-12-25 14:00:00+00:00,0.34998202
2025-12-25 15:00:00+00:00,0.26855065
2025-12-25 16:00:00+00:00,0.16881800
2025-12-25 17:00:00+00:00,0.05758067
2025-12-25 18:00:00+00:00,0.00000000
2025-12-25 19:00:00+00:00,0.00000000
2025-12-25 20:00:00+00:00,0.00000000
2025-12-25 21:00:00+00:00,0.00000000
2025-12-25 22:00:00+00:00,0.00000000
2025-12-25 23:00:00+00:00,0.00000000
2025-12-26 00:00:00+00:00,0.00000000
2025-12-26 01:00:00+00:00,0.00000000
2025-12-26 02:00:00+00:00,0.00000000
2025-12-26 03:00:00+00:00,0.00000000
2025-12-26 04:00:00+00:00,0.00000000
2025-12-26 05:00:00+00:00,0.00000000
2025-12-26 06:00:00+00:00,0.05764284
2025-12-26 07:00:00+00:00,0.16900027
2025-12-26 08:00:00+00:00,0.26884061
2025-12-26 09:00:00+00:00,0.35035990
2025-12-26 10:00:00+00:00,0.40800274
2025-12-26 11:00:00+00:00,0.43784087
2025-12-26 12:00:00+00:00,0.43784087
2025-12-26 13:00:00+00:00,0.40800274
2025-12-26 14:00:00+00:00,0.35035990
2025-12-26 15:00:00+00:00,0.26884061
2025-12-26 16:00:00+00:00,0.16900027
2025-12-26 17:00:00+00:00,0.05764284
2025-12-26 18:00:00+00:00,0.00000000
2025-12-26 19:00:00+00:00,0.00000000
2025-12-26 20:00:00+00:00,0.00000000
2025-12-26 21:00:00+00:00,0.00000000
2025-12-26 22:00:00+00:00,0.00000000
2025-12-26 23:00:00+00:00,0.00000000
2025-12-27 00:00:00+00:00,0.00000000
2025-12-27 01:00:00+00:00,0.00000000
2025-12-27 02:00:00+00:00,0.00000000
2025-12-27 03:00:00+00:00,0.00000000
2025-12-27 04:00:00+00:00,0.00000000
2025-12-27 05:00:00+00:00,0.00000000
2025-12-27 06:00:00+00:00,0.05771578
2025-12-27 07:00:00+00:00,0.16921411
2025-12-27 08:00:00+00:00,0.26918078
2025-12-27 09:00:00+00:00,0.35080322
2025-12-27 10:00:00+00:00,0.40851900
2025-12-27 11:00:00+00:00,0.43839489
2025-12-27 12:00:00+00:00,0.43839489
2025-12-27 13:00:00+00:00,0.40851900
2025-12-27 14:00:00+00:00,0.35080322
2025-12-27 15:00:00+00:00,0.26918078
2025-12-27 16:00:00+00:00,0.16921411
2025-12-27 17:00:00+00:00,0.05771578
2025-12-27 18:00:00+00:00,0.00000000
2025-12-27 19:00:00+00:00,0.00000000
2025-12-27 20:00:00+00:00,0.00000000
2025-12-27 21:00:00+00:00,0.00000000
2025-12-27 22:00:00+00:00,0.00000000
2025-12-27 23:00:00+00:00,0.00000000
2025-12-28 00:00:00+00:00,0.00000000
2025-12-28 01:00:00+00:00,0.00000000
2025-12-28 02:00:00+00:00,0.00000000
2025-12-28 03:00:00+00:00,0.00000000
2025-12-28 04:00:00+00:00,0.00000000
2025-12-28 05:00:00+00:00,0.00000000
2025-12-28 06:00:00+00:00,0.05779947
2025-12-28 07:00:00+00:00,0.16945946
2025-12-28 08:00:00+00:00,0.26957107
2025-12-28 09:00:00+00:00,0.35131185
2025-12-28 10:00:00+00:00,0.40911132
2025-12-28 11:00:00+00:00,0.43903052
2025-12-28 12:00:00+00:00,0.43903052
2025-12-28 13:00:00+00:00,0.40911132
2025-12-28 14:00:00+00:00,0.35131185
2025-12-28 15:00:00+00:00,0.26957107
2025-12-28 16:00:00+00:00,0.16945946
2025-12-28 17:00:00+00:00,0.05779947
2025-12-28 18:00:00+00:00,0.00000000
2025-12-28 19:00:00+00:00,0.00000000
2025-12-28 20:00:00+00:00,0.00000000
2025-12-28 21:00:00+00:00,0.00000000
2025-12-28 22:00:00+00:00,0.00000000
2025-12-28 23:00:00+00:00,0.00000000
2025-12-29 00:00:00+00:00,0.00000000
2025-12-29 01:00:00+00:00,0.00000000
2025-12-29 02:00:00+00:00,0.00000000
2025-12-29 03:00:00+00:00,0.00000000
2025-12-29 04:00:00+00:00,0.00000000
2025-12-29 05:00:00+00:00,0.00000000
2025-12-29 06:00:00+00:00,0.05789387
2025-12-29 07:00:00+00:00,0.16973623
2025-12-29 08:00:00+00:00,0.27001136
2025-12-29 09:00:00+00:00,0.35188565
2025-12-29 10:00:00+00:00,0.40977952
2025-12-29 11:00:00+00:00,0.43974759
2025-12-29 12:00:00+00:00,0.43974759
2025-12-29 13:00:00+00:00,0.40977952
2025-12-29 14:00:00+00:00,0.35188565
2025-12-29 15:00:00+00:00,0.27001136
2025-12-29 16:00:00+00:00,0.16973623
2025-12-29 17:00:00+00:00,0.05789387
2025-12-29 18:00:00+00:00,0.00000000
2025-12-29 19:00:00+00:00,0.00000000
2025-12-29 20:00:00+00:00,0.00000000
2025-12-29 21:00:00+00:00,0.00000000
2025-12-29 22:00:00+00:00,0.00000000
2025-12-29 23:00:00+00:00,0.00000000
2025-12-30 00:00:00+00:00,0.00000000
2025-12-30 01:00:00+00:00,0.00000000
2025-12-30 02:00:00+00:00,0.00000000
2025-12-30 03:00:00+00:00,0.00000000
2025-12-30 04:00:00+00:00,0.00000000
2025-12-30 05:00:00+00:00,0.00000000
2025-12-30 06:00:00+00:00,0.05799897
2025-12-30 07:00:00+00:00,0.17004436
2025-12-30 08:00:00+00:00,0.27050152
2025-12-30 09:00:00+00:00,0.35252444
2025-12-30 10:00:00+00:00,0.41052340
2025-12-30 11:00:00+00:00,0.44054588
2025-12-30 12:00:00+00:00,0.44054588
2025-12-30 13:00:00+00:00,0.41052340
2025-12-30 14:00:00+00:00,0.35252444
2025-12-30 15:00:00+00:00,0.27050152
2025-12-30 16:00:00+00:00,0.17004436
2025-12-30 17:00:00+00:00,0.05799897
2025-12-30 18:00:00+00:00,0.00000000
2025-12-30 19:00:00+00:00,0.00000000
2025-12-30 20:00:00+00:00,0.00000000
2025-12-30 21:00:00+00:00,0.00000000
2025-12-30 22:00:00+00:00,0.00000000
2025-12-30 23:00:00+00:00,0.00000000
2025-12-31 00:00:00+00:00,0.00000000
2025-12-31 01:00:00+00:00,0.00000000
2025-12-31 02:00:00+00:00,0.00000000
2025-12-31 03:00:00+00:00,0.00000000
2025-12-31 04:00:00+00:00,0.00000000
2025-12-31 05:00:00+00:00,0.00000000
2025-12-31 06:00:00+00:00,0.05811472
2025-12-31 07:00:00+00:00,0.17038375
2025-12-31 08:00:00+00:00,0.27104140
2025-12-31 09:00:00+00:00,0.35322803
2025-12-31 10:00:00+00:00,0.41134275
2025-12-31 11:00:00+00:00,0.44142515
2025-12-31 12:00:00+00:00,0.44142515
2025-12-31 13:00:00+00:00,0.41134275
2025-12-31 14:00:00+00:00,0.35322803
2025-12-31 15:00:00+00:00,0.27104140
2025-12-31 16:00:00+00:00,0.17038375
2025-12-31 17:00:00+00:00,0.05811472
2025-12-31 18:00:00+00:00,0.00000000
2025-12-31 19:00:00+00:00,0.00000000
2025-12-31 20:00:00+00:00,0.00000000
2025-12-31 21:00:00+00:00,0.00000000
2025-12-31 22:00:00+00:00,0.00000000
2025-12-31 23:00:00+00:00,0.00000000
