timestamp_utc,price_eur_per_mwh
2025-01-01 00:00:00+00:00,99.135708673
2025-01-01 01:00:00+00:00,94.305326032
2025-01-01 02:00:00+00:00,99.585020842
2025-01-01 03:00:00+00:00,95.801125613
2025-01-01 04:00:00+00:00,91.634485250
2025-01-01 05:00:00+00:00,99.314075940
2025-01-01 06:00:00+00:00,103.565832985
2025-01-01 07:00:00+00:00,100.217225726
2025-01-01 08:00:00+00:00,101.442310069
2025-01-01 09:00:00+00:00,98.426318555
2025-01-01 10:00:00+00:00,101.603812667
2025-01-01 11:00:00+00:00,90.258381852
2025-01-01 12:00:00+00:00,86.435863693
2025-01-01 13:00:00+00:00,86.388405784
2025-01-01 14:00:00+00:00,93.620617104
2025-01-01 15:00:00+00:00,92.364662407
2025-01-01 16:00:00+00:00,95.091487648
2025-01-01 17:00:00+00:00,92.160608841
2025-01-01 18:00:00+00:00,112.742951013
2025-01-01 19:00:00+00:00,112.875645016
2025-01-01 20:00:00+00:00,111.271501797
2025-01-01 21:00:00+00:00,119.726883862
2025-01-01 22:00:00+00:00,114.768821810
2025-01-01 23:00:00+00:00,109.702307871
2025-01-02 00:00:00+00:00,96.103582466
2025-01-02 01:00:00+00:00,98.264048261
2025-01-02 02:00:00+00:00,96.000162829
2025-01-02 03:00:00+00:00,93.375323890
2025-01-02 04:00:00+00:00,105.011745697
2025-01-02 05:00:00+00:00,95.274516452
2025-01-02 06:00:00+00:00,94.289104725
2025-01-02 07:00:00+00:00,102.683997495
2025-01-02 08:00:00+00:00,95.081075270
2025-01-02 09:00:00+00:00,110.395698374
2025-01-02 10:00:00+00:00,98.575814949
2025-01-02 11:00:00+00:00,92.052815173
2025-01-02 12:00:00+00:00,92.810397079
2025-01-02 13:00:00+00:00,90.999582431
2025-01-02 14:00:00+00:00,92.043777520
2025-01-02 15:00:00+00:00,86.312022175
2025-01-02 16:00:00+00:00,94.924242492
2025-01-02 17:00:00+00:00,112.973442706
2025-01-02 18:00:00+00:00,111.111526972
2025-01-02 19:00:00+00:00,128.542735273
2025-01-02 20:00:00+00:00,122.384504027
2025-01-02 21:00:00+00:00,113.741272037
2025-01-02 22:00:00+00:00,118.407070529
2025-01-02 23:00:00+00:00,104.529403464
2025-01-03 00:00:00+00:00,93.697033467
2025-01-03 01:00:00+00:00,99.513142486
2025-01-03 02:00:00+00:00,104.833602994
2025-01-03 03:00:00+00:00,97.749406800
2025-01-03 04:00:00+00:00,84.541434689
2025-01-03 05:00:00+00:00,93.658623749
2025-01-03 06:00:00+00:00,95.454783030
2025-01-03 07:00:00+00:00,95.825885976
2025-01-03 08:00:00+00:00,98.028740740
2025-01-03 09:00:00+00:00,97.832652050
2025-01-03 10:00:00+00:00,96.943866092
2025-01-03 11:00:00+00:00,94.862881510
2025-01-03 12:00:00+00:00,83.969566903
2025-01-03 13:00:00+00:00,87.075779209
2025-01-03 14:00:00+00:00,85.700833471
2025-01-03 15:00:00+00:00,88.349714722
2025-01-03 16:00:00+00:00,93.981541858
2025-01-03 17:00:00+00:00,104.538849817
2025-01-03 18:00:00+00:00,110.046011439
2025-01-03 19:00:00+00:00,110.851395397
2025-01-03 20:00:00+00:00,118.752579109
2025-01-03 21:00:00+00:00,110.448938178
2025-01-03 22:00:00+00:00,116.349936675
2025-01-03 23:00:00+00:00,108.002138812
2025-01-04 00:00:00+00:00,79.799352116
2025-01-04 01:00:00+00:00,73.992762269
2025-01-04 02:00:00+00:00,91.186681418
2025-01-04 03:00:00+00:00,91.443891337
2025-01-04 04:00:00+00:00,90.531258924
2025-01-04 05:00:00+00:00,90.277698738
2025-01-04 06:00:00+00:00,90.302201998
2025-01-04 07:00:00+00:00,78.747733888
2025-01-04 08:00:00+00:00,91.429344069
2025-01-04 09:00:00+00:00,84.545894170
2025-01-04 10:00:00+00:00,84.909065141
2025-01-04 11:00:00+00:00,82.910049563
2025-01-04 12:00:00+00:00,81.226420166
2025-01-04 13:00:00+00:00,73.479236959
2025-01-04 14:00:00+00:00,75.361361952
2025-01-04 15:00:00+00:00,80.315965538
2025-01-04 16:00:00+00:00,77.294550773
2025-01-04 17:00:00+00:00,90.655902618
2025-01-04 18:00:00+00:00,94.794282104
2025-01-04 19:00:00+00:00,91.327342606
2025-01-04 20:00:00+00:00,99.465422749
2025-01-04 21:00:00+00:00,104.010324781
2025-01-04 22:00:00+00:00,102.536005132
2025-01-04 23:00:00+00:00,94.172245907
2025-01-05 00:00:00+00:00,87.536251676
2025-01-05 01:00:00+00:00,89.703345372
2025-01-05 02:00:00+00:00,88.277600927
2025-01-05 03:00:00+00:00,86.785085262
2025-01-05 04:00:00+00:00,87.691370184
2025-01-05 05:00:00+00:00,89.633697095
2025-01-05 06:00:00+00:00,84.830841190
2025-01-05 07:00:00+00:00,92.386817429
2025-01-05 08:00:00+00:00,84.207805402
2025-01-05 09:00:00+00:00,98.905083820
2025-01-05 10:00:00+00:00,90.666991376
2025-01-05 11:00:00+00:00,79.594155417
2025-01-05 12:00:00+00:00,88.285787536
2025-01-05 13:00:00+00:00,77.102075529
2025-01-05 14:00:00+00:00,68.476304302
2025-01-05 15:00:00+00:00,79.616668900
2025-01-05 16:00:00+00:00,81.052675767
2025-01-05 17:00:00+00:00,102.687611181
2025-01-05 18:00:00+00:00,87.392874501
2025-01-05 19:00:00+00:00,104.534971152
2025-01-05 20:00:00+00:00,110.391042995
2025-01-05 21:00:00+00:00,99.595434804
2025-01-05 22:00:00+00:00,98.961981475
2025-01-05 23:00:00+00:00,95.865902974
2025-01-06 00:00:00+00:00,97.894026233
2025-01-06 01:00:00+00:00,92.481575952
2025-01-06 02:00:00+00:00,99.091341056
2025-01-06 03:00:00+00:00,96.008963020
2025-01-06 04:00:00+00:00,100.346853645
2025-01-06 05:00:00+00:00,91.020654203
2025-01-06 06:00:00+00:00,92.613062040
2025-01-06 07:00:00+00:00,95.290187681
2025-01-06 08:00:00+00:00,104.021689399
2025-01-06 09:00:00+00:00,98.937067677
2025-01-06 10:00:00+00:00,106.211368054
2025-01-06 11:00:00+00:00,90.879164260
2025-01-06 12:00:00+00:00,87.605364455
2025-01-06 13:00:00+00:00,86.036315635
2025-01-06 14:00:00+00:00,82.433185242
2025-01-06 15:00:00+00:00,89.359677686
2025-01-06 16:00:00+00:00,93.423817284
2025-01-06 17:00:00+00:00,103.422092174
2025-01-06 18:00:00+00:00,100.317508724
2025-01-06 19:00:00+00:00,111.663554038
2025-01-06 20:00:00+00:00,128.088290168
2025-01-06 21:00:00+00:00,101.600691751
2025-01-06 22:00:00+00:00,111.466584527
2025-01-06 23:00:00+00:00,105.299406471
2025-01-07 00:00:00+00:00,90.457844444
2025-01-07 01:00:00+00:00,95.748874293
2025-01-07 02:00:00+00:00,100.339234837
2025-01-07 03:00:00+00:00,98.724660241
2025-01-07 04:00:00+00:00,94.592871578
2025-01-07 05:00:00+00:00,93.283467402
2025-01-07 06:00:00+00:00,100.623917663
2025-01-07 07:00:00+00:00,101.139462660
2025-01-07 08:00:00+00:00,95.988712053
2025-01-07 09:00:00+00:00,99.689770141
2025-01-07 10:00:00+00:00,99.953793346
2025-01-07 11:00:00+00:00,92.027944431
2025-01-07 12:00:00+00:00,91.085838510
2025-01-07 13:00:00+00:00,93.530643589
2025-01-07 14:00:00+00:00,91.870989157
2025-01-07 15:00:00+00:00,91.063547443
2025-01-07 16:00:00+00:00,99.745984493
2025-01-07 17:00:00+00:00,89.514646652
2025-01-07 18:00:00+00:00,105.477834127
2025-01-07 19:00:00+00:00,107.928320080
2025-01-07 20:00:00+00:00,124.021324864
2025-01-07 21:00:00+00:00,121.674591059
2025-01-07 22:00:00+00:00,116.495368234
2025-01-07 23:00:00+00:00,96.892024018
2025-01-08 00:00:00+00:00,96.546581723
2025-01-08 01:00:00+00:00,99.005319074
2025-01-08 02:00:00+00:00,92.722902243
2025-01-08 03:00:00+00:00,100.359107357
2025-01-08 04:00:00+00:00,95.037323352
2025-01-08 05:00:00+00:00,99.572315992
2025-01-08 06:00:00+00:00,87.692151759
2025-01-08 07:00:00+00:00,92.373057415
2025-01-08 08:00:00+00:00,97.126226945
2025-01-08 09:00:00+00:00,90.261995116
2025-01-08 10:00:00+00:00,95.124350846
2025-01-08 11:00:00+00:00,97.362344550
2025-01-08 12:00:00+00:00,88.644279680
2025-01-08 13:00:00+00:00,82.878958951
2025-01-08 14:00:00+00:00,88.072781240
2025-01-08 15:00:00+00:00,85.177398177
2025-01-08 16:00:00+00:00,88.930358052
2025-01-08 17:00:00+00:00,109.462969324
2025-01-08 18:00:00+00:00,96.583074863
2025-01-08 19:00:00+00:00,120.564642511
2025-01-08 20:00:00+00:00,117.160889595
2025-01-08 21:00:00+00:00,137.544097543
2025-01-08 22:00:00+00:00,116.432311605
2025-01-08 23:00:00+00:00,100.305771139
2025-01-09 00:00:00+00:00,96.293701864
2025-01-09 01:00:00+00:00,86.157768903
2025-01-09 02:00:00+00:00,96.579373230
2025-01-09 03:00:00+00:00,92.573025186
2025-01-09 04:00:00+00:00,91.659862780
2025-01-09 05:00:00+00:00,92.440579184
2025-01-09 06:00:00+00:00,107.464670420
2025-01-09 07:00:00+00:00,103.129904033
2025-01-09 08:00:00+00:00,106.955799986
2025-01-09 09:00:00+00:00,105.720131971
2025-01-09 10:00:00+00:00,91.317492293
2025-01-09 11:00:00+00:00,94.728393106
2025-01-09 12:00:00+00:00,92.333799106
2025-01-09 13:00:00+00:00,82.455547530
2025-01-09 14:00:00+00:00,88.569631153
2025-01-09 15:00:00+00:00,92.039241691
2025-01-09 16:00:00+00:00,94.316981892
2025-01-09 17:00:00+00:00,97.927465159
2025-01-09 18:00:00+00:00,106.284483806
2025-01-09 19:00:00+00:00,109.583917556
2025-01-09 20:00:00+00:00,111.162522679
2025-01-09 21:00:00+00:00,128.433371713
2025-01-09 22:00:00+00:00,100.860212520
2025-01-09 23:00:00+00:00,108.276819353
2025-01-10 00:00:00+00:00,102.492248918
2025-01-10 01:00:00+00:00,92.572315344
2025-01-10 02:00:00+00:00,83.735771200
2025-01-10 03:00:00+00:00,90.727240845
2025-01-10 04:00:00+00:00,102.608985828
2025-01-10 05:00:00+00:00,99.357283469
2025-01-10 06:00:00+00:00,97.060047043
2025-01-10 07:00:00+00:00,95.997386342
2025-01-10 08:00:00+00:00,99.717004776
2025-01-10 09:00:00+00:00,100.390314266
2025-01-10 10:00:00+00:00,94.132746090
2025-01-10 11:00:00+00:00,88.607898354
2025-01-10 12:00:00+00:00,89.292445434
2025-01-10 13:00:00+00:00,82.537505074
2025-01-10 14:00:00+00:00,89.056886398
2025-01-10 15:00:00+00:00,80.880463512
2025-01-10 16:00:00+00:00,93.862735371
2025-01-10 17:00:00+00:00,100.640206982
2025-01-10 18:00:00+00:00,100.316317152
2025-01-10 19:00:00+00:00,108.337347398
2025-01-10 20:00:00+00:00,119.526236827
2025-01-10 21:00:00+00:00,117.916635498
2025-01-10 22:00:00+00:00,121.519713037
2025-01-10 23:00:00+00:00,97.523896914
2025-01-11 00:00:00+00:00,89.593152857
2025-01-11 01:00:00+00:00,76.045552865
2025-01-11 02:00:00+00:00,82.330607046
2025-01-11 03:00:00+00:00,92.462306748
2025-01-11 04:00:00+00:00,81.932213823
2025-01-11 05:00:00+00:00,82.407781476
2025-01-11 06:00:00+00:00,90.694011247
2025-01-11 07:00:00+00:00,86.720588379
2025-01-11 08:00:00+00:00,93.210575143
2025-01-11 09:00:00+00:00,84.518599704
2025-01-11 10:00:00+00:00,91.256192364
2025-01-11 11:00:00+00:00,89.069414192
2025-01-11 12:00:00+00:00,82.224739810
2025-01-11 13:00:00+00:00,76.857803200
2025-01-11 14:00:00+00:00,77.893942881
2025-01-11 15:00:00+00:00,75.509065769
2025-01-11 16:00:00+00:00,83.203158398
2025-01-11 17:00:00+00:00,86.328912654
2025-01-11 18:00:00+00:00,96.302801493
2025-01-11 19:00:00+00:00,102.936845956
2025-01-11 20:00:00+00:00,108.187757459
2025-01-11 21:00:00+00:00,110.743362364
2025-01-11 22:00:00+00:00,89.259309569
2025-01-11 23:00:00+00:00,103.771385807
2025-01-12 00:00:00+00:00,92.179521977
2025-01-12 01:00:00+00:00,86.520480503
2025-01-12 02:00:00+00:00,87.379650817
2025-01-12 03:00:00+00:00,81.826424125
2025-01-12 04:00:00+00:00,79.477856719
2025-01-12 05:00:00+00:00,80.504125284
2025-01-12 06:00:00+00:00,84.145034045
2025-01-12 07:00:00+00:00,85.911323173
2025-01-12 08:00:00+00:00,92.433203048
2025-01-12 09:00:00+00:00,81.899124837
2025-01-12 10:00:00+00:00,86.317094391
2025-01-12 11:00:00+00:00,83.889445173
2025-01-12 12:00:00+00:00,87.248917695
2025-01-12 13:00:00+00:00,73.989403938
2025-01-12 14:00:00+00:00,75.418138735
2025-01-12 15:00:00+00:00,70.030429872
2025-01-12 16:00:00+00:00,75.422806134
2025-01-12 17:00:00+00:00,86.434721966
2025-01-12 18:00:00+00:00,99.871147067
2025-01-12 19:00:00+00:00,100.320398437
2025-01-12 20:00:00+00:00,112.746454552
2025-01-12 21:00:00+00:00,108.553743089
2025-01-12 22:00:00+00:00,93.734368737
2025-01-12 23:00:00+00:00,88.902253990
2025-01-13 00:00:00+00:00,88.564580012
2025-01-13 01:00:00+00:00,99.853316043
2025-01-13 02:00:00+00:00,91.514001925
2025-01-13 03:00:00+00:00,95.663644453
2025-01-13 04:00:00+00:00,94.330891238
2025-01-13 05:00:00+00:00,92.491760799
2025-01-13 06:00:00+00:00,101.026322473
2025-01-13 07:00:00+00:00,110.548648581
2025-01-13 08:00:00+00:00,86.981113972
2025-01-13 09:00:00+00:00,102.103009600
2025-01-13 10:00:00+00:00,96.386391769
2025-01-13 11:00:00+00:00,94.914126787
2025-01-13 12:00:00+00:00,80.248830228
2025-01-13 13:00:00+00:00,92.970937745
2025-01-13 14:00:00+00:00,82.819416710
2025-01-13 15:00:00+00:00,93.565469824
2025-01-13 16:00:00+00:00,102.636615695
2025-01-13 17:00:00+00:00,97.898560385
2025-01-13 18:00:00+00:00,111.284361095
2025-01-13 19:00:00+00:00,116.689575572
2025-01-13 20:00:00+00:00,116.773261212
2025-01-13 21:00:00+00:00,120.798731129
2025-01-13 22:00:00+00:00,104.627890792
2025-01-13 23:00:00+00:00,104.736741451
2025-01-14 00:00:00+00:00,87.926661218
2025-01-14 01:00:00+00:00,90.972065865
2025-01-14 02:00:00+00:00,98.606633953
2025-01-14 03:00:00+00:00,100.511525825
2025-01-14 04:00:00+00:00,101.784534203
2025-01-14 05:00:00+00:00,91.443531276
2025-01-14 06:00:00+00:00,89.178812465
2025-01-14 07:00:00+00:00,97.788703660
2025-01-14 08:00:00+00:00,95.871967885
2025-01-14 09:00:00+00:00,99.050534733
2025-01-14 10:00:00+00:00,97.327124372
2025-01-14 11:00:00+00:00,86.726518032
2025-01-14 12:00:00+00:00,96.112377781
2025-01-14 13:00:00+00:00,89.035792302
2025-01-14 14:00:00+00:00,87.851719151
2025-01-14 15:00:00+00:00,92.730406019
2025-01-14 16:00:00+00:00,91.471179263
2025-01-14 17:00:00+00:00,105.603012548
2025-01-14 18:00:00+00:00,102.815883575
2025-01-14 19:00:00+00:00,104.716188557
2025-01-14 20:00:00+00:00,117.974357272
2025-01-14 21:00:00+00:00,123.105231243
2025-01-14 22:00:00+00:00,107.770916312
2025-01-14 23:00:00+00:00,101.382323421
2025-01-15 00:00:00+00:00,101.809393744
2025-01-15 01:00:00+00:00,97.657979089
2025-01-15 02:00:00+00:00,96.182143403
2025-01-15 03:00:00+00:00,87.427588258
2025-01-15 04:00:00+00:00,90.408597929
2025-01-15 05:00:00+00:00,96.736693367
2025-01-15 06:00:00+00:00,95.696205265
2025-01-15 07:00:00+00:00,101.202600581
2025-01-15 08:00:00+00:00,94.614809204
2025-01-15 09:00:00+00:00,103.169944270
2025-01-15 10:00:00+00:00,93.353653002
2025-01-15 11:00:00+00:00,91.505559121
2025-01-15 12:00:00+00:00,90.256636473
2025-01-15 13:00:00+00:00,87.363471399
2025-01-15 14:00:00+00:00,84.084983307
2025-01-15 15:00:00+00:00,89.627710794
2025-01-15 16:00:00+00:00,93.009426617
2025-01-15 17:00:00+00:00,101.440089860
2025-01-15 18:00:00+00:00,113.434452958
2025-01-15 19:00:00+00:00,118.385300832
2025-01-15 20:00:00+00:00,112.829212096
2025-01-15 21:00:00+00:00,114.673367729
2025-01-15 22:00:00+00:00,106.984961324
2025-01-15 23:00:00+00:00,97.071111753
2025-01-16 00:00:00+00:00,94.021132637
2025-01-16 01:00:00+00:00,94.342287034
2025-01-16 02:00:00+00:00,98.937549426
2025-01-16 03:00:00+00:00,94.918431925
2025-01-16 04:00:00+00:00,104.093102195
2025-01-16 05:00:00+00:00,101.668705087
2025-01-16 06:00:00+00:00,99.951020315
2025-01-16 07:00:00+00:00,90.374377361
2025-01-16 08:00:00+00:00,103.529795035
2025-01-16 09:00:00+00:00,97.150519245
2025-01-16 10:00:00+00:00,88.175458053
2025-01-16 11:00:00+00:00,92.111373318
2025-01-16 12:00:00+00:00,90.965892297
2025-01-16 13:00:00+00:00,79.301199312
2025-01-16 14:00:00+00:00,89.616983484
2025-01-16 15:00:00+00:00,92.707729132
2025-01-16 16:00:00+00:00,90.231581368
2025-01-16 17:00:00+00:00,95.978841485
2025-01-16 18:00:00+00:00,103.961989943
2025-01-16 19:00:00+00:00,113.119634826
2025-01-16 20:00:00+00:00,115.475467396
2025-01-16 21:00:00+00:00,114.237259550
2025-01-16 22:00:00+00:00,108.363569803
2025-01-16 23:00:00+00:00,94.435769734
2025-01-17 00:00:00+00:00,84.266540266
2025-01-17 01:00:00+00:00,106.539211974
2025-01-17 02:00:00+00:00,104.633949946
2025-01-17 03:00:00+00:00,95.492486195
2025-01-17 04:00:00+00:00,94.429476760
2025-01-17 05:00:00+00:00,105.565230646
2025-01-17 06:00:00+00:00,97.992348363
2025-01-17 07:00:00+00:00,94.459564524
2025-01-17 08:00:00+00:00,100.391154815
2025-01-17 09:00:00+00:00,100.290545766
2025-01-17 10:00:00+00:00,89.731629044
2025-01-17 11:00:00+00:00,97.816194020
2025-01-17 12:00:00+00:00,86.080769701
2025-01-17 13:00:00+00:00,85.087814891
2025-01-17 14:00:00+00:00,90.005724312
2025-01-17 15:00:00+00:00,87.069575864
2025-01-17 16:00:00+00:00,90.809467400
2025-01-17 17:00:00+00:00,97.704365111
2025-01-17 18:00:00+00:00,116.707892706
2025-01-17 19:00:00+00:00,116.811670355
2025-01-17 20:00:00+00:00,119.082910220
2025-01-17 21:00:00+00:00,117.751651920
2025-01-17 22:00:00+00:00,108.643100785
2025-01-17 23:00:00+00:00,113.143358892
2025-01-18 00:00:00+00:00,94.884156225
2025-01-18 01:00:00+00:00,83.227613356
2025-01-18 02:00:00+00:00,82.094790225
2025-01-18 03:00:00+00:00,79.613091193
2025-01-18 04:00:00+00:00,82.837595013
2025-01-18 05:00:00+00:00,85.943688287
2025-01-18 06:00:00+00:00,85.997455318
2025-01-18 07:00:00+00:00,81.951770947
2025-01-18 08:00:00+00:00,93.173855019
2025-01-18 09:00:00+00:00,93.185385354
2025-01-18 10:00:00+00:00,89.860716494
2025-01-18 11:00:00+00:00,93.582761916
2025-01-18 12:00:00+00:00,79.260852556
2025-01-18 13:00:00+00:00,73.622728966
2025-01-18 14:00:00+00:00,81.769937180
2025-01-18 15:00:00+00:00,74.544772570
2025-01-18 16:00:00+00:00,84.605563090
2025-01-18 17:00:00+00:00,83.165856674
2025-01-18 18:00:00+00:00,100.701793316
2025-01-18 19:00:00+00:00,104.593828713
2025-01-18 20:00:00+00:00,108.241883690
2025-01-18 21:00:00+00:00,108.389633200
2025-01-18 22:00:00+00:00,104.905832776
2025-01-18 23:00:00+00:00,96.929648094
2025-01-19 00:00:00+00:00,89.882512240
2025-01-19 01:00:00+00:00,83.144376144
2025-01-19 02:00:00+00:00,95.105269054
2025-01-19 03:00:00+00:00,79.614738354
2025-01-19 04:00:00+00:00,83.239945821
2025-01-19 05:00:00+00:00,86.484204240
2025-01-19 06:00:00+00:00,85.277603105
2025-01-19 07:00:00+00:00,90.906386277
2025-01-19 08:00:00+00:00,85.886653653
2025-01-19 09:00:00+00:00,92.448268758
2025-01-19 10:00:00+00:00,82.311975365
2025-01-19 11:00:00+00:00,77.518083180
2025-01-19 12:00:00+00:00,83.159797914
2025-01-19 13:00:00+00:00,78.986612713
2025-01-19 14:00:00+00:00,77.471088251
2025-01-19 15:00:00+00:00,82.641697472
2025-01-19 16:00:00+00:00,79.766087219
2025-01-19 17:00:00+00:00,90.159307248
2025-01-19 18:00:00+00:00,95.897139634
2025-01-19 19:00:00+00:00,99.868713366
2025-01-19 20:00:00+00:00,100.528947882
2025-01-19 21:00:00+00:00,113.215707635
2025-01-19 22:00:00+00:00,100.856453952
2025-01-19 23:00:00+00:00,98.657958073
2025-01-20 00:00:00+00:00,94.485460086
2025-01-20 01:00:00+00:00,97.651841558
2025-01-20 02:00:00+00:00,97.920283482
2025-01-20 03:00:00+00:00,89.917828864
2025-01-20 04:00:00+00:00,106.052022464
2025-01-20 05:00:00+00:00,97.800364075
2025-01-20 06:00:00+00:00,100.095064224
2025-01-20 07:00:00+00:00,93.960233713
2025-01-20 08:00:00+00:00,112.290930686
2025-01-20 09:00:00+00:00,107.045905726
2025-01-20 10:00:00+00:00,101.502597048
2025-01-20 11:00:00+00:00,101.055047659
2025-01-20 12:00:00+00:00,85.146571762
2025-01-20 13:00:00+00:00,88.911569842
2025-01-20 14:00:00+00:00,89.195602542
2025-01-20 15:00:00+00:00,92.609394338
2025-01-20 16:00:00+00:00,87.200600144
2025-01-20 17:00:00+00:00,102.453178588
2025-01-20 18:00:00+00:00,106.598624257
2025-01-20 19:00:00+00:00,112.938753692
2025-01-20 20:00:00+00:00,112.374299119
2025-01-20 21:00:00+00:00,110.167358631
2025-01-20 22:00:00+00:00,116.251675091
2025-01-20 23:00:00+00:00,115.440244999
2025-01-21 00:00:00+00:00,95.448887112
2025-01-21 01:00:00+00:00,97.304982986
2025-01-21 02:00:00+00:00,90.606736373
2025-01-21 03:00:00+00:00,91.310502352
2025-01-21 04:00:00+00:00,96.266760015
2025-01-21 05:00:00+00:00,97.650126048
2025-01-21 06:00:00+00:00,105.102987514
2025-01-21 07:00:00+00:00,108.386487929
2025-01-21 08:00:00+00:00,101.054667519
2025-01-21 09:00:00+00:00,97.518251204
2025-01-21 10:00:00+00:00,101.596309567
2025-01-21 11:00:00+00:00,93.718374712
2025-01-21 12:00:00+00:00,90.779153644
2025-01-21 13:00:00+00:00,92.511524025
2025-01-21 14:00:00+00:00,94.079338216
2025-01-21 15:00:00+00:00,88.187094335
2025-01-21 16:00:00+00:00,91.483251524
2025-01-21 17:00:00+00:00,106.164241453
2025-01-21 18:00:00+00:00,112.029898069
2025-01-21 19:00:00+00:00,104.123957624
2025-01-21 20:00:00+00:00,123.912820862
2025-01-21 21:00:00+00:00,115.105542233
2025-01-21 22:00:00+00:00,127.149947000
2025-01-21 23:00:00+00:00,102.045336151
2025-01-22 00:00:00+00:00,93.075302218
2025-01-22 01:00:00+00:00,97.407407524
2025-01-22 02:00:00+00:00,89.880118522
2025-01-22 03:00:00+00:00,100.290656732
2025-01-22 04:00:00+00:00,91.413563321
2025-01-22 05:00:00+00:00,88.308218738
2025-01-22 06:00:00+00:00,104.959500677
2025-01-22 07:00:00+00:00,97.822116838
2025-01-22 08:00:00+00:00,100.129924294
2025-01-22 09:00:00+00:00,95.501442182
2025-01-22 10:00:00+00:00,100.330429889
2025-01-22 11:00:00+00:00,94.461857033
2025-01-22 12:00:00+00:00,90.596517495
2025-01-22 13:00:00+00:00,82.411271346
2025-01-22 14:00:00+00:00,93.237053523
2025-01-22 15:00:00+00:00,88.264485727
2025-01-22 16:00:00+00:00,85.383608291
2025-01-22 17:00:00+00:00,91.324104175
2025-01-22 18:00:00+00:00,109.523205819
2025-01-22 19:00:00+00:00,117.914474753
2025-01-22 20:00:00+00:00,120.437751421
2025-01-22 21:00:00+00:00,116.879370572
2025-01-22 22:00:00+00:00,124.998333408
2025-01-22 23:00:00+00:00,102.234483816
2025-01-23 00:00:00+00:00,98.681774143
2025-01-23 01:00:00+00:00,109.284893562
2025-01-23 02:00:00+00:00,98.472121791
2025-01-23 03:00:00+00:00,94.565084327
2025-01-23 04:00:00+00:00,88.653085812
2025-01-23 05:00:00+00:00,104.216401535
2025-01-23 06:00:00+00:00,92.385995617
2025-01-23 07:00:00+00:00,93.894975858
2025-01-23 08:00:00+00:00,97.871074253
2025-01-23 09:00:00+00:00,99.091423829
2025-01-23 10:00:00+00:00,103.272353088
2025-01-23 11:00:00+00:00,90.332110277
2025-01-23 12:00:00+00:00,91.270675167
2025-01-23 13:00:00+00:00,89.139598799
2025-01-23 14:00:00+00:00,88.272360883
2025-01-23 15:00:00+00:00,86.035953318
2025-01-23 16:00:00+00:00,100.661678385
2025-01-23 17:00:00+00:00,93.496465103
2025-01-23 18:00:00+00:00,99.616551773
2025-01-23 19:00:00+00:00,119.793609150
2025-01-23 20:00:00+00:00,112.174644322
2025-01-23 21:00:00+00:00,113.375552195
2025-01-23 22:00:00+00:00,112.690123396
2025-01-23 23:00:00+00:00,111.658752383
2025-01-24 00:00:00+00:00,97.713504252
2025-01-24 01:00:00+00:00,105.066676329
2025-01-24 02:00:00+00:00,99.353514501
2025-01-24 03:00:00+00:00,101.759174245
2025-01-24 04:00:00+00:00,90.994354055
2025-01-24 05:00:00+00:00,110.141733563
2025-01-24 06:00:00+00:00,101.565080127
2025-01-24 07:00:00+00:00,104.278393323
2025-01-24 08:00:00+00:00,102.844192322
2025-01-24 09:00:00+00:00,103.375783729
2025-01-24 10:00:00+00:00,98.931797195
2025-01-24 11:00:00+00:00,85.818603180
2025-01-24 12:00:00+00:00,92.721258346
2025-01-24 13:00:00+00:00,81.962627569
2025-01-24 14:00:00+00:00,83.546675885
2025-01-24 15:00:00+00:00,85.433919181
2025-01-24 16:00:00+00:00,97.627383708
2025-01-24 17:00:00+00:00,101.058537997
2025-01-24 18:00:00+00:00,112.655614590
2025-01-24 19:00:00+00:00,128.180548997
2025-01-24 20:00:00+00:00,111.103420707
2025-01-24 21:00:00+00:00,116.299263209
2025-01-24 22:00:00+00:00,110.636300571
2025-01-24 23:00:00+00:00,106.588275837
2025-01-25 00:00:00+00:00,87.475048453
2025-01-25 01:00:00+00:00,85.278234591
2025-01-25 02:00:00+00:00,82.155417272
2025-01-25 03:00:00+00:00,90.022569728
2025-01-25 04:00:00+00:00,84.164974988
2025-01-25 05:00:00+00:00,88.737040917
2025-01-25 06:00:00+00:00,85.901610710
2025-01-25 07:00:00+00:00,89.351322028
2025-01-25 08:00:00+00:00,94.710800006
2025-01-25 09:00:00+00:00,90.689405533
2025-01-25 10:00:00+00:00,78.961963243
2025-01-25 11:00:00+00:00,76.428025302
2025-01-25 12:00:00+00:00,79.017041693
2025-01-25 13:00:00+00:00,72.196751530
2025-01-25 14:00:00+00:00,80.862230847
2025-01-25 15:00:00+00:00,73.677765783
2025-01-25 16:00:00+00:00,75.764309946
2025-01-25 17:00:00+00:00,81.492926239
2025-01-25 18:00:00+00:00,104.122641590
2025-01-25 19:00:00+00:00,106.128662557
2025-01-25 20:00:00+00:00,94.289717622
2025-01-25 21:00:00+00:00,108.053830773
2025-01-25 22:00:00+00:00,95.752116358
2025-01-25 23:00:00+00:00,103.117424093
2025-01-26 00:00:00+00:00,84.276261815
2025-01-26 01:00:00+00:00,90.735521569
2025-01-26 02:00:00+00:00,89.865263649
2025-01-26 03:00:00+00:00,98.100230632
2025-01-26 04:00:00+00:00,86.021397313
2025-01-26 05:00:00+00:00,81.935786697
2025-01-26 06:00:00+00:00,88.469610509
2025-01-26 07:00:00+00:00,94.446895892
2025-01-26 08:00:00+00:00,93.545004601
2025-01-26 09:00:00+00:00,96.314170115
2025-01-26 10:00:00+00:00,84.950012898
2025-01-26 11:00:00+00:00,86.856422197
2025-01-26 12:00:00+00:00,80.920396118
2025-01-26 13:00:00+00:00,85.965367963
2025-01-26 14:00:00+00:00,81.679687875
2025-01-26 15:00:00+00:00,81.209538281
2025-01-26 16:00:00+00:00,84.060424883
2025-01-26 17:00:00+00:00,91.965997113
2025-01-26 18:00:00+00:00,89.129488404
2025-01-26 19:00:00+00:00,100.159822828
2025-01-26 20:00:00+00:00,109.759750693
2025-01-26 21:00:00+00:00,102.192392436
2025-01-26 22:00:00+00:00,105.115361912
2025-01-26 23:00:00+00:00,100.423006390
2025-01-27 00:00:00+00:00,94.483268766
2025-01-27 01:00:00+00:00,97.436155076
2025-01-27 02:00:00+00:00,83.427470006
2025-01-27 03:00:00+00:00,105.100434860
2025-01-27 04:00:00+00:00,93.486651291
2025-01-27 05:00:00+00:00,103.354865544
2025-01-27 06:00:00+00:00,96.325877212
2025-01-27 07:00:00+00:00,99.375386125
2025-01-27 08:00:00+00:00,96.958471280
2025-01-27 09:00:00+00:00,116.591269217
2025-01-27 10:00:00+00:00,89.688831513
2025-01-27 11:00:00+00:00,91.037566713
2025-01-27 12:00:00+00:00,96.903365003
2025-01-27 13:00:00+00:00,85.808545295
2025-01-27 14:00:00+00:00,94.218824712
2025-01-27 15:00:00+00:00,84.319112960
2025-01-27 16:00:00+00:00,85.082102201
2025-01-27 17:00:00+00:00,98.834134947
2025-01-27 18:00:00+00:00,108.790393691
2025-01-27 19:00:00+00:00,114.197518246
2025-01-27 20:00:00+00:00,117.158787901
2025-01-27 21:00:00+00:00,114.648033173
2025-01-27 22:00:00+00:00,107.647114315
2025-01-27 23:00:00+00:00,105.861875742
2025-01-28 00:00:00+00:00,101.011302528
2025-01-28 01:00:00+00:00,100.184875763
2025-01-28 02:00:00+00:00,93.271682690
2025-01-28 03:00:00+00:00,98.571121360
2025-01-28 04:00:00+00:00,90.449439551
2025-01-28 05:00:00+00:00,96.221888285
2025-01-28 06:00:00+00:00,100.862950274
2025-01-28 07:00:00+00:00,97.018829495
2025-01-28 08:00:00+00:00,105.864458940
2025-01-28 09:00:00+00:00,96.080731479
2025-01-28 10:00:00+00:00,94.346124016
2025-01-28 11:00:00+00:00,94.850743307
2025-01-28 12:00:00+00:00,91.554653649
2025-01-28 13:00:00+00:00,86.637561085
2025-01-28 14:00:00+00:00,87.999301427
2025-01-28 15:00:00+00:00,86.816190206
2025-01-28 16:00:00+00:00,86.816094032
2025-01-28 17:00:00+00:00,106.046532724
2025-01-28 18:00:00+00:00,125.331028572
2025-01-28 19:00:00+00:00,111.572274933
2025-01-28 20:00:00+00:00,113.891439754
2025-01-28 21:00:00+00:00,124.103636703
2025-01-28 22:00:00+00:00,101.663375580
2025-01-28 23:00:00+00:00,99.536299157
2025-01-29 00:00:00+00:00,99.699558968
2025-01-29 01:00:00+00:00,95.847169084
2025-01-29 02:00:00+00:00,96.569634820
2025-01-29 03:00:00+00:00,107.715769657
2025-01-29 04:00:00+00:00,101.188780522
2025-01-29 05:00:00+00:00,94.968485786
2025-01-29 06:00:00+00:00,101.786074754
2025-01-29 07:00:00+00:00,100.934858913
2025-01-29 08:00:00+00:00,101.947914603
2025-01-29 09:00:00+00:00,102.896722891
2025-01-29 10:00:00+00:00,102.164333982
2025-01-29 11:00:00+00:00,92.768830728
2025-01-29 12:00:00+00:00,94.148624811
2025-01-29 13:00:00+00:00,89.552639932
2025-01-29 14:00:00+00:00,85.887746855
2025-01-29 15:00:00+00:00,86.305593472
2025-01-29 16:00:00+00:00,78.710874138
2025-01-29 17:00:00+00:00,93.608833195
2025-01-29 18:00:00+00:00,102.670952943
2025-01-29 19:00:00+00:00,116.225444201
2025-01-29 20:00:00+00:00,117.224253849
2025-01-29 21:00:00+00:00,111.284687069
2025-01-29 22:00:00+00:00,110.645309875
2025-01-29 23:00:00+00:00,102.536013476
2025-01-30 00:00:00+00:00,86.775426615
2025-01-30 01:00:00+00:00,107.467402154
2025-01-30 02:00:00+00:00,107.533081557
2025-01-30 03:00:00+00:00,101.806419042
2025-01-30 04:00:00+00:00,106.428117721
2025-01-30 05:00:00+00:00,98.774062178
2025-01-30 06:00:00+00:00,88.819571048
2025-01-30 07:00:00+00:00,92.311437226
2025-01-30 08:00:00+00:00,88.445959303
2025-01-30 09:00:00+00:00,107.020899178
2025-01-30 10:00:00+00:00,105.255384891
2025-01-30 11:00:00+00:00,89.262127145
2025-01-30 12:00:00+00:00,88.818468682
2025-01-30 13:00:00+00:00,87.899441880
2025-01-30 14:00:00+00:00,85.044360501
2025-01-30 15:00:00+00:00,86.878095478
2025-01-30 16:00:00+00:00,102.188283333
2025-01-30 17:00:00+00:00,99.168373519
2025-01-30 18:00:00+00:00,111.960117655
2025-01-30 19:00:00+00:00,112.137246643
2025-01-30 20:00:00+00:00,102.431082108
2025-01-30 21:00:00+00:00,120.194649375
2025-01-30 22:00:00+00:00,106.974745905
2025-01-30 23:00:00+00:00,103.756558234
2025-01-31 00:00:00+00:00,94.249397184
2025-01-31 01:00:00+00:00,94.904488230
2025-01-31 02:00:00+00:00,95.736422014
2025-01-31 03:00:00+00:00,91.101611095
2025-01-31 04:00:00+00:00,96.333689320
2025-01-31 05:00:00+00:00,98.085133720
2025-01-31 06:00:00+00:00,97.529493671
2025-01-31 07:00:00+00:00,102.707911320
2025-01-31 08:00:00+00:00,97.529454114
2025-01-31 09:00:00+00:00,98.957233571
2025-01-31 10:00:00+00:00,89.666523612
2025-01-31 11:00:00+00:00,95.226228921
2025-01-31 12:00:00+00:00,94.368138934
2025-01-31 13:00:00+00:00,82.477152527
2025-01-31 14:00:00+00:00,90.592027256
2025-01-31 15:00:00+00:00,86.571053817
2025-01-31 16:00:00+00:00,88.853151166
2025-01-31 17:00:00+00:00,98.185629325
2025-01-31 18:00:00+00:00,106.974455787
2025-01-31 19:00:00+00:00,118.181098013
2025-01-31 20:00:00+00:00,127.193754784
2025-01-31 21:00:00+00:00,112.668710594
2025-01-31 22:00:00+00:00,112.478648092
2025-01-31 23:00:00+00:00,106.655332313
2025-02-01 00:00:00+00:00,96.958682820
2025-02-01 01:00:00+00:00,92.822946728
2025-02-01 02:00:00+00:00,101.018547043
2025-02-01 03:00:00+00:00,101.029324956
2025-02-01 04:00:00+00:00,98.654377312
2025-02-01 05:00:00+00:00,89.595306749
2025-02-01 06:00:00+00:00,99.767861182
2025-02-01 07:00:00+00:00,106.355331844
2025-02-01 08:00:00+00:00,105.339097452
2025-02-01 09:00:00+00:00,91.037682096
2025-02-01 10:00:00+00:00,97.467035461
2025-02-01 11:00:00+00:00,84.986966373
2025-02-01 12:00:00+00:00,84.732387320
2025-02-01 13:00:00+00:00,90.477903370
2025-02-01 14:00:00+00:00,82.424599765
2025-02-01 15:00:00+00:00,91.809653111
2025-02-01 16:00:00+00:00,94.621954155
2025-02-01 17:00:00+00:00,106.289108913
2025-02-01 18:00:00+00:00,114.635646287
2025-02-01 19:00:00+00:00,119.366452995
2025-02-01 20:00:00+00:00,109.944572545
2025-02-01 21:00:00+00:00,113.554566195
2025-02-01 22:00:00+00:00,112.988807817
2025-02-01 23:00:00+00:00,97.649559782
2025-02-02 00:00:00+00:00,107.469593628
2025-02-02 01:00:00+00:00,87.886331595
2025-02-02 02:00:00+00:00,93.763725464
2025-02-02 03:00:00+00:00,99.114249913
2025-02-02 04:00:00+00:00,102.685426604
2025-02-02 05:00:00+00:00,100.349496989
2025-02-02 06:00:00+00:00,98.993229595
2025-02-02 07:00:00+00:00,102.417399847
2025-02-02 08:00:00+00:00,97.499488274
2025-02-02 09:00:00+00:00,110.910044985
2025-02-02 10:00:00+00:00,98.346104870
2025-02-02 11:00:00+00:00,98.240819029
2025-02-02 12:00:00+00:00,94.991951135
2025-02-02 13:00:00+00:00,82.861082343
2025-02-02 14:00:00+00:00,81.840092313
2025-02-02 15:00:00+00:00,92.557617666
2025-02-02 16:00:00+00:00,95.132115006
2025-02-02 17:00:00+00:00,106.874139812
2025-02-02 18:00:00+00:00,116.790023985
2025-02-02 19:00:00+00:00,114.007033542
2025-02-02 20:00:00+00:00,116.647249526
2025-02-02 21:00:00+00:00,120.778604776
2025-02-02 22:00:00+00:00,110.743550017
2025-02-02 23:00:00+00:00,116.765070981
2025-02-03 00:00:00+00:00,112.235311249
2025-02-03 01:00:00+00:00,103.079374610
2025-02-03 02:00:00+00:00,103.769366530
2025-02-03 03:00:00+00:00,108.603347166
2025-02-03 04:00:00+00:00,110.024009659
2025-02-03 05:00:00+00:00,107.498689390
2025-02-03 06:00:00+00:00,115.221207614
2025-02-03 07:00:00+00:00,110.502131616
2025-02-03 08:00:00+00:00,107.773776610
2025-02-03 09:00:00+00:00,124.307832422
2025-02-03 10:00:00+00:00,115.272699334
2025-02-03 11:00:00+00:00,116.823026511
2025-02-03 12:00:00+00:00,96.433106839
2025-02-03 13:00:00+00:00,90.824969360
2025-02-03 14:00:00+00:00,83.640535066
2025-02-03 15:00:00+00:00,94.962012808
2025-02-03 16:00:00+00:00,100.520267619
2025-02-03 17:00:00+00:00,103.161794254
2025-02-03 18:00:00+00:00,130.682219747
2025-02-03 19:00:00+00:00,135.840311765
2025-02-03 20:00:00+00:00,125.626472143
2025-02-03 21:00:00+00:00,129.609163519
2025-02-03 22:00:00+00:00,132.502077886
2025-02-03 23:00:00+00:00,122.916147887
2025-02-04 00:00:00+00:00,109.596972588
2025-02-04 01:00:00+00:00,107.975298466
2025-02-04 02:00:00+00:00,111.958801055
2025-02-04 03:00:00+00:00,113.644178917
2025-02-04 04:00:00+00:00,101.746481318
2025-02-04 05:00:00+00:00,112.091816706
2025-02-04 06:00:00+00:00,109.359425484
2025-02-04 07:00:00+00:00,122.329158179
2025-02-04 08:00:00+00:00,101.119838766
2025-02-04 09:00:00+00:00,105.283555400
2025-02-04 10:00:00+00:00,106.760751885
2025-02-04 11:00:00+00:00,106.564835770
2025-02-04 12:00:00+00:00,100.033359184
2025-02-04 13:00:00+00:00,98.318990495
2025-02-04 14:00:00+00:00,90.708828298
2025-02-04 15:00:00+00:00,104.764963488
2025-02-04 16:00:00+00:00,106.290008744
2025-02-04 17:00:00+00:00,103.332623903
2025-02-04 18:00:00+00:00,108.043193738
2025-02-04 19:00:00+00:00,126.823650233
2025-02-04 20:00:00+00:00,123.141331061
2025-02-04 21:00:00+00:00,120.545949306
2025-02-04 22:00:00+00:00,119.451177570
2025-02-04 23:00:00+00:00,129.120466239
2025-02-05 00:00:00+00:00,109.143394874
2025-02-05 01:00:00+00:00,104.377301744
2025-02-05 02:00:00+00:00,112.208737688
2025-02-05 03:00:00+00:00,108.400424466
2025-02-05 04:00:00+00:00,112.720086551
2025-02-05 05:00:00+00:00,106.153537620
2025-02-05 06:00:00+00:00,108.704654251
2025-02-05 07:00:00+00:00,109.716010937
2025-02-05 08:00:00+00:00,112.133714003
2025-02-05 09:00:00+00:00,113.068485341
2025-02-05 10:00:00+00:00,105.975462198
2025-02-05 11:00:00+00:00,110.545463002
2025-02-05 12:00:00+00:00,103.895425162
2025-02-05 13:00:00+00:00,107.057625272
2025-02-05 14:00:00+00:00,99.968105478
2025-02-05 15:00:00+00:00,84.696791279
2025-02-05 16:00:00+00:00,106.419741555
2025-02-05 17:00:00+00:00,113.184286731
2025-02-05 18:00:00+00:00,127.901332177
2025-02-05 19:00:00+00:00,130.155588541
2025-02-05 20:00:00+00:00,139.689996746
2025-02-05 21:00:00+00:00,144.762310721
2025-02-05 22:00:00+00:00,121.756778359
2025-02-05 23:00:00+00:00,107.510412733
2025-02-06 00:00:00+00:00,114.684523989
2025-02-06 01:00:00+00:00,104.472815286
2025-02-06 02:00:00+00:00,103.074520842
2025-02-06 03:00:00+00:00,107.380700248
2025-02-06 04:00:00+00:00,104.744364833
2025-02-06 05:00:00+00:00,114.327937708
2025-02-06 06:00:00+00:00,108.876177312
2025-02-06 07:00:00+00:00,110.711182082
2025-02-06 08:00:00+00:00,112.250455028
2025-02-06 09:00:00+00:00,116.823492753
2025-02-06 10:00:00+00:00,104.382639980
2025-02-06 11:00:00+00:00,98.481435493
2025-02-06 12:00:00+00:00,103.328044654
2025-02-06 13:00:00+00:00,97.348297869
2025-02-06 14:00:00+00:00,89.802770712
2025-02-06 15:00:00+00:00,103.854439177
2025-02-06 16:00:00+00:00,113.278423266
2025-02-06 17:00:00+00:00,109.260389572
2025-02-06 18:00:00+00:00,127.260250193
2025-02-06 19:00:00+00:00,123.362587149
2025-02-06 20:00:00+00:00,136.455465630
2025-02-06 21:00:00+00:00,122.556596829
2025-02-06 22:00:00+00:00,133.047180690
2025-02-06 23:00:00+00:00,120.161844516
2025-02-07 00:00:00+00:00,104.768432137
2025-02-07 01:00:00+00:00,111.760141562
2025-02-07 02:00:00+00:00,102.733052516
2025-02-07 03:00:00+00:00,114.463577535
2025-02-07 04:00:00+00:00,112.951504702
2025-02-07 05:00:00+00:00,109.133375777
2025-02-07 06:00:00+00:00,103.828916795
2025-02-07 07:00:00+00:00,110.218045444
2025-02-07 08:00:00+00:00,118.632857404
2025-02-07 09:00:00+00:00,105.004246758
2025-02-07 10:00:00+00:00,109.120804934
2025-02-07 11:00:00+00:00,104.365391227
2025-02-07 12:00:00+00:00,103.849691101
2025-02-07 13:00:00+00:00,105.322099580
2025-02-07 14:00:00+00:00,98.996223613
2025-02-07 15:00:00+00:00,91.973848906
2025-02-07 16:00:00+00:00,103.775990471
2025-02-07 17:00:00+00:00,107.088869649
2025-02-07 18:00:00+00:00,117.247109598
2025-02-07 19:00:00+00:00,121.657217866
2025-02-07 20:00:00+00:00,140.831417619
2025-02-07 21:00:00+00:00,122.395550187
2025-02-07 22:00:00+00:00,134.651549993
2025-02-07 23:00:00+00:00,118.803431661
2025-02-08 00:00:00+00:00,107.972700643
2025-02-08 01:00:00+00:00,95.629392985
2025-02-08 02:00:00+00:00,88.483018342
2025-02-08 03:00:00+00:00,100.178400556
2025-02-08 04:00:00+00:00,99.793082423
2025-02-08 05:00:00+00:00,95.306815992
2025-02-08 06:00:00+00:00,94.365578866
2025-02-08 07:00:00+00:00,97.604247243
2025-02-08 08:00:00+00:00,94.294171256
2025-02-08 09:00:00+00:00,106.502266592
2025-02-08 10:00:00+00:00,100.551177486
2025-02-08 11:00:00+00:00,94.168706875
2025-02-08 12:00:00+00:00,77.821388881
2025-02-08 13:00:00+00:00,90.889890088
2025-02-08 14:00:00+00:00,84.205683112
2025-02-08 15:00:00+00:00,79.752179615
2025-02-08 16:00:00+00:00,97.457469163
2025-02-08 17:00:00+00:00,109.668178513
2025-02-08 18:00:00+00:00,104.197555745
2025-02-08 19:00:00+00:00,118.061036565
2025-02-08 20:00:00+00:00,120.766939012
2025-02-08 21:00:00+00:00,119.445647498
2025-02-08 22:00:00+00:00,112.209063475
2025-02-08 23:00:00+00:00,102.388486994
2025-02-09 00:00:00+00:00,97.260972103
2025-02-09 01:00:00+00:00,92.163505190
2025-02-09 02:00:00+00:00,104.844223912
2025-02-09 03:00:00+00:00,102.312959701
2025-02-09 04:00:00+00:00,83.890341033
2025-02-09 05:00:00+00:00,88.942770809
2025-02-09 06:00:00+00:00,90.894101888
2025-02-09 07:00:00+00:00,100.189008073
2025-02-09 08:00:00+00:00,98.734258873
2025-02-09 09:00:00+00:00,106.726113959
2025-02-09 10:00:00+00:00,91.844991517
2025-02-09 11:00:00+00:00,87.633535692
2025-02-09 12:00:00+00:00,95.114458880
2025-02-09 13:00:00+00:00,94.779102867
2025-02-09 14:00:00+00:00,89.177299887
2025-02-09 15:00:00+00:00,89.864446621
2025-02-09 16:00:00+00:00,92.429452809
2025-02-09 17:00:00+00:00,100.271372945
2025-02-09 18:00:00+00:00,107.468293661
2025-02-09 19:00:00+00:00,101.836245852
2025-02-09 20:00:00+00:00,117.913806543
2025-02-09 21:00:00+00:00,115.314312750
2025-02-09 22:00:00+00:00,120.977802463
2025-02-09 23:00:00+00:00,111.412522243
2025-02-10 00:00:00+00:00,109.735654361
2025-02-10 01:00:00+00:00,103.947147180
2025-02-10 02:00:00+00:00,101.369649881
2025-02-10 03:00:00+00:00,105.374387255
2025-02-10 04:00:00+00:00,112.870697211
2025-02-10 05:00:00+00:00,112.128841678
2025-02-10 06:00:00+00:00,120.162771105
2025-02-10 07:00:00+00:00,107.880667831
2025-02-10 08:00:00+00:00,116.906721627
2025-02-10 09:00:00+00:00,100.039962609
2025-02-10 10:00:00+00:00,107.418019488
2025-02-10 11:00:00+00:00,103.153331958
2025-02-10 12:00:00+00:00,100.276356627
2025-02-10 13:00:00+00:00,108.378285951
2025-02-10 14:00:00+00:00,91.755618114
2025-02-10 15:00:00+00:00,94.229535855
2025-02-10 16:00:00+00:00,109.052499342
2025-02-10 17:00:00+00:00,108.395223342
2025-02-10 18:00:00+00:00,116.782584125
2025-02-10 19:00:00+00:00,130.503325393
2025-02-10 20:00:00+00:00,137.639880003
2025-02-10 21:00:00+00:00,126.833351725
2025-02-10 22:00:00+00:00,113.769285310
2025-02-10 23:00:00+00:00,118.702293748
2025-02-11 00:00:00+00:00,101.683210311
2025-02-11 01:00:00+00:00,102.191101107
2025-02-11 02:00:00+00:00,107.259959711
2025-02-11 03:00:00+00:00,115.005875761
2025-02-11 04:00:00+00:00,105.661589183
2025-02-11 05:00:00+00:00,102.368828220
2025-02-11 06:00:00+00:00,107.747180503
2025-02-11 07:00:00+00:00,111.619044215
2025-02-11 08:00:00+00:00,110.970206304
2025-02-11 09:00:00+00:00,98.136907010
2025-02-11 10:00:00+00:00,102.497018286
2025-02-11 11:00:00+00:00,110.569286906
2025-02-11 12:00:00+00:00,96.528906055
2025-02-11 13:00:00+00:00,92.505254565
2025-02-11 14:00:00+00:00,102.233052462
2025-02-11 15:00:00+00:00,103.512237218
2025-02-11 16:00:00+00:00,99.853943980
2025-02-11 17:00:00+00:00,105.519339148
2025-02-11 18:00:00+00:00,113.312504016
2025-02-11 19:00:00+00:00,123.460849304
2025-02-11 20:00:00+00:00,139.874534977
2025-02-11 21:00:00+00:00,135.188525900
2025-02-11 22:00:00+00:00,131.103324620
2025-02-11 23:00:00+00:00,129.354897497
2025-02-12 00:00:00+00:00,104.991038570
2025-02-12 01:00:00+00:00,105.264049986
2025-02-12 02:00:00+00:00,109.269839146
2025-02-12 03:00:00+00:00,114.771958205
2025-02-12 04:00:00+00:00,109.607863383
2025-02-12 05:00:00+00:00,110.729782142
2025-02-12 06:00:00+00:00,102.740885024
2025-02-12 07:00:00+00:00,114.855589483
2025-02-12 08:00:00+00:00,116.322303553
2025-02-12 09:00:00+00:00,115.453587232
2025-02-12 10:00:00+00:00,95.411058847
2025-02-12 11:00:00+00:00,98.668376673
2025-02-12 12:00:00+00:00,90.996520325
2025-02-12 13:00:00+00:00,99.584058673
2025-02-12 14:00:00+00:00,98.697688737
2025-02-12 15:00:00+00:00,101.668170674
2025-02-12 16:00:00+00:00,113.492972744
2025-02-12 17:00:00+00:00,116.073733780
2025-02-12 18:00:00+00:00,125.262666576
2025-02-12 19:00:00+00:00,126.130388125
2025-02-12 20:00:00+00:00,142.399180052
2025-02-12 21:00:00+00:00,125.496974527
2025-02-12 22:00:00+00:00,119.823341583
2025-02-12 23:00:00+00:00,131.554751143
2025-02-13 00:00:00+00:00,111.233302800
2025-02-13 01:00:00+00:00,108.038568197
2025-02-13 02:00:00+00:00,95.806982602
2025-02-13 03:00:00+00:00,108.011847494
2025-02-13 04:00:00+00:00,108.766528204
2025-02-13 05:00:00+00:00,110.535236376
2025-02-13 06:00:00+00:00,114.648037664
2025-02-13 07:00:00+00:00,110.137607268
2025-02-13 08:00:00+00:00,107.860984418
2025-02-13 09:00:00+00:00,113.437635650
2025-02-13 10:00:00+00:00,106.059563178
2025-02-13 11:00:00+00:00,99.951910564
2025-02-13 12:00:00+00:00,93.974252487
2025-02-13 13:00:00+00:00,92.640051409
2025-02-13 14:00:00+00:00,102.234077778
2025-02-13 15:00:00+00:00,100.116691628
2025-02-13 16:00:00+00:00,99.406101278
2025-02-13 17:00:00+00:00,107.812184366
2025-02-13 18:00:00+00:00,127.171310640
2025-02-13 19:00:00+00:00,137.440350133
2025-02-13 20:00:00+00:00,122.436900100
2025-02-13 21:00:00+00:00,131.958326029
2025-02-13 22:00:00+00:00,126.175301286
2025-02-13 23:00:00+00:00,106.972523021
2025-02-14 00:00:00+00:00,104.646705579
2025-02-14 01:00:00+00:00,105.530779340
2025-02-14 02:00:00+00:00,108.880867049
2025-02-14 03:00:00+00:00,119.799652320
2025-02-14 04:00:00+00:00,113.337180892
2025-02-14 05:00:00+00:00,107.130747829
2025-02-14 06:00:00+00:00,107.648360225
2025-02-14 07:00:00+00:00,108.972037488
2025-02-14 08:00:00+00:00,109.849775106
2025-02-14 09:00:00+00:00,107.587779674
2025-02-14 10:00:00+00:00,114.092608322
2025-02-14 11:00:00+00:00,106.104875955
2025-02-14 12:00:00+00:00,101.093913249
2025-02-14 13:00:00+00:00,98.734086551
2025-02-14 14:00:00+00:00,96.611900032
2025-02-14 15:00:00+00:00,103.464554071
2025-02-14 16:00:00+00:00,104.445664494
2025-02-14 17:00:00+00:00,117.252265928
2025-02-14 18:00:00+00:00,122.521572490
2025-02-14 19:00:00+00:00,121.400439936
2025-02-14 20:00:00+00:00,126.933529322
2025-02-14 21:00:00+00:00,143.836618820
2025-02-14 22:00:00+00:00,128.980660864
2025-02-14 23:00:00+00:00,131.225696154
2025-02-15 00:00:00+00:00,106.953481603
2025-02-15 01:00:00+00:00,104.785954987
2025-02-15 02:00:00+00:00,86.966155991
2025-02-15 03:00:00+00:00,95.733522354
2025-02-15 04:00:00+00:00,95.264636952
2025-02-15 05:00:00+00:00,99.227149497
2025-02-15 06:00:00+00:00,101.228511659
2025-02-15 07:00:00+00:00,99.419539943
2025-02-15 08:00:00+00:00,95.873147255
2025-02-15 09:00:00+00:00,101.852765475
2025-02-15 10:00:00+00:00,96.559831728
2025-02-15 11:00:00+00:00,92.611686945
2025-02-15 12:00:00+00:00,89.158200479
2025-02-15 13:00:00+00:00,89.263437078
2025-02-15 14:00:00+00:00,92.555781724
2025-02-15 15:00:00+00:00,86.483256987
2025-02-15 16:00:00+00:00,91.464740063
2025-02-15 17:00:00+00:00,101.151639740
2025-02-15 18:00:00+00:00,111.705915645
2025-02-15 19:00:00+00:00,128.621360109
2025-02-15 20:00:00+00:00,130.076160279
2025-02-15 21:00:00+00:00,115.120776222
2025-02-15 22:00:00+00:00,103.908660870
2025-02-15 23:00:00+00:00,109.994664304
2025-02-16 00:00:00+00:00,90.566362929
2025-02-16 01:00:00+00:00,102.466224434
2025-02-16 02:00:00+00:00,98.631368946
2025-02-16 03:00:00+00:00,88.581348193
2025-02-16 04:00:00+00:00,82.693647166
2025-02-16 05:00:00+00:00,96.189573405
2025-02-16 06:00:00+00:00,94.253574007
2025-02-16 07:00:00+00:00,101.618014827
2025-02-16 08:00:00+00:00,99.294262095
2025-02-16 09:00:00+00:00,105.490847264
2025-02-16 10:00:00+00:00,95.069686084
2025-02-16 11:00:00+00:00,96.554776404
2025-02-16 12:00:00+00:00,95.192910804
2025-02-16 13:00:00+00:00,89.352847058
2025-02-16 14:00:00+00:00,89.959056985
2025-02-16 15:00:00+00:00,92.398602895
2025-02-16 16:00:00+00:00,88.420533823
2025-02-16 17:00:00+00:00,102.873875953
2025-02-16 18:00:00+00:00,107.863786222
2025-02-16 19:00:00+00:00,114.646892147
2025-02-16 20:00:00+00:00,105.539801396
2025-02-16 21:00:00+00:00,115.960167819
2025-02-16 22:00:00+00:00,110.007376887
2025-02-16 23:00:00+00:00,107.546962164
2025-02-17 00:00:00+00:00,102.574374873
2025-02-17 01:00:00+00:00,103.494038137
2025-02-17 02:00:00+00:00,116.398193014
2025-02-17 03:00:00+00:00,105.464089540
2025-02-17 04:00:00+00:00,104.713810048
2025-02-17 05:00:00+00:00,107.036835249
2025-02-17 06:00:00+00:00,108.539245482
2025-02-17 07:00:00+00:00,108.224820215
2025-02-17 08:00:00+00:00,109.679519970
2025-02-17 09:00:00+00:00,106.529127732
2025-02-17 10:00:00+00:00,127.777953563
2025-02-17 11:00:00+00:00,109.473979462
2025-02-17 12:00:00+00:00,101.580363659
2025-02-17 13:00:00+00:00,90.052677038
2025-02-17 14:00:00+00:00,102.802840358
2025-02-17 15:00:00+00:00,97.809774008
2025-02-17 16:00:00+00:00,109.820627577
2025-02-17 17:00:00+00:00,115.612133350
2025-02-17 18:00:00+00:00,126.894643341
2025-02-17 19:00:00+00:00,123.439960492
2025-02-17 20:00:00+00:00,145.116890065
2025-02-17 21:00:00+00:00,133.085406577
2025-02-17 22:00:00+00:00,110.977049014
2025-02-17 23:00:00+00:00,109.599659412
2025-02-18 00:00:00+00:00,89.053297468
2025-02-18 01:00:00+00:00,105.209612289
2025-02-18 02:00:00+00:00,107.993655452
2025-02-18 03:00:00+00:00,102.554725378
2025-02-18 04:00:00+00:00,114.703277861
2025-02-18 05:00:00+00:00,122.662314075
2025-02-18 06:00:00+00:00,104.608433605
2025-02-18 07:00:00+00:00,114.534621578
2025-02-18 08:00:00+00:00,102.626314106
2025-02-18 09:00:00+00:00,107.421735696
2025-02-18 10:00:00+00:00,103.667207799
2025-02-18 11:00:00+00:00,108.483227749
2025-02-18 12:00:00+00:00,103.812990562
2025-02-18 13:00:00+00:00,104.470648777
2025-02-18 14:00:00+00:00,84.404712829
2025-02-18 15:00:00+00:00,94.692534728
2025-02-18 16:00:00+00:00,106.470574929
2025-02-18 17:00:00+00:00,120.885949853
2025-02-18 18:00:00+00:00,110.860977388
2025-02-18 19:00:00+00:00,133.433931716
2025-02-18 20:00:00+00:00,130.885974402
2025-02-18 21:00:00+00:00,129.399925464
2025-02-18 22:00:00+00:00,126.076583000
2025-02-18 23:00:00+00:00,123.810468586
2025-02-19 00:00:00+00:00,117.682506999
2025-02-19 01:00:00+00:00,103.905855008
2025-02-19 02:00:00+00:00,104.397461705
2025-02-19 03:00:00+00:00,98.723307592
2025-02-19 04:00:00+00:00,105.810121773
2025-02-19 05:00:00+00:00,108.552545320
2025-02-19 06:00:00+00:00,112.309736425
2025-02-19 07:00:00+00:00,102.243995489
2025-02-19 08:00:00+00:00,111.130733340
2025-02-19 09:00:00+00:00,103.437290596
2025-02-19 10:00:00+00:00,93.322278444
2025-02-19 11:00:00+00:00,103.910987222
2025-02-19 12:00:00+00:00,105.435145152
2025-02-19 13:00:00+00:00,100.543562711
2025-02-19 14:00:00+00:00,101.218673595
2025-02-19 15:00:00+00:00,90.833425038
2025-02-19 16:00:00+00:00,105.175141941
2025-02-19 17:00:00+00:00,104.998187903
2025-02-19 18:00:00+00:00,111.717966341
2025-02-19 19:00:00+00:00,133.181866382
2025-02-19 20:00:00+00:00,126.241887145
2025-02-19 21:00:00+00:00,138.505605969
2025-02-19 22:00:00+00:00,126.871414485
2025-02-19 23:00:00+00:00,129.009101119
2025-02-20 00:00:00+00:00,110.183315204
2025-02-20 01:00:00+00:00,103.012173114
2025-02-20 02:00:00+00:00,108.463708158
2025-02-20 03:00:00+00:00,101.754550847
2025-02-20 04:00:00+00:00,118.677987832
2025-02-20 05:00:00+00:00,107.066300531
2025-02-20 06:00:00+00:00,114.495640403
2025-02-20 07:00:00+00:00,105.409820309
2025-02-20 08:00:00+00:00,107.158393002
2025-02-20 09:00:00+00:00,121.535211086
2025-02-20 10:00:00+00:00,117.158298387
2025-02-20 11:00:00+00:00,109.427412916
2025-02-20 12:00:00+00:00,99.089424479
2025-02-20 13:00:00+00:00,97.530251860
2025-02-20 14:00:00+00:00,96.350298627
2025-02-20 15:00:00+00:00,104.951364479
2025-02-20 16:00:00+00:00,105.629622289
2025-02-20 17:00:00+00:00,107.767580059
2025-02-20 18:00:00+00:00,117.876993993
2025-02-20 19:00:00+00:00,132.502518526
2025-02-20 20:00:00+00:00,135.858626205
2025-02-20 21:00:00+00:00,132.768558683
2025-02-20 22:00:00+00:00,115.432934525
2025-02-20 23:00:00+00:00,120.904539138
2025-02-21 00:00:00+00:00,114.919443515
2025-02-21 01:00:00+00:00,96.868701907
2025-02-21 02:00:00+00:00,111.898908679
2025-02-21 03:00:00+00:00,110.727523611
2025-02-21 04:00:00+00:00,106.596263186
2025-02-21 05:00:00+00:00,113.183867169
2025-02-21 06:00:00+00:00,112.185303395
2025-02-21 07:00:00+00:00,111.069491196
2025-02-21 08:00:00+00:00,122.321230749
2025-02-21 09:00:00+00:00,109.360366864
2025-02-21 10:00:00+00:00,103.390833487
2025-02-21 11:00:00+00:00,100.827482077
2025-02-21 12:00:00+00:00,102.383326433
2025-02-21 13:00:00+00:00,92.676612971
2025-02-21 14:00:00+00:00,95.839899855
2025-02-21 15:00:00+00:00,98.588934307
2025-02-21 16:00:00+00:00,94.571668879
2025-02-21 17:00:00+00:00,102.414320719
2025-02-21 18:00:00+00:00,119.083978403
2025-02-21 19:00:00+00:00,146.845060363
2025-02-21 20:00:00+00:00,129.011063967
2025-02-21 21:00:00+00:00,128.900576390
2025-02-21 22:00:00+00:00,127.228171029
2025-02-21 23:00:00+00:00,124.219241944
2025-02-22 00:00:00+00:00,101.678512622
2025-02-22 01:00:00+00:00,102.746035857
2025-02-22 02:00:00+00:00,105.421412405
2025-02-22 03:00:00+00:00,90.816925204
2025-02-22 04:00:00+00:00,96.203670483
2025-02-22 05:00:00+00:00,93.145172214
2025-02-22 06:00:00+00:00,102.479659616
2025-02-22 07:00:00+00:00,101.220957475
2025-02-22 08:00:00+00:00,109.810204239
2025-02-22 09:00:00+00:00,101.812562922
2025-02-22 10:00:00+00:00,89.725443875
2025-02-22 11:00:00+00:00,92.150754950
2025-02-22 12:00:00+00:00,91.291757629
2025-02-22 13:00:00+00:00,88.924465740
2025-02-22 14:00:00+00:00,88.210139846
2025-02-22 15:00:00+00:00,95.087665793
2025-02-22 16:00:00+00:00,91.084732346
2025-02-22 17:00:00+00:00,101.210099645
2025-02-22 18:00:00+00:00,104.901042563
2025-02-22 19:00:00+00:00,120.998696856
2025-02-22 20:00:00+00:00,114.315452029
2025-02-22 21:00:00+00:00,119.401926919
2025-02-22 22:00:00+00:00,118.809990411
2025-02-22 23:00:00+00:00,109.795479652
2025-02-23 00:00:00+00:00,97.782696134
2025-02-23 01:00:00+00:00,96.765143068
2025-02-23 02:00:00+00:00,96.762554652
2025-02-23 03:00:00+00:00,107.285068656
2025-02-23 04:00:00+00:00,94.302195450
2025-02-23 05:00:00+00:00,107.594420888
2025-02-23 06:00:00+00:00,102.676817800
2025-02-23 07:00:00+00:00,96.024233838
2025-02-23 08:00:00+00:00,99.726807669
2025-02-23 09:00:00+00:00,99.766082429
2025-02-23 10:00:00+00:00,106.921879767
2025-02-23 11:00:00+00:00,94.029013369
2025-02-23 12:00:00+00:00,91.468784852
2025-02-23 13:00:00+00:00,90.014832010
2025-02-23 14:00:00+00:00,80.518546906
2025-02-23 15:00:00+00:00,86.063052481
2025-02-23 16:00:00+00:00,93.812625574
2025-02-23 17:00:00+00:00,106.470199280
2025-02-23 18:00:00+00:00,110.135720183
2025-02-23 19:00:00+00:00,100.787336710
2025-02-23 20:00:00+00:00,119.560456531
2025-02-23 21:00:00+00:00,106.566965627
2025-02-23 22:00:00+00:00,110.655101167
2025-02-23 23:00:00+00:00,110.822353129
2025-02-24 00:00:00+00:00,112.987776350
2025-02-24 01:00:00+00:00,112.749969286
2025-02-24 02:00:00+00:00,103.787419855
2025-02-24 03:00:00+00:00,103.040112384
2025-02-24 04:00:00+00:00,109.042599664
2025-02-24 05:00:00+00:00,115.124007880
2025-02-24 06:00:00+00:00,101.836744082
2025-02-24 07:00:00+00:00,108.213213336
2025-02-24 08:00:00+00:00,111.689138705
2025-02-24 09:00:00+00:00,114.769385083
2025-02-24 10:00:00+00:00,108.755536144
2025-02-24 11:00:00+00:00,113.733538277
2025-02-24 12:00:00+00:00,102.336512400
2025-02-24 13:00:00+00:00,105.511256463
2025-02-24 14:00:00+00:00,107.572837648
2025-02-24 15:00:00+00:00,102.377756432
2025-02-24 16:00:00+00:00,107.253100853
2025-02-24 17:00:00+00:00,107.597421400
2025-02-24 18:00:00+00:00,124.982281442
2025-02-24 19:00:00+00:00,128.530685263
2025-02-24 20:00:00+00:00,139.426107142
2025-02-24 21:00:00+00:00,145.002200807
2025-02-24 22:00:00+00:00,117.957306000
2025-02-24 23:00:00+00:00,110.565805491
2025-02-25 00:00:00+00:00,110.528069966
2025-02-25 01:00:00+00:00,111.342421976
2025-02-25 02:00:00+00:00,100.366840107
2025-02-25 03:00:00+00:00,109.610241704
2025-02-25 04:00:00+00:00,115.329479430
2025-02-25 05:00:00+00:00,104.219527280
2025-02-25 06:00:00+00:00,115.634073419
2025-02-25 07:00:00+00:00,115.895911253
2025-02-25 08:00:00+00:00,113.014905704
2025-02-25 09:00:00+00:00,117.304995845
2025-02-25 10:00:00+00:00,114.923181421
2025-02-25 11:00:00+00:00,110.575549859
2025-02-25 12:00:00+00:00,104.872296740
2025-02-25 13:00:00+00:00,103.943404290
2025-02-25 14:00:00+00:00,103.306972503
2025-02-25 15:00:00+00:00,105.112036990
2025-02-25 16:00:00+00:00,104.869518210
2025-02-25 17:00:00+00:00,115.076919893
2025-02-25 18:00:00+00:00,141.219726265
2025-02-25 19:00:00+00:00,114.680029222
2025-02-25 20:00:00+00:00,131.763471562
2025-02-25 21:00:00+00:00,132.577544206
2025-02-25 22:00:00+00:00,128.389913464
2025-02-25 23:00:00+00:00,119.884059353
2025-02-26 00:00:00+00:00,107.608580785
2025-02-26 01:00:00+00:00,113.147704174
2025-02-26 02:00:00+00:00,106.761616111
2025-02-26 03:00:00+00:00,113.359182921
2025-02-26 04:00:00+00:00,104.912949384
2025-02-26 05:00:00+00:00,105.928434796
2025-02-26 06:00:00+00:00,116.908677325
2025-02-26 07:00:00+00:00,109.741026054
2025-02-26 08:00:00+00:00,120.149920937
2025-02-26 09:00:00+00:00,102.680543666
2025-02-26 10:00:00+00:00,112.870355493
2025-02-26 11:00:00+00:00,105.733459083
2025-02-26 12:00:00+00:00,103.830194053
2025-02-26 13:00:00+00:00,98.055337864
2025-02-26 14:00:00+00:00,92.061729726
2025-02-26 15:00:00+00:00,86.351532140
2025-02-26 16:00:00+00:00,97.995130463
2025-02-26 17:00:00+00:00,119.898272021
2025-02-26 18:00:00+00:00,121.023680326
2025-02-26 19:00:00+00:00,139.887555431
2025-02-26 20:00:00+00:00,136.916321731
2025-02-26 21:00:00+00:00,125.495588904
2025-02-26 22:00:00+00:00,121.813296536
2025-02-26 23:00:00+00:00,118.574636126
2025-02-27 00:00:00+00:00,105.626984734
2025-02-27 01:00:00+00:00,105.749522826
2025-02-27 02:00:00+00:00,107.691268860
2025-02-27 03:00:00+00:00,108.058206644
2025-02-27 04:00:00+00:00,105.286781552
2025-02-27 05:00:00+00:00,102.200348434
2025-02-27 06:00:00+00:00,109.588257820
2025-02-27 07:00:00+00:00,113.356524037
2025-02-27 08:00:00+00:00,107.662981069
2025-02-27 09:00:00+00:00,105.456990346
2025-02-27 10:00:00+00:00,124.565820872
2025-02-27 11:00:00+00:00,99.630309325
2025-02-27 12:00:00+00:00,103.837376391
2025-02-27 13:00:00+00:00,106.354753409
2025-02-27 14:00:00+00:00,104.123479415
2025-02-27 15:00:00+00:00,101.742647866
2025-02-27 16:00:00+00:00,108.257727161
2025-02-27 17:00:00+00:00,104.837413937
2025-02-27 18:00:00+00:00,122.698094353
2025-02-27 19:00:00+00:00,126.169076882
2025-02-27 20:00:00+00:00,128.391290263
2025-02-27 21:00:00+00:00,125.232026874
2025-02-27 22:00:00+00:00,127.157046973
2025-02-27 23:00:00+00:00,122.314132404
2025-02-28 00:00:00+00:00,105.829914426
2025-02-28 01:00:00+00:00,98.200207698
2025-02-28 02:00:00+00:00,111.860714459
2025-02-28 03:00:00+00:00,101.767669821
2025-02-28 04:00:00+00:00,105.484651164
2025-02-28 05:00:00+00:00,104.618470443
2025-02-28 06:00:00+00:00,117.333089820
2025-02-28 07:00:00+00:00,119.978362734
2025-02-28 08:00:00+00:00,113.682193613
2025-02-28 09:00:00+00:00,113.589795047
2025-02-28 10:00:00+00:00,111.557185976
2025-02-28 11:00:00+00:00,105.869281456
2025-02-28 12:00:00+00:00,103.629132783
2025-02-28 13:00:00+00:00,88.244188427
2025-02-28 14:00:00+00:00,101.593618100
2025-02-28 15:00:00+00:00,105.242978785
2025-02-28 16:00:00+00:00,100.634035759
2025-02-28 17:00:00+00:00,108.574563407
2025-02-28 18:00:00+00:00,128.536115181
2025-02-28 19:00:00+00:00,111.317174815
2025-02-28 20:00:00+00:00,142.308080130
2025-02-28 21:00:00+00:00,123.763158591
2025-02-28 22:00:00+00:00,122.059668143
2025-02-28 23:00:00+00:00,125.037884060
2025-03-01 00:00:00+00:00,50.425234348
2025-03-01 01:00:00+00:00,46.192200344
2025-03-01 02:00:00+00:00,46.970615738
2025-03-01 03:00:00+00:00,46.809006121
2025-03-01 04:00:00+00:00,48.477994887
2025-03-01 05:00:00+00:00,53.898693880
2025-03-01 06:00:00+00:00,47.970100032
2025-03-01 07:00:00+00:00,45.856705983
2025-03-01 08:00:00+00:00,50.401461768
2025-03-01 09:00:00+00:00,49.892400991
2025-03-01 10:00:00+00:00,46.503811228
2025-03-01 11:00:00+00:00,41.256153134
2025-03-01 12:00:00+00:00,40.727370436
2025-03-01 13:00:00+00:00,46.107045544
2025-03-01 14:00:00+00:00,40.868536632
2025-03-01 15:00:00+00:00,42.450091281
2025-03-01 16:00:00+00:00,46.168000355
2025-03-01 17:00:00+00:00,52.851215601
2025-03-01 18:00:00+00:00,54.215283402
2025-03-01 19:00:00+00:00,62.019529497
2025-03-01 20:00:00+00:00,59.123434391
2025-03-01 21:00:00+00:00,55.107481776
2025-03-01 22:00:00+00:00,52.455319645
2025-03-01 23:00:00+00:00,51.760052533
2025-03-02 00:00:00+00:00,45.594974629
2025-03-02 01:00:00+00:00,42.364227617
2025-03-02 02:00:00+00:00,42.325211425
2025-03-02 03:00:00+00:00,45.678671371
2025-03-02 04:00:00+00:00,45.855706894
2025-03-02 05:00:00+00:00,44.139097323
2025-03-02 06:00:00+00:00,49.074189873
2025-03-02 07:00:00+00:00,51.454155230
2025-03-02 08:00:00+00:00,54.251455042
2025-03-02 09:00:00+00:00,47.430902848
2025-03-02 10:00:00+00:00,47.596225944
2025-03-02 11:00:00+00:00,47.190456604
2025-03-02 12:00:00+00:00,43.885979375
2025-03-02 13:00:00+00:00,40.692503508
2025-03-02 14:00:00+00:00,38.466450422
2025-03-02 15:00:00+00:00,44.258928673
2025-03-02 16:00:00+00:00,48.935927689
2025-03-02 17:00:00+00:00,46.556305974
2025-03-02 18:00:00+00:00,55.459718675
2025-03-02 19:00:00+00:00,59.105710872
2025-03-02 20:00:00+00:00,61.755804002
2025-03-02 21:00:00+00:00,62.033354016
2025-03-02 22:00:00+00:00,56.571902822
2025-03-02 23:00:00+00:00,48.037102601
2025-03-03 00:00:00+00:00,52.845233715
2025-03-03 01:00:00+00:00,52.931504581
2025-03-03 02:00:00+00:00,51.969000652
2025-03-03 03:00:00+00:00,51.353226858
2025-03-03 04:00:00+00:00,46.753386716
2025-03-03 05:00:00+00:00,54.979985339
2025-03-03 06:00:00+00:00,55.904490569
2025-03-03 07:00:00+00:00,48.548380567
2025-03-03 08:00:00+00:00,56.956152750
2025-03-03 09:00:00+00:00,50.152397707
2025-03-03 10:00:00+00:00,54.007267738
2025-03-03 11:00:00+00:00,53.575438299
2025-03-03 12:00:00+00:00,48.921697649
2025-03-03 13:00:00+00:00,49.501408796
2025-03-03 14:00:00+00:00,51.805057055
2025-03-03 15:00:00+00:00,49.338182655
2025-03-03 16:00:00+00:00,53.137974152
2025-03-03 17:00:00+00:00,55.949328696
2025-03-03 18:00:00+00:00,59.981803566
2025-03-03 19:00:00+00:00,61.509264458
2025-03-03 20:00:00+00:00,65.512286035
2025-03-03 21:00:00+00:00,65.194761774
2025-03-03 22:00:00+00:00,61.170878982
2025-03-03 23:00:00+00:00,54.317664206
2025-03-04 00:00:00+00:00,54.640558565
2025-03-04 01:00:00+00:00,55.857203718
2025-03-04 02:00:00+00:00,58.096083541
2025-03-04 03:00:00+00:00,52.842124201
2025-03-04 04:00:00+00:00,53.964405050
2025-03-04 05:00:00+00:00,55.357440402
2025-03-04 06:00:00+00:00,52.746543924
2025-03-04 07:00:00+00:00,51.246472269
2025-03-04 08:00:00+00:00,53.607787547
2025-03-04 09:00:00+00:00,50.478917723
2025-03-04 10:00:00+00:00,46.852289051
2025-03-04 11:00:00+00:00,50.310837363
2025-03-04 12:00:00+00:00,46.692490120
2025-03-04 13:00:00+00:00,45.116015473
2025-03-04 14:00:00+00:00,49.610835793
2025-03-04 15:00:00+00:00,45.864496518
2025-03-04 16:00:00+00:00,50.699914106
2025-03-04 17:00:00+00:00,53.141534449
2025-03-04 18:00:00+00:00,56.088295077
2025-03-04 19:00:00+00:00,62.785651862
2025-03-04 20:00:00+00:00,65.158995829
2025-03-04 21:00:00+00:00,68.085290570
2025-03-04 22:00:00+00:00,61.940110792
2025-03-04 23:00:00+00:00,58.938630040
2025-03-05 00:00:00+00:00,55.345708945
2025-03-05 01:00:00+00:00,48.327993599
2025-03-05 02:00:00+00:00,53.158549296
2025-03-05 03:00:00+00:00,50.762156313
2025-03-05 04:00:00+00:00,54.188336261
2025-03-05 05:00:00+00:00,49.918149265
2025-03-05 06:00:00+00:00,56.433917745
2025-03-05 07:00:00+00:00,55.610528852
2025-03-05 08:00:00+00:00,61.823553797
2025-03-05 09:00:00+00:00,54.947521444
2025-03-05 10:00:00+00:00,50.759880107
2025-03-05 11:00:00+00:00,49.129178848
2025-03-05 12:00:00+00:00,50.289641269
2025-03-05 13:00:00+00:00,50.173912401
2025-03-05 14:00:00+00:00,46.317335837
2025-03-05 15:00:00+00:00,49.575519719
2025-03-05 16:00:00+00:00,47.958727518
2025-03-05 17:00:00+00:00,56.487887382
2025-03-05 18:00:00+00:00,61.691235882
2025-03-05 19:00:00+00:00,68.037446515
2025-03-05 20:00:00+00:00,63.644123120
2025-03-05 21:00:00+00:00,64.221912424
2025-03-05 22:00:00+00:00,61.174574764
2025-03-05 23:00:00+00:00,60.081594924
2025-03-06 00:00:00+00:00,56.631168812
2025-03-06 01:00:00+00:00,53.449678910
2025-03-06 02:00:00+00:00,49.770909241
2025-03-06 03:00:00+00:00,58.128146523
2025-03-06 04:00:00+00:00,53.384690968
2025-03-06 05:00:00+00:00,55.715974042
2025-03-06 06:00:00+00:00,59.936285491
2025-03-06 07:00:00+00:00,51.908338005
2025-03-06 08:00:00+00:00,58.072160759
2025-03-06 09:00:00+00:00,53.879169309
2025-03-06 10:00:00+00:00,50.871407468
2025-03-06 11:00:00+00:00,53.159432085
2025-03-06 12:00:00+00:00,46.631637698
2025-03-06 13:00:00+00:00,45.069279467
2025-03-06 14:00:00+00:00,46.874568025
2025-03-06 15:00:00+00:00,50.494861262
2025-03-06 16:00:00+00:00,54.976694894
2025-03-06 17:00:00+00:00,47.796409266
2025-03-06 18:00:00+00:00,59.634160552
2025-03-06 19:00:00+00:00,65.064444075
2025-03-06 20:00:00+00:00,68.816178793
2025-03-06 21:00:00+00:00,72.115958560
2025-03-06 22:00:00+00:00,60.877975604
2025-03-06 23:00:00+00:00,63.703102723
2025-03-07 00:00:00+00:00,52.919153108
2025-03-07 01:00:00+00:00,51.682283334
2025-03-07 02:00:00+00:00,52.343398543
2025-03-07 03:00:00+00:00,50.503676172
2025-03-07 04:00:00+00:00,54.681555839
2025-03-07 05:00:00+00:00,50.162959631
2025-03-07 06:00:00+00:00,53.500564902
2025-03-07 07:00:00+00:00,62.424474535
2025-03-07 08:00:00+00:00,60.261682847
2025-03-07 09:00:00+00:00,51.877659379
2025-03-07 10:00:00+00:00,53.797363574
2025-03-07 11:00:00+00:00,52.586327268
2025-03-07 12:00:00+00:00,57.764357557
2025-03-07 13:00:00+00:00,46.705428486
2025-03-07 14:00:00+00:00,50.525952688
2025-03-07 15:00:00+00:00,48.515910020
2025-03-07 16:00:00+00:00,52.277944889
2025-03-07 17:00:00+00:00,55.303148716
2025-03-07 18:00:00+00:00,53.109825550
2025-03-07 19:00:00+00:00,63.578771889
2025-03-07 20:00:00+00:00,67.343452777
2025-03-07 21:00:00+00:00,66.512654846
2025-03-07 22:00:00+00:00,59.106844678
2025-03-07 23:00:00+00:00,56.430671173
2025-03-08 00:00:00+00:00,52.521168777
2025-03-08 01:00:00+00:00,50.107505551
2025-03-08 02:00:00+00:00,49.146232789
2025-03-08 03:00:00+00:00,47.644205414
2025-03-08 04:00:00+00:00,46.925335859
2025-03-08 05:00:00+00:00,47.159621677
2025-03-08 06:00:00+00:00,47.257146559
2025-03-08 07:00:00+00:00,49.949537579
2025-03-08 08:00:00+00:00,48.698692911
2025-03-08 09:00:00+00:00,48.519273738
2025-03-08 10:00:00+00:00,50.889187206
2025-03-08 11:00:00+00:00,43.472396791
2025-03-08 12:00:00+00:00,44.899163730
2025-03-08 13:00:00+00:00,44.581309114
2025-03-08 14:00:00+00:00,47.689748628
2025-03-08 15:00:00+00:00,39.935492329
2025-03-08 16:00:00+00:00,45.994167034
2025-03-08 17:00:00+00:00,44.267648207
2025-03-08 18:00:00+00:00,54.132486929
2025-03-08 19:00:00+00:00,51.371897084
2025-03-08 20:00:00+00:00,57.598497269
2025-03-08 21:00:00+00:00,55.197921206
2025-03-08 22:00:00+00:00,50.031089031
2025-03-08 23:00:00+00:00,50.614516759
2025-03-09 00:00:00+00:00,45.164733440
2025-03-09 01:00:00+00:00,43.441286093
2025-03-09 02:00:00+00:00,50.218176580
2025-03-09 03:00:00+00:00,46.729039552
2025-03-09 04:00:00+00:00,49.356253107
2025-03-09 05:00:00+00:00,51.372448022
2025-03-09 06:00:00+00:00,45.887259359
2025-03-09 07:00:00+00:00,47.430704158
2025-03-09 08:00:00+00:00,46.516635747
2025-03-09 09:00:00+00:00,48.414131358
2025-03-09 10:00:00+00:00,47.138234121
2025-03-09 11:00:00+00:00,42.518283540
2025-03-09 12:00:00+00:00,41.287508915
2025-03-09 13:00:00+00:00,42.993813942
2025-03-09 14:00:00+00:00,43.989150974
2025-03-09 15:00:00+00:00,44.479261961
2025-03-09 16:00:00+00:00,45.372875223
2025-03-09 17:00:00+00:00,50.582517357
2025-03-09 18:00:00+00:00,47.738337696
2025-03-09 19:00:00+00:00,55.961136633
2025-03-09 20:00:00+00:00,56.646251069
2025-03-09 21:00:00+00:00,55.465372003
2025-03-09 22:00:00+00:00,56.797230656
2025-03-09 23:00:00+00:00,57.095219632
2025-03-10 00:00:00+00:00,57.112189702
2025-03-10 01:00:00+00:00,55.350139490
2025-03-10 02:00:00+00:00,53.396622821
2025-03-10 03:00:00+00:00,51.285836941
2025-03-10 04:00:00+00:00,52.915493572
2025-03-10 05:00:00+00:00,54.527235433
2025-03-10 06:00:00+00:00,57.857731403
2025-03-10 07:00:00+00:00,52.577664344
2025-03-10 08:00:00+00:00,55.864408983
2025-03-10 09:00:00+00:00,57.004123395
2025-03-10 10:00:00+00:00,55.845209510
2025-03-10 11:00:00+00:00,50.043080624
2025-03-10 12:00:00+00:00,48.680386116
2025-03-10 13:00:00+00:00,44.549206207
2025-03-10 14:00:00+00:00,49.031439233
2025-03-10 15:00:00+00:00,48.628191557
2025-03-10 16:00:00+00:00,55.404417607
2025-03-10 17:00:00+00:00,56.640961548
2025-03-10 18:00:00+00:00,60.445048350
2025-03-10 19:00:00+00:00,56.917500362
2025-03-10 20:00:00+00:00,66.251113778
2025-03-10 21:00:00+00:00,64.403361889
2025-03-10 22:00:00+00:00,68.755914406
2025-03-10 23:00:00+00:00,59.724810291
2025-03-11 00:00:00+00:00,56.332777761
2025-03-11 01:00:00+00:00,51.328749395
2025-03-11 02:00:00+00:00,55.603034985
2025-03-11 03:00:00+00:00,51.057567151
2025-03-11 04:00:00+00:00,53.304083971
2025-03-11 05:00:00+00:00,52.301685883
2025-03-11 06:00:00+00:00,49.192077726
2025-03-11 07:00:00+00:00,50.241997742
2025-03-11 08:00:00+00:00,58.502088073
2025-03-11 09:00:00+00:00,56.328822717
2025-03-11 10:00:00+00:00,54.622552735
2025-03-11 11:00:00+00:00,47.638730868
2025-03-11 12:00:00+00:00,54.315678594
2025-03-11 13:00:00+00:00,52.260638146
2025-03-11 14:00:00+00:00,49.743334834
2025-03-11 15:00:00+00:00,48.114925676
2025-03-11 16:00:00+00:00,53.450007983
2025-03-11 17:00:00+00:00,60.792012658
2025-03-11 18:00:00+00:00,64.635292566
2025-03-11 19:00:00+00:00,67.172649172
2025-03-11 20:00:00+00:00,70.936960573
2025-03-11 21:00:00+00:00,70.818427270
2025-03-11 22:00:00+00:00,63.357638880
2025-03-11 23:00:00+00:00,62.293347382
2025-03-12 00:00:00+00:00,47.060572728
2025-03-12 01:00:00+00:00,51.959686782
2025-03-12 02:00:00+00:00,50.549268028
2025-03-12 03:00:00+00:00,51.991736993
2025-03-12 04:00:00+00:00,52.498483033
2025-03-12 05:00:00+00:00,54.136076333
2025-03-12 06:00:00+00:00,51.874177912
2025-03-12 07:00:00+00:00,53.677390017
2025-03-12 08:00:00+00:00,56.647230789
2025-03-12 09:00:00+00:00,52.682238363
2025-03-12 10:00:00+00:00,56.251050082
2025-03-12 11:00:00+00:00,54.136905064
2025-03-12 12:00:00+00:00,45.775843273
2025-03-12 13:00:00+00:00,54.577109429
2025-03-12 14:00:00+00:00,48.563040875
2025-03-12 15:00:00+00:00,50.290386815
2025-03-12 16:00:00+00:00,50.873975675
2025-03-12 17:00:00+00:00,52.956503386
2025-03-12 18:00:00+00:00,59.469415415
2025-03-12 19:00:00+00:00,64.926933693
2025-03-12 20:00:00+00:00,60.516710804
2025-03-12 21:00:00+00:00,57.410152892
2025-03-12 22:00:00+00:00,66.028740946
2025-03-12 23:00:00+00:00,57.747513654
2025-03-13 00:00:00+00:00,53.928541997
2025-03-13 01:00:00+00:00,53.110162333
2025-03-13 02:00:00+00:00,48.922934744
2025-03-13 03:00:00+00:00,56.772505455
2025-03-13 04:00:00+00:00,51.086351472
2025-03-13 05:00:00+00:00,50.999988432
2025-03-13 06:00:00+00:00,48.996258634
2025-03-13 07:00:00+00:00,56.237891345
2025-03-13 08:00:00+00:00,55.819507563
2025-03-13 09:00:00+00:00,53.867156961
2025-03-13 10:00:00+00:00,55.807237364
2025-03-13 11:00:00+00:00,54.952326365
2025-03-13 12:00:00+00:00,53.009944560
2025-03-13 13:00:00+00:00,50.606125404
2025-03-13 14:00:00+00:00,48.061491382
2025-03-13 15:00:00+00:00,43.533029692
2025-03-13 16:00:00+00:00,47.832125503
2025-03-13 17:00:00+00:00,56.807395412
2025-03-13 18:00:00+00:00,62.059448308
2025-03-13 19:00:00+00:00,69.857882952
2025-03-13 20:00:00+00:00,62.083209287
2025-03-13 21:00:00+00:00,62.060432795
2025-03-13 22:00:00+00:00,61.087642442
2025-03-13 23:00:00+00:00,58.442221925
2025-03-14 00:00:00+00:00,52.692641912
2025-03-14 01:00:00+00:00,58.103947300
2025-03-14 02:00:00+00:00,49.409825837
2025-03-14 03:00:00+00:00,52.752160242
2025-03-14 04:00:00+00:00,54.434510872
2025-03-14 05:00:00+00:00,56.052212401
2025-03-14 06:00:00+00:00,54.807578498
2025-03-14 07:00:00+00:00,54.381240245
2025-03-14 08:00:00+00:00,58.219955938
2025-03-14 09:00:00+00:00,53.180702664
2025-03-14 10:00:00+00:00,50.215097134
2025-03-14 11:00:00+00:00,53.840283352
2025-03-14 12:00:00+00:00,51.872881445
2025-03-14 13:00:00+00:00,51.137182718
2025-03-14 14:00:00+00:00,45.342969744
2025-03-14 15:00:00+00:00,48.615456060
2025-03-14 16:00:00+00:00,50.563335266
2025-03-14 17:00:00+00:00,55.970916873
2025-03-14 18:00:00+00:00,64.435046942
2025-03-14 19:00:00+00:00,65.989331952
2025-03-14 20:00:00+00:00,65.302696481
2025-03-14 21:00:00+00:00,65.127988731
2025-03-14 22:00:00+00:00,63.269062425
2025-03-14 23:00:00+00:00,58.506608119
2025-03-15 00:00:00+00:00,46.352759193
2025-03-15 01:00:00+00:00,48.568682041
2025-03-15 02:00:00+00:00,46.806680488
2025-03-15 03:00:00+00:00,48.077917950
2025-03-15 04:00:00+00:00,49.001503950
2025-03-15 05:00:00+00:00,48.788756811
2025-03-15 06:00:00+00:00,52.673737647
2025-03-15 07:00:00+00:00,46.368840660
2025-03-15 08:00:00+00:00,48.728204294
2025-03-15 09:00:00+00:00,45.598940757
2025-03-15 10:00:00+00:00,47.944354400
2025-03-15 11:00:00+00:00,45.348915998
2025-03-15 12:00:00+00:00,38.957915765
2025-03-15 13:00:00+00:00,43.866979273
2025-03-15 14:00:00+00:00,40.357682602
2025-03-15 15:00:00+00:00,45.237354712
2025-03-15 16:00:00+00:00,45.919682984
2025-03-15 17:00:00+00:00,47.743419370
2025-03-15 18:00:00+00:00,57.162838219
2025-03-15 19:00:00+00:00,58.996370444
2025-03-15 20:00:00+00:00,57.570471272
2025-03-15 21:00:00+00:00,55.646793073
2025-03-15 22:00:00+00:00,59.744220925
2025-03-15 23:00:00+00:00,55.097412285
2025-03-16 00:00:00+00:00,44.142484765
2025-03-16 01:00:00+00:00,50.892781751
2025-03-16 02:00:00+00:00,49.131461582
2025-03-16 03:00:00+00:00,50.995183508
2025-03-16 04:00:00+00:00,47.237706079
2025-03-16 05:00:00+00:00,48.900141443
2025-03-16 06:00:00+00:00,48.143501843
2025-03-16 07:00:00+00:00,45.597049394
2025-03-16 08:00:00+00:00,49.820063402
2025-03-16 09:00:00+00:00,47.961674142
2025-03-16 10:00:00+00:00,46.651465359
2025-03-16 11:00:00+00:00,47.899494478
2025-03-16 12:00:00+00:00,47.386008634
2025-03-16 13:00:00+00:00,43.343627722
2025-03-16 14:00:00+00:00,43.964500594
2025-03-16 15:00:00+00:00,45.824834947
2025-03-16 16:00:00+00:00,44.049207283
2025-03-16 17:00:00+00:00,57.571096688
2025-03-16 18:00:00+00:00,53.950137254
2025-03-16 19:00:00+00:00,59.678026472
2025-03-16 20:00:00+00:00,61.658154368
2025-03-16 21:00:00+00:00,54.350354356
2025-03-16 22:00:00+00:00,52.241608778
2025-03-16 23:00:00+00:00,54.457792852
2025-03-17 00:00:00+00:00,57.985912289
2025-03-17 01:00:00+00:00,48.647099732
2025-03-17 02:00:00+00:00,53.750156188
2025-03-17 03:00:00+00:00,51.857803152
2025-03-17 04:00:00+00:00,52.064230910
2025-03-17 05:00:00+00:00,61.150956825
2025-03-17 06:00:00+00:00,52.203635974
2025-03-17 07:00:00+00:00,54.365814240
2025-03-17 08:00:00+00:00,54.742731578
2025-03-17 09:00:00+00:00,55.672266026
2025-03-17 10:00:00+00:00,56.485789548
2025-03-17 11:00:00+00:00,51.070472152
2025-03-17 12:00:00+00:00,48.763723213
2025-03-17 13:00:00+00:00,48.852320428
2025-03-17 14:00:00+00:00,49.909640352
2025-03-17 15:00:00+00:00,52.481371188
2025-03-17 16:00:00+00:00,47.897538664
2025-03-17 17:00:00+00:00,54.089252440
2025-03-17 18:00:00+00:00,64.997398897
2025-03-17 19:00:00+00:00,65.664034686
2025-03-17 20:00:00+00:00,68.461368227
2025-03-17 21:00:00+00:00,65.751561993
2025-03-17 22:00:00+00:00,59.662795647
2025-03-17 23:00:00+00:00,58.546594724
2025-03-18 00:00:00+00:00,52.115268206
2025-03-18 01:00:00+00:00,48.664321537
2025-03-18 02:00:00+00:00,51.242179498
2025-03-18 03:00:00+00:00,51.944136829
2025-03-18 04:00:00+00:00,51.158271113
2025-03-18 05:00:00+00:00,56.431744361
2025-03-18 06:00:00+00:00,54.761293629
2025-03-18 07:00:00+00:00,55.283663017
2025-03-18 08:00:00+00:00,50.985615546
2025-03-18 09:00:00+00:00,57.615504197
2025-03-18 10:00:00+00:00,50.705496853
2025-03-18 11:00:00+00:00,44.995516720
2025-03-18 12:00:00+00:00,49.909945727
2025-03-18 13:00:00+00:00,50.307613975
2025-03-18 14:00:00+00:00,51.206004734
2025-03-18 15:00:00+00:00,46.633434182
2025-03-18 16:00:00+00:00,49.613213232
2025-03-18 17:00:00+00:00,60.071039006
2025-03-18 18:00:00+00:00,63.002663785
2025-03-18 19:00:00+00:00,61.576672070
2025-03-18 20:00:00+00:00,67.006040736
2025-03-18 21:00:00+00:00,63.571094646
2025-03-18 22:00:00+00:00,66.195054768
2025-03-18 23:00:00+00:00,55.605565451
2025-03-19 00:00:00+00:00,48.220688433
2025-03-19 01:00:00+00:00,55.831148166
2025-03-19 02:00:00+00:00,51.755360636
2025-03-19 03:00:00+00:00,54.525976569
2025-03-19 04:00:00+00:00,53.865042836
2025-03-19 05:00:00+00:00,52.299809107
2025-03-19 06:00:00+00:00,52.610626969
2025-03-19 07:00:00+00:00,55.888511415
2025-03-19 08:00:00+00:00,55.973953938
2025-03-19 09:00:00+00:00,56.988002900
2025-03-19 10:00:00+00:00,49.446016894
2025-03-19 11:00:00+00:00,52.014381764
2025-03-19 12:00:00+00:00,48.180401465
2025-03-19 13:00:00+00:00,45.985902354
2025-03-19 14:00:00+00:00,46.737886738
2025-03-19 15:00:00+00:00,53.815244769
2025-03-19 16:00:00+00:00,47.451764227
2025-03-19 17:00:00+00:00,59.211715461
2025-03-19 18:00:00+00:00,59.517299684
2025-03-19 19:00:00+00:00,61.774651028
2025-03-19 20:00:00+00:00,64.391641352
2025-03-19 21:00:00+00:00,63.319618254
2025-03-19 22:00:00+00:00,63.816407648
2025-03-19 23:00:00+00:00,61.283036380
2025-03-20 00:00:00+00:00,50.534314245
2025-03-20 01:00:00+00:00,53.360219783
2025-03-20 02:00:00+00:00,52.058699540
2025-03-20 03:00:00+00:00,59.007373696
2025-03-20 04:00:00+00:00,50.061105856
2025-03-20 05:00:00+00:00,51.113462095
2025-03-20 06:00:00+00:00,52.796637720
2025-03-20 07:00:00+00:00,57.937814912
2025-03-20 08:00:00+00:00,49.991757717
2025-03-20 09:00:00+00:00,53.571036367
2025-03-20 10:00:00+00:00,52.657839745
2025-03-20 11:00:00+00:00,54.408614392
2025-03-20 12:00:00+00:00,50.866421507
2025-03-20 13:00:00+00:00,52.334841558
2025-03-20 14:00:00+00:00,47.398616979
2025-03-20 15:00:00+00:00,49.662851174
2025-03-20 16:00:00+00:00,45.011655843
2025-03-20 17:00:00+00:00,53.621438300
2025-03-20 18:00:00+00:00,63.774254450
2025-03-20 19:00:00+00:00,61.497347524
2025-03-20 20:00:00+00:00,66.697594356
2025-03-20 21:00:00+00:00,60.420192743
2025-03-20 22:00:00+00:00,65.841765880
2025-03-20 23:00:00+00:00,65.800556979
2025-03-21 00:00:00+00:00,53.702925839
2025-03-21 01:00:00+00:00,54.323512470
2025-03-21 02:00:00+00:00,52.878332907
2025-03-21 03:00:00+00:00,47.940393775
2025-03-21 04:00:00+00:00,47.601936163
2025-03-21 05:00:00+00:00,51.155241676
2025-03-21 06:00:00+00:00,54.962977603
2025-03-21 07:00:00+00:00,51.265052539
2025-03-21 08:00:00+00:00,53.854095754
2025-03-21 09:00:00+00:00,56.173631633
2025-03-21 10:00:00+00:00,51.048303316
2025-03-21 11:00:00+00:00,52.615515477
2025-03-21 12:00:00+00:00,51.120749335
2025-03-21 13:00:00+00:00,49.064256114
2025-03-21 14:00:00+00:00,51.384369115
2025-03-21 15:00:00+00:00,49.965656234
2025-03-21 16:00:00+00:00,52.566993530
2025-03-21 17:00:00+00:00,51.310134259
2025-03-21 18:00:00+00:00,62.163311018
2025-03-21 19:00:00+00:00,66.702198838
2025-03-21 20:00:00+00:00,70.657648004
2025-03-21 21:00:00+00:00,64.689077006
2025-03-21 22:00:00+00:00,60.934458387
2025-03-21 23:00:00+00:00,61.146837481
2025-03-22 00:00:00+00:00,47.552039019
2025-03-22 01:00:00+00:00,48.512551334
2025-03-22 02:00:00+00:00,48.272788773
2025-03-22 03:00:00+00:00,50.843861165
2025-03-22 04:00:00+00:00,47.738938281
2025-03-22 05:00:00+00:00,51.574077370
2025-03-22 06:00:00+00:00,46.500879240
2025-03-22 07:00:00+00:00,51.196757279
2025-03-22 08:00:00+00:00,50.636153213
2025-03-22 09:00:00+00:00,48.248392293
2025-03-22 10:00:00+00:00,42.539474822
2025-03-22 11:00:00+00:00,47.521158921
2025-03-22 12:00:00+00:00,44.607616474
2025-03-22 13:00:00+00:00,44.812789122
2025-03-22 14:00:00+00:00,37.739186189
2025-03-22 15:00:00+00:00,46.049672889
2025-03-22 16:00:00+00:00,48.362272393
2025-03-22 17:00:00+00:00,52.151348344
2025-03-22 18:00:00+00:00,58.195240585
2025-03-22 19:00:00+00:00,53.636939324
2025-03-22 20:00:00+00:00,62.463215829
2025-03-22 21:00:00+00:00,65.146241835
2025-03-22 22:00:00+00:00,52.253570850
2025-03-22 23:00:00+00:00,60.194278386
2025-03-23 00:00:00+00:00,47.547012954
2025-03-23 01:00:00+00:00,45.924539744
2025-03-23 02:00:00+00:00,50.131188965
2025-03-23 03:00:00+00:00,49.449110400
2025-03-23 04:00:00+00:00,45.384007943
2025-03-23 05:00:00+00:00,49.068896610
2025-03-23 06:00:00+00:00,50.359648389
2025-03-23 07:00:00+00:00,47.430083706
2025-03-23 08:00:00+00:00,49.813213095
2025-03-23 09:00:00+00:00,47.663889427
2025-03-23 10:00:00+00:00,49.429895526
2025-03-23 11:00:00+00:00,43.887112280
2025-03-23 12:00:00+00:00,44.431294121
2025-03-23 13:00:00+00:00,40.087090702
2025-03-23 14:00:00+00:00,44.852621157
2025-03-23 15:00:00+00:00,45.230492019
2025-03-23 16:00:00+00:00,43.741042684
2025-03-23 17:00:00+00:00,48.559944468
2025-03-23 18:00:00+00:00,54.954065001
2025-03-23 19:00:00+00:00,60.665793375
2025-03-23 20:00:00+00:00,57.239613739
2025-03-23 21:00:00+00:00,52.313762626
2025-03-23 22:00:00+00:00,62.706085987
2025-03-23 23:00:00+00:00,51.468325065
2025-03-24 00:00:00+00:00,51.068495157
2025-03-24 01:00:00+00:00,50.077807207
2025-03-24 02:00:00+00:00,54.487787566
2025-03-24 03:00:00+00:00,53.242002654
2025-03-24 04:00:00+00:00,51.930477841
2025-03-24 05:00:00+00:00,56.590638438
2025-03-24 06:00:00+00:00,58.287902471
2025-03-24 07:00:00+00:00,56.608762297
2025-03-24 08:00:00+00:00,54.063575133
2025-03-24 09:00:00+00:00,57.691760524
2025-03-24 10:00:00+00:00,51.416484466
2025-03-24 11:00:00+00:00,47.476608532
2025-03-24 12:00:00+00:00,49.994917407
2025-03-24 13:00:00+00:00,49.332775931
2025-03-24 14:00:00+00:00,46.352914457
2025-03-24 15:00:00+00:00,44.780549195
2025-03-24 16:00:00+00:00,49.048494175
2025-03-24 17:00:00+00:00,56.505881135
2025-03-24 18:00:00+00:00,58.394252102
2025-03-24 19:00:00+00:00,65.550920520
2025-03-24 20:00:00+00:00,59.006900148
2025-03-24 21:00:00+00:00,64.961170982
2025-03-24 22:00:00+00:00,60.559732607
2025-03-24 23:00:00+00:00,57.672211620
2025-03-25 00:00:00+00:00,54.272656497
2025-03-25 01:00:00+00:00,50.276554459
2025-03-25 02:00:00+00:00,49.062049399
2025-03-25 03:00:00+00:00,53.114716095
2025-03-25 04:00:00+00:00,49.437625786
2025-03-25 05:00:00+00:00,51.727262564
2025-03-25 06:00:00+00:00,59.365598029
2025-03-25 07:00:00+00:00,57.974536456
2025-03-25 08:00:00+00:00,54.984176275
2025-03-25 09:00:00+00:00,51.808580674
2025-03-25 10:00:00+00:00,53.290946537
2025-03-25 11:00:00+00:00,48.775692531
2025-03-25 12:00:00+00:00,47.957212969
2025-03-25 13:00:00+00:00,45.544581155
2025-03-25 14:00:00+00:00,46.857674436
2025-03-25 15:00:00+00:00,52.446557138
2025-03-25 16:00:00+00:00,50.655137773
2025-03-25 17:00:00+00:00,50.311845977
2025-03-25 18:00:00+00:00,55.232583766
2025-03-25 19:00:00+00:00,60.884785240
2025-03-25 20:00:00+00:00,70.246009344
2025-03-25 21:00:00+00:00,60.070329540
2025-03-25 22:00:00+00:00,56.853272331
2025-03-25 23:00:00+00:00,61.424986756
2025-03-26 00:00:00+00:00,58.659163020
2025-03-26 01:00:00+00:00,53.192026309
2025-03-26 02:00:00+00:00,48.018991037
2025-03-26 03:00:00+00:00,49.106181546
2025-03-26 04:00:00+00:00,53.236693326
2025-03-26 05:00:00+00:00,52.118331522
2025-03-26 06:00:00+00:00,56.173789130
2025-03-26 07:00:00+00:00,51.824928194
2025-03-26 08:00:00+00:00,57.327762676
2025-03-26 09:00:00+00:00,53.380967669
2025-03-26 10:00:00+00:00,52.086988583
2025-03-26 11:00:00+00:00,55.647367873
2025-03-26 12:00:00+00:00,47.965637129
2025-03-26 13:00:00+00:00,44.445786406
2025-03-26 14:00:00+00:00,51.198818586
2025-03-26 15:00:00+00:00,44.591521871
2025-03-26 16:00:00+00:00,52.257246408
2025-03-26 17:00:00+00:00,52.508619864
2025-03-26 18:00:00+00:00,62.068918911
2025-03-26 19:00:00+00:00,67.092759570
2025-03-26 20:00:00+00:00,60.888118955
2025-03-26 21:00:00+00:00,57.901747804
2025-03-26 22:00:00+00:00,65.872389015
2025-03-26 23:00:00+00:00,62.597629452
2025-03-27 00:00:00+00:00,51.808102166
2025-03-27 01:00:00+00:00,53.977882656
2025-03-27 02:00:00+00:00,52.712893602
2025-03-27 03:00:00+00:00,57.819425799
2025-03-27 04:00:00+00:00,55.634535965
2025-03-27 05:00:00+00:00,51.259833789
2025-03-27 06:00:00+00:00,56.758440949
2025-03-27 07:00:00+00:00,53.290682966
2025-03-27 08:00:00+00:00,54.407449059
2025-03-27 09:00:00+00:00,54.193263539
2025-03-27 10:00:00+00:00,57.127805128
2025-03-27 11:00:00+00:00,54.279387688
2025-03-27 12:00:00+00:00,47.477916325
2025-03-27 13:00:00+00:00,48.532971531
2025-03-27 14:00:00+00:00,46.476631236
2025-03-27 15:00:00+00:00,47.594451671
2025-03-27 16:00:00+00:00,50.613965089
2025-03-27 17:00:00+00:00,55.424641025
2025-03-27 18:00:00+00:00,58.381248352
2025-03-27 19:00:00+00:00,57.699103831
2025-03-27 20:00:00+00:00,66.150904883
2025-03-27 21:00:00+00:00,61.436932738
2025-03-27 22:00:00+00:00,59.828778005
2025-03-27 23:00:00+00:00,60.723939661
2025-03-28 00:00:00+00:00,54.383919830
2025-03-28 01:00:00+00:00,55.541546019
2025-03-28 02:00:00+00:00,56.618070478
2025-03-28 03:00:00+00:00,51.273204111
2025-03-28 04:00:00+00:00,49.676277377
2025-03-28 05:00:00+00:00,51.307311694
2025-03-28 06:00:00+00:00,52.528255146
2025-03-28 07:00:00+00:00,49.071951429
2025-03-28 08:00:00+00:00,53.307661212
2025-03-28 09:00:00+00:00,55.921514400
2025-03-28 10:00:00+00:00,53.973266719
2025-03-28 11:00:00+00:00,54.254274737
2025-03-28 12:00:00+00:00,45.186878617
2025-03-28 13:00:00+00:00,53.699169063
2025-03-28 14:00:00+00:00,48.098583016
2025-03-28 15:00:00+00:00,49.748859117
2025-03-28 16:00:00+00:00,58.551305082
2025-03-28 17:00:00+00:00,54.464686851
2025-03-28 18:00:00+00:00,52.960853698
2025-03-28 19:00:00+00:00,63.290936512
2025-03-28 20:00:00+00:00,67.348150949
2025-03-28 21:00:00+00:00,63.577777974
2025-03-28 22:00:00+00:00,62.790855461
2025-03-28 23:00:00+00:00,56.430445007
2025-03-29 00:00:00+00:00,48.000680701
2025-03-29 01:00:00+00:00,47.276186524
2025-03-29 02:00:00+00:00,46.332005736
2025-03-29 03:00:00+00:00,45.711658526
2025-03-29 04:00:00+00:00,45.983076197
2025-03-29 05:00:00+00:00,48.417831622
2025-03-29 06:00:00+00:00,43.900827050
2025-03-29 07:00:00+00:00,45.097903523
2025-03-29 08:00:00+00:00,43.845566512
2025-03-29 09:00:00+00:00,47.613996574
2025-03-29 10:00:00+00:00,45.310548213
2025-03-29 11:00:00+00:00,44.898131293
2025-03-29 12:00:00+00:00,45.752110411
2025-03-29 13:00:00+00:00,45.819538506
2025-03-29 14:00:00+00:00,42.084512289
2025-03-29 15:00:00+00:00,43.307522141
2025-03-29 16:00:00+00:00,46.559446298
2025-03-29 17:00:00+00:00,46.907587510
2025-03-29 18:00:00+00:00,56.190886172
2025-03-29 19:00:00+00:00,56.479296392
2025-03-29 20:00:00+00:00,62.574254303
2025-03-29 21:00:00+00:00,56.551614460
2025-03-29 22:00:00+00:00,49.981128994
2025-03-29 23:00:00+00:00,56.792046826
2025-03-30 00:00:00+00:00,45.322812740
2025-03-30 01:00:00+00:00,45.108074108
2025-03-30 02:00:00+00:00,52.131810921
2025-03-30 03:00:00+00:00,41.465461641
2025-03-30 04:00:00+00:00,50.151911139
2025-03-30 05:00:00+00:00,47.116118796
2025-03-30 06:00:00+00:00,49.262540369
2025-03-30 07:00:00+00:00,49.086271659
2025-03-30 08:00:00+00:00,52.055016112
2025-03-30 09:00:00+00:00,52.754549696
2025-03-30 10:00:00+00:00,47.169824501
2025-03-30 11:00:00+00:00,48.229375860
2025-03-30 12:00:00+00:00,46.569158047
2025-03-30 13:00:00+00:00,43.105637472
2025-03-30 14:00:00+00:00,42.149169758
2025-03-30 15:00:00+00:00,43.913774961
2025-03-30 16:00:00+00:00,43.212355476
2025-03-30 17:00:00+00:00,49.163388657
2025-03-30 18:00:00+00:00,51.012780368
2025-03-30 19:00:00+00:00,58.530398168
2025-03-30 20:00:00+00:00,57.843255967
2025-03-30 21:00:00+00:00,58.819539412
2025-03-30 22:00:00+00:00,53.060649108
2025-03-30 23:00:00+00:00,53.214770367
2025-03-31 00:00:00+00:00,50.066568616
2025-03-31 01:00:00+00:00,56.953109242
2025-03-31 02:00:00+00:00,52.065928265
2025-03-31 03:00:00+00:00,54.671871782
2025-03-31 04:00:00+00:00,53.009096833
2025-03-31 05:00:00+00:00,54.682490756
2025-03-31 06:00:00+00:00,48.391329159
2025-03-31 07:00:00+00:00,55.279486158
2025-03-31 08:00:00+00:00,57.717388832
2025-03-31 09:00:00+00:00,57.436925672
2025-03-31 10:00:00+00:00,46.150450613
2025-03-31 11:00:00+00:00,55.267412722
2025-03-31 12:00:00+00:00,52.982846919
2025-03-31 13:00:00+00:00,47.434421393
2025-03-31 14:00:00+00:00,49.512692646
2025-03-31 15:00:00+00:00,46.127716186
2025-03-31 16:00:00+00:00,50.318566388
2025-03-31 17:00:00+00:00,50.339991534
2025-03-31 18:00:00+00:00,59.538979373
2025-03-31 19:00:00+00:00,65.840679762
2025-03-31 20:00:00+00:00,59.535891768
2025-03-31 21:00:00+00:00,62.071408160
2025-03-31 22:00:00+00:00,60.463658037
2025-03-31 23:00:00+00:00,59.310121669
2025-04-01 00:00:00+00:00,26.555028891
2025-04-01 01:00:00+00:00,25.670489981
2025-04-01 02:00:00+00:00,27.476044361
2025-04-01 03:00:00+00:00,25.816950658
2025-04-01 04:00:00+00:00,27.053221197
2025-04-01 05:00:00+00:00,30.014750706
2025-04-01 06:00:00+00:00,30.143397360
2025-04-01 07:00:00+00:00,29.595644979
2025-04-01 08:00:00+00:00,26.468151003
2025-04-01 09:00:00+00:00,26.353690275
2025-04-01 10:00:00+00:00,29.550938448
2025-04-01 11:00:00+00:00,25.205098511
2025-04-01 12:00:00+00:00,24.900785311
2025-04-01 13:00:00+00:00,23.714218950
2025-04-01 14:00:00+00:00,23.609175156
2025-04-01 15:00:00+00:00,23.942615738
2025-04-01 16:00:00+00:00,23.778991950
2025-04-01 17:00:00+00:00,27.067045105
2025-04-01 18:00:00+00:00,33.209181459
2025-04-01 19:00:00+00:00,32.217177204
2025-04-01 20:00:00+00:00,32.101587798
2025-04-01 21:00:00+00:00,32.658940796
2025-04-01 22:00:00+00:00,31.901782628
2025-04-01 23:00:00+00:00,30.425948400
2025-04-02 00:00:00+00:00,23.697352632
2025-04-02 01:00:00+00:00,27.802738522
2025-04-02 02:00:00+00:00,28.294241376
2025-04-02 03:00:00+00:00,28.025864977
2025-04-02 04:00:00+00:00,25.178686718
2025-04-02 05:00:00+00:00,30.656847827
2025-04-02 06:00:00+00:00,28.954406145
2025-04-02 07:00:00+00:00,29.488911673
2025-04-02 08:00:00+00:00,27.288631350
2025-04-02 09:00:00+00:00,25.398425922
2025-04-02 10:00:00+00:00,26.056379626
2025-04-02 11:00:00+00:00,25.408496723
2025-04-02 12:00:00+00:00,25.970212352
2025-04-02 13:00:00+00:00,24.392614677
2025-04-02 14:00:00+00:00,23.586765845
2025-04-02 15:00:00+00:00,24.041144908
2025-04-02 16:00:00+00:00,25.057262290
2025-04-02 17:00:00+00:00,28.597992828
2025-04-02 18:00:00+00:00,31.719167558
2025-04-02 19:00:00+00:00,32.213700785
2025-04-02 20:00:00+00:00,34.415191844
2025-04-02 21:00:00+00:00,33.057461787
2025-04-02 22:00:00+00:00,33.782416963
2025-04-02 23:00:00+00:00,27.592056332
2025-04-03 00:00:00+00:00,26.485092088
2025-04-03 01:00:00+00:00,25.068481921
2025-04-03 02:00:00+00:00,29.434150407
2025-04-03 03:00:00+00:00,26.500170808
2025-04-03 04:00:00+00:00,28.689204859
2025-04-03 05:00:00+00:00,27.522037505
2025-04-03 06:00:00+00:00,25.649692604
2025-04-03 07:00:00+00:00,24.749621713
2025-04-03 08:00:00+00:00,30.108085975
2025-04-03 09:00:00+00:00,27.544038605
2025-04-03 10:00:00+00:00,27.653587710
2025-04-03 11:00:00+00:00,26.124975620
2025-04-03 12:00:00+00:00,25.688255373
2025-04-03 13:00:00+00:00,25.792367336
2025-04-03 14:00:00+00:00,24.026286259
2025-04-03 15:00:00+00:00,25.607519075
2025-04-03 16:00:00+00:00,25.011328072
2025-04-03 17:00:00+00:00,28.403894086
2025-04-03 18:00:00+00:00,30.688248684
2025-04-03 19:00:00+00:00,29.777635473
2025-04-03 20:00:00+00:00,31.900109907
2025-04-03 21:00:00+00:00,32.325742126
2025-04-03 22:00:00+00:00,31.438439540
2025-04-03 23:00:00+00:00,28.692389544
2025-04-04 00:00:00+00:00,28.868852323
2025-04-04 01:00:00+00:00,25.051529048
2025-04-04 02:00:00+00:00,26.859699865
2025-04-04 03:00:00+00:00,28.356440458
2025-04-04 04:00:00+00:00,29.141482303
2025-04-04 05:00:00+00:00,25.023722731
2025-04-04 06:00:00+00:00,30.029432111
2025-04-04 07:00:00+00:00,30.729253103
2025-04-04 08:00:00+00:00,27.129630706
2025-04-04 09:00:00+00:00,26.072590122
2025-04-04 10:00:00+00:00,28.389276943
2025-04-04 11:00:00+00:00,28.470792151
2025-04-04 12:00:00+00:00,26.360075962
2025-04-04 13:00:00+00:00,22.759015160
2025-04-04 14:00:00+00:00,22.697411921
2025-04-04 15:00:00+00:00,25.641356375
2025-04-04 16:00:00+00:00,27.381686359
2025-04-04 17:00:00+00:00,28.090024672
2025-04-04 18:00:00+00:00,29.433697369
2025-04-04 19:00:00+00:00,28.717639214
2025-04-04 20:00:00+00:00,32.902264574
2025-04-04 21:00:00+00:00,33.198234208
2025-04-04 22:00:00+00:00,31.388827388
2025-04-04 23:00:00+00:00,28.682063393
2025-04-05 00:00:00+00:00,23.669360753
2025-04-05 01:00:00+00:00,21.572807695
2025-04-05 02:00:00+00:00,24.943704301
2025-04-05 03:00:00+00:00,23.194615488
2025-04-05 04:00:00+00:00,23.596149043
2025-04-05 05:00:00+00:00,24.458503146
2025-04-05 06:00:00+00:00,24.014847572
2025-04-05 07:00:00+00:00,23.652932393
2025-04-05 08:00:00+00:00,24.739360982
2025-04-05 09:00:00+00:00,23.915155028
2025-04-05 10:00:00+00:00,23.266103631
2025-04-05 11:00:00+00:00,21.128383283
2025-04-05 12:00:00+00:00,21.058523559
2025-04-05 13:00:00+00:00,22.019721596
2025-04-05 14:00:00+00:00,20.882669624
2025-04-05 15:00:00+00:00,22.979112668
2025-04-05 16:00:00+00:00,21.521121229
2025-04-05 17:00:00+00:00,21.963533198
2025-04-05 18:00:00+00:00,26.842139840
2025-04-05 19:00:00+00:00,30.894207164
2025-04-05 20:00:00+00:00,26.553555589
2025-04-05 21:00:00+00:00,28.691560122
2025-04-05 22:00:00+00:00,26.496464697
2025-04-05 23:00:00+00:00,24.816469829
2025-04-06 00:00:00+00:00,23.455039176
2025-04-06 01:00:00+00:00,25.161156375
2025-04-06 02:00:00+00:00,26.603884243
2025-04-06 03:00:00+00:00,25.125312284
2025-04-06 04:00:00+00:00,24.772674408
2025-04-06 05:00:00+00:00,22.147547093
2025-04-06 06:00:00+00:00,23.989471840
2025-04-06 07:00:00+00:00,25.124197182
2025-04-06 08:00:00+00:00,26.091791151
2025-04-06 09:00:00+00:00,22.783694122
2025-04-06 10:00:00+00:00,26.070365518
2025-04-06 11:00:00+00:00,21.921054580
2025-04-06 12:00:00+00:00,21.743432723
2025-04-06 13:00:00+00:00,19.683405222
2025-04-06 14:00:00+00:00,22.047438778
2025-04-06 15:00:00+00:00,22.157746089
2025-04-06 16:00:00+00:00,22.561866032
2025-04-06 17:00:00+00:00,24.541476102
2025-04-06 18:00:00+00:00,29.844625157
2025-04-06 19:00:00+00:00,29.125950850
2025-04-06 20:00:00+00:00,28.871831259
2025-04-06 21:00:00+00:00,25.936293015
2025-04-06 22:00:00+00:00,28.842345390
2025-04-06 23:00:00+00:00,27.891153164
2025-04-07 00:00:00+00:00,26.427714845
2025-04-07 01:00:00+00:00,27.816992391
2025-04-07 02:00:00+00:00,28.403872111
2025-04-07 03:00:00+00:00,25.462010144
2025-04-07 04:00:00+00:00,27.427939049
2025-04-07 05:00:00+00:00,27.277046729
2025-04-07 06:00:00+00:00,25.989841967
2025-04-07 07:00:00+00:00,26.524439999
2025-04-07 08:00:00+00:00,25.803429023
2025-04-07 09:00:00+00:00,29.240150259
2025-04-07 10:00:00+00:00,25.396486532
2025-04-07 11:00:00+00:00,24.954201067
2025-04-07 12:00:00+00:00,24.031401009
2025-04-07 13:00:00+00:00,22.925565151
2025-04-07 14:00:00+00:00,23.828656607
2025-04-07 15:00:00+00:00,24.733514948
2025-04-07 16:00:00+00:00,26.428513139
2025-04-07 17:00:00+00:00,32.200062006
2025-04-07 18:00:00+00:00,31.872586960
2025-04-07 19:00:00+00:00,32.641878953
2025-04-07 20:00:00+00:00,32.817526374
2025-04-07 21:00:00+00:00,33.608200708
2025-04-07 22:00:00+00:00,30.256207599
2025-04-07 23:00:00+00:00,28.813689363
2025-04-08 00:00:00+00:00,30.717648696
2025-04-08 01:00:00+00:00,26.069177719
2025-04-08 02:00:00+00:00,27.711329893
2025-04-08 03:00:00+00:00,26.355679843
2025-04-08 04:00:00+00:00,27.814014468
2025-04-08 05:00:00+00:00,29.311047398
2025-04-08 06:00:00+00:00,25.508632163
2025-04-08 07:00:00+00:00,27.118417009
2025-04-08 08:00:00+00:00,28.306909467
2025-04-08 09:00:00+00:00,26.432312491
2025-04-08 10:00:00+00:00,26.501998423
2025-04-08 11:00:00+00:00,26.259202102
2025-04-08 12:00:00+00:00,28.496172638
2025-04-08 13:00:00+00:00,23.883542538
2025-04-08 14:00:00+00:00,23.990727296
2025-04-08 15:00:00+00:00,25.582992164
2025-04-08 16:00:00+00:00,28.078908663
2025-04-08 17:00:00+00:00,28.048037310
2025-04-08 18:00:00+00:00,30.012438813
2025-04-08 19:00:00+00:00,34.577507992
2025-04-08 20:00:00+00:00,31.502859027
2025-04-08 21:00:00+00:00,32.933918320
2025-04-08 22:00:00+00:00,31.247713847
2025-04-08 23:00:00+00:00,30.113459922
2025-04-09 00:00:00+00:00,26.803728618
2025-04-09 01:00:00+00:00,29.372263245
2025-04-09 02:00:00+00:00,25.563374295
2025-04-09 03:00:00+00:00,26.547454697
2025-04-09 04:00:00+00:00,24.472953706
2025-04-09 05:00:00+00:00,29.590964480
2025-04-09 06:00:00+00:00,28.770897624
2025-04-09 07:00:00+00:00,27.562451869
2025-04-09 08:00:00+00:00,28.137620846
2025-04-09 09:00:00+00:00,26.361627269
2025-04-09 10:00:00+00:00,27.055456424
2025-04-09 11:00:00+00:00,27.476078813
2025-04-09 12:00:00+00:00,23.831031331
2025-04-09 13:00:00+00:00,23.347775942
2025-04-09 14:00:00+00:00,23.762083854
2025-04-09 15:00:00+00:00,23.887610321
2025-04-09 16:00:00+00:00,23.857998485
2025-04-09 17:00:00+00:00,27.853239274
2025-04-09 18:00:00+00:00,28.361378807
2025-04-09 19:00:00+00:00,30.454237876
2025-04-09 20:00:00+00:00,31.454908699
2025-04-09 21:00:00+00:00,32.740537752
2025-04-09 22:00:00+00:00,32.285184993
2025-04-09 23:00:00+00:00,30.796590166
2025-04-10 00:00:00+00:00,24.677113062
2025-04-10 01:00:00+00:00,23.321165907
2025-04-10 02:00:00+00:00,26.188464838
2025-04-10 03:00:00+00:00,27.502182021
2025-04-10 04:00:00+00:00,26.175772122
2025-04-10 05:00:00+00:00,27.168405836
2025-04-10 06:00:00+00:00,27.782157364
2025-04-10 07:00:00+00:00,28.390972594
2025-04-10 08:00:00+00:00,26.950268850
2025-04-10 09:00:00+00:00,28.884962371
2025-04-10 10:00:00+00:00,27.436359741
2025-04-10 11:00:00+00:00,26.734157812
2025-04-10 12:00:00+00:00,21.456419723
2025-04-10 13:00:00+00:00,24.216260454
2025-04-10 14:00:00+00:00,24.184536919
2025-04-10 15:00:00+00:00,26.642582992
2025-04-10 16:00:00+00:00,25.285767073
2025-04-10 17:00:00+00:00,28.431980400
2025-04-10 18:00:00+00:00,28.401197850
2025-04-10 19:00:00+00:00,29.763998623
2025-04-10 20:00:00+00:00,29.899795102
2025-04-10 21:00:00+00:00,29.278204188
2025-04-10 22:00:00+00:00,31.811942340
2025-04-10 23:00:00+00:00,30.802252907
2025-04-11 00:00:00+00:00,23.506604800
2025-04-11 01:00:00+00:00,25.920093975
2025-04-11 02:00:00+00:00,25.822565283
2025-04-11 03:00:00+00:00,26.527813416
2025-04-11 04:00:00+00:00,29.667504564
2025-04-11 05:00:00+00:00,28.998529832
2025-04-11 06:00:00+00:00,25.773565832
2025-04-11 07:00:00+00:00,26.225289885
2025-04-11 08:00:00+00:00,25.228960774
2025-04-11 09:00:00+00:00,28.755564410
2025-04-11 10:00:00+00:00,28.648057843
2025-04-11 11:00:00+00:00,22.098424745
2025-04-11 12:00:00+00:00,25.984734096
2025-04-11 13:00:00+00:00,25.906156678
2025-04-11 14:00:00+00:00,26.320549485
2025-04-11 15:00:00+00:00,26.650707339
2025-04-11 16:00:00+00:00,26.644675824
2025-04-11 17:00:00+00:00,28.219724374
2025-04-11 18:00:00+00:00,29.348566443
2025-04-11 19:00:00+00:00,28.373784556
2025-04-11 20:00:00+00:00,32.852243546
2025-04-11 21:00:00+00:00,35.791233907
2025-04-11 22:00:00+00:00,31.689443461
2025-04-11 23:00:00+00:00,29.285084863
2025-04-12 00:00:00+00:00,23.041637711
2025-04-12 01:00:00+00:00,24.057389651
2025-04-12 02:00:00+00:00,21.542205446
2025-04-12 03:00:00+00:00,24.203793202
2025-04-12 04:00:00+00:00,23.717952844
2025-04-12 05:00:00+00:00,23.279622609
2025-04-12 06:00:00+00:00,24.188621824
2025-04-12 07:00:00+00:00,22.441114938
2025-04-12 08:00:00+00:00,23.313943584
2025-04-12 09:00:00+00:00,25.084525807
2025-04-12 10:00:00+00:00,23.546607565
2025-04-12 11:00:00+00:00,22.516877513
2025-04-12 12:00:00+00:00,21.386856552
2025-04-12 13:00:00+00:00,22.363651928
2025-04-12 14:00:00+00:00,20.630329506
2025-04-12 15:00:00+00:00,20.329323350
2025-04-12 16:00:00+00:00,22.332538685
2025-04-12 17:00:00+00:00,25.645888053
2025-04-12 18:00:00+00:00,26.904841577
2025-04-12 19:00:00+00:00,29.532374349
2025-04-12 20:00:00+00:00,29.314510144
2025-04-12 21:00:00+00:00,27.353749885
2025-04-12 22:00:00+00:00,29.829241408
2025-04-12 23:00:00+00:00,23.697679391
2025-04-13 00:00:00+00:00,24.293382972
2025-04-13 01:00:00+00:00,22.806386951
2025-04-13 02:00:00+00:00,23.397360986
2025-04-13 03:00:00+00:00,21.510466906
2025-04-13 04:00:00+00:00,24.414619697
2025-04-13 05:00:00+00:00,22.985251398
2025-04-13 06:00:00+00:00,22.260568646
2025-04-13 07:00:00+00:00,23.339039746
2025-04-13 08:00:00+00:00,26.487249491
2025-04-13 09:00:00+00:00,22.811158602
2025-04-13 10:00:00+00:00,26.214203313
2025-04-13 11:00:00+00:00,22.879331180
2025-04-13 12:00:00+00:00,20.524149098
2025-04-13 13:00:00+00:00,23.737392766
2025-04-13 14:00:00+00:00,21.121392056
2025-04-13 15:00:00+00:00,21.567244163
2025-04-13 16:00:00+00:00,21.538568524
2025-04-13 17:00:00+00:00,25.334222691
2025-04-13 18:00:00+00:00,26.469435674
2025-04-13 19:00:00+00:00,28.730531707
2025-04-13 20:00:00+00:00,29.574500937
2025-04-13 21:00:00+00:00,30.761433010
2025-04-13 22:00:00+00:00,26.755942769
2025-04-13 23:00:00+00:00,28.037233937
2025-04-14 00:00:00+00:00,25.958283872
2025-04-14 01:00:00+00:00,27.332756360
2025-04-14 02:00:00+00:00,27.174359083
2025-04-14 03:00:00+00:00,25.032082712
2025-04-14 04:00:00+00:00,27.412460139
2025-04-14 05:00:00+00:00,26.609305253
2025-04-14 06:00:00+00:00,26.535108260
2025-04-14 07:00:00+00:00,26.358921945
2025-04-14 08:00:00+00:00,26.376538459
2025-04-14 09:00:00+00:00,26.501136236
2025-04-14 10:00:00+00:00,27.395461288
2025-04-14 11:00:00+00:00,25.222107358
2025-04-14 12:00:00+00:00,26.788483006
2025-04-14 13:00:00+00:00,23.204659403
2025-04-14 14:00:00+00:00,25.627626010
2025-04-14 15:00:00+00:00,23.834226108
2025-04-14 16:00:00+00:00,26.018751139
2025-04-14 17:00:00+00:00,26.682191685
2025-04-14 18:00:00+00:00,28.405871778
2025-04-14 19:00:00+00:00,31.582419182
2025-04-14 20:00:00+00:00,34.264463008
2025-04-14 21:00:00+00:00,28.947661089
2025-04-14 22:00:00+00:00,28.933377957
2025-04-14 23:00:00+00:00,29.690641794
2025-04-15 00:00:00+00:00,26.946002010
2025-04-15 01:00:00+00:00,26.879361992
2025-04-15 02:00:00+00:00,25.292505882
2025-04-15 03:00:00+00:00,27.171697547
2025-04-15 04:00:00+00:00,25.872008228
2025-04-15 05:00:00+00:00,28.629980701
2025-04-15 06:00:00+00:00,26.651337140
2025-04-15 07:00:00+00:00,25.422686243
2025-04-15 08:00:00+00:00,25.509723941
2025-04-15 09:00:00+00:00,25.967195515
2025-04-15 10:00:00+00:00,25.350838216
2025-04-15 11:00:00+00:00,25.606581440
2025-04-15 12:00:00+00:00,24.735770432
2025-04-15 13:00:00+00:00,25.330641408
2025-04-15 14:00:00+00:00,26.374980623
2025-04-15 15:00:00+00:00,26.013151365
2025-04-15 16:00:00+00:00,26.606570331
2025-04-15 17:00:00+00:00,27.076198419
2025-04-15 18:00:00+00:00,30.227550646
2025-04-15 19:00:00+00:00,30.735693067
2025-04-15 20:00:00+00:00,33.767548108
2025-04-15 21:00:00+00:00,32.926597402
2025-04-15 22:00:00+00:00,33.918914239
2025-04-15 23:00:00+00:00,29.647573091
2025-04-16 00:00:00+00:00,26.130295703
2025-04-16 01:00:00+00:00,27.450987544
2025-04-16 02:00:00+00:00,27.144143538
2025-04-16 03:00:00+00:00,27.168924643
2025-04-16 04:00:00+00:00,28.501693493
2025-04-16 05:00:00+00:00,28.390245988
2025-04-16 06:00:00+00:00,28.635665572
2025-04-16 07:00:00+00:00,25.598013479
2025-04-16 08:00:00+00:00,27.817467106
2025-04-16 09:00:00+00:00,25.196622152
2025-04-16 10:00:00+00:00,27.043002211
2025-04-16 11:00:00+00:00,26.204136467
2025-04-16 12:00:00+00:00,24.505002740
2025-04-16 13:00:00+00:00,23.533051351
2025-04-16 14:00:00+00:00,23.532960128
2025-04-16 15:00:00+00:00,23.533443568
2025-04-16 16:00:00+00:00,23.344428072
2025-04-16 17:00:00+00:00,24.601598320
2025-04-16 18:00:00+00:00,29.162291818
2025-04-16 19:00:00+00:00,29.184569757
2025-04-16 20:00:00+00:00,34.215810247
2025-04-16 21:00:00+00:00,33.535685711
2025-04-16 22:00:00+00:00,32.064943445
2025-04-16 23:00:00+00:00,29.844663974
2025-04-17 00:00:00+00:00,25.876082009
2025-04-17 01:00:00+00:00,25.960392119
2025-04-17 02:00:00+00:00,26.595822278
2025-04-17 03:00:00+00:00,26.663831693
2025-04-17 04:00:00+00:00,26.677193607
2025-04-17 05:00:00+00:00,29.168058221
2025-04-17 06:00:00+00:00,28.330485307
2025-04-17 07:00:00+00:00,27.461880413
2025-04-17 08:00:00+00:00,27.638973013
2025-04-17 09:00:00+00:00,29.460008380
2025-04-17 10:00:00+00:00,26.338979129
2025-04-17 11:00:00+00:00,25.161985330
2025-04-17 12:00:00+00:00,25.019104547
2025-04-17 13:00:00+00:00,24.393661832
2025-04-17 14:00:00+00:00,24.486488032
2025-04-17 15:00:00+00:00,24.810098641
2025-04-17 16:00:00+00:00,24.789265414
2025-04-17 17:00:00+00:00,28.420889038
2025-04-17 18:00:00+00:00,29.895535348
2025-04-17 19:00:00+00:00,33.136393326
2025-04-17 20:00:00+00:00,31.873623722
2025-04-17 21:00:00+00:00,32.144143178
2025-04-17 22:00:00+00:00,32.046520115
2025-04-17 23:00:00+00:00,30.763589731
2025-04-18 00:00:00+00:00,26.493723686
2025-04-18 01:00:00+00:00,27.209300390
2025-04-18 02:00:00+00:00,27.213766933
2025-04-18 03:00:00+00:00,26.482143306
2025-04-18 04:00:00+00:00,28.286510311
2025-04-18 05:00:00+00:00,26.769309910
2025-04-18 06:00:00+00:00,26.748302944
2025-04-18 07:00:00+00:00,29.217515445
2025-04-18 08:00:00+00:00,26.928530552
2025-04-18 09:00:00+00:00,27.012129562
2025-04-18 10:00:00+00:00,26.404164897
2025-04-18 11:00:00+00:00,24.413585473
2025-04-18 12:00:00+00:00,24.729657378
2025-04-18 13:00:00+00:00,24.073734428
2025-04-18 14:00:00+00:00,23.763847460
2025-04-18 15:00:00+00:00,25.397039077
2025-04-18 16:00:00+00:00,26.484567029
2025-04-18 17:00:00+00:00,28.517192019
2025-04-18 18:00:00+00:00,29.384383014
2025-04-18 19:00:00+00:00,33.747825688
2025-04-18 20:00:00+00:00,33.665553970
2025-04-18 21:00:00+00:00,33.522323941
2025-04-18 22:00:00+00:00,31.961937028
2025-04-18 23:00:00+00:00,31.307621851
2025-04-19 00:00:00+00:00,22.557347631
2025-04-19 01:00:00+00:00,23.050898223
2025-04-19 02:00:00+00:00,21.526786185
2025-04-19 03:00:00+00:00,23.929964335
2025-04-19 04:00:00+00:00,23.862296288
2025-04-19 05:00:00+00:00,23.892821942
2025-04-19 06:00:00+00:00,25.096173865
2025-04-19 07:00:00+00:00,24.511223076
2025-04-19 08:00:00+00:00,25.001758769
2025-04-19 09:00:00+00:00,25.119766905
2025-04-19 10:00:00+00:00,22.288730899
2025-04-19 11:00:00+00:00,23.586339211
2025-04-19 12:00:00+00:00,23.314385766
2025-04-19 13:00:00+00:00,23.478965988
2025-04-19 14:00:00+00:00,24.022483607
2025-04-19 15:00:00+00:00,20.084766394
2025-04-19 16:00:00+00:00,23.805821010
2025-04-19 17:00:00+00:00,23.916479947
2025-04-19 18:00:00+00:00,26.775688146
2025-04-19 19:00:00+00:00,28.666349312
2025-04-19 20:00:00+00:00,30.318860994
2025-04-19 21:00:00+00:00,27.736474248
2025-04-19 22:00:00+00:00,29.451381456
2025-04-19 23:00:00+00:00,27.416343947
2025-04-20 00:00:00+00:00,23.874540144
2025-04-20 01:00:00+00:00,22.654315593
2025-04-20 02:00:00+00:00,22.837191888
2025-04-20 03:00:00+00:00,25.905398637
2025-04-20 04:00:00+00:00,23.485129289
2025-04-20 05:00:00+00:00,23.921498290
2025-04-20 06:00:00+00:00,24.032220401
2025-04-20 07:00:00+00:00,24.506449729
2025-04-20 08:00:00+00:00,26.053826821
2025-04-20 09:00:00+00:00,23.946724764
2025-04-20 10:00:00+00:00,25.382955688
2025-04-20 11:00:00+00:00,22.905340223
2025-04-20 12:00:00+00:00,22.636151542
2025-04-20 13:00:00+00:00,20.156956943
2025-04-20 14:00:00+00:00,21.475515484
2025-04-20 15:00:00+00:00,20.603835737
2025-04-20 16:00:00+00:00,22.806489045
2025-04-20 17:00:00+00:00,24.309890072
2025-04-20 18:00:00+00:00,26.134397131
2025-04-20 19:00:00+00:00,30.223842087
2025-04-20 20:00:00+00:00,28.153302106
2025-04-20 21:00:00+00:00,30.928746767
2025-04-20 22:00:00+00:00,29.668035452
2025-04-20 23:00:00+00:00,24.705290736
2025-04-21 00:00:00+00:00,24.578854960
2025-04-21 01:00:00+00:00,26.953506659
2025-04-21 02:00:00+00:00,26.287113628
2025-04-21 03:00:00+00:00,22.829164091
2025-04-21 04:00:00+00:00,26.257424071
2025-04-21 05:00:00+00:00,26.117451449
2025-04-21 06:00:00+00:00,26.947566437
2025-04-21 07:00:00+00:00,26.404428697
2025-04-21 08:00:00+00:00,28.535760338
2025-04-21 09:00:00+00:00,31.328762570
2025-04-21 10:00:00+00:00,25.921317560
2025-04-21 11:00:00+00:00,26.156868748
2025-04-21 12:00:00+00:00,22.893584072
2025-04-21 13:00:00+00:00,24.658257253
2025-04-21 14:00:00+00:00,25.194774722
2025-04-21 15:00:00+00:00,24.708017272
2025-04-21 16:00:00+00:00,25.008908180
2025-04-21 17:00:00+00:00,28.317321836
2025-04-21 18:00:00+00:00,28.857201705
2025-04-21 19:00:00+00:00,28.687978346
2025-04-21 20:00:00+00:00,32.711488406
2025-04-21 21:00:00+00:00,30.808983063
2025-04-21 22:00:00+00:00,30.369921229
2025-04-21 23:00:00+00:00,29.351072544
2025-04-22 00:00:00+00:00,27.336088633
2025-04-22 01:00:00+00:00,26.502705918
2025-04-22 02:00:00+00:00,24.010591361
2025-04-22 03:00:00+00:00,25.822392303
2025-04-22 04:00:00+00:00,28.032323123
2025-04-22 05:00:00+00:00,27.094848717
2025-04-22 06:00:00+00:00,24.323528117
2025-04-22 07:00:00+00:00,26.482263085
2025-04-22 08:00:00+00:00,25.505706840
2025-04-22 09:00:00+00:00,28.601086304
2025-04-22 10:00:00+00:00,26.374931793
2025-04-22 11:00:00+00:00,24.470175825
2025-04-22 12:00:00+00:00,23.416386399
2025-04-22 13:00:00+00:00,25.215127597
2025-04-22 14:00:00+00:00,24.007774633
2025-04-22 15:00:00+00:00,24.564934984
2025-04-22 16:00:00+00:00,26.622806948
2025-04-22 17:00:00+00:00,28.578161162
2025-04-22 18:00:00+00:00,31.741274709
2025-04-22 19:00:00+00:00,31.722725411
2025-04-22 20:00:00+00:00,33.254280000
2025-04-22 21:00:00+00:00,31.592148045
2025-04-22 22:00:00+00:00,29.985261780
2025-04-22 23:00:00+00:00,30.185562747
2025-04-23 00:00:00+00:00,24.474563091
2025-04-23 01:00:00+00:00,26.026567721
2025-04-23 02:00:00+00:00,25.554059961
2025-04-23 03:00:00+00:00,29.338707093
2025-04-23 04:00:00+00:00,25.605955826
2025-04-23 05:00:00+00:00,23.298416693
2025-04-23 06:00:00+00:00,28.804304957
2025-04-23 07:00:00+00:00,29.618267063
2025-04-23 08:00:00+00:00,24.279652060
2025-04-23 09:00:00+00:00,27.488477315
2025-04-23 10:00:00+00:00,25.445559845
2025-04-23 11:00:00+00:00,25.114392524
2025-04-23 12:00:00+00:00,25.959272672
2025-04-23 13:00:00+00:00,24.668838640
2025-04-23 14:00:00+00:00,25.501166749
2025-04-23 15:00:00+00:00,24.371313791
2025-04-23 16:00:00+00:00,25.890475187
2025-04-23 17:00:00+00:00,29.498705614
2025-04-23 18:00:00+00:00,27.998576337
2025-04-23 19:00:00+00:00,29.167755975
2025-04-23 20:00:00+00:00,32.209938066
2025-04-23 21:00:00+00:00,31.642100499
2025-04-23 22:00:00+00:00,32.286566102
2025-04-23 23:00:00+00:00,27.362825055
2025-04-24 00:00:00+00:00,28.681553818
2025-04-24 01:00:00+00:00,26.991218446
2025-04-24 02:00:00+00:00,26.444008068
2025-04-24 03:00:00+00:00,26.656060838
2025-04-24 04:00:00+00:00,30.925605601
2025-04-24 05:00:00+00:00,27.301881439
2025-04-24 06:00:00+00:00,28.550358128
2025-04-24 07:00:00+00:00,28.402377144
2025-04-24 08:00:00+00:00,26.948466786
2025-04-24 09:00:00+00:00,26.693928269
2025-04-24 10:00:00+00:00,28.134242497
2025-04-24 11:00:00+00:00,27.079025335
2025-04-24 12:00:00+00:00,28.713242871
2025-04-24 13:00:00+00:00,26.252493720
2025-04-24 14:00:00+00:00,23.122510094
2025-04-24 15:00:00+00:00,24.901336314
2025-04-24 16:00:00+00:00,27.390601726
2025-04-24 17:00:00+00:00,28.766727401
2025-04-24 18:00:00+00:00,30.157826018
2025-04-24 19:00:00+00:00,34.115402000
2025-04-24 20:00:00+00:00,32.399805823
2025-04-24 21:00:00+00:00,30.542361753
2025-04-24 22:00:00+00:00,31.199927130
2025-04-24 23:00:00+00:00,29.670744904
2025-04-25 00:00:00+00:00,26.112588923
2025-04-25 01:00:00+00:00,29.344415676
2025-04-25 02:00:00+00:00,26.117924333
2025-04-25 03:00:00+00:00,27.670681144
2025-04-25 04:00:00+00:00,25.443986517
2025-04-25 05:00:00+00:00,27.398843202
2025-04-25 06:00:00+00:00,30.643766354
2025-04-25 07:00:00+00:00,28.837526765
2025-04-25 08:00:00+00:00,28.049508193
2025-04-25 09:00:00+00:00,27.260584773
2025-04-25 10:00:00+00:00,26.278484894
2025-04-25 11:00:00+00:00,25.311922083
2025-04-25 12:00:00+00:00,26.635451660
2025-04-25 13:00:00+00:00,23.894419217
2025-04-25 14:00:00+00:00,23.759690311
2025-04-25 15:00:00+00:00,25.658310956
2025-04-25 16:00:00+00:00,23.296632890
2025-04-25 17:00:00+00:00,29.020755472
2025-04-25 18:00:00+00:00,30.635896067
2025-04-25 19:00:00+00:00,32.650679929
2025-04-25 20:00:00+00:00,33.563708255
2025-04-25 21:00:00+00:00,34.087403443
2025-04-25 22:00:00+00:00,30.031144276
2025-04-25 23:00:00+00:00,29.891809700
2025-04-26 00:00:00+00:00,23.069508677
2025-04-26 01:00:00+00:00,22.271904319
2025-04-26 02:00:00+00:00,22.421090236
2025-04-26 03:00:00+00:00,22.233924125
2025-04-26 04:00:00+00:00,24.176012803
2025-04-26 05:00:00+00:00,24.410379552
2025-04-26 06:00:00+00:00,23.983415478
2025-04-26 07:00:00+00:00,24.230803000
2025-04-26 08:00:00+00:00,24.015356431
2025-04-26 09:00:00+00:00,24.701000012
2025-04-26 10:00:00+00:00,24.714520561
2025-04-26 11:00:00+00:00,24.683021744
2025-04-26 12:00:00+00:00,22.887703800
2025-04-26 13:00:00+00:00,21.281385557
2025-04-26 14:00:00+00:00,21.496082793
2025-04-26 15:00:00+00:00,20.732796660
2025-04-26 16:00:00+00:00,24.770776298
2025-04-26 17:00:00+00:00,26.650570416
2025-04-26 18:00:00+00:00,26.544708975
2025-04-26 19:00:00+00:00,26.655892232
2025-04-26 20:00:00+00:00,29.134383670
2025-04-26 21:00:00+00:00,24.575671240
2025-04-26 22:00:00+00:00,28.138796887
2025-04-26 23:00:00+00:00,26.841013114
2025-04-27 00:00:00+00:00,24.444543847
2025-04-27 01:00:00+00:00,25.546036862
2025-04-27 02:00:00+00:00,23.346493480
2025-04-27 03:00:00+00:00,22.696668867
2025-04-27 04:00:00+00:00,23.038607771
2025-04-27 05:00:00+00:00,26.823487367
2025-04-27 06:00:00+00:00,24.861301444
2025-04-27 07:00:00+00:00,23.941247173
2025-04-27 08:00:00+00:00,21.932533692
2025-04-27 09:00:00+00:00,26.087961711
2025-04-27 10:00:00+00:00,24.998017527
2025-04-27 11:00:00+00:00,22.223106484
2025-04-27 12:00:00+00:00,22.573171573
2025-04-27 13:00:00+00:00,20.433653455
2025-04-27 14:00:00+00:00,22.443822936
2025-04-27 15:00:00+00:00,24.676962033
2025-04-27 16:00:00+00:00,24.132816665
2025-04-27 17:00:00+00:00,24.841566882
2025-04-27 18:00:00+00:00,29.731677024
2025-04-27 19:00:00+00:00,28.561510524
2025-04-27 20:00:00+00:00,27.438326558
2025-04-27 21:00:00+00:00,28.624199388
2025-04-27 22:00:00+00:00,28.379024354
2025-04-27 23:00:00+00:00,26.772630227
2025-04-28 00:00:00+00:00,27.595446083
2025-04-28 01:00:00+00:00,26.062933944
2025-04-28 02:00:00+00:00,28.929857912
2025-04-28 03:00:00+00:00,27.113026939
2025-04-28 04:00:00+00:00,24.283916091
2025-04-28 05:00:00+00:00,30.368991750
2025-04-28 06:00:00+00:00,26.869897329
2025-04-28 07:00:00+00:00,29.182454076
2025-04-28 08:00:00+00:00,28.283842573
2025-04-28 09:00:00+00:00,27.474935691
2025-04-28 10:00:00+00:00,26.663032875
2025-04-28 11:00:00+00:00,25.164055646
2025-04-28 12:00:00+00:00,24.524026875
2025-04-28 13:00:00+00:00,23.090769910
2025-04-28 14:00:00+00:00,23.159104868
2025-04-28 15:00:00+00:00,25.500957623
2025-04-28 16:00:00+00:00,25.462788988
2025-04-28 17:00:00+00:00,27.194987906
2025-04-28 18:00:00+00:00,27.528332660
2025-04-28 19:00:00+00:00,31.933135689
2025-04-28 20:00:00+00:00,32.301495701
2025-04-28 21:00:00+00:00,28.617874043
2025-04-28 22:00:00+00:00,33.127218237
2025-04-28 23:00:00+00:00,29.513176442
2025-04-29 00:00:00+00:00,26.708072123
2025-04-29 01:00:00+00:00,24.297348553
2025-04-29 02:00:00+00:00,26.425507376
2025-04-29 03:00:00+00:00,27.388159735
2025-04-29 04:00:00+00:00,26.220742308
2025-04-29 05:00:00+00:00,27.339082298
2025-04-29 06:00:00+00:00,27.763547476
2025-04-29 07:00:00+00:00,28.722649274
2025-04-29 08:00:00+00:00,26.527516131
2025-04-29 09:00:00+00:00,27.406902242
2025-04-29 10:00:00+00:00,28.383885549
2025-04-29 11:00:00+00:00,29.008875763
2025-04-29 12:00:00+00:00,23.550611791
2025-04-29 13:00:00+00:00,21.678121556
2025-04-29 14:00:00+00:00,22.831549377
2025-04-29 15:00:00+00:00,24.277012354
2025-04-29 16:00:00+00:00,25.914688846
2025-04-29 17:00:00+00:00,27.803500343
2025-04-29 18:00:00+00:00,27.516243540
2025-04-29 19:00:00+00:00,31.980897259
2025-04-29 20:00:00+00:00,35.563677023
2025-04-29 21:00:00+00:00,31.024512186
2025-04-29 22:00:00+00:00,30.064325579
2025-04-29 23:00:00+00:00,28.130283416
2025-04-30 00:00:00+00:00,28.161595687
2025-04-30 01:00:00+00:00,25.661528391
2025-04-30 02:00:00+00:00,28.217813989
2025-04-30 03:00:00+00:00,27.069295384
2025-04-30 04:00:00+00:00,27.735022355
2025-04-30 05:00:00+00:00,27.413489225
2025-04-30 06:00:00+00:00,27.523575271
2025-04-30 07:00:00+00:00,26.328975848
2025-04-30 08:00:00+00:00,27.448767806
2025-04-30 09:00:00+00:00,27.511995638
2025-04-30 10:00:00+00:00,26.575485239
2025-04-30 11:00:00+00:00,26.557899761
2025-04-30 12:00:00+00:00,25.798352090
2025-04-30 13:00:00+00:00,24.524421154
2025-04-30 14:00:00+00:00,22.564238858
2025-04-30 15:00:00+00:00,24.396463996
2025-04-30 16:00:00+00:00,25.090739016
2025-04-30 17:00:00+00:00,25.299873921
2025-04-30 18:00:00+00:00,32.432383848
2025-04-30 19:00:00+00:00,32.675591390
2025-04-30 20:00:00+00:00,33.619590313
2025-04-30 21:00:00+00:00,33.932297790
2025-04-30 22:00:00+00:00,31.497942703
2025-04-30 23:00:00+00:00,29.521909376
2025-05-01 00:00:00+00:00,15.860505586
2025-05-01 01:00:00+00:00,18.167454458
2025-05-01 02:00:00+00:00,16.964265815
2025-05-01 03:00:00+00:00,16.653224398
2025-05-01 04:00:00+00:00,17.870634802
2025-05-01 05:00:00+00:00,15.871838740
2025-05-01 06:00:00+00:00,16.956443509
2025-05-01 07:00:00+00:00,17.810217325
2025-05-01 08:00:00+00:00,17.948268182
2025-05-01 09:00:00+00:00,16.146917351
2025-05-01 10:00:00+00:00,17.414347786
2025-05-01 11:00:00+00:00,17.112306527
2025-05-01 12:00:00+00:00,16.741823069
2025-05-01 13:00:00+00:00,15.496717668
2025-05-01 14:00:00+00:00,14.782409399
2025-05-01 15:00:00+00:00,15.874514572
2025-05-01 16:00:00+00:00,16.193303432
2025-05-01 17:00:00+00:00,18.871579458
2025-05-01 18:00:00+00:00,18.649252584
2025-05-01 19:00:00+00:00,20.795975025
2025-05-01 20:00:00+00:00,18.974428983
2025-05-01 21:00:00+00:00,20.440496836
2025-05-01 22:00:00+00:00,19.567523583
2025-05-01 23:00:00+00:00,18.065233470
2025-05-02 00:00:00+00:00,16.820538972
2025-05-02 01:00:00+00:00,17.211230692
2025-05-02 02:00:00+00:00,15.613419939
2025-05-02 03:00:00+00:00,16.683391807
2025-05-02 04:00:00+00:00,17.621395642
2025-05-02 05:00:00+00:00,16.219548635
2025-05-02 06:00:00+00:00,17.303810439
2025-05-02 07:00:00+00:00,17.707620019
2025-05-02 08:00:00+00:00,18.927235753
2025-05-02 09:00:00+00:00,18.830889216
2025-05-02 10:00:00+00:00,16.820913034
2025-05-02 11:00:00+00:00,16.643807192
2025-05-02 12:00:00+00:00,16.759570099
2025-05-02 13:00:00+00:00,14.427311767
2025-05-02 14:00:00+00:00,16.769099396
2025-05-02 15:00:00+00:00,16.358306549
2025-05-02 16:00:00+00:00,17.506960130
2025-05-02 17:00:00+00:00,17.556395681
2025-05-02 18:00:00+00:00,19.565018217
2025-05-02 19:00:00+00:00,19.960560560
2025-05-02 20:00:00+00:00,21.864576765
2025-05-02 21:00:00+00:00,20.834579424
2025-05-02 22:00:00+00:00,21.015493778
2025-05-02 23:00:00+00:00,20.314122128
2025-05-03 00:00:00+00:00,15.259880406
2025-05-03 01:00:00+00:00,14.945114922
2025-05-03 02:00:00+00:00,14.474895968
2025-05-03 03:00:00+00:00,16.931668071
2025-05-03 04:00:00+00:00,14.784083250
2025-05-03 05:00:00+00:00,14.961690679
2025-05-03 06:00:00+00:00,15.513013815
2025-05-03 07:00:00+00:00,15.700447817
2025-05-03 08:00:00+00:00,15.031485094
2025-05-03 09:00:00+00:00,16.854386106
2025-05-03 10:00:00+00:00,16.266177612
2025-05-03 11:00:00+00:00,14.823536464
2025-05-03 12:00:00+00:00,13.455329840
2025-05-03 13:00:00+00:00,13.041597048
2025-05-03 14:00:00+00:00,13.546593274
2025-05-03 15:00:00+00:00,13.498717659
2025-05-03 16:00:00+00:00,16.362696223
2025-05-03 17:00:00+00:00,14.823217229
2025-05-03 18:00:00+00:00,15.999934578
2025-05-03 19:00:00+00:00,17.542421280
2025-05-03 20:00:00+00:00,17.769923121
2025-05-03 21:00:00+00:00,17.082700956
2025-05-03 22:00:00+00:00,16.740009970
2025-05-03 23:00:00+00:00,17.367222220
2025-05-04 00:00:00+00:00,14.438550642
2025-05-04 01:00:00+00:00,14.256921055
2025-05-04 02:00:00+00:00,15.979713676
2025-05-04 03:00:00+00:00,15.507090620
2025-05-04 04:00:00+00:00,15.457792418
2025-05-04 05:00:00+00:00,14.011899714
2025-05-04 06:00:00+00:00,14.874239087
2025-05-04 07:00:00+00:00,14.201242378
2025-05-04 08:00:00+00:00,15.466064897
2025-05-04 09:00:00+00:00,16.815261781
2025-05-04 10:00:00+00:00,14.539391376
2025-05-04 11:00:00+00:00,15.219649434
2025-05-04 12:00:00+00:00,15.447580519
2025-05-04 13:00:00+00:00,15.103638801
2025-05-04 14:00:00+00:00,14.594232948
2025-05-04 15:00:00+00:00,15.301259757
2025-05-04 16:00:00+00:00,17.050244722
2025-05-04 17:00:00+00:00,15.505389583
2025-05-04 18:00:00+00:00,16.278982698
2025-05-04 19:00:00+00:00,19.428825373
2025-05-04 20:00:00+00:00,19.227880599
2025-05-04 21:00:00+00:00,18.185287109
2025-05-04 22:00:00+00:00,17.197234231
2025-05-04 23:00:00+00:00,16.704996317
2025-05-05 00:00:00+00:00,16.632625909
2025-05-05 01:00:00+00:00,16.271114540
2025-05-05 02:00:00+00:00,18.838860709
2025-05-05 03:00:00+00:00,17.368856555
2025-05-05 04:00:00+00:00,16.521236355
2025-05-05 05:00:00+00:00,16.818301793
2025-05-05 06:00:00+00:00,16.902575025
2025-05-05 07:00:00+00:00,18.507669329
2025-05-05 08:00:00+00:00,17.632813072
2025-05-05 09:00:00+00:00,16.525298887
2025-05-05 10:00:00+00:00,16.288098770
2025-05-05 11:00:00+00:00,15.112574251
2025-05-05 12:00:00+00:00,15.927340291
2025-05-05 13:00:00+00:00,13.813089716
2025-05-05 14:00:00+00:00,15.026088260
2025-05-05 15:00:00+00:00,16.431040422
2025-05-05 16:00:00+00:00,15.580326101
2025-05-05 17:00:00+00:00,18.623116270
2025-05-05 18:00:00+00:00,17.969824754
2025-05-05 19:00:00+00:00,20.007533291
2025-05-05 20:00:00+00:00,20.250127998
2025-05-05 21:00:00+00:00,22.442133320
2025-05-05 22:00:00+00:00,18.288079750
2025-05-05 23:00:00+00:00,19.101487786
2025-05-06 00:00:00+00:00,16.762297157
2025-05-06 01:00:00+00:00,16.223564941
2025-05-06 02:00:00+00:00,16.523129119
2025-05-06 03:00:00+00:00,17.232967777
2025-05-06 04:00:00+00:00,17.665436888
2025-05-06 05:00:00+00:00,16.660819627
2025-05-06 06:00:00+00:00,17.404241300
2025-05-06 07:00:00+00:00,17.918517823
2025-05-06 08:00:00+00:00,15.810297718
2025-05-06 09:00:00+00:00,17.932710333
2025-05-06 10:00:00+00:00,16.447202659
2025-05-06 11:00:00+00:00,17.483181498
2025-05-06 12:00:00+00:00,16.626927118
2025-05-06 13:00:00+00:00,14.732866949
2025-05-06 14:00:00+00:00,16.002344104
2025-05-06 15:00:00+00:00,15.741151815
2025-05-06 16:00:00+00:00,16.484501599
2025-05-06 17:00:00+00:00,18.084706753
2025-05-06 18:00:00+00:00,20.369300592
2025-05-06 19:00:00+00:00,19.349606144
2025-05-06 20:00:00+00:00,21.419979446
2025-05-06 21:00:00+00:00,19.757691586
2025-05-06 22:00:00+00:00,20.144146525
2025-05-06 23:00:00+00:00,16.488518191
2025-05-07 00:00:00+00:00,17.518209731
2025-05-07 01:00:00+00:00,17.716932593
2025-05-07 02:00:00+00:00,15.985777076
2025-05-07 03:00:00+00:00,17.119065826
2025-05-07 04:00:00+00:00,17.994226987
2025-05-07 05:00:00+00:00,17.666714961
2025-05-07 06:00:00+00:00,16.918427041
2025-05-07 07:00:00+00:00,18.676733211
2025-05-07 08:00:00+00:00,18.781967676
2025-05-07 09:00:00+00:00,17.719175657
2025-05-07 10:00:00+00:00,17.094469816
2025-05-07 11:00:00+00:00,14.828939463
2025-05-07 12:00:00+00:00,14.504182154
2025-05-07 13:00:00+00:00,15.979244778
2025-05-07 14:00:00+00:00,14.469661734
2025-05-07 15:00:00+00:00,16.303297655
2025-05-07 16:00:00+00:00,15.982892871
2025-05-07 17:00:00+00:00,17.294275133
2025-05-07 18:00:00+00:00,18.303454023
2025-05-07 19:00:00+00:00,21.504532433
2025-05-07 20:00:00+00:00,18.850701296
2025-05-07 21:00:00+00:00,18.009481547
2025-05-07 22:00:00+00:00,19.194898950
2025-05-07 23:00:00+00:00,17.370421928
2025-05-08 00:00:00+00:00,18.584291050
2025-05-08 01:00:00+00:00,17.927686573
2025-05-08 02:00:00+00:00,17.187209556
2025-05-08 03:00:00+00:00,17.250567247
2025-05-08 04:00:00+00:00,16.159526845
2025-05-08 05:00:00+00:00,17.105399163
2025-05-08 06:00:00+00:00,15.706838555
2025-05-08 07:00:00+00:00,17.551577928
2025-05-08 08:00:00+00:00,16.603666659
2025-05-08 09:00:00+00:00,15.918389043
2025-05-08 10:00:00+00:00,17.361910505
2025-05-08 11:00:00+00:00,16.369978830
2025-05-08 12:00:00+00:00,16.513676789
2025-05-08 13:00:00+00:00,16.496951400
2025-05-08 14:00:00+00:00,16.264303758
2025-05-08 15:00:00+00:00,16.333843579
2025-05-08 16:00:00+00:00,15.447707041
2025-05-08 17:00:00+00:00,19.031006489
2025-05-08 18:00:00+00:00,19.288062196
2025-05-08 19:00:00+00:00,20.272153139
2025-05-08 20:00:00+00:00,19.564370066
2025-05-08 21:00:00+00:00,22.035045522
2025-05-08 22:00:00+00:00,19.395416326
2025-05-08 23:00:00+00:00,18.497360208
2025-05-09 00:00:00+00:00,15.720046320
2025-05-09 01:00:00+00:00,15.514282245
2025-05-09 02:00:00+00:00,17.209257874
2025-05-09 03:00:00+00:00,16.953313498
2025-05-09 04:00:00+00:00,18.512177057
2025-05-09 05:00:00+00:00,17.133515659
2025-05-09 06:00:00+00:00,16.225239172
2025-05-09 07:00:00+00:00,17.680118199
2025-05-09 08:00:00+00:00,17.247439513
2025-05-09 09:00:00+00:00,14.648883287
2025-05-09 10:00:00+00:00,17.664367215
2025-05-09 11:00:00+00:00,16.515634309
2025-05-09 12:00:00+00:00,16.267458781
2025-05-09 13:00:00+00:00,17.205257059
2025-05-09 14:00:00+00:00,14.818908145
2025-05-09 15:00:00+00:00,17.391811782
2025-05-09 16:00:00+00:00,17.524515514
2025-05-09 17:00:00+00:00,16.928814925
2025-05-09 18:00:00+00:00,19.512393263
2025-05-09 19:00:00+00:00,19.993810612
2025-05-09 20:00:00+00:00,21.395178128
2025-05-09 21:00:00+00:00,22.286851350
2025-05-09 22:00:00+00:00,19.745536018
2025-05-09 23:00:00+00:00,19.623336156
2025-05-10 00:00:00+00:00,14.458983728
2025-05-10 01:00:00+00:00,15.362181971
2025-05-10 02:00:00+00:00,15.696971242
2025-05-10 03:00:00+00:00,17.035841238
2025-05-10 04:00:00+00:00,16.019767463
2025-05-10 05:00:00+00:00,15.216702759
2025-05-10 06:00:00+00:00,13.991245614
2025-05-10 07:00:00+00:00,14.602074776
2025-05-10 08:00:00+00:00,16.509418944
2025-05-10 09:00:00+00:00,15.424697264
2025-05-10 10:00:00+00:00,15.324510398
2025-05-10 11:00:00+00:00,15.646143400
2025-05-10 12:00:00+00:00,14.376030740
2025-05-10 13:00:00+00:00,12.721974725
2025-05-10 14:00:00+00:00,14.611088644
2025-05-10 15:00:00+00:00,14.004799704
2025-05-10 16:00:00+00:00,14.417500347
2025-05-10 17:00:00+00:00,16.216580444
2025-05-10 18:00:00+00:00,17.261254501
2025-05-10 19:00:00+00:00,18.916848737
2025-05-10 20:00:00+00:00,17.622334040
2025-05-10 21:00:00+00:00,17.250037951
2025-05-10 22:00:00+00:00,16.768320115
2025-05-10 23:00:00+00:00,17.519456150
2025-05-11 00:00:00+00:00,16.264502604
2025-05-11 01:00:00+00:00,15.801896698
2025-05-11 02:00:00+00:00,12.907273014
2025-05-11 03:00:00+00:00,14.959373805
2025-05-11 04:00:00+00:00,14.481095653
2025-05-11 05:00:00+00:00,15.510258292
2025-05-11 06:00:00+00:00,15.485938039
2025-05-11 07:00:00+00:00,17.204863234
2025-05-11 08:00:00+00:00,13.642310766
2025-05-11 09:00:00+00:00,14.876305832
2025-05-11 10:00:00+00:00,16.020902424
2025-05-11 11:00:00+00:00,14.865583204
2025-05-11 12:00:00+00:00,14.983637328
2025-05-11 13:00:00+00:00,12.719165367
2025-05-11 14:00:00+00:00,13.861719715
2025-05-11 15:00:00+00:00,14.511070062
2025-05-11 16:00:00+00:00,15.758424135
2025-05-11 17:00:00+00:00,16.740219608
2025-05-11 18:00:00+00:00,14.912600284
2025-05-11 19:00:00+00:00,18.702877136
2025-05-11 20:00:00+00:00,16.916175028
2025-05-11 21:00:00+00:00,17.603128957
2025-05-11 22:00:00+00:00,18.760185732
2025-05-11 23:00:00+00:00,16.741202976
2025-05-12 00:00:00+00:00,17.180034632
2025-05-12 01:00:00+00:00,17.988071955
2025-05-12 02:00:00+00:00,16.112568298
2025-05-12 03:00:00+00:00,16.771762147
2025-05-12 04:00:00+00:00,16.846680545
2025-05-12 05:00:00+00:00,17.061059098
2025-05-12 06:00:00+00:00,17.831080135
2025-05-12 07:00:00+00:00,16.818602994
2025-05-12 08:00:00+00:00,17.199349804
2025-05-12 09:00:00+00:00,17.862679500
2025-05-12 10:00:00+00:00,16.372794713
2025-05-12 11:00:00+00:00,17.171995227
2025-05-12 12:00:00+00:00,16.265380452
2025-05-12 13:00:00+00:00,15.915140656
2025-05-12 14:00:00+00:00,13.649634583
2025-05-12 15:00:00+00:00,15.621448430
2025-05-12 16:00:00+00:00,16.908123254
2025-05-12 17:00:00+00:00,18.459006653
2025-05-12 18:00:00+00:00,19.567336570
2025-05-12 19:00:00+00:00,19.465144999
2025-05-12 20:00:00+00:00,21.931918897
2025-05-12 21:00:00+00:00,19.279868801
2025-05-12 22:00:00+00:00,20.471526409
2025-05-12 23:00:00+00:00,18.794597873
2025-05-13 00:00:00+00:00,15.456636419
2025-05-13 01:00:00+00:00,18.118739379
2025-05-13 02:00:00+00:00,16.773389452
2025-05-13 03:00:00+00:00,16.485418713
2025-05-13 04:00:00+00:00,16.666412925
2025-05-13 05:00:00+00:00,14.999123438
2025-05-13 06:00:00+00:00,16.211972680
2025-05-13 07:00:00+00:00,17.121334509
2025-05-13 08:00:00+00:00,18.620790780
2025-05-13 09:00:00+00:00,16.741210301
2025-05-13 10:00:00+00:00,16.434447580
2025-05-13 11:00:00+00:00,16.957798014
2025-05-13 12:00:00+00:00,16.529067679
2025-05-13 13:00:00+00:00,16.632025160
2025-05-13 14:00:00+00:00,15.981862341
2025-05-13 15:00:00+00:00,15.212210753
2025-05-13 16:00:00+00:00,15.204836434
2025-05-13 17:00:00+00:00,17.639259988
2025-05-13 18:00:00+00:00,21.439659363
2025-05-13 19:00:00+00:00,19.428978932
2025-05-13 20:00:00+00:00,19.149923392
2025-05-13 21:00:00+00:00,19.336102663
2025-05-13 22:00:00+00:00,18.024061642
2025-05-13 23:00:00+00:00,19.177295777
2025-05-14 00:00:00+00:00,15.981826354
2025-05-14 01:00:00+00:00,17.237094549
2025-05-14 02:00:00+00:00,16.403321516
2025-05-14 03:00:00+00:00,15.792304659
2025-05-14 04:00:00+00:00,17.986124829
2025-05-14 05:00:00+00:00,18.239604603
2025-05-14 06:00:00+00:00,16.433335679
2025-05-14 07:00:00+00:00,18.252295376
2025-05-14 08:00:00+00:00,16.484921551
2025-05-14 09:00:00+00:00,17.212733340
2025-05-14 10:00:00+00:00,15.707697387
2025-05-14 11:00:00+00:00,16.888164804
2025-05-14 12:00:00+00:00,16.024148360
2025-05-14 13:00:00+00:00,13.954923722
2025-05-14 14:00:00+00:00,16.035971190
2025-05-14 15:00:00+00:00,16.112471632
2025-05-14 16:00:00+00:00,15.610410478
2025-05-14 17:00:00+00:00,18.816471546
2025-05-14 18:00:00+00:00,19.100621574
2025-05-14 19:00:00+00:00,19.172806994
2025-05-14 20:00:00+00:00,19.766984623
2025-05-14 21:00:00+00:00,19.927142757
2025-05-14 22:00:00+00:00,20.790730686
2025-05-14 23:00:00+00:00,17.399528502
2025-05-15 00:00:00+00:00,17.640993171
2025-05-15 01:00:00+00:00,16.019624207
2025-05-15 02:00:00+00:00,16.482253148
2025-05-15 03:00:00+00:00,15.962260838
2025-05-15 04:00:00+00:00,16.516474957
2025-05-15 05:00:00+00:00,17.132198763
2025-05-15 06:00:00+00:00,17.484712021
2025-05-15 07:00:00+00:00,17.152480336
2025-05-15 08:00:00+00:00,17.127816465
2025-05-15 09:00:00+00:00,15.860836121
2025-05-15 10:00:00+00:00,16.765234206
2025-05-15 11:00:00+00:00,16.542284558
2025-05-15 12:00:00+00:00,15.270015604
2025-05-15 13:00:00+00:00,15.859632061
2025-05-15 14:00:00+00:00,15.981515284
2025-05-15 15:00:00+00:00,14.888872654
2025-05-15 16:00:00+00:00,14.504074285
2025-05-15 17:00:00+00:00,17.122454309
2025-05-15 18:00:00+00:00,17.465398173
2025-05-15 19:00:00+00:00,21.587366264
2025-05-15 20:00:00+00:00,20.540680871
2025-05-15 21:00:00+00:00,19.753743449
2025-05-15 22:00:00+00:00,18.469972250
2025-05-15 23:00:00+00:00,18.659611306
2025-05-16 00:00:00+00:00,16.446345807
2025-05-16 01:00:00+00:00,18.118563279
2025-05-16 02:00:00+00:00,16.946136715
2025-05-16 03:00:00+00:00,16.854020518
2025-05-16 04:00:00+00:00,18.169322686
2025-05-16 05:00:00+00:00,16.443536768
2025-05-16 06:00:00+00:00,15.524262049
2025-05-16 07:00:00+00:00,17.099475233
2025-05-16 08:00:00+00:00,16.834176676
2025-05-16 09:00:00+00:00,16.805828124
2025-05-16 10:00:00+00:00,16.002449286
2025-05-16 11:00:00+00:00,16.541729713
2025-05-16 12:00:00+00:00,15.473099646
2025-05-16 13:00:00+00:00,15.568624843
2025-05-16 14:00:00+00:00,14.725762438
2025-05-16 15:00:00+00:00,16.675747187
2025-05-16 16:00:00+00:00,16.647679594
2025-05-16 17:00:00+00:00,16.488239656
2025-05-16 18:00:00+00:00,19.473878654
2025-05-16 19:00:00+00:00,19.356819426
2025-05-16 20:00:00+00:00,20.713342207
2025-05-16 21:00:00+00:00,20.217107142
2025-05-16 22:00:00+00:00,17.605159714
2025-05-16 23:00:00+00:00,19.673932611
2025-05-17 00:00:00+00:00,15.681288500
2025-05-17 01:00:00+00:00,14.021087702
2025-05-17 02:00:00+00:00,15.692834275
2025-05-17 03:00:00+00:00,15.972438278
2025-05-17 04:00:00+00:00,16.539733005
2025-05-17 05:00:00+00:00,16.538620107
2025-05-17 06:00:00+00:00,13.411054101
2025-05-17 07:00:00+00:00,14.432776901
2025-05-17 08:00:00+00:00,16.401351880
2025-05-17 09:00:00+00:00,15.645159452
2025-05-17 10:00:00+00:00,14.020869097
2025-05-17 11:00:00+00:00,14.403414668
2025-05-17 12:00:00+00:00,13.637779600
2025-05-17 13:00:00+00:00,12.704043899
2025-05-17 14:00:00+00:00,14.283641970
2025-05-17 15:00:00+00:00,14.160593277
2025-05-17 16:00:00+00:00,14.609793946
2025-05-17 17:00:00+00:00,15.610484082
2025-05-17 18:00:00+00:00,16.257907393
2025-05-17 19:00:00+00:00,19.091103523
2025-05-17 20:00:00+00:00,18.357225242
2025-05-17 21:00:00+00:00,16.739714301
2025-05-17 22:00:00+00:00,17.415065473
2025-05-17 23:00:00+00:00,17.775711408
2025-05-18 00:00:00+00:00,15.283247244
2025-05-18 01:00:00+00:00,14.385070753
2025-05-18 02:00:00+00:00,13.763274050
2025-05-18 03:00:00+00:00,14.076256768
2025-05-18 04:00:00+00:00,14.214999457
2025-05-18 05:00:00+00:00,15.766586038
2025-05-18 06:00:00+00:00,14.615087493
2025-05-18 07:00:00+00:00,17.061503515
2025-05-18 08:00:00+00:00,15.745231580
2025-05-18 09:00:00+00:00,16.232661687
2025-05-18 10:00:00+00:00,14.415033183
2025-05-18 11:00:00+00:00,14.371690739
2025-05-18 12:00:00+00:00,14.303103284
2025-05-18 13:00:00+00:00,13.583549283
2025-05-18 14:00:00+00:00,13.270499834
2025-05-18 15:00:00+00:00,13.211410846
2025-05-18 16:00:00+00:00,15.149371577
2025-05-18 17:00:00+00:00,14.662057359
2025-05-18 18:00:00+00:00,18.659675779
2025-05-18 19:00:00+00:00,18.282448642
2025-05-18 20:00:00+00:00,19.067506048
2025-05-18 21:00:00+00:00,18.952613074
2025-05-18 22:00:00+00:00,17.357756919
2025-05-18 23:00:00+00:00,16.263118974
2025-05-19 00:00:00+00:00,17.482896470
2025-05-19 01:00:00+00:00,16.799270151
2025-05-19 02:00:00+00:00,16.584531082
2025-05-19 03:00:00+00:00,15.900423937
2025-05-19 04:00:00+00:00,16.632271950
2025-05-19 05:00:00+00:00,15.997688581
2025-05-19 06:00:00+00:00,16.550761992
2025-05-19 07:00:00+00:00,18.575187173
2025-05-19 08:00:00+00:00,18.217680359
2025-05-19 09:00:00+00:00,19.967209935
2025-05-19 10:00:00+00:00,17.490676234
2025-05-19 11:00:00+00:00,16.482812168
2025-05-19 12:00:00+00:00,15.372535157
2025-05-19 13:00:00+00:00,14.709027809
2025-05-19 14:00:00+00:00,16.790328770
2025-05-19 15:00:00+00:00,15.787376257
2025-05-19 16:00:00+00:00,15.444655259
2025-05-19 17:00:00+00:00,18.229691877
2025-05-19 18:00:00+00:00,17.807032203
2025-05-19 19:00:00+00:00,20.746993326
2025-05-19 20:00:00+00:00,20.347219901
2025-05-19 21:00:00+00:00,19.767339226
2025-05-19 22:00:00+00:00,18.190125396
2025-05-19 23:00:00+00:00,18.503350190
2025-05-20 00:00:00+00:00,15.284860604
2025-05-20 01:00:00+00:00,16.081883154
2025-05-20 02:00:00+00:00,17.095149975
2025-05-20 03:00:00+00:00,17.633419306
2025-05-20 04:00:00+00:00,16.474017005
2025-05-20 05:00:00+00:00,16.939496681
2025-05-20 06:00:00+00:00,18.148908570
2025-05-20 07:00:00+00:00,17.747577215
2025-05-20 08:00:00+00:00,19.117691410
2025-05-20 09:00:00+00:00,14.925240709
2025-05-20 10:00:00+00:00,17.759858145
2025-05-20 11:00:00+00:00,14.965808846
2025-05-20 12:00:00+00:00,15.609617335
2025-05-20 13:00:00+00:00,15.892170840
2025-05-20 14:00:00+00:00,15.964571461
2025-05-20 15:00:00+00:00,17.217734967
2025-05-20 16:00:00+00:00,16.021363426
2025-05-20 17:00:00+00:00,17.795308817
2025-05-20 18:00:00+00:00,18.656361431
2025-05-20 19:00:00+00:00,19.962502296
2025-05-20 20:00:00+00:00,22.149012302
2025-05-20 21:00:00+00:00,19.849967496
2025-05-20 22:00:00+00:00,19.988179004
2025-05-20 23:00:00+00:00,18.583813596
2025-05-21 00:00:00+00:00,17.071607093
2025-05-21 01:00:00+00:00,17.743441974
2025-05-21 02:00:00+00:00,16.599298411
2025-05-21 03:00:00+00:00,15.297183467
2025-05-21 04:00:00+00:00,15.693084168
2025-05-21 05:00:00+00:00,16.533222971
2025-05-21 06:00:00+00:00,16.480387677
2025-05-21 07:00:00+00:00,16.251634239
2025-05-21 08:00:00+00:00,17.528422869
2025-05-21 09:00:00+00:00,17.835504949
2025-05-21 10:00:00+00:00,15.901424387
2025-05-21 11:00:00+00:00,14.874544418
2025-05-21 12:00:00+00:00,15.802987807
2025-05-21 13:00:00+00:00,16.092566821
2025-05-21 14:00:00+00:00,14.862586357
2025-05-21 15:00:00+00:00,15.764828588
2025-05-21 16:00:00+00:00,16.772695870
2025-05-21 17:00:00+00:00,16.832972260
2025-05-21 18:00:00+00:00,18.640027185
2025-05-21 19:00:00+00:00,21.975395257
2025-05-21 20:00:00+00:00,21.453214760
2025-05-21 21:00:00+00:00,22.303969580
2025-05-21 22:00:00+00:00,18.151239704
2025-05-21 23:00:00+00:00,19.824086292
2025-05-22 00:00:00+00:00,18.644084477
2025-05-22 01:00:00+00:00,16.701403887
2025-05-22 02:00:00+00:00,17.847436570
2025-05-22 03:00:00+00:00,17.156573077
2025-05-22 04:00:00+00:00,17.046740900
2025-05-22 05:00:00+00:00,16.108106714
2025-05-22 06:00:00+00:00,17.815214310
2025-05-22 07:00:00+00:00,18.689304029
2025-05-22 08:00:00+00:00,17.526869969
2025-05-22 09:00:00+00:00,17.450197083
2025-05-22 10:00:00+00:00,16.571061183
2025-05-22 11:00:00+00:00,17.166340895
2025-05-22 12:00:00+00:00,16.480306059
2025-05-22 13:00:00+00:00,16.444596351
2025-05-22 14:00:00+00:00,16.293274390
2025-05-22 15:00:00+00:00,17.318871166
2025-05-22 16:00:00+00:00,16.454209627
2025-05-22 17:00:00+00:00,19.609152513
2025-05-22 18:00:00+00:00,17.787173649
2025-05-22 19:00:00+00:00,19.855188372
2025-05-22 20:00:00+00:00,21.185620836
2025-05-22 21:00:00+00:00,19.292187602
2025-05-22 22:00:00+00:00,20.588853739
2025-05-22 23:00:00+00:00,19.330874354
2025-05-23 00:00:00+00:00,16.151797504
2025-05-23 01:00:00+00:00,16.739356773
2025-05-23 02:00:00+00:00,17.009262843
2025-05-23 03:00:00+00:00,15.851700514
2025-05-23 04:00:00+00:00,16.017945322
2025-05-23 05:00:00+00:00,17.614507538
2025-05-23 06:00:00+00:00,16.115270057
2025-05-23 07:00:00+00:00,15.715322460
2025-05-23 08:00:00+00:00,17.895037131
2025-05-23 09:00:00+00:00,18.736022137
2025-05-23 10:00:00+00:00,17.166531696
2025-05-23 11:00:00+00:00,15.909706805
2025-05-23 12:00:00+00:00,15.013139353
2025-05-23 13:00:00+00:00,15.872810101
2025-05-23 14:00:00+00:00,15.107079119
2025-05-23 15:00:00+00:00,14.683111104
2025-05-23 16:00:00+00:00,17.149074317
2025-05-23 17:00:00+00:00,18.154287954
2025-05-23 18:00:00+00:00,19.414655154
2025-05-23 19:00:00+00:00,22.477944317
2025-05-23 20:00:00+00:00,20.446837852
2025-05-23 21:00:00+00:00,19.801890679
2025-05-23 22:00:00+00:00,19.570086925
2025-05-23 23:00:00+00:00,20.520759629
2025-05-24 00:00:00+00:00,15.694558967
2025-05-24 01:00:00+00:00,14.401882681
2025-05-24 02:00:00+00:00,14.761109115
2025-05-24 03:00:00+00:00,15.333175183
2025-05-24 04:00:00+00:00,15.875758844
2025-05-24 05:00:00+00:00,14.693378306
2025-05-24 06:00:00+00:00,15.368709671
2025-05-24 07:00:00+00:00,15.369938700
2025-05-24 08:00:00+00:00,15.582347247
2025-05-24 09:00:00+00:00,15.425863698
2025-05-24 10:00:00+00:00,13.830947536
2025-05-24 11:00:00+00:00,13.457553396
2025-05-24 12:00:00+00:00,15.751159730
2025-05-24 13:00:00+00:00,13.263158685
2025-05-24 14:00:00+00:00,13.384822223
2025-05-24 15:00:00+00:00,13.736150898
2025-05-24 16:00:00+00:00,15.230904730
2025-05-24 17:00:00+00:00,15.326673401
2025-05-24 18:00:00+00:00,16.712288104
2025-05-24 19:00:00+00:00,17.555312026
2025-05-24 20:00:00+00:00,17.100220279
2025-05-24 21:00:00+00:00,19.594233230
2025-05-24 22:00:00+00:00,18.284392162
2025-05-24 23:00:00+00:00,16.455194553
2025-05-25 00:00:00+00:00,14.544212023
2025-05-25 01:00:00+00:00,15.467451974
2025-05-25 02:00:00+00:00,14.748922112
2025-05-25 03:00:00+00:00,16.366607195
2025-05-25 04:00:00+00:00,13.647922435
2025-05-25 05:00:00+00:00,15.213585018
2025-05-25 06:00:00+00:00,14.442946432
2025-05-25 07:00:00+00:00,15.985543362
2025-05-25 08:00:00+00:00,14.682860550
2025-05-25 09:00:00+00:00,15.344820863
2025-05-25 10:00:00+00:00,15.107185317
2025-05-25 11:00:00+00:00,13.538122583
2025-05-25 12:00:00+00:00,15.378011684
2025-05-25 13:00:00+00:00,13.024228074
2025-05-25 14:00:00+00:00,12.676703328
2025-05-25 15:00:00+00:00,14.256242963
2025-05-25 16:00:00+00:00,15.273427079
2025-05-25 17:00:00+00:00,17.023445959
2025-05-25 18:00:00+00:00,17.807584060
2025-05-25 19:00:00+00:00,17.142664868
2025-05-25 20:00:00+00:00,18.128522488
2025-05-25 21:00:00+00:00,18.830878420
2025-05-25 22:00:00+00:00,17.855630365
2025-05-25 23:00:00+00:00,16.361643558
2025-05-26 00:00:00+00:00,14.857091573
2025-05-26 01:00:00+00:00,18.358039912
2025-05-26 02:00:00+00:00,15.323323629
2025-05-26 03:00:00+00:00,17.792985194
2025-05-26 04:00:00+00:00,18.093624752
2025-05-26 05:00:00+00:00,18.401582387
2025-05-26 06:00:00+00:00,15.907752694
2025-05-26 07:00:00+00:00,17.829286941
2025-05-26 08:00:00+00:00,16.749670248
2025-05-26 09:00:00+00:00,17.246210608
2025-05-26 10:00:00+00:00,16.867567504
2025-05-26 11:00:00+00:00,16.082516211
2025-05-26 12:00:00+00:00,16.008689373
2025-05-26 13:00:00+00:00,13.442000602
2025-05-26 14:00:00+00:00,15.556106917
2025-05-26 15:00:00+00:00,15.848507350
2025-05-26 16:00:00+00:00,17.006905728
2025-05-26 17:00:00+00:00,16.601496456
2025-05-26 18:00:00+00:00,18.159207223
2025-05-26 19:00:00+00:00,21.336376849
2025-05-26 20:00:00+00:00,21.169136650
2025-05-26 21:00:00+00:00,17.836061288
2025-05-26 22:00:00+00:00,17.661851215
2025-05-26 23:00:00+00:00,18.321413337
2025-05-27 00:00:00+00:00,15.709663035
2025-05-27 01:00:00+00:00,16.725082922
2025-05-27 02:00:00+00:00,15.057106037
2025-05-27 03:00:00+00:00,17.308164084
2025-05-27 04:00:00+00:00,18.598800019
2025-05-27 05:00:00+00:00,17.346431531
2025-05-27 06:00:00+00:00,18.564888661
2025-05-27 07:00:00+00:00,17.618834722
2025-05-27 08:00:00+00:00,17.495525393
2025-05-27 09:00:00+00:00,16.914625631
2025-05-27 10:00:00+00:00,14.573196553
2025-05-27 11:00:00+00:00,16.134821100
2025-05-27 12:00:00+00:00,15.795391134
2025-05-27 13:00:00+00:00,14.729513663
2025-05-27 14:00:00+00:00,16.240893067
2025-05-27 15:00:00+00:00,15.020190720
2025-05-27 16:00:00+00:00,16.771678791
2025-05-27 17:00:00+00:00,18.714004072
2025-05-27 18:00:00+00:00,20.064157724
2025-05-27 19:00:00+00:00,21.722874280
2025-05-27 20:00:00+00:00,19.830798750
2025-05-27 21:00:00+00:00,21.041967495
2025-05-27 22:00:00+00:00,19.353878324
2025-05-27 23:00:00+00:00,19.321882767
2025-05-28 00:00:00+00:00,16.044914327
2025-05-28 01:00:00+00:00,17.164688454
2025-05-28 02:00:00+00:00,16.920029433
2025-05-28 03:00:00+00:00,16.613174843
2025-05-28 04:00:00+00:00,16.605827575
2025-05-28 05:00:00+00:00,18.379514069
2025-05-28 06:00:00+00:00,16.523596248
2025-05-28 07:00:00+00:00,17.436892515
2025-05-28 08:00:00+00:00,19.278594022
2025-05-28 09:00:00+00:00,17.783670828
2025-05-28 10:00:00+00:00,16.568046648
2025-05-28 11:00:00+00:00,18.180727677
2025-05-28 12:00:00+00:00,15.224679407
2025-05-28 13:00:00+00:00,16.562299740
2025-05-28 14:00:00+00:00,13.771423652
2025-05-28 15:00:00+00:00,15.585904368
2025-05-28 16:00:00+00:00,17.131746040
2025-05-28 17:00:00+00:00,18.044156658
2025-05-28 18:00:00+00:00,19.412479281
2025-05-28 19:00:00+00:00,20.958582111
2025-05-28 20:00:00+00:00,19.069116933
2025-05-28 21:00:00+00:00,20.849623034
2025-05-28 22:00:00+00:00,20.014641811
2025-05-28 23:00:00+00:00,20.632516914
2025-05-29 00:00:00+00:00,17.604465424
2025-05-29 01:00:00+00:00,19.287284097
2025-05-29 02:00:00+00:00,18.113552304
2025-05-29 03:00:00+00:00,16.083527900
2025-05-29 04:00:00+00:00,17.754995517
2025-05-29 05:00:00+00:00,16.958618916
2025-05-29 06:00:00+00:00,18.540407698
2025-05-29 07:00:00+00:00,17.220042983
2025-05-29 08:00:00+00:00,18.681411703
2025-05-29 09:00:00+00:00,17.245219781
2025-05-29 10:00:00+00:00,17.708936275
2025-05-29 11:00:00+00:00,16.460660575
2025-05-29 12:00:00+00:00,15.936635156
2025-05-29 13:00:00+00:00,14.709728988
2025-05-29 14:00:00+00:00,16.129151325
2025-05-29 15:00:00+00:00,15.814112666
2025-05-29 16:00:00+00:00,16.895597121
2025-05-29 17:00:00+00:00,16.580996618
2025-05-29 18:00:00+00:00,18.572742986
2025-05-29 19:00:00+00:00,20.448206435
2025-05-29 20:00:00+00:00,22.174806620
2025-05-29 21:00:00+00:00,20.444446188
2025-05-29 22:00:00+00:00,19.788567490
2025-05-29 23:00:00+00:00,19.073289551
2025-05-30 00:00:00+00:00,16.263393206
2025-05-30 01:00:00+00:00,16.832900979
2025-05-30 02:00:00+00:00,15.452275948
2025-05-30 03:00:00+00:00,17.540888377
2025-05-30 04:00:00+00:00,16.327215096
2025-05-30 05:00:00+00:00,17.342350164
2025-05-30 06:00:00+00:00,16.405856510
2025-05-30 07:00:00+00:00,17.478017785
2025-05-30 08:00:00+00:00,16.954173296
2025-05-30 09:00:00+00:00,17.569762020
2025-05-30 10:00:00+00:00,16.460342364
2025-05-30 11:00:00+00:00,16.728590052
2025-05-30 12:00:00+00:00,16.496627112
2025-05-30 13:00:00+00:00,16.033013530
2025-05-30 14:00:00+00:00,16.701282937
2025-05-30 15:00:00+00:00,15.573023969
2025-05-30 16:00:00+00:00,16.305296092
2025-05-30 17:00:00+00:00,18.066802298
2025-05-30 18:00:00+00:00,19.530905770
2025-05-30 19:00:00+00:00,17.096263832
2025-05-30 20:00:00+00:00,18.741353866
2025-05-30 21:00:00+00:00,19.211054951
2025-05-30 22:00:00+00:00,19.869431221
2025-05-30 23:00:00+00:00,18.896811560
2025-05-31 00:00:00+00:00,15.118964794
2025-05-31 01:00:00+00:00,15.928519895
2025-05-31 02:00:00+00:00,14.660682022
2025-05-31 03:00:00+00:00,14.101228531
2025-05-31 04:00:00+00:00,15.100033155
2025-05-31 05:00:00+00:00,15.345793547
2025-05-31 06:00:00+00:00,15.766695348
2025-05-31 07:00:00+00:00,15.820436616
2025-05-31 08:00:00+00:00,15.519410077
2025-05-31 09:00:00+00:00,14.446641147
2025-05-31 10:00:00+00:00,15.007559957
2025-05-31 11:00:00+00:00,14.932822030
2025-05-31 12:00:00+00:00,13.861005776
2025-05-31 13:00:00+00:00,13.277273694
2025-05-31 14:00:00+00:00,13.585802183
2025-05-31 15:00:00+00:00,14.137221037
2025-05-31 16:00:00+00:00,14.201027221
2025-05-31 17:00:00+00:00,16.018794172
2025-05-31 18:00:00+00:00,19.061909157
2025-05-31 19:00:00+00:00,17.752845415
2025-05-31 20:00:00+00:00,19.773328545
2025-05-31 21:00:00+00:00,17.044799951
2025-05-31 22:00:00+00:00,16.776764068
2025-05-31 23:00:00+00:00,16.268830942
2025-06-01 00:00:00+00:00,70.770949693
2025-06-01 01:00:00+00:00,60.688639615
2025-06-01 02:00:00+00:00,61.351880037
2025-06-01 03:00:00+00:00,65.404778524
2025-06-01 04:00:00+00:00,68.390128324
2025-06-01 05:00:00+00:00,62.323647331
2025-06-01 06:00:00+00:00,63.340159436
2025-06-01 07:00:00+00:00,60.270601045
2025-06-01 08:00:00+00:00,68.498801788
2025-06-01 09:00:00+00:00,62.936855813
2025-06-01 10:00:00+00:00,74.754359512
2025-06-01 11:00:00+00:00,59.758300272
2025-06-01 12:00:00+00:00,59.972322909
2025-06-01 13:00:00+00:00,56.047263901
2025-06-01 14:00:00+00:00,58.419027899
2025-06-01 15:00:00+00:00,61.264208302
2025-06-01 16:00:00+00:00,64.676546342
2025-06-01 17:00:00+00:00,65.636161549
2025-06-01 18:00:00+00:00,72.371748215
2025-06-01 19:00:00+00:00,78.240402463
2025-06-01 20:00:00+00:00,83.117496396
2025-06-01 21:00:00+00:00,81.417516923
2025-06-01 22:00:00+00:00,73.959843001
2025-06-01 23:00:00+00:00,78.476930408
2025-06-02 00:00:00+00:00,77.794394059
2025-06-02 01:00:00+00:00,79.147523894
2025-06-02 02:00:00+00:00,79.528710338
2025-06-02 03:00:00+00:00,77.839462459
2025-06-02 04:00:00+00:00,83.499041221
2025-06-02 05:00:00+00:00,75.685127688
2025-06-02 06:00:00+00:00,65.780087471
2025-06-02 07:00:00+00:00,69.188991759
2025-06-02 08:00:00+00:00,71.359925732
2025-06-02 09:00:00+00:00,76.321769587
2025-06-02 10:00:00+00:00,71.195808664
2025-06-02 11:00:00+00:00,64.716895386
2025-06-02 12:00:00+00:00,69.583560130
2025-06-02 13:00:00+00:00,62.867810911
2025-06-02 14:00:00+00:00,61.564811298
2025-06-02 15:00:00+00:00,63.592955386
2025-06-02 16:00:00+00:00,69.245105926
2025-06-02 17:00:00+00:00,74.305578388
2025-06-02 18:00:00+00:00,72.475268400
2025-06-02 19:00:00+00:00,88.747028583
2025-06-02 20:00:00+00:00,91.595958536
2025-06-02 21:00:00+00:00,87.496711030
2025-06-02 22:00:00+00:00,77.030795262
2025-06-02 23:00:00+00:00,82.680251488
2025-06-03 00:00:00+00:00,70.623191526
2025-06-03 01:00:00+00:00,68.487434572
2025-06-03 02:00:00+00:00,75.408373626
2025-06-03 03:00:00+00:00,85.534207738
2025-06-03 04:00:00+00:00,74.029098701
2025-06-03 05:00:00+00:00,68.500510143
2025-06-03 06:00:00+00:00,80.760226476
2025-06-03 07:00:00+00:00,79.953214203
2025-06-03 08:00:00+00:00,79.464637875
2025-06-03 09:00:00+00:00,71.849180103
2025-06-03 10:00:00+00:00,66.430817069
2025-06-03 11:00:00+00:00,70.914274011
2025-06-03 12:00:00+00:00,62.220789278
2025-06-03 13:00:00+00:00,62.113248779
2025-06-03 14:00:00+00:00,62.294091902
2025-06-03 15:00:00+00:00,65.879232794
2025-06-03 16:00:00+00:00,69.270001259
2025-06-03 17:00:00+00:00,76.348164547
2025-06-03 18:00:00+00:00,87.519115690
2025-06-03 19:00:00+00:00,85.997037480
2025-06-03 20:00:00+00:00,91.432575874
2025-06-03 21:00:00+00:00,87.453058614
2025-06-03 22:00:00+00:00,87.485676283
2025-06-03 23:00:00+00:00,78.366837822
2025-06-04 00:00:00+00:00,77.271109071
2025-06-04 01:00:00+00:00,76.965551036
2025-06-04 02:00:00+00:00,71.653582371
2025-06-04 03:00:00+00:00,66.907721321
2025-06-04 04:00:00+00:00,80.555571387
2025-06-04 05:00:00+00:00,79.844143740
2025-06-04 06:00:00+00:00,66.437177199
2025-06-04 07:00:00+00:00,72.568960815
2025-06-04 08:00:00+00:00,75.026144232
2025-06-04 09:00:00+00:00,70.931012877
2025-06-04 10:00:00+00:00,76.171461932
2025-06-04 11:00:00+00:00,71.671694445
2025-06-04 12:00:00+00:00,68.531761102
2025-06-04 13:00:00+00:00,69.603175951
2025-06-04 14:00:00+00:00,67.832847331
2025-06-04 15:00:00+00:00,63.512757033
2025-06-04 16:00:00+00:00,71.245453785
2025-06-04 17:00:00+00:00,76.655536316
2025-06-04 18:00:00+00:00,75.360573398
2025-06-04 19:00:00+00:00,89.309803740
2025-06-04 20:00:00+00:00,91.595426635
2025-06-04 21:00:00+00:00,84.988691085
2025-06-04 22:00:00+00:00,86.000729537
2025-06-04 23:00:00+00:00,83.936507905
2025-06-05 00:00:00+00:00,73.139487683
2025-06-05 01:00:00+00:00,72.500751426
2025-06-05 02:00:00+00:00,66.465507511
2025-06-05 03:00:00+00:00,74.484760319
2025-06-05 04:00:00+00:00,74.390233097
2025-06-05 05:00:00+00:00,74.844512249
2025-06-05 06:00:00+00:00,70.376087166
2025-06-05 07:00:00+00:00,71.738530056
2025-06-05 08:00:00+00:00,80.043006024
2025-06-05 09:00:00+00:00,79.545719729
2025-06-05 10:00:00+00:00,71.929333822
2025-06-05 11:00:00+00:00,71.487489829
2025-06-05 12:00:00+00:00,71.181359723
2025-06-05 13:00:00+00:00,61.328564617
2025-06-05 14:00:00+00:00,71.589493606
2025-06-05 15:00:00+00:00,64.877740354
2025-06-05 16:00:00+00:00,70.588967634
2025-06-05 17:00:00+00:00,71.246788728
2025-06-05 18:00:00+00:00,84.061232353
2025-06-05 19:00:00+00:00,83.396233255
2025-06-05 20:00:00+00:00,91.885193214
2025-06-05 21:00:00+00:00,90.453206024
2025-06-05 22:00:00+00:00,79.271515100
2025-06-05 23:00:00+00:00,80.239554544
2025-06-06 00:00:00+00:00,70.067501704
2025-06-06 01:00:00+00:00,70.937285419
2025-06-06 02:00:00+00:00,69.765670212
2025-06-06 03:00:00+00:00,73.341657061
2025-06-06 04:00:00+00:00,70.893258910
2025-06-06 05:00:00+00:00,65.685108842
2025-06-06 06:00:00+00:00,74.961084717
2025-06-06 07:00:00+00:00,78.276491492
2025-06-06 08:00:00+00:00,77.954134997
2025-06-06 09:00:00+00:00,72.721750456
2025-06-06 10:00:00+00:00,76.508484372
2025-06-06 11:00:00+00:00,72.532978342
2025-06-06 12:00:00+00:00,63.320339731
2025-06-06 13:00:00+00:00,65.016503280
2025-06-06 14:00:00+00:00,67.848874085
2025-06-06 15:00:00+00:00,70.066468121
2025-06-06 16:00:00+00:00,69.181317537
2025-06-06 17:00:00+00:00,69.434054267
2025-06-06 18:00:00+00:00,75.071795959
2025-06-06 19:00:00+00:00,88.926295527
2025-06-06 20:00:00+00:00,94.122616623
2025-06-06 21:00:00+00:00,92.079463343
2025-06-06 22:00:00+00:00,84.087163304
2025-06-06 23:00:00+00:00,81.345567798
2025-06-07 00:00:00+00:00,61.201897282
2025-06-07 01:00:00+00:00,69.070739731
2025-06-07 02:00:00+00:00,61.239616500
2025-06-07 03:00:00+00:00,65.232706134
2025-06-07 04:00:00+00:00,64.173980809
2025-06-07 05:00:00+00:00,64.746368853
2025-06-07 06:00:00+00:00,64.247882012
2025-06-07 07:00:00+00:00,68.053921993
2025-06-07 08:00:00+00:00,63.958476124
2025-06-07 09:00:00+00:00,69.112780631
2025-06-07 10:00:00+00:00,62.314599723
2025-06-07 11:00:00+00:00,60.729988883
2025-06-07 12:00:00+00:00,56.023066602
2025-06-07 13:00:00+00:00,57.568775305
2025-06-07 14:00:00+00:00,54.721617344
2025-06-07 15:00:00+00:00,61.741881999
2025-06-07 16:00:00+00:00,60.089309653
2025-06-07 17:00:00+00:00,70.664567852
2025-06-07 18:00:00+00:00,72.596334050
2025-06-07 19:00:00+00:00,75.741088118
2025-06-07 20:00:00+00:00,77.646361455
2025-06-07 21:00:00+00:00,72.838685489
2025-06-07 22:00:00+00:00,74.887539405
2025-06-07 23:00:00+00:00,70.535734750
2025-06-08 00:00:00+00:00,66.664510685
2025-06-08 01:00:00+00:00,65.381997576
2025-06-08 02:00:00+00:00,68.844777996
2025-06-08 03:00:00+00:00,63.888645073
2025-06-08 04:00:00+00:00,58.505851273
2025-06-08 05:00:00+00:00,62.775960357
2025-06-08 06:00:00+00:00,68.663039126
2025-06-08 07:00:00+00:00,62.911585222
2025-06-08 08:00:00+00:00,63.530714991
2025-06-08 09:00:00+00:00,65.868794761
2025-06-08 10:00:00+00:00,60.291552145
2025-06-08 11:00:00+00:00,68.513666199
2025-06-08 12:00:00+00:00,58.576380083
2025-06-08 13:00:00+00:00,60.167696935
2025-06-08 14:00:00+00:00,60.665210885
2025-06-08 15:00:00+00:00,61.502920563
2025-06-08 16:00:00+00:00,67.649118264
2025-06-08 17:00:00+00:00,68.000992760
2025-06-08 18:00:00+00:00,72.312372414
2025-06-08 19:00:00+00:00,74.842846657
2025-06-08 20:00:00+00:00,76.950730059
2025-06-08 21:00:00+00:00,73.725158250
2025-06-08 22:00:00+00:00,77.395076976
2025-06-08 23:00:00+00:00,74.081647317
2025-06-09 00:00:00+00:00,72.435752067
2025-06-09 01:00:00+00:00,68.412119226
2025-06-09 02:00:00+00:00,73.864561831
2025-06-09 03:00:00+00:00,65.258494884
2025-06-09 04:00:00+00:00,70.266906703
2025-06-09 05:00:00+00:00,73.620718343
2025-06-09 06:00:00+00:00,77.160447472
2025-06-09 07:00:00+00:00,71.922563625
2025-06-09 08:00:00+00:00,77.656382898
2025-06-09 09:00:00+00:00,80.441946580
2025-06-09 10:00:00+00:00,80.929374283
2025-06-09 11:00:00+00:00,71.219170551
2025-06-09 12:00:00+00:00,65.343324060
2025-06-09 13:00:00+00:00,64.459697901
2025-06-09 14:00:00+00:00,71.277217876
2025-06-09 15:00:00+00:00,71.193412961
2025-06-09 16:00:00+00:00,75.117242230
2025-06-09 17:00:00+00:00,76.532303846
2025-06-09 18:00:00+00:00,79.887116274
2025-06-09 19:00:00+00:00,84.988934688
2025-06-09 20:00:00+00:00,88.122080191
2025-06-09 21:00:00+00:00,86.677617585
2025-06-09 22:00:00+00:00,80.477226666
2025-06-09 23:00:00+00:00,78.948413078
2025-06-10 00:00:00+00:00,68.591235496
2025-06-10 01:00:00+00:00,71.524237602
2025-06-10 02:00:00+00:00,70.177041356
2025-06-10 03:00:00+00:00,74.047821135
2025-06-10 04:00:00+00:00,69.647882735
2025-06-10 05:00:00+00:00,72.929659557
2025-06-10 06:00:00+00:00,73.728096055
2025-06-10 07:00:00+00:00,71.630559132
2025-06-10 08:00:00+00:00,75.654572840
2025-06-10 09:00:00+00:00,72.060937112
2025-06-10 10:00:00+00:00,83.444588642
2025-06-10 11:00:00+00:00,77.455188249
2025-06-10 12:00:00+00:00,69.800879393
2025-06-10 13:00:00+00:00,69.875922473
2025-06-10 14:00:00+00:00,66.566118721
2025-06-10 15:00:00+00:00,71.589268700
2025-06-10 16:00:00+00:00,70.016768031
2025-06-10 17:00:00+00:00,73.929842769
2025-06-10 18:00:00+00:00,82.430398131
2025-06-10 19:00:00+00:00,88.748162010
2025-06-10 20:00:00+00:00,90.367915765
2025-06-10 21:00:00+00:00,87.515232417
2025-06-10 22:00:00+00:00,82.705535848
2025-06-10 23:00:00+00:00,79.746983333
2025-06-11 00:00:00+00:00,72.462477301
2025-06-11 01:00:00+00:00,74.136138541
2025-06-11 02:00:00+00:00,72.590381388
2025-06-11 03:00:00+00:00,75.398352152
2025-06-11 04:00:00+00:00,73.326412750
2025-06-11 05:00:00+00:00,69.071438532
2025-06-11 06:00:00+00:00,74.883555308
2025-06-11 07:00:00+00:00,77.103533612
2025-06-11 08:00:00+00:00,70.832018231
2025-06-11 09:00:00+00:00,75.958334329
2025-06-11 10:00:00+00:00,70.041160433
2025-06-11 11:00:00+00:00,69.014395631
2025-06-11 12:00:00+00:00,67.927171107
2025-06-11 13:00:00+00:00,59.822874312
2025-06-11 14:00:00+00:00,65.968266420
2025-06-11 15:00:00+00:00,68.065680553
2025-06-11 16:00:00+00:00,66.535108564
2025-06-11 17:00:00+00:00,77.252093139
2025-06-11 18:00:00+00:00,83.043586420
2025-06-11 19:00:00+00:00,80.592780471
2025-06-11 20:00:00+00:00,95.250017173
2025-06-11 21:00:00+00:00,82.707174462
2025-06-11 22:00:00+00:00,76.135632959
2025-06-11 23:00:00+00:00,77.786171553
2025-06-12 00:00:00+00:00,75.428959623
2025-06-12 01:00:00+00:00,72.920865271
2025-06-12 02:00:00+00:00,72.254892083
2025-06-12 03:00:00+00:00,72.925747143
2025-06-12 04:00:00+00:00,72.724360686
2025-06-12 05:00:00+00:00,67.784985649
2025-06-12 06:00:00+00:00,77.788011560
2025-06-12 07:00:00+00:00,79.739992786
2025-06-12 08:00:00+00:00,77.279863545
2025-06-12 09:00:00+00:00,79.021817918
2025-06-12 10:00:00+00:00,69.658532736
2025-06-12 11:00:00+00:00,72.918666229
2025-06-12 12:00:00+00:00,69.028659973
2025-06-12 13:00:00+00:00,64.999916096
2025-06-12 14:00:00+00:00,67.944524085
2025-06-12 15:00:00+00:00,66.807300335
2025-06-12 16:00:00+00:00,74.181221670
2025-06-12 17:00:00+00:00,80.748338803
2025-06-12 18:00:00+00:00,78.945269435
2025-06-12 19:00:00+00:00,93.060099616
2025-06-12 20:00:00+00:00,94.878528568
2025-06-12 21:00:00+00:00,84.313682158
2025-06-12 22:00:00+00:00,79.815440224
2025-06-12 23:00:00+00:00,77.769141747
2025-06-13 00:00:00+00:00,69.268427483
2025-06-13 01:00:00+00:00,73.373033297
2025-06-13 02:00:00+00:00,75.263175239
2025-06-13 03:00:00+00:00,72.900154006
2025-06-13 04:00:00+00:00,70.429031548
2025-06-13 05:00:00+00:00,73.337996227
2025-06-13 06:00:00+00:00,72.556544064
2025-06-13 07:00:00+00:00,77.402892046
2025-06-13 08:00:00+00:00,75.192503132
2025-06-13 09:00:00+00:00,72.985405348
2025-06-13 10:00:00+00:00,69.371650439
2025-06-13 11:00:00+00:00,72.773831880
2025-06-13 12:00:00+00:00,62.687125530
2025-06-13 13:00:00+00:00,68.390421777
2025-06-13 14:00:00+00:00,66.819233091
2025-06-13 15:00:00+00:00,63.874424109
2025-06-13 16:00:00+00:00,74.815786446
2025-06-13 17:00:00+00:00,68.216677552
2025-06-13 18:00:00+00:00,83.254332001
2025-06-13 19:00:00+00:00,82.972037021
2025-06-13 20:00:00+00:00,89.309089721
2025-06-13 21:00:00+00:00,87.318030303
2025-06-13 22:00:00+00:00,85.794621159
2025-06-13 23:00:00+00:00,80.428525957
2025-06-14 00:00:00+00:00,64.893368726
2025-06-14 01:00:00+00:00,63.316841972
2025-06-14 02:00:00+00:00,67.342093837
2025-06-14 03:00:00+00:00,66.898520394
2025-06-14 04:00:00+00:00,60.865028835
2025-06-14 05:00:00+00:00,64.660709145
2025-06-14 06:00:00+00:00,61.048959552
2025-06-14 07:00:00+00:00,70.660554708
2025-06-14 08:00:00+00:00,68.369533212
2025-06-14 09:00:00+00:00,70.629530759
2025-06-14 10:00:00+00:00,67.968478483
2025-06-14 11:00:00+00:00,62.385198632
2025-06-14 12:00:00+00:00,62.314946252
2025-06-14 13:00:00+00:00,62.589547656
2025-06-14 14:00:00+00:00,54.612967531
2025-06-14 15:00:00+00:00,57.113132698
2025-06-14 16:00:00+00:00,64.186594594
2025-06-14 17:00:00+00:00,74.260019337
2025-06-14 18:00:00+00:00,71.243681094
2025-06-14 19:00:00+00:00,83.907650573
2025-06-14 20:00:00+00:00,81.307918442
2025-06-14 21:00:00+00:00,85.604181487
2025-06-14 22:00:00+00:00,82.430694085
2025-06-14 23:00:00+00:00,76.189507782
2025-06-15 00:00:00+00:00,72.256087573
2025-06-15 01:00:00+00:00,64.790461148
2025-06-15 02:00:00+00:00,66.824358867
2025-06-15 03:00:00+00:00,70.934318105
2025-06-15 04:00:00+00:00,65.957328140
2025-06-15 05:00:00+00:00,66.150805838
2025-06-15 06:00:00+00:00,58.924618224
2025-06-15 07:00:00+00:00,67.073161300
2025-06-15 08:00:00+00:00,65.643775858
2025-06-15 09:00:00+00:00,63.624378485
2025-06-15 10:00:00+00:00,63.699859905
2025-06-15 11:00:00+00:00,62.795263410
2025-06-15 12:00:00+00:00,58.755811589
2025-06-15 13:00:00+00:00,61.416714070
2025-06-15 14:00:00+00:00,57.279943086
2025-06-15 15:00:00+00:00,62.064305178
2025-06-15 16:00:00+00:00,61.792781512
2025-06-15 17:00:00+00:00,69.055731215
2025-06-15 18:00:00+00:00,70.413868770
2025-06-15 19:00:00+00:00,68.854397868
2025-06-15 20:00:00+00:00,79.267199721
2025-06-15 21:00:00+00:00,72.556965526
2025-06-15 22:00:00+00:00,81.002143395
2025-06-15 23:00:00+00:00,70.247940507
2025-06-16 00:00:00+00:00,79.361391566
2025-06-16 01:00:00+00:00,70.655453415
2025-06-16 02:00:00+00:00,76.090696512
2025-06-16 03:00:00+00:00,62.300001935
2025-06-16 04:00:00+00:00,73.642302452
2025-06-16 05:00:00+00:00,76.690023154
2025-06-16 06:00:00+00:00,76.081571726
2025-06-16 07:00:00+00:00,70.844569315
2025-06-16 08:00:00+00:00,76.816649981
2025-06-16 09:00:00+00:00,71.077518894
2025-06-16 10:00:00+00:00,76.160273431
2025-06-16 11:00:00+00:00,72.777461815
2025-06-16 12:00:00+00:00,67.290459963
2025-06-16 13:00:00+00:00,67.596676585
2025-06-16 14:00:00+00:00,69.569098579
2025-06-16 15:00:00+00:00,63.615579156
2025-06-16 16:00:00+00:00,66.171470371
2025-06-16 17:00:00+00:00,76.951025360
2025-06-16 18:00:00+00:00,81.154780882
2025-06-16 19:00:00+00:00,80.813963296
2025-06-16 20:00:00+00:00,92.204882579
2025-06-16 21:00:00+00:00,86.027875975
2025-06-16 22:00:00+00:00,77.233317757
2025-06-16 23:00:00+00:00,82.545103619
2025-06-17 00:00:00+00:00,75.478732183
2025-06-17 01:00:00+00:00,76.896045271
2025-06-17 02:00:00+00:00,74.657473845
2025-06-17 03:00:00+00:00,75.768947827
2025-06-17 04:00:00+00:00,74.368684795
2025-06-17 05:00:00+00:00,75.017323971
2025-06-17 06:00:00+00:00,68.877431948
2025-06-17 07:00:00+00:00,73.200272634
2025-06-17 08:00:00+00:00,66.533156112
2025-06-17 09:00:00+00:00,72.453754394
2025-06-17 10:00:00+00:00,72.723617954
2025-06-17 11:00:00+00:00,76.569813013
2025-06-17 12:00:00+00:00,67.044890853
2025-06-17 13:00:00+00:00,63.282002615
2025-06-17 14:00:00+00:00,69.118774832
2025-06-17 15:00:00+00:00,65.322607952
2025-06-17 16:00:00+00:00,69.499560133
2025-06-17 17:00:00+00:00,73.293805230
2025-06-17 18:00:00+00:00,76.631222231
2025-06-17 19:00:00+00:00,86.568595598
2025-06-17 20:00:00+00:00,82.799233225
2025-06-17 21:00:00+00:00,85.419877826
2025-06-17 22:00:00+00:00,87.992459157
2025-06-17 23:00:00+00:00,78.592029022
2025-06-18 00:00:00+00:00,74.443607605
2025-06-18 01:00:00+00:00,80.841534958
2025-06-18 02:00:00+00:00,79.389348200
2025-06-18 03:00:00+00:00,76.056764597
2025-06-18 04:00:00+00:00,67.003761847
2025-06-18 05:00:00+00:00,71.238201038
2025-06-18 06:00:00+00:00,75.799295367
2025-06-18 07:00:00+00:00,74.937254739
2025-06-18 08:00:00+00:00,78.256301805
2025-06-18 09:00:00+00:00,78.170443451
2025-06-18 10:00:00+00:00,72.389413682
2025-06-18 11:00:00+00:00,73.156163253
2025-06-18 12:00:00+00:00,63.212943854
2025-06-18 13:00:00+00:00,71.526106888
2025-06-18 14:00:00+00:00,58.772146831
2025-06-18 15:00:00+00:00,74.314014111
2025-06-18 16:00:00+00:00,66.297077773
2025-06-18 17:00:00+00:00,69.926343082
2025-06-18 18:00:00+00:00,85.192868948
2025-06-18 19:00:00+00:00,94.773797589
2025-06-18 20:00:00+00:00,91.459114954
2025-06-18 21:00:00+00:00,88.555206605
2025-06-18 22:00:00+00:00,78.477578918
2025-06-18 23:00:00+00:00,73.625669685
2025-06-19 00:00:00+00:00,74.093040544
2025-06-19 01:00:00+00:00,74.223540992
2025-06-19 02:00:00+00:00,72.504581713
2025-06-19 03:00:00+00:00,72.798457822
2025-06-19 04:00:00+00:00,66.186050067
2025-06-19 05:00:00+00:00,79.428918102
2025-06-19 06:00:00+00:00,76.652642261
2025-06-19 07:00:00+00:00,73.150877006
2025-06-19 08:00:00+00:00,69.183335318
2025-06-19 09:00:00+00:00,78.990392339
2025-06-19 10:00:00+00:00,78.837968629
2025-06-19 11:00:00+00:00,73.565374416
2025-06-19 12:00:00+00:00,68.968647709
2025-06-19 13:00:00+00:00,68.753432144
2025-06-19 14:00:00+00:00,69.958418958
2025-06-19 15:00:00+00:00,71.584727388
2025-06-19 16:00:00+00:00,77.663401235
2025-06-19 17:00:00+00:00,71.615109174
2025-06-19 18:00:00+00:00,78.560159244
2025-06-19 19:00:00+00:00,99.498418982
2025-06-19 20:00:00+00:00,95.537809503
2025-06-19 21:00:00+00:00,89.527318453
2025-06-19 22:00:00+00:00,82.554144735
2025-06-19 23:00:00+00:00,78.847021948
2025-06-20 00:00:00+00:00,76.239266139
2025-06-20 01:00:00+00:00,71.211974099
2025-06-20 02:00:00+00:00,68.029487636
2025-06-20 03:00:00+00:00,68.797405059
2025-06-20 04:00:00+00:00,78.870184610
2025-06-20 05:00:00+00:00,76.115624010
2025-06-20 06:00:00+00:00,74.668751411
2025-06-20 07:00:00+00:00,68.314814001
2025-06-20 08:00:00+00:00,77.070162373
2025-06-20 09:00:00+00:00,71.996289424
2025-06-20 10:00:00+00:00,73.501700376
2025-06-20 11:00:00+00:00,70.242540284
2025-06-20 12:00:00+00:00,75.112997692
2025-06-20 13:00:00+00:00,70.086794237
2025-06-20 14:00:00+00:00,61.804746150
2025-06-20 15:00:00+00:00,70.251549836
2025-06-20 16:00:00+00:00,74.539303966
2025-06-20 17:00:00+00:00,69.380139498
2025-06-20 18:00:00+00:00,81.818332902
2025-06-20 19:00:00+00:00,85.279763946
2025-06-20 20:00:00+00:00,86.901979184
2025-06-20 21:00:00+00:00,86.767138929
2025-06-20 22:00:00+00:00,82.675415172
2025-06-20 23:00:00+00:00,83.678146716
2025-06-21 00:00:00+00:00,67.055755046
2025-06-21 01:00:00+00:00,64.452776537
2025-06-21 02:00:00+00:00,63.529163453
2025-06-21 03:00:00+00:00,63.833889411
2025-06-21 04:00:00+00:00,71.328136866
2025-06-21 05:00:00+00:00,68.604727455
2025-06-21 06:00:00+00:00,63.798100236
2025-06-21 07:00:00+00:00,70.017216660
2025-06-21 08:00:00+00:00,67.308761149
2025-06-21 09:00:00+00:00,63.548065764
2025-06-21 10:00:00+00:00,64.062146648
2025-06-21 11:00:00+00:00,58.294454700
2025-06-21 12:00:00+00:00,62.187316558
2025-06-21 13:00:00+00:00,62.012113399
2025-06-21 14:00:00+00:00,60.567852854
2025-06-21 15:00:00+00:00,64.569504379
2025-06-21 16:00:00+00:00,63.486665195
2025-06-21 17:00:00+00:00,67.622292277
2025-06-21 18:00:00+00:00,73.894406178
2025-06-21 19:00:00+00:00,81.488453758
2025-06-21 20:00:00+00:00,79.168887512
2025-06-21 21:00:00+00:00,89.732191437
2025-06-21 22:00:00+00:00,67.191304104
2025-06-21 23:00:00+00:00,69.538339074
2025-06-22 00:00:00+00:00,62.936900683
2025-06-22 01:00:00+00:00,66.617399506
2025-06-22 02:00:00+00:00,57.562136729
2025-06-22 03:00:00+00:00,66.699482635
2025-06-22 04:00:00+00:00,66.304566717
2025-06-22 05:00:00+00:00,66.918013264
2025-06-22 06:00:00+00:00,66.521081143
2025-06-22 07:00:00+00:00,62.237493941
2025-06-22 08:00:00+00:00,66.740588765
2025-06-22 09:00:00+00:00,59.990351546
2025-06-22 10:00:00+00:00,62.464800891
2025-06-22 11:00:00+00:00,65.486919811
2025-06-22 12:00:00+00:00,56.176323983
2025-06-22 13:00:00+00:00,59.025577066
2025-06-22 14:00:00+00:00,58.563407096
2025-06-22 15:00:00+00:00,55.824158714
2025-06-22 16:00:00+00:00,61.094657427
2025-06-22 17:00:00+00:00,68.908243319
2025-06-22 18:00:00+00:00,73.188443699
2025-06-22 19:00:00+00:00,73.428090500
2025-06-22 20:00:00+00:00,87.696089657
2025-06-22 21:00:00+00:00,80.245119890
2025-06-22 22:00:00+00:00,72.605313428
2025-06-22 23:00:00+00:00,69.350699568
2025-06-23 00:00:00+00:00,69.723186240
2025-06-23 01:00:00+00:00,70.315260152
2025-06-23 02:00:00+00:00,72.307516981
2025-06-23 03:00:00+00:00,70.511910522
2025-06-23 04:00:00+00:00,72.036300022
2025-06-23 05:00:00+00:00,68.100871715
2025-06-23 06:00:00+00:00,72.040965563
2025-06-23 07:00:00+00:00,76.373739848
2025-06-23 08:00:00+00:00,78.400928605
2025-06-23 09:00:00+00:00,71.668719764
2025-06-23 10:00:00+00:00,71.886830613
2025-06-23 11:00:00+00:00,69.331396260
2025-06-23 12:00:00+00:00,76.538491487
2025-06-23 13:00:00+00:00,67.768590451
2025-06-23 14:00:00+00:00,64.609037166
2025-06-23 15:00:00+00:00,68.867238957
2025-06-23 16:00:00+00:00,71.553339680
2025-06-23 17:00:00+00:00,71.065607234
2025-06-23 18:00:00+00:00,81.911429766
2025-06-23 19:00:00+00:00,81.522648222
2025-06-23 20:00:00+00:00,86.469595307
2025-06-23 21:00:00+00:00,93.481307461
2025-06-23 22:00:00+00:00,86.308396454
2025-06-23 23:00:00+00:00,67.804050160
2025-06-24 00:00:00+00:00,74.195864913
2025-06-24 01:00:00+00:00,70.830495767
2025-06-24 02:00:00+00:00,71.114612722
2025-06-24 03:00:00+00:00,69.213485892
2025-06-24 04:00:00+00:00,71.377986037
2025-06-24 05:00:00+00:00,72.819388111
2025-06-24 06:00:00+00:00,67.971165023
2025-06-24 07:00:00+00:00,72.601373343
2025-06-24 08:00:00+00:00,74.857865437
2025-06-24 09:00:00+00:00,72.555510340
2025-06-24 10:00:00+00:00,71.807216262
2025-06-24 11:00:00+00:00,71.780041733
2025-06-24 12:00:00+00:00,67.761556475
2025-06-24 13:00:00+00:00,64.076606264
2025-06-24 14:00:00+00:00,67.167820772
2025-06-24 15:00:00+00:00,67.731484190
2025-06-24 16:00:00+00:00,72.756728469
2025-06-24 17:00:00+00:00,77.977824104
2025-06-24 18:00:00+00:00,78.994494499
2025-06-24 19:00:00+00:00,76.909280166
2025-06-24 20:00:00+00:00,86.393947731
2025-06-24 21:00:00+00:00,90.063587529
2025-06-24 22:00:00+00:00,79.268957352
2025-06-24 23:00:00+00:00,84.565660403
2025-06-25 00:00:00+00:00,75.036871957
2025-06-25 01:00:00+00:00,75.866322182
2025-06-25 02:00:00+00:00,73.037418864
2025-06-25 03:00:00+00:00,67.854623003
2025-06-25 04:00:00+00:00,64.861428457
2025-06-25 05:00:00+00:00,77.606033788
2025-06-25 06:00:00+00:00,78.008585586
2025-06-25 07:00:00+00:00,70.537723696
2025-06-25 08:00:00+00:00,80.533079797
2025-06-25 09:00:00+00:00,74.669057572
2025-06-25 10:00:00+00:00,72.996892136
2025-06-25 11:00:00+00:00,69.486087317
2025-06-25 12:00:00+00:00,71.434855425
2025-06-25 13:00:00+00:00,65.429550806
2025-06-25 14:00:00+00:00,69.235540423
2025-06-25 15:00:00+00:00,62.279207801
2025-06-25 16:00:00+00:00,69.950318468
2025-06-25 17:00:00+00:00,76.178378102
2025-06-25 18:00:00+00:00,84.374764930
2025-06-25 19:00:00+00:00,88.743941493
2025-06-25 20:00:00+00:00,85.070272974
2025-06-25 21:00:00+00:00,85.857878625
2025-06-25 22:00:00+00:00,80.524927231
2025-06-25 23:00:00+00:00,82.728957624
2025-06-26 00:00:00+00:00,78.730955328
2025-06-26 01:00:00+00:00,67.092797211
2025-06-26 02:00:00+00:00,76.636046424
2025-06-26 03:00:00+00:00,64.246938208
2025-06-26 04:00:00+00:00,72.482557545
2025-06-26 05:00:00+00:00,72.684532814
2025-06-26 06:00:00+00:00,73.825740528
2025-06-26 07:00:00+00:00,70.300573877
2025-06-26 08:00:00+00:00,68.448710245
2025-06-26 09:00:00+00:00,76.919774321
2025-06-26 10:00:00+00:00,70.974364151
2025-06-26 11:00:00+00:00,66.549438013
2025-06-26 12:00:00+00:00,62.708648570
2025-06-26 13:00:00+00:00,65.687116702
2025-06-26 14:00:00+00:00,63.057086843
2025-06-26 15:00:00+00:00,66.210821284
2025-06-26 16:00:00+00:00,70.843877011
2025-06-26 17:00:00+00:00,80.620503037
2025-06-26 18:00:00+00:00,81.440647999
2025-06-26 19:00:00+00:00,90.535894389
2025-06-26 20:00:00+00:00,86.495790606
2025-06-26 21:00:00+00:00,96.945250446
2025-06-26 22:00:00+00:00,84.029552342
2025-06-26 23:00:00+00:00,81.933614656
2025-06-27 00:00:00+00:00,80.970057213
2025-06-27 01:00:00+00:00,68.371109691
2025-06-27 02:00:00+00:00,72.718089574
2025-06-27 03:00:00+00:00,77.630733194
2025-06-27 04:00:00+00:00,73.835133342
2025-06-27 05:00:00+00:00,74.686976781
2025-06-27 06:00:00+00:00,70.272679307
2025-06-27 07:00:00+00:00,71.519768750
2025-06-27 08:00:00+00:00,76.938885381
2025-06-27 09:00:00+00:00,70.247338550
2025-06-27 10:00:00+00:00,70.926654344
2025-06-27 11:00:00+00:00,65.313614960
2025-06-27 12:00:00+00:00,71.435738131
2025-06-27 13:00:00+00:00,66.033687425
2025-06-27 14:00:00+00:00,64.505396915
2025-06-27 15:00:00+00:00,67.967839074
2025-06-27 16:00:00+00:00,76.810424991
2025-06-27 17:00:00+00:00,80.400500897
2025-06-27 18:00:00+00:00,82.257343596
2025-06-27 19:00:00+00:00,86.841266454
2025-06-27 20:00:00+00:00,82.722178147
2025-06-27 21:00:00+00:00,86.989769927
2025-06-27 22:00:00+00:00,83.528021153
2025-06-27 23:00:00+00:00,80.272072252
2025-06-28 00:00:00+00:00,63.288223503
2025-06-28 01:00:00+00:00,63.610259864
2025-06-28 02:00:00+00:00,61.697908232
2025-06-28 03:00:00+00:00,69.313063583
2025-06-28 04:00:00+00:00,66.797696125
2025-06-28 05:00:00+00:00,63.053441794
2025-06-28 06:00:00+00:00,66.426088828
2025-06-28 07:00:00+00:00,65.248292228
2025-06-28 08:00:00+00:00,68.037745815
2025-06-28 09:00:00+00:00,68.174246819
2025-06-28 10:00:00+00:00,65.501824421
2025-06-28 11:00:00+00:00,60.019265195
2025-06-28 12:00:00+00:00,60.829625935
2025-06-28 13:00:00+00:00,60.046808930
2025-06-28 14:00:00+00:00,60.490518243
2025-06-28 15:00:00+00:00,59.411998552
2025-06-28 16:00:00+00:00,61.042881136
2025-06-28 17:00:00+00:00,62.510262150
2025-06-28 18:00:00+00:00,67.418962846
2025-06-28 19:00:00+00:00,73.084538598
2025-06-28 20:00:00+00:00,72.756862139
2025-06-28 21:00:00+00:00,84.537830392
2025-06-28 22:00:00+00:00,78.236186178
2025-06-28 23:00:00+00:00,73.122343663
2025-06-29 00:00:00+00:00,66.555905196
2025-06-29 01:00:00+00:00,65.491356381
2025-06-29 02:00:00+00:00,66.313587790
2025-06-29 03:00:00+00:00,60.829185381
2025-06-29 04:00:00+00:00,58.675309111
2025-06-29 05:00:00+00:00,69.254036672
2025-06-29 06:00:00+00:00,64.179256601
2025-06-29 07:00:00+00:00,59.511495940
2025-06-29 08:00:00+00:00,68.701876590
2025-06-29 09:00:00+00:00,71.743698158
2025-06-29 10:00:00+00:00,64.181602841
2025-06-29 11:00:00+00:00,60.635824616
2025-06-29 12:00:00+00:00,60.546524107
2025-06-29 13:00:00+00:00,54.364168799
2025-06-29 14:00:00+00:00,58.924360085
2025-06-29 15:00:00+00:00,55.561501507
2025-06-29 16:00:00+00:00,59.890101953
2025-06-29 17:00:00+00:00,70.624850961
2025-06-29 18:00:00+00:00,64.194875765
2025-06-29 19:00:00+00:00,74.946460139
2025-06-29 20:00:00+00:00,81.172012115
2025-06-29 21:00:00+00:00,85.865963375
2025-06-29 22:00:00+00:00,80.470456829
2025-06-29 23:00:00+00:00,76.530123271
2025-06-30 00:00:00+00:00,70.061654055
2025-06-30 01:00:00+00:00,72.153493084
2025-06-30 02:00:00+00:00,74.608478530
2025-06-30 03:00:00+00:00,70.010862890
2025-06-30 04:00:00+00:00,72.399053211
2025-06-30 05:00:00+00:00,68.291814172
2025-06-30 06:00:00+00:00,78.968024847
2025-06-30 07:00:00+00:00,73.354775374
2025-06-30 08:00:00+00:00,76.747393113
2025-06-30 09:00:00+00:00,73.319832598
2025-06-30 10:00:00+00:00,71.344580185
2025-06-30 11:00:00+00:00,63.849167975
2025-06-30 12:00:00+00:00,70.734862733
2025-06-30 13:00:00+00:00,67.530011411
2025-06-30 14:00:00+00:00,66.037234474
2025-06-30 15:00:00+00:00,66.480720702
2025-06-30 16:00:00+00:00,65.537954532
2025-06-30 17:00:00+00:00,82.270306029
2025-06-30 18:00:00+00:00,77.871558307
2025-06-30 19:00:00+00:00,91.768951335
2025-06-30 20:00:00+00:00,99.789907934
2025-06-30 21:00:00+00:00,86.537967253
2025-06-30 22:00:00+00:00,90.086812237
2025-06-30 23:00:00+00:00,80.156422588
2025-07-01 00:00:00+00:00,71.793804471
2025-07-01 01:00:00+00:00,73.673259228
2025-07-01 02:00:00+00:00,74.250477137
2025-07-01 03:00:00+00:00,68.360620777
2025-07-01 04:00:00+00:00,74.712624959
2025-07-01 05:00:00+00:00,62.221334863
2025-07-01 06:00:00+00:00,68.190355521
2025-07-01 07:00:00+00:00,71.735678187
2025-07-01 08:00:00+00:00,71.586751333
2025-07-01 09:00:00+00:00,76.187857495
2025-07-01 10:00:00+00:00,72.647083031
2025-07-01 11:00:00+00:00,64.235275946
2025-07-01 12:00:00+00:00,64.755249983
2025-07-01 13:00:00+00:00,60.214781830
2025-07-01 14:00:00+00:00,62.423218475
2025-07-01 15:00:00+00:00,67.083695252
2025-07-01 16:00:00+00:00,68.187500357
2025-07-01 17:00:00+00:00,67.714488035
2025-07-01 18:00:00+00:00,72.391752343
2025-07-01 19:00:00+00:00,84.813760736
2025-07-01 20:00:00+00:00,80.205456842
2025-07-01 21:00:00+00:00,76.535829326
2025-07-01 22:00:00+00:00,84.347647646
2025-07-01 23:00:00+00:00,70.106473821
2025-07-02 00:00:00+00:00,72.633819663
2025-07-02 01:00:00+00:00,72.955310294
2025-07-02 02:00:00+00:00,67.268226969
2025-07-02 03:00:00+00:00,73.411945959
2025-07-02 04:00:00+00:00,69.437291691
2025-07-02 05:00:00+00:00,66.065015862
2025-07-02 06:00:00+00:00,68.576941770
2025-07-02 07:00:00+00:00,72.209316773
2025-07-02 08:00:00+00:00,76.682908675
2025-07-02 09:00:00+00:00,71.552974948
2025-07-02 10:00:00+00:00,63.829660002
2025-07-02 11:00:00+00:00,70.183418694
2025-07-02 12:00:00+00:00,68.456130918
2025-07-02 13:00:00+00:00,64.174474559
2025-07-02 14:00:00+00:00,66.850706456
2025-07-02 15:00:00+00:00,64.646566128
2025-07-02 16:00:00+00:00,71.608643526
2025-07-02 17:00:00+00:00,61.859616856
2025-07-02 18:00:00+00:00,76.416453860
2025-07-02 19:00:00+00:00,81.278980361
2025-07-02 20:00:00+00:00,86.893584144
2025-07-02 21:00:00+00:00,79.974019187
2025-07-02 22:00:00+00:00,80.176616432
2025-07-02 23:00:00+00:00,84.644275114
2025-07-03 00:00:00+00:00,66.499832609
2025-07-03 01:00:00+00:00,73.099184538
2025-07-03 02:00:00+00:00,73.839993748
2025-07-03 03:00:00+00:00,72.983457273
2025-07-03 04:00:00+00:00,70.507735346
2025-07-03 05:00:00+00:00,69.759048247
2025-07-03 06:00:00+00:00,74.069511755
2025-07-03 07:00:00+00:00,69.625795877
2025-07-03 08:00:00+00:00,73.166340863
2025-07-03 09:00:00+00:00,73.844219444
2025-07-03 10:00:00+00:00,76.825827251
2025-07-03 11:00:00+00:00,69.091169618
2025-07-03 12:00:00+00:00,61.882513887
2025-07-03 13:00:00+00:00,65.664489529
2025-07-03 14:00:00+00:00,66.719936623
2025-07-03 15:00:00+00:00,67.873490237
2025-07-03 16:00:00+00:00,58.964624243
2025-07-03 17:00:00+00:00,75.306707845
2025-07-03 18:00:00+00:00,78.094563745
2025-07-03 19:00:00+00:00,75.549523311
2025-07-03 20:00:00+00:00,92.470538391
2025-07-03 21:00:00+00:00,75.135171662
2025-07-03 22:00:00+00:00,78.738013931
2025-07-03 23:00:00+00:00,80.785350918
2025-07-04 00:00:00+00:00,66.499623979
2025-07-04 01:00:00+00:00,79.093196467
2025-07-04 02:00:00+00:00,65.809799386
2025-07-04 03:00:00+00:00,71.071240376
2025-07-04 04:00:00+00:00,68.152939979
2025-07-04 05:00:00+00:00,66.948098503
2025-07-04 06:00:00+00:00,71.101093601
2025-07-04 07:00:00+00:00,71.613032708
2025-07-04 08:00:00+00:00,65.536717805
2025-07-04 09:00:00+00:00,73.850187874
2025-07-04 10:00:00+00:00,73.038795352
2025-07-04 11:00:00+00:00,68.198433933
2025-07-04 12:00:00+00:00,67.106635445
2025-07-04 13:00:00+00:00,64.923618145
2025-07-04 14:00:00+00:00,62.834711406
2025-07-04 15:00:00+00:00,66.792339109
2025-07-04 16:00:00+00:00,61.364910804
2025-07-04 17:00:00+00:00,74.035323369
2025-07-04 18:00:00+00:00,81.204044368
2025-07-04 19:00:00+00:00,84.478361257
2025-07-04 20:00:00+00:00,88.980481539
2025-07-04 21:00:00+00:00,83.800218117
2025-07-04 22:00:00+00:00,84.317881703
2025-07-04 23:00:00+00:00,81.563628583
2025-07-05 00:00:00+00:00,59.063827642
2025-07-05 01:00:00+00:00,59.596481670
2025-07-05 02:00:00+00:00,62.806564155
2025-07-05 03:00:00+00:00,60.354741387
2025-07-05 04:00:00+00:00,65.348233448
2025-07-05 05:00:00+00:00,59.417802793
2025-07-05 06:00:00+00:00,63.278798238
2025-07-05 07:00:00+00:00,66.521597894
2025-07-05 08:00:00+00:00,70.070530893
2025-07-05 09:00:00+00:00,55.467660279
2025-07-05 10:00:00+00:00,66.574402246
2025-07-05 11:00:00+00:00,60.263037867
2025-07-05 12:00:00+00:00,52.051325962
2025-07-05 13:00:00+00:00,60.256008164
2025-07-05 14:00:00+00:00,53.685426143
2025-07-05 15:00:00+00:00,58.388608145
2025-07-05 16:00:00+00:00,62.704100353
2025-07-05 17:00:00+00:00,64.542960127
2025-07-05 18:00:00+00:00,77.359414965
2025-07-05 19:00:00+00:00,73.828151712
2025-07-05 20:00:00+00:00,87.180985511
2025-07-05 21:00:00+00:00,72.904428858
2025-07-05 22:00:00+00:00,74.755013478
2025-07-05 23:00:00+00:00,72.244734494
2025-07-06 00:00:00+00:00,63.250328615
2025-07-06 01:00:00+00:00,61.281153059
2025-07-06 02:00:00+00:00,62.739841067
2025-07-06 03:00:00+00:00,59.451197043
2025-07-06 04:00:00+00:00,64.447199746
2025-07-06 05:00:00+00:00,66.642461291
2025-07-06 06:00:00+00:00,63.804517717
2025-07-06 07:00:00+00:00,67.838666026
2025-07-06 08:00:00+00:00,64.582116505
2025-07-06 09:00:00+00:00,57.980830251
2025-07-06 10:00:00+00:00,63.781644262
2025-07-06 11:00:00+00:00,59.366815774
2025-07-06 12:00:00+00:00,57.784403033
2025-07-06 13:00:00+00:00,52.354759200
2025-07-06 14:00:00+00:00,55.023789086
2025-07-06 15:00:00+00:00,57.136039157
2025-07-06 16:00:00+00:00,59.615232449
2025-07-06 17:00:00+00:00,60.095265728
2025-07-06 18:00:00+00:00,71.906430103
2025-07-06 19:00:00+00:00,80.683621879
2025-07-06 20:00:00+00:00,80.267891959
2025-07-06 21:00:00+00:00,77.216282300
2025-07-06 22:00:00+00:00,68.599344077
2025-07-06 23:00:00+00:00,67.712340633
2025-07-07 00:00:00+00:00,68.970362047
2025-07-07 01:00:00+00:00,72.222021086
2025-07-07 02:00:00+00:00,69.353397348
2025-07-07 03:00:00+00:00,70.698293738
2025-07-07 04:00:00+00:00,69.416159063
2025-07-07 05:00:00+00:00,68.688422844
2025-07-07 06:00:00+00:00,70.820448353
2025-07-07 07:00:00+00:00,68.632129416
2025-07-07 08:00:00+00:00,68.724499127
2025-07-07 09:00:00+00:00,69.862203826
2025-07-07 10:00:00+00:00,71.327209633
2025-07-07 11:00:00+00:00,69.423482054
2025-07-07 12:00:00+00:00,69.056700035
2025-07-07 13:00:00+00:00,61.684689371
2025-07-07 14:00:00+00:00,59.826711583
2025-07-07 15:00:00+00:00,65.989649778
2025-07-07 16:00:00+00:00,66.782764848
2025-07-07 17:00:00+00:00,71.361874307
2025-07-07 18:00:00+00:00,68.993749345
2025-07-07 19:00:00+00:00,85.309873242
2025-07-07 20:00:00+00:00,83.460898722
2025-07-07 21:00:00+00:00,79.023419995
2025-07-07 22:00:00+00:00,77.357185522
2025-07-07 23:00:00+00:00,81.393068871
2025-07-08 00:00:00+00:00,71.610625574
2025-07-08 01:00:00+00:00,71.350715504
2025-07-08 02:00:00+00:00,70.362407346
2025-07-08 03:00:00+00:00,67.445811647
2025-07-08 04:00:00+00:00,77.359349360
2025-07-08 05:00:00+00:00,68.532387785
2025-07-08 06:00:00+00:00,73.161007421
2025-07-08 07:00:00+00:00,76.959343890
2025-07-08 08:00:00+00:00,70.100398442
2025-07-08 09:00:00+00:00,67.784160052
2025-07-08 10:00:00+00:00,73.053741422
2025-07-08 11:00:00+00:00,60.222762389
2025-07-08 12:00:00+00:00,67.874863045
2025-07-08 13:00:00+00:00,67.509781429
2025-07-08 14:00:00+00:00,67.825545197
2025-07-08 15:00:00+00:00,64.349739973
2025-07-08 16:00:00+00:00,64.709667419
2025-07-08 17:00:00+00:00,71.383966203
2025-07-08 18:00:00+00:00,78.207318653
2025-07-08 19:00:00+00:00,75.926273511
2025-07-08 20:00:00+00:00,90.396281008
2025-07-08 21:00:00+00:00,81.055035744
2025-07-08 22:00:00+00:00,84.993580774
2025-07-08 23:00:00+00:00,76.864934168
2025-07-09 00:00:00+00:00,66.582419236
2025-07-09 01:00:00+00:00,69.417116083
2025-07-09 02:00:00+00:00,67.852316914
2025-07-09 03:00:00+00:00,70.016126321
2025-07-09 04:00:00+00:00,59.892448169
2025-07-09 05:00:00+00:00,77.524368567
2025-07-09 06:00:00+00:00,81.363636906
2025-07-09 07:00:00+00:00,69.098877338
2025-07-09 08:00:00+00:00,79.502762437
2025-07-09 09:00:00+00:00,72.923980967
2025-07-09 10:00:00+00:00,72.724729100
2025-07-09 11:00:00+00:00,68.489747926
2025-07-09 12:00:00+00:00,62.577468604
2025-07-09 13:00:00+00:00,62.330354829
2025-07-09 14:00:00+00:00,61.585243542
2025-07-09 15:00:00+00:00,63.607230913
2025-07-09 16:00:00+00:00,66.126889748
2025-07-09 17:00:00+00:00,77.376154182
2025-07-09 18:00:00+00:00,78.615328245
2025-07-09 19:00:00+00:00,84.836717130
2025-07-09 20:00:00+00:00,82.187246505
2025-07-09 21:00:00+00:00,81.616052126
2025-07-09 22:00:00+00:00,81.603994017
2025-07-09 23:00:00+00:00,68.645644913
2025-07-10 00:00:00+00:00,69.967022185
2025-07-10 01:00:00+00:00,69.082342697
2025-07-10 02:00:00+00:00,71.251800566
2025-07-10 03:00:00+00:00,71.650079398
2025-07-10 04:00:00+00:00,64.399151868
2025-07-10 05:00:00+00:00,70.930095200
2025-07-10 06:00:00+00:00,70.838715545
2025-07-10 07:00:00+00:00,76.202553685
2025-07-10 08:00:00+00:00,70.936813799
2025-07-10 09:00:00+00:00,78.926863536
2025-07-10 10:00:00+00:00,69.090943684
2025-07-10 11:00:00+00:00,70.419266491
2025-07-10 12:00:00+00:00,65.416027314
2025-07-10 13:00:00+00:00,59.891749695
2025-07-10 14:00:00+00:00,59.588535999
2025-07-10 15:00:00+00:00,72.298726596
2025-07-10 16:00:00+00:00,73.667569864
2025-07-10 17:00:00+00:00,75.761807665
2025-07-10 18:00:00+00:00,76.708613266
2025-07-10 19:00:00+00:00,89.605312418
2025-07-10 20:00:00+00:00,83.422823259
2025-07-10 21:00:00+00:00,90.707128671
2025-07-10 22:00:00+00:00,76.288905823
2025-07-10 23:00:00+00:00,75.898187132
2025-07-11 00:00:00+00:00,69.793359052
2025-07-11 01:00:00+00:00,73.522748838
2025-07-11 02:00:00+00:00,71.337532564
2025-07-11 03:00:00+00:00,71.468398674
2025-07-11 04:00:00+00:00,73.873944497
2025-07-11 05:00:00+00:00,68.686138160
2025-07-11 06:00:00+00:00,72.026808916
2025-07-11 07:00:00+00:00,70.743931985
2025-07-11 08:00:00+00:00,71.138085737
2025-07-11 09:00:00+00:00,73.976135587
2025-07-11 10:00:00+00:00,66.322661369
2025-07-11 11:00:00+00:00,71.042894114
2025-07-11 12:00:00+00:00,60.307901660
2025-07-11 13:00:00+00:00,62.211595497
2025-07-11 14:00:00+00:00,67.871037642
2025-07-11 15:00:00+00:00,67.828916594
2025-07-11 16:00:00+00:00,67.697652397
2025-07-11 17:00:00+00:00,72.310683933
2025-07-11 18:00:00+00:00,75.096238411
2025-07-11 19:00:00+00:00,86.192136988
2025-07-11 20:00:00+00:00,79.653916809
2025-07-11 21:00:00+00:00,87.461665514
2025-07-11 22:00:00+00:00,78.720795472
2025-07-11 23:00:00+00:00,74.341112593
2025-07-12 00:00:00+00:00,65.611084733
2025-07-12 01:00:00+00:00,63.768168431
2025-07-12 02:00:00+00:00,58.956905935
2025-07-12 03:00:00+00:00,64.586622079
2025-07-12 04:00:00+00:00,65.774984372
2025-07-12 05:00:00+00:00,65.146385520
2025-07-12 06:00:00+00:00,60.223132533
2025-07-12 07:00:00+00:00,61.370229997
2025-07-12 08:00:00+00:00,66.911245369
2025-07-12 09:00:00+00:00,61.029398349
2025-07-12 10:00:00+00:00,57.681423554
2025-07-12 11:00:00+00:00,55.277623529
2025-07-12 12:00:00+00:00,61.256930325
2025-07-12 13:00:00+00:00,54.506731028
2025-07-12 14:00:00+00:00,58.012123716
2025-07-12 15:00:00+00:00,58.132597062
2025-07-12 16:00:00+00:00,64.182261592
2025-07-12 17:00:00+00:00,62.592952457
2025-07-12 18:00:00+00:00,73.773814381
2025-07-12 19:00:00+00:00,78.081987718
2025-07-12 20:00:00+00:00,74.566951328
2025-07-12 21:00:00+00:00,75.354431916
2025-07-12 22:00:00+00:00,73.987701353
2025-07-12 23:00:00+00:00,64.604838684
2025-07-13 00:00:00+00:00,61.200544933
2025-07-13 01:00:00+00:00,65.497260866
2025-07-13 02:00:00+00:00,63.091197466
2025-07-13 03:00:00+00:00,58.271383497
2025-07-13 04:00:00+00:00,59.113293023
2025-07-13 05:00:00+00:00,62.863126612
2025-07-13 06:00:00+00:00,64.676096932
2025-07-13 07:00:00+00:00,64.564789540
2025-07-13 08:00:00+00:00,71.260205416
2025-07-13 09:00:00+00:00,61.867530154
2025-07-13 10:00:00+00:00,63.169762644
2025-07-13 11:00:00+00:00,55.355692480
2025-07-13 12:00:00+00:00,56.341499518
2025-07-13 13:00:00+00:00,58.608611300
2025-07-13 14:00:00+00:00,61.102153156
2025-07-13 15:00:00+00:00,57.755663276
2025-07-13 16:00:00+00:00,58.248712180
2025-07-13 17:00:00+00:00,69.116184628
2025-07-13 18:00:00+00:00,68.456860562
2025-07-13 19:00:00+00:00,75.957401709
2025-07-13 20:00:00+00:00,72.489288171
2025-07-13 21:00:00+00:00,75.559827495
2025-07-13 22:00:00+00:00,73.785910092
2025-07-13 23:00:00+00:00,66.057927513
2025-07-14 00:00:00+00:00,67.138299528
2025-07-14 01:00:00+00:00,69.638023759
2025-07-14 02:00:00+00:00,64.784001792
2025-07-14 03:00:00+00:00,61.840294589
2025-07-14 04:00:00+00:00,74.495593103
2025-07-14 05:00:00+00:00,74.873908255
2025-07-14 06:00:00+00:00,74.639085215
2025-07-14 07:00:00+00:00,63.709664045
2025-07-14 08:00:00+00:00,75.509072037
2025-07-14 09:00:00+00:00,72.246176539
2025-07-14 10:00:00+00:00,60.663029441
2025-07-14 11:00:00+00:00,68.087013891
2025-07-14 12:00:00+00:00,69.320756218
2025-07-14 13:00:00+00:00,63.790065861
2025-07-14 14:00:00+00:00,64.141449494
2025-07-14 15:00:00+00:00,61.956395162
2025-07-14 16:00:00+00:00,64.840193287
2025-07-14 17:00:00+00:00,69.528745823
2025-07-14 18:00:00+00:00,69.833754515
2025-07-14 19:00:00+00:00,90.105861532
2025-07-14 20:00:00+00:00,91.191635710
2025-07-14 21:00:00+00:00,90.726057111
2025-07-14 22:00:00+00:00,77.911480447
2025-07-14 23:00:00+00:00,75.508587765
2025-07-15 00:00:00+00:00,65.894003331
2025-07-15 01:00:00+00:00,75.084545049
2025-07-15 02:00:00+00:00,66.341256953
2025-07-15 03:00:00+00:00,68.185978215
2025-07-15 04:00:00+00:00,71.989975429
2025-07-15 05:00:00+00:00,73.467588523
2025-07-15 06:00:00+00:00,74.350325143
2025-07-15 07:00:00+00:00,63.415884326
2025-07-15 08:00:00+00:00,77.702014075
2025-07-15 09:00:00+00:00,74.511149181
2025-07-15 10:00:00+00:00,75.745464772
2025-07-15 11:00:00+00:00,64.543968190
2025-07-15 12:00:00+00:00,58.789541316
2025-07-15 13:00:00+00:00,68.304142776
2025-07-15 14:00:00+00:00,62.175797860
2025-07-15 15:00:00+00:00,70.972377472
2025-07-15 16:00:00+00:00,66.111191865
2025-07-15 17:00:00+00:00,71.856298175
2025-07-15 18:00:00+00:00,73.657820902
2025-07-15 19:00:00+00:00,80.722150538
2025-07-15 20:00:00+00:00,85.443538503
2025-07-15 21:00:00+00:00,82.888412307
2025-07-15 22:00:00+00:00,74.741756922
2025-07-15 23:00:00+00:00,74.377101094
2025-07-16 00:00:00+00:00,72.738187286
2025-07-16 01:00:00+00:00,63.500549768
2025-07-16 02:00:00+00:00,67.881511047
2025-07-16 03:00:00+00:00,73.399253257
2025-07-16 04:00:00+00:00,76.137456963
2025-07-16 05:00:00+00:00,68.691549920
2025-07-16 06:00:00+00:00,78.516643164
2025-07-16 07:00:00+00:00,63.320194456
2025-07-16 08:00:00+00:00,73.655558553
2025-07-16 09:00:00+00:00,73.419515161
2025-07-16 10:00:00+00:00,68.646394338
2025-07-16 11:00:00+00:00,66.681823698
2025-07-16 12:00:00+00:00,69.721988188
2025-07-16 13:00:00+00:00,59.446492879
2025-07-16 14:00:00+00:00,62.530766208
2025-07-16 15:00:00+00:00,66.627602649
2025-07-16 16:00:00+00:00,72.819180437
2025-07-16 17:00:00+00:00,65.909163188
2025-07-16 18:00:00+00:00,80.641619583
2025-07-16 19:00:00+00:00,83.389033771
2025-07-16 20:00:00+00:00,78.008662885
2025-07-16 21:00:00+00:00,82.437350121
2025-07-16 22:00:00+00:00,75.043443331
2025-07-16 23:00:00+00:00,80.184150346
2025-07-17 00:00:00+00:00,73.558034107
2025-07-17 01:00:00+00:00,66.872928057
2025-07-17 02:00:00+00:00,70.857429262
2025-07-17 03:00:00+00:00,72.892126164
2025-07-17 04:00:00+00:00,66.696253356
2025-07-17 05:00:00+00:00,66.606209030
2025-07-17 06:00:00+00:00,74.100714634
2025-07-17 07:00:00+00:00,81.094864478
2025-07-17 08:00:00+00:00,74.668888398
2025-07-17 09:00:00+00:00,77.622723545
2025-07-17 10:00:00+00:00,68.218555174
2025-07-17 11:00:00+00:00,69.080997490
2025-07-17 12:00:00+00:00,68.148761205
2025-07-17 13:00:00+00:00,65.012464866
2025-07-17 14:00:00+00:00,62.040248460
2025-07-17 15:00:00+00:00,68.782614933
2025-07-17 16:00:00+00:00,65.047755938
2025-07-17 17:00:00+00:00,75.591951600
2025-07-17 18:00:00+00:00,79.936857880
2025-07-17 19:00:00+00:00,88.657449466
2025-07-17 20:00:00+00:00,88.044016412
2025-07-17 21:00:00+00:00,84.509424435
2025-07-17 22:00:00+00:00,84.154378757
2025-07-17 23:00:00+00:00,78.050071921
2025-07-18 00:00:00+00:00,62.507222669
2025-07-18 01:00:00+00:00,68.358458283
2025-07-18 02:00:00+00:00,62.145655631
2025-07-18 03:00:00+00:00,69.811075251
2025-07-18 04:00:00+00:00,70.588025800
2025-07-18 05:00:00+00:00,67.271363332
2025-07-18 06:00:00+00:00,72.446798749
2025-07-18 07:00:00+00:00,72.416941073
2025-07-18 08:00:00+00:00,67.516655402
2025-07-18 09:00:00+00:00,76.651022135
2025-07-18 10:00:00+00:00,67.749054588
2025-07-18 11:00:00+00:00,72.099850971
2025-07-18 12:00:00+00:00,63.068576239
2025-07-18 13:00:00+00:00,64.659166583
2025-07-18 14:00:00+00:00,59.333174075
2025-07-18 15:00:00+00:00,66.171635001
2025-07-18 16:00:00+00:00,65.415927577
2025-07-18 17:00:00+00:00,69.825309811
2025-07-18 18:00:00+00:00,80.162265432
2025-07-18 19:00:00+00:00,82.306294697
2025-07-18 20:00:00+00:00,88.091379486
2025-07-18 21:00:00+00:00,87.273218773
2025-07-18 22:00:00+00:00,75.417731427
2025-07-18 23:00:00+00:00,78.371684890
2025-07-19 00:00:00+00:00,62.816016910
2025-07-19 01:00:00+00:00,64.666201028
2025-07-19 02:00:00+00:00,58.506829331
2025-07-19 03:00:00+00:00,66.695288598
2025-07-19 04:00:00+00:00,67.277293507
2025-07-19 05:00:00+00:00,60.677264281
2025-07-19 06:00:00+00:00,70.206830309
2025-07-19 07:00:00+00:00,58.527511039
2025-07-19 08:00:00+00:00,68.152275891
2025-07-19 09:00:00+00:00,57.288452656
2025-07-19 10:00:00+00:00,57.776128378
2025-07-19 11:00:00+00:00,62.223509541
2025-07-19 12:00:00+00:00,58.333265650
2025-07-19 13:00:00+00:00,56.570982492
2025-07-19 14:00:00+00:00,52.279560900
2025-07-19 15:00:00+00:00,50.165698041
2025-07-19 16:00:00+00:00,62.459614552
2025-07-19 17:00:00+00:00,75.277044461
2025-07-19 18:00:00+00:00,66.989244491
2025-07-19 19:00:00+00:00,77.475914946
2025-07-19 20:00:00+00:00,74.178411059
2025-07-19 21:00:00+00:00,67.179512556
2025-07-19 22:00:00+00:00,73.864264274
2025-07-19 23:00:00+00:00,62.835182318
2025-07-20 00:00:00+00:00,58.007665202
2025-07-20 01:00:00+00:00,61.443434820
2025-07-20 02:00:00+00:00,58.214458799
2025-07-20 03:00:00+00:00,60.572860954
2025-07-20 04:00:00+00:00,66.727590025
2025-07-20 05:00:00+00:00,59.447732125
2025-07-20 06:00:00+00:00,61.581377751
2025-07-20 07:00:00+00:00,66.023876836
2025-07-20 08:00:00+00:00,58.159652919
2025-07-20 09:00:00+00:00,64.898462347
2025-07-20 10:00:00+00:00,64.289808799
2025-07-20 11:00:00+00:00,65.158163947
2025-07-20 12:00:00+00:00,59.940600149
2025-07-20 13:00:00+00:00,58.764042899
2025-07-20 14:00:00+00:00,58.155801163
2025-07-20 15:00:00+00:00,54.235886537
2025-07-20 16:00:00+00:00,62.001459835
2025-07-20 17:00:00+00:00,63.209075773
2025-07-20 18:00:00+00:00,72.687017224
2025-07-20 19:00:00+00:00,72.951630846
2025-07-20 20:00:00+00:00,79.781705329
2025-07-20 21:00:00+00:00,76.167271623
2025-07-20 22:00:00+00:00,70.360036159
2025-07-20 23:00:00+00:00,65.460881214
2025-07-21 00:00:00+00:00,67.922793944
2025-07-21 01:00:00+00:00,71.348394229
2025-07-21 02:00:00+00:00,78.758851040
2025-07-21 03:00:00+00:00,71.316676012
2025-07-21 04:00:00+00:00,66.799295381
2025-07-21 05:00:00+00:00,68.668881110
2025-07-21 06:00:00+00:00,74.661191661
2025-07-21 07:00:00+00:00,77.125467155
2025-07-21 08:00:00+00:00,67.185584480
2025-07-21 09:00:00+00:00,70.940085059
2025-07-21 10:00:00+00:00,70.105631379
2025-07-21 11:00:00+00:00,63.198570379
2025-07-21 12:00:00+00:00,63.891006636
2025-07-21 13:00:00+00:00,63.037658176
2025-07-21 14:00:00+00:00,61.240080976
2025-07-21 15:00:00+00:00,70.348142556
2025-07-21 16:00:00+00:00,68.609294482
2025-07-21 17:00:00+00:00,75.020947862
2025-07-21 18:00:00+00:00,76.656898439
2025-07-21 19:00:00+00:00,86.293643093
2025-07-21 20:00:00+00:00,85.280515051
2025-07-21 21:00:00+00:00,78.156162029
2025-07-21 22:00:00+00:00,84.759926586
2025-07-21 23:00:00+00:00,75.503584506
2025-07-22 00:00:00+00:00,75.586807713
2025-07-22 01:00:00+00:00,78.083720037
2025-07-22 02:00:00+00:00,66.011987865
2025-07-22 03:00:00+00:00,67.692664563
2025-07-22 04:00:00+00:00,62.362495400
2025-07-22 05:00:00+00:00,61.848991993
2025-07-22 06:00:00+00:00,69.679789450
2025-07-22 07:00:00+00:00,67.154179100
2025-07-22 08:00:00+00:00,64.606189013
2025-07-22 09:00:00+00:00,72.545584419
2025-07-22 10:00:00+00:00,68.515390953
2025-07-22 11:00:00+00:00,68.427581403
2025-07-22 12:00:00+00:00,59.900950651
2025-07-22 13:00:00+00:00,65.729759150
2025-07-22 14:00:00+00:00,68.269912729
2025-07-22 15:00:00+00:00,64.293013946
2025-07-22 16:00:00+00:00,65.926883007
2025-07-22 17:00:00+00:00,67.231062650
2025-07-22 18:00:00+00:00,82.161097125
2025-07-22 19:00:00+00:00,84.937773383
2025-07-22 20:00:00+00:00,81.516703661
2025-07-22 21:00:00+00:00,92.083195590
2025-07-22 22:00:00+00:00,76.813173017
2025-07-22 23:00:00+00:00,74.134428742
2025-07-23 00:00:00+00:00,67.911131792
2025-07-23 01:00:00+00:00,71.264273385
2025-07-23 02:00:00+00:00,67.670735999
2025-07-23 03:00:00+00:00,71.478773179
2025-07-23 04:00:00+00:00,76.578261267
2025-07-23 05:00:00+00:00,68.949033841
2025-07-23 06:00:00+00:00,71.794076110
2025-07-23 07:00:00+00:00,71.428607588
2025-07-23 08:00:00+00:00,67.085272994
2025-07-23 09:00:00+00:00,69.161518328
2025-07-23 10:00:00+00:00,70.367950291
2025-07-23 11:00:00+00:00,67.983270171
2025-07-23 12:00:00+00:00,64.928046151
2025-07-23 13:00:00+00:00,67.605234918
2025-07-23 14:00:00+00:00,60.283803289
2025-07-23 15:00:00+00:00,67.004925980
2025-07-23 16:00:00+00:00,64.935258611
2025-07-23 17:00:00+00:00,76.616197161
2025-07-23 18:00:00+00:00,76.159034959
2025-07-23 19:00:00+00:00,83.565655920
2025-07-23 20:00:00+00:00,86.327921019
2025-07-23 21:00:00+00:00,90.494821566
2025-07-23 22:00:00+00:00,82.616961227
2025-07-23 23:00:00+00:00,67.161907463
2025-07-24 00:00:00+00:00,67.848919857
2025-07-24 01:00:00+00:00,70.112552500
2025-07-24 02:00:00+00:00,71.276103333
2025-07-24 03:00:00+00:00,70.654848450
2025-07-24 04:00:00+00:00,72.098590825
2025-07-24 05:00:00+00:00,71.726567390
2025-07-24 06:00:00+00:00,70.127500425
2025-07-24 07:00:00+00:00,67.551034388
2025-07-24 08:00:00+00:00,71.163796002
2025-07-24 09:00:00+00:00,69.942346300
2025-07-24 10:00:00+00:00,65.785663620
2025-07-24 11:00:00+00:00,60.757176934
2025-07-24 12:00:00+00:00,66.118767369
2025-07-24 13:00:00+00:00,65.382018574
2025-07-24 14:00:00+00:00,62.268779170
2025-07-24 15:00:00+00:00,68.551337874
2025-07-24 16:00:00+00:00,66.350267777
2025-07-24 17:00:00+00:00,70.166693135
2025-07-24 18:00:00+00:00,76.682066719
2025-07-24 19:00:00+00:00,78.648843657
2025-07-24 20:00:00+00:00,89.233062723
2025-07-24 21:00:00+00:00,86.781650206
2025-07-24 22:00:00+00:00,76.974559513
2025-07-24 23:00:00+00:00,80.254214301
2025-07-25 00:00:00+00:00,75.243880277
2025-07-25 01:00:00+00:00,69.827676582
2025-07-25 02:00:00+00:00,68.166978460
2025-07-25 03:00:00+00:00,72.023656892
2025-07-25 04:00:00+00:00,70.619612909
2025-07-25 05:00:00+00:00,63.748594105
2025-07-25 06:00:00+00:00,72.310588780
2025-07-25 07:00:00+00:00,73.258916735
2025-07-25 08:00:00+00:00,77.661788650
2025-07-25 09:00:00+00:00,70.497222444
2025-07-25 10:00:00+00:00,67.515895066
2025-07-25 11:00:00+00:00,63.956321957
2025-07-25 12:00:00+00:00,64.392429589
2025-07-25 13:00:00+00:00,58.140158685
2025-07-25 14:00:00+00:00,66.299290442
2025-07-25 15:00:00+00:00,65.912003695
2025-07-25 16:00:00+00:00,69.004790910
2025-07-25 17:00:00+00:00,72.087482973
2025-07-25 18:00:00+00:00,82.356539381
2025-07-25 19:00:00+00:00,87.280658625
2025-07-25 20:00:00+00:00,84.864327735
2025-07-25 21:00:00+00:00,92.733211005
2025-07-25 22:00:00+00:00,85.039581849
2025-07-25 23:00:00+00:00,72.293977877
2025-07-26 00:00:00+00:00,59.896895606
2025-07-26 01:00:00+00:00,64.055060173
2025-07-26 02:00:00+00:00,54.949958834
2025-07-26 03:00:00+00:00,67.263649630
2025-07-26 04:00:00+00:00,64.676119156
2025-07-26 05:00:00+00:00,63.667494457
2025-07-26 06:00:00+00:00,69.987091248
2025-07-26 07:00:00+00:00,65.755360023
2025-07-26 08:00:00+00:00,63.390401137
2025-07-26 09:00:00+00:00,64.229677286
2025-07-26 10:00:00+00:00,68.334850510
2025-07-26 11:00:00+00:00,58.999552112
2025-07-26 12:00:00+00:00,57.326918184
2025-07-26 13:00:00+00:00,58.066500695
2025-07-26 14:00:00+00:00,52.848489501
2025-07-26 15:00:00+00:00,60.171403899
2025-07-26 16:00:00+00:00,53.784548518
2025-07-26 17:00:00+00:00,64.803295344
2025-07-26 18:00:00+00:00,70.413787151
2025-07-26 19:00:00+00:00,74.555093780
2025-07-26 20:00:00+00:00,73.739628027
2025-07-26 21:00:00+00:00,72.331131727
2025-07-26 22:00:00+00:00,77.161203867
2025-07-26 23:00:00+00:00,71.738399647
2025-07-27 00:00:00+00:00,62.573223353
2025-07-27 01:00:00+00:00,61.015777739
2025-07-27 02:00:00+00:00,62.762138052
2025-07-27 03:00:00+00:00,66.924298555
2025-07-27 04:00:00+00:00,65.229323173
2025-07-27 05:00:00+00:00,61.187873559
2025-07-27 06:00:00+00:00,64.676337952
2025-07-27 07:00:00+00:00,61.685659146
2025-07-27 08:00:00+00:00,70.111302494
2025-07-27 09:00:00+00:00,62.740588391
2025-07-27 10:00:00+00:00,63.811390971
2025-07-27 11:00:00+00:00,59.515735365
2025-07-27 12:00:00+00:00,60.466608355
2025-07-27 13:00:00+00:00,52.914740776
2025-07-27 14:00:00+00:00,55.444472806
2025-07-27 15:00:00+00:00,60.001671894
2025-07-27 16:00:00+00:00,57.987129074
2025-07-27 17:00:00+00:00,63.289696328
2025-07-27 18:00:00+00:00,71.380945413
2025-07-27 19:00:00+00:00,79.703407337
2025-07-27 20:00:00+00:00,77.560620427
2025-07-27 21:00:00+00:00,76.919396841
2025-07-27 22:00:00+00:00,69.966149314
2025-07-27 23:00:00+00:00,72.863708171
2025-07-28 00:00:00+00:00,63.775662491
2025-07-28 01:00:00+00:00,71.681737215
2025-07-28 02:00:00+00:00,68.285821898
2025-07-28 03:00:00+00:00,70.002750940
2025-07-28 04:00:00+00:00,71.145905805
2025-07-28 05:00:00+00:00,65.794719235
2025-07-28 06:00:00+00:00,65.716538581
2025-07-28 07:00:00+00:00,67.798079492
2025-07-28 08:00:00+00:00,69.713108644
2025-07-28 09:00:00+00:00,74.014035341
2025-07-28 10:00:00+00:00,65.289241025
2025-07-28 11:00:00+00:00,63.151340844
2025-07-28 12:00:00+00:00,58.233663468
2025-07-28 13:00:00+00:00,58.506820271
2025-07-28 14:00:00+00:00,70.490796146
2025-07-28 15:00:00+00:00,59.222025390
2025-07-28 16:00:00+00:00,69.357425069
2025-07-28 17:00:00+00:00,68.766103231
2025-07-28 18:00:00+00:00,80.911110823
2025-07-28 19:00:00+00:00,83.714998919
2025-07-28 20:00:00+00:00,93.706558826
2025-07-28 21:00:00+00:00,87.861180349
2025-07-28 22:00:00+00:00,84.060230150
2025-07-28 23:00:00+00:00,73.390594105
2025-07-29 00:00:00+00:00,74.807273159
2025-07-29 01:00:00+00:00,67.986815802
2025-07-29 02:00:00+00:00,73.232231845
2025-07-29 03:00:00+00:00,67.127881155
2025-07-29 04:00:00+00:00,65.093137542
2025-07-29 05:00:00+00:00,71.821679348
2025-07-29 06:00:00+00:00,62.531240423
2025-07-29 07:00:00+00:00,69.592963228
2025-07-29 08:00:00+00:00,75.214225388
2025-07-29 09:00:00+00:00,70.932028685
2025-07-29 10:00:00+00:00,70.418242744
2025-07-29 11:00:00+00:00,70.504031985
2025-07-29 12:00:00+00:00,66.106783071
2025-07-29 13:00:00+00:00,62.798624835
2025-07-29 14:00:00+00:00,62.519183291
2025-07-29 15:00:00+00:00,64.791319953
2025-07-29 16:00:00+00:00,57.911554136
2025-07-29 17:00:00+00:00,70.788347996
2025-07-29 18:00:00+00:00,80.181659512
2025-07-29 19:00:00+00:00,88.492675805
2025-07-29 20:00:00+00:00,81.436108100
2025-07-29 21:00:00+00:00,80.572661805
2025-07-29 22:00:00+00:00,80.368916861
2025-07-29 23:00:00+00:00,74.461354103
2025-07-30 00:00:00+00:00,72.359100925
2025-07-30 01:00:00+00:00,72.982330704
2025-07-30 02:00:00+00:00,70.202902733
2025-07-30 03:00:00+00:00,79.257215207
2025-07-30 04:00:00+00:00,64.420230711
2025-07-30 05:00:00+00:00,72.021948146
2025-07-30 06:00:00+00:00,76.019233938
2025-07-30 07:00:00+00:00,66.226316552
2025-07-30 08:00:00+00:00,63.356620506
2025-07-30 09:00:00+00:00,70.460335228
2025-07-30 10:00:00+00:00,64.861141076
2025-07-30 11:00:00+00:00,65.423664743
2025-07-30 12:00:00+00:00,65.069339431
2025-07-30 13:00:00+00:00,64.647052801
2025-07-30 14:00:00+00:00,67.230152466
2025-07-30 15:00:00+00:00,57.015799466
2025-07-30 16:00:00+00:00,55.439468409
2025-07-30 17:00:00+00:00,74.768775691
2025-07-30 18:00:00+00:00,76.833928188
2025-07-30 19:00:00+00:00,87.268886742
2025-07-30 20:00:00+00:00,83.850507633
2025-07-30 21:00:00+00:00,85.859852557
2025-07-30 22:00:00+00:00,81.395232703
2025-07-30 23:00:00+00:00,80.696995073
2025-07-31 00:00:00+00:00,71.976520705
2025-07-31 01:00:00+00:00,67.694068370
2025-07-31 02:00:00+00:00,69.859306503
2025-07-31 03:00:00+00:00,73.689451107
2025-07-31 04:00:00+00:00,70.901668431
2025-07-31 05:00:00+00:00,73.570412697
2025-07-31 06:00:00+00:00,66.771579772
2025-07-31 07:00:00+00:00,71.440081758
2025-07-31 08:00:00+00:00,77.963093450
2025-07-31 09:00:00+00:00,73.195981910
2025-07-31 10:00:00+00:00,66.450633005
2025-07-31 11:00:00+00:00,66.253399421
2025-07-31 12:00:00+00:00,62.824206194
2025-07-31 13:00:00+00:00,62.151806258
2025-07-31 14:00:00+00:00,60.499392538
2025-07-31 15:00:00+00:00,63.465552200
2025-07-31 16:00:00+00:00,66.689202026
2025-07-31 17:00:00+00:00,65.619276283
2025-07-31 18:00:00+00:00,85.032266583
2025-07-31 19:00:00+00:00,88.137276169
2025-07-31 20:00:00+00:00,78.321030221
2025-07-31 21:00:00+00:00,89.583354893
2025-07-31 22:00:00+00:00,74.830991507
2025-07-31 23:00:00+00:00,75.121782712
2025-08-01 00:00:00+00:00,68.457632009
2025-08-01 01:00:00+00:00,65.117574510
2025-08-01 02:00:00+00:00,76.306274577
2025-08-01 03:00:00+00:00,70.864796613
2025-08-01 04:00:00+00:00,75.295616528
2025-08-01 05:00:00+00:00,64.734168009
2025-08-01 06:00:00+00:00,62.117844555
2025-08-01 07:00:00+00:00,73.123105381
2025-08-01 08:00:00+00:00,66.806067919
2025-08-01 09:00:00+00:00,70.964918584
2025-08-01 10:00:00+00:00,66.473517427
2025-08-01 11:00:00+00:00,70.893855982
2025-08-01 12:00:00+00:00,60.339844563
2025-08-01 13:00:00+00:00,53.224043538
2025-08-01 14:00:00+00:00,62.715412701
2025-08-01 15:00:00+00:00,63.262560535
2025-08-01 16:00:00+00:00,67.694295403
2025-08-01 17:00:00+00:00,69.267117053
2025-08-01 18:00:00+00:00,71.896390714
2025-08-01 19:00:00+00:00,82.495518324
2025-08-01 20:00:00+00:00,91.078829424
2025-08-01 21:00:00+00:00,79.778477944
2025-08-01 22:00:00+00:00,82.080583019
2025-08-01 23:00:00+00:00,74.297099569
2025-08-02 00:00:00+00:00,57.005230874
2025-08-02 01:00:00+00:00,61.305279498
2025-08-02 02:00:00+00:00,59.905062347
2025-08-02 03:00:00+00:00,61.275615811
2025-08-02 04:00:00+00:00,60.039763472
2025-08-02 05:00:00+00:00,60.759248973
2025-08-02 06:00:00+00:00,60.898782959
2025-08-02 07:00:00+00:00,57.433513872
2025-08-02 08:00:00+00:00,63.813652597
2025-08-02 09:00:00+00:00,62.370412806
2025-08-02 10:00:00+00:00,62.772440834
2025-08-02 11:00:00+00:00,62.846027257
2025-08-02 12:00:00+00:00,57.007506526
2025-08-02 13:00:00+00:00,58.102127284
2025-08-02 14:00:00+00:00,52.014659507
2025-08-02 15:00:00+00:00,60.204055758
2025-08-02 16:00:00+00:00,60.838714715
2025-08-02 17:00:00+00:00,58.670409039
2025-08-02 18:00:00+00:00,65.748787004
2025-08-02 19:00:00+00:00,80.409907061
2025-08-02 20:00:00+00:00,70.970404747
2025-08-02 21:00:00+00:00,69.522281812
2025-08-02 22:00:00+00:00,66.350085133
2025-08-02 23:00:00+00:00,66.397022950
2025-08-03 00:00:00+00:00,58.651868527
2025-08-03 01:00:00+00:00,58.624771044
2025-08-03 02:00:00+00:00,57.774711432
2025-08-03 03:00:00+00:00,63.006364678
2025-08-03 04:00:00+00:00,63.864297990
2025-08-03 05:00:00+00:00,64.576690597
2025-08-03 06:00:00+00:00,61.008095499
2025-08-03 07:00:00+00:00,69.710626616
2025-08-03 08:00:00+00:00,64.810542159
2025-08-03 09:00:00+00:00,64.962837536
2025-08-03 10:00:00+00:00,60.225633223
2025-08-03 11:00:00+00:00,57.296712798
2025-08-03 12:00:00+00:00,55.996040586
2025-08-03 13:00:00+00:00,57.372673847
2025-08-03 14:00:00+00:00,48.054422475
2025-08-03 15:00:00+00:00,51.897794598
2025-08-03 16:00:00+00:00,64.399717148
2025-08-03 17:00:00+00:00,62.327791261
2025-08-03 18:00:00+00:00,69.598666091
2025-08-03 19:00:00+00:00,75.309159313
2025-08-03 20:00:00+00:00,78.465284046
2025-08-03 21:00:00+00:00,72.356752484
2025-08-03 22:00:00+00:00,74.456232353
2025-08-03 23:00:00+00:00,66.994419601
2025-08-04 00:00:00+00:00,65.502052656
2025-08-04 01:00:00+00:00,61.393547413
2025-08-04 02:00:00+00:00,66.421462972
2025-08-04 03:00:00+00:00,68.347802260
2025-08-04 04:00:00+00:00,64.091160137
2025-08-04 05:00:00+00:00,68.975614551
2025-08-04 06:00:00+00:00,67.429675621
2025-08-04 07:00:00+00:00,73.242923082
2025-08-04 08:00:00+00:00,68.215998862
2025-08-04 09:00:00+00:00,72.004016470
2025-08-04 10:00:00+00:00,68.093446989
2025-08-04 11:00:00+00:00,67.484943886
2025-08-04 12:00:00+00:00,63.785078170
2025-08-04 13:00:00+00:00,60.808329665
2025-08-04 14:00:00+00:00,60.604378093
2025-08-04 15:00:00+00:00,58.642271255
2025-08-04 16:00:00+00:00,65.025477040
2025-08-04 17:00:00+00:00,73.280447695
2025-08-04 18:00:00+00:00,74.424134027
2025-08-04 19:00:00+00:00,83.205970172
2025-08-04 20:00:00+00:00,86.450506581
2025-08-04 21:00:00+00:00,80.796579123
2025-08-04 22:00:00+00:00,77.196430450
2025-08-04 23:00:00+00:00,73.928383987
2025-08-05 00:00:00+00:00,73.968031247
2025-08-05 01:00:00+00:00,73.345198062
2025-08-05 02:00:00+00:00,73.265590582
2025-08-05 03:00:00+00:00,67.403163035
2025-08-05 04:00:00+00:00,77.886303689
2025-08-05 05:00:00+00:00,68.977108153
2025-08-05 06:00:00+00:00,68.120404718
2025-08-05 07:00:00+00:00,73.749066201
2025-08-05 08:00:00+00:00,62.887864842
2025-08-05 09:00:00+00:00,72.952228588
2025-08-05 10:00:00+00:00,65.442705961
2025-08-05 11:00:00+00:00,64.410050167
2025-08-05 12:00:00+00:00,60.135150714
2025-08-05 13:00:00+00:00,57.315450096
2025-08-05 14:00:00+00:00,58.775968817
2025-08-05 15:00:00+00:00,65.057750728
2025-08-05 16:00:00+00:00,71.544787450
2025-08-05 17:00:00+00:00,69.378466975
2025-08-05 18:00:00+00:00,78.871198493
2025-08-05 19:00:00+00:00,77.940926800
2025-08-05 20:00:00+00:00,80.825983335
2025-08-05 21:00:00+00:00,82.336748826
2025-08-05 22:00:00+00:00,73.564377210
2025-08-05 23:00:00+00:00,73.898861277
2025-08-06 00:00:00+00:00,77.744894703
2025-08-06 01:00:00+00:00,65.741668801
2025-08-06 02:00:00+00:00,65.015271906
2025-08-06 03:00:00+00:00,69.951982517
2025-08-06 04:00:00+00:00,63.695430928
2025-08-06 05:00:00+00:00,71.032014310
2025-08-06 06:00:00+00:00,70.159068709
2025-08-06 07:00:00+00:00,68.891672246
2025-08-06 08:00:00+00:00,71.615218023
2025-08-06 09:00:00+00:00,69.267004998
2025-08-06 10:00:00+00:00,73.307097835
2025-08-06 11:00:00+00:00,64.868517713
2025-08-06 12:00:00+00:00,57.777900345
2025-08-06 13:00:00+00:00,55.520979444
2025-08-06 14:00:00+00:00,61.958409027
2025-08-06 15:00:00+00:00,65.573455498
2025-08-06 16:00:00+00:00,66.241484123
2025-08-06 17:00:00+00:00,77.099301956
2025-08-06 18:00:00+00:00,81.221880253
2025-08-06 19:00:00+00:00,83.821939801
2025-08-06 20:00:00+00:00,80.323207264
2025-08-06 21:00:00+00:00,87.084469885
2025-08-06 22:00:00+00:00,82.221163300
2025-08-06 23:00:00+00:00,71.352132445
2025-08-07 00:00:00+00:00,68.571027145
2025-08-07 01:00:00+00:00,70.017063215
2025-08-07 02:00:00+00:00,71.454363435
2025-08-07 03:00:00+00:00,65.847299351
2025-08-07 04:00:00+00:00,67.722843295
2025-08-07 05:00:00+00:00,79.461103231
2025-08-07 06:00:00+00:00,74.843271468
2025-08-07 07:00:00+00:00,75.940369625
2025-08-07 08:00:00+00:00,68.338155609
2025-08-07 09:00:00+00:00,67.711057232
2025-08-07 10:00:00+00:00,78.259515832
2025-08-07 11:00:00+00:00,60.614284133
2025-08-07 12:00:00+00:00,67.280333717
2025-08-07 13:00:00+00:00,64.990138021
2025-08-07 14:00:00+00:00,61.860217434
2025-08-07 15:00:00+00:00,64.816410757
2025-08-07 16:00:00+00:00,66.235528664
2025-08-07 17:00:00+00:00,81.782424449
2025-08-07 18:00:00+00:00,82.526684661
2025-08-07 19:00:00+00:00,79.658368234
2025-08-07 20:00:00+00:00,86.407409769
2025-08-07 21:00:00+00:00,90.056881930
2025-08-07 22:00:00+00:00,87.189047477
2025-08-07 23:00:00+00:00,68.679031404
2025-08-08 00:00:00+00:00,64.294086848
2025-08-08 01:00:00+00:00,74.177804315
2025-08-08 02:00:00+00:00,66.782394682
2025-08-08 03:00:00+00:00,70.489456177
2025-08-08 04:00:00+00:00,68.204219276
2025-08-08 05:00:00+00:00,67.712108285
2025-08-08 06:00:00+00:00,73.022567302
2025-08-08 07:00:00+00:00,67.899593317
2025-08-08 08:00:00+00:00,74.531226406
2025-08-08 09:00:00+00:00,69.155104431
2025-08-08 10:00:00+00:00,63.166191097
2025-08-08 11:00:00+00:00,66.467816708
2025-08-08 12:00:00+00:00,61.962808812
2025-08-08 13:00:00+00:00,64.399637056
2025-08-08 14:00:00+00:00,61.844391833
2025-08-08 15:00:00+00:00,66.361222458
2025-08-08 16:00:00+00:00,65.915173745
2025-08-08 17:00:00+00:00,72.589969252
2025-08-08 18:00:00+00:00,80.747943534
2025-08-08 19:00:00+00:00,77.790435187
2025-08-08 20:00:00+00:00,75.396779354
2025-08-08 21:00:00+00:00,73.472304402
2025-08-08 22:00:00+00:00,74.965798979
2025-08-08 23:00:00+00:00,79.113652299
2025-08-09 00:00:00+00:00,62.445467917
2025-08-09 01:00:00+00:00,53.996267330
2025-08-09 02:00:00+00:00,60.172955281
2025-08-09 03:00:00+00:00,55.050558571
2025-08-09 04:00:00+00:00,54.155493890
2025-08-09 05:00:00+00:00,58.768499849
2025-08-09 06:00:00+00:00,59.783645618
2025-08-09 07:00:00+00:00,62.737740020
2025-08-09 08:00:00+00:00,59.378976965
2025-08-09 09:00:00+00:00,63.984739405
2025-08-09 10:00:00+00:00,59.156083405
2025-08-09 11:00:00+00:00,60.868031087
2025-08-09 12:00:00+00:00,58.588974785
2025-08-09 13:00:00+00:00,55.715375513
2025-08-09 14:00:00+00:00,56.092866127
2025-08-09 15:00:00+00:00,54.682771200
2025-08-09 16:00:00+00:00,54.281165912
2025-08-09 17:00:00+00:00,66.323436977
2025-08-09 18:00:00+00:00,79.614944103
2025-08-09 19:00:00+00:00,68.103755242
2025-08-09 20:00:00+00:00,77.481599721
2025-08-09 21:00:00+00:00,75.025713787
2025-08-09 22:00:00+00:00,74.971474680
2025-08-09 23:00:00+00:00,73.142329985
2025-08-10 00:00:00+00:00,61.604996175
2025-08-10 01:00:00+00:00,68.009805593
2025-08-10 02:00:00+00:00,57.394084834
2025-08-10 03:00:00+00:00,55.431548734
2025-08-10 04:00:00+00:00,60.752289994
2025-08-10 05:00:00+00:00,58.473924715
2025-08-10 06:00:00+00:00,60.282348047
2025-08-10 07:00:00+00:00,61.239151591
2025-08-10 08:00:00+00:00,60.002777146
2025-08-10 09:00:00+00:00,61.961005319
2025-08-10 10:00:00+00:00,63.057683802
2025-08-10 11:00:00+00:00,57.306027861
2025-08-10 12:00:00+00:00,61.663308426
2025-08-10 13:00:00+00:00,50.858155594
2025-08-10 14:00:00+00:00,55.179188262
2025-08-10 15:00:00+00:00,54.432166617
2025-08-10 16:00:00+00:00,61.128761856
2025-08-10 17:00:00+00:00,67.575209682
2025-08-10 18:00:00+00:00,69.489112712
2025-08-10 19:00:00+00:00,72.099816898
2025-08-10 20:00:00+00:00,72.342655928
2025-08-10 21:00:00+00:00,75.836288675
2025-08-10 22:00:00+00:00,68.950555745
2025-08-10 23:00:00+00:00,70.801374457
2025-08-11 00:00:00+00:00,70.992184504
2025-08-11 01:00:00+00:00,66.098619267
2025-08-11 02:00:00+00:00,70.849062997
2025-08-11 03:00:00+00:00,62.058133977
2025-08-11 04:00:00+00:00,70.862951223
2025-08-11 05:00:00+00:00,67.943255887
2025-08-11 06:00:00+00:00,72.415306800
2025-08-11 07:00:00+00:00,65.198227955
2025-08-11 08:00:00+00:00,65.003371301
2025-08-11 09:00:00+00:00,70.923583576
2025-08-11 10:00:00+00:00,61.708494126
2025-08-11 11:00:00+00:00,66.142074244
2025-08-11 12:00:00+00:00,62.784914711
2025-08-11 13:00:00+00:00,61.367220880
2025-08-11 14:00:00+00:00,66.612622399
2025-08-11 15:00:00+00:00,60.911788854
2025-08-11 16:00:00+00:00,68.502502611
2025-08-11 17:00:00+00:00,74.697669216
2025-08-11 18:00:00+00:00,69.339369913
2025-08-11 19:00:00+00:00,80.239695853
2025-08-11 20:00:00+00:00,82.378429458
2025-08-11 21:00:00+00:00,85.773507712
2025-08-11 22:00:00+00:00,78.595588214
2025-08-11 23:00:00+00:00,77.255522617
2025-08-12 00:00:00+00:00,66.164705256
2025-08-12 01:00:00+00:00,66.417599928
2025-08-12 02:00:00+00:00,64.481054718
2025-08-12 03:00:00+00:00,74.376522668
2025-08-12 04:00:00+00:00,69.779610627
2025-08-12 05:00:00+00:00,71.531182562
2025-08-12 06:00:00+00:00,66.290713705
2025-08-12 07:00:00+00:00,71.621986345
2025-08-12 08:00:00+00:00,73.611111862
2025-08-12 09:00:00+00:00,71.847650505
2025-08-12 10:00:00+00:00,70.736134038
2025-08-12 11:00:00+00:00,65.233235882
2025-08-12 12:00:00+00:00,67.666953039
2025-08-12 13:00:00+00:00,57.732865595
2025-08-12 14:00:00+00:00,61.749222580
2025-08-12 15:00:00+00:00,67.343649877
2025-08-12 16:00:00+00:00,64.487385953
2025-08-12 17:00:00+00:00,78.343986716
2025-08-12 18:00:00+00:00,77.195672207
2025-08-12 19:00:00+00:00,87.340700023
2025-08-12 20:00:00+00:00,86.032911644
2025-08-12 21:00:00+00:00,89.156209680
2025-08-12 22:00:00+00:00,76.113459687
2025-08-12 23:00:00+00:00,75.759792836
2025-08-13 00:00:00+00:00,68.081512557
2025-08-13 01:00:00+00:00,68.167089678
2025-08-13 02:00:00+00:00,72.572020379
2025-08-13 03:00:00+00:00,64.807153251
2025-08-13 04:00:00+00:00,67.281424934
2025-08-13 05:00:00+00:00,63.427806004
2025-08-13 06:00:00+00:00,68.720198321
2025-08-13 07:00:00+00:00,65.038825970
2025-08-13 08:00:00+00:00,66.805274669
2025-08-13 09:00:00+00:00,72.660181125
2025-08-13 10:00:00+00:00,73.752102330
2025-08-13 11:00:00+00:00,62.690326574
2025-08-13 12:00:00+00:00,64.430707668
2025-08-13 13:00:00+00:00,63.781568402
2025-08-13 14:00:00+00:00,56.367193465
2025-08-13 15:00:00+00:00,62.489490664
2025-08-13 16:00:00+00:00,65.092218913
2025-08-13 17:00:00+00:00,73.453933851
2025-08-13 18:00:00+00:00,77.919573470
2025-08-13 19:00:00+00:00,79.148275647
2025-08-13 20:00:00+00:00,87.555181615
2025-08-13 21:00:00+00:00,79.812647624
2025-08-13 22:00:00+00:00,81.077247011
2025-08-13 23:00:00+00:00,79.437934312
2025-08-14 00:00:00+00:00,66.527814912
2025-08-14 01:00:00+00:00,68.238945031
2025-08-14 02:00:00+00:00,61.319595010
2025-08-14 03:00:00+00:00,70.106258827
2025-08-14 04:00:00+00:00,74.030401642
2025-08-14 05:00:00+00:00,63.965400999
2025-08-14 06:00:00+00:00,67.607943573
2025-08-14 07:00:00+00:00,72.366394738
2025-08-14 08:00:00+00:00,68.626013627
2025-08-14 09:00:00+00:00,68.529601737
2025-08-14 10:00:00+00:00,71.324606171
2025-08-14 11:00:00+00:00,69.998936795
2025-08-14 12:00:00+00:00,70.040795347
2025-08-14 13:00:00+00:00,62.787378678
2025-08-14 14:00:00+00:00,63.237805851
2025-08-14 15:00:00+00:00,60.809276928
2025-08-14 16:00:00+00:00,63.891716758
2025-08-14 17:00:00+00:00,68.030615316
2025-08-14 18:00:00+00:00,75.751052898
2025-08-14 19:00:00+00:00,85.371365798
2025-08-14 20:00:00+00:00,89.945562136
2025-08-14 21:00:00+00:00,84.270547488
2025-08-14 22:00:00+00:00,76.950423650
2025-08-14 23:00:00+00:00,83.083657612
2025-08-15 00:00:00+00:00,73.472823348
2025-08-15 01:00:00+00:00,62.386047923
2025-08-15 02:00:00+00:00,68.233172532
2025-08-15 03:00:00+00:00,63.285985743
2025-08-15 04:00:00+00:00,70.449267093
2025-08-15 05:00:00+00:00,74.035074158
2025-08-15 06:00:00+00:00,71.563384804
2025-08-15 07:00:00+00:00,66.560858396
2025-08-15 08:00:00+00:00,76.149872010
2025-08-15 09:00:00+00:00,69.843153994
2025-08-15 10:00:00+00:00,65.968149459
2025-08-15 11:00:00+00:00,69.729799037
2025-08-15 12:00:00+00:00,65.412773994
2025-08-15 13:00:00+00:00,58.899500848
2025-08-15 14:00:00+00:00,54.719192596
2025-08-15 15:00:00+00:00,59.875999866
2025-08-15 16:00:00+00:00,62.672896053
2025-08-15 17:00:00+00:00,75.119354925
2025-08-15 18:00:00+00:00,71.317881049
2025-08-15 19:00:00+00:00,81.978336814
2025-08-15 20:00:00+00:00,91.662421740
2025-08-15 21:00:00+00:00,74.287856432
2025-08-15 22:00:00+00:00,84.127243857
2025-08-15 23:00:00+00:00,69.842645544
2025-08-16 00:00:00+00:00,57.788500682
2025-08-16 01:00:00+00:00,61.974413030
2025-08-16 02:00:00+00:00,65.659069268
2025-08-16 03:00:00+00:00,59.466361054
2025-08-16 04:00:00+00:00,56.516436165
2025-08-16 05:00:00+00:00,60.155193582
2025-08-16 06:00:00+00:00,60.205408224
2025-08-16 07:00:00+00:00,70.374423956
2025-08-16 08:00:00+00:00,65.117889333
2025-08-16 09:00:00+00:00,59.877181701
2025-08-16 10:00:00+00:00,57.427804194
2025-08-16 11:00:00+00:00,61.408764165
2025-08-16 12:00:00+00:00,62.060051986
2025-08-16 13:00:00+00:00,58.764321127
2025-08-16 14:00:00+00:00,52.945577886
2025-08-16 15:00:00+00:00,56.971330595
2025-08-16 16:00:00+00:00,61.801541162
2025-08-16 17:00:00+00:00,62.315447713
2025-08-16 18:00:00+00:00,64.548067929
2025-08-16 19:00:00+00:00,81.633177987
2025-08-16 20:00:00+00:00,74.587009926
2025-08-16 21:00:00+00:00,85.736673489
2025-08-16 22:00:00+00:00,75.910271735
2025-08-16 23:00:00+00:00,66.843021526
2025-08-17 00:00:00+00:00,57.777263197
2025-08-17 01:00:00+00:00,57.471141001
2025-08-17 02:00:00+00:00,60.498689580
2025-08-17 03:00:00+00:00,56.064449321
2025-08-17 04:00:00+00:00,62.093573554
2025-08-17 05:00:00+00:00,58.897838988
2025-08-17 06:00:00+00:00,62.541440352
2025-08-17 07:00:00+00:00,65.394046386
2025-08-17 08:00:00+00:00,68.374348103
2025-08-17 09:00:00+00:00,61.935789510
2025-08-17 10:00:00+00:00,59.665692494
2025-08-17 11:00:00+00:00,64.374068192
2025-08-17 12:00:00+00:00,58.518031666
2025-08-17 13:00:00+00:00,55.519617892
2025-08-17 14:00:00+00:00,61.023288941
2025-08-17 15:00:00+00:00,54.054179386
2025-08-17 16:00:00+00:00,57.042494669
2025-08-17 17:00:00+00:00,66.687479644
2025-08-17 18:00:00+00:00,72.312619143
2025-08-17 19:00:00+00:00,77.159462725
2025-08-17 20:00:00+00:00,73.511019427
2025-08-17 21:00:00+00:00,68.454069149
2025-08-17 22:00:00+00:00,74.488571472
2025-08-17 23:00:00+00:00,63.380970410
2025-08-18 00:00:00+00:00,69.090752522
2025-08-18 01:00:00+00:00,73.089720273
2025-08-18 02:00:00+00:00,71.659708999
2025-08-18 03:00:00+00:00,72.225782180
2025-08-18 04:00:00+00:00,76.154473661
2025-08-18 05:00:00+00:00,64.639277923
2025-08-18 06:00:00+00:00,70.699632549
2025-08-18 07:00:00+00:00,74.870629091
2025-08-18 08:00:00+00:00,71.557410917
2025-08-18 09:00:00+00:00,64.443550887
2025-08-18 10:00:00+00:00,69.978114630
2025-08-18 11:00:00+00:00,61.398569834
2025-08-18 12:00:00+00:00,74.972318960
2025-08-18 13:00:00+00:00,60.413092093
2025-08-18 14:00:00+00:00,67.767138863
2025-08-18 15:00:00+00:00,65.231143580
2025-08-18 16:00:00+00:00,71.941876544
2025-08-18 17:00:00+00:00,77.833634611
2025-08-18 18:00:00+00:00,81.527078597
2025-08-18 19:00:00+00:00,84.512511518
2025-08-18 20:00:00+00:00,85.426420180
2025-08-18 21:00:00+00:00,78.165172091
2025-08-18 22:00:00+00:00,79.297549620
2025-08-18 23:00:00+00:00,79.326283561
2025-08-19 00:00:00+00:00,65.230891839
2025-08-19 01:00:00+00:00,71.871155273
2025-08-19 02:00:00+00:00,71.970943829
2025-08-19 03:00:00+00:00,60.828103943
2025-08-19 04:00:00+00:00,69.900813217
2025-08-19 05:00:00+00:00,71.523568421
2025-08-19 06:00:00+00:00,67.845471358
2025-08-19 07:00:00+00:00,68.193784865
2025-08-19 08:00:00+00:00,71.013840206
2025-08-19 09:00:00+00:00,68.567100404
2025-08-19 10:00:00+00:00,69.964745657
2025-08-19 11:00:00+00:00,64.976483816
2025-08-19 12:00:00+00:00,64.917554353
2025-08-19 13:00:00+00:00,64.824284228
2025-08-19 14:00:00+00:00,66.553356315
2025-08-19 15:00:00+00:00,69.548590242
2025-08-19 16:00:00+00:00,67.844510502
2025-08-19 17:00:00+00:00,74.799686649
2025-08-19 18:00:00+00:00,78.962119148
2025-08-19 19:00:00+00:00,79.884135332
2025-08-19 20:00:00+00:00,90.212696684
2025-08-19 21:00:00+00:00,85.535001754
2025-08-19 22:00:00+00:00,75.066153497
2025-08-19 23:00:00+00:00,70.084129654
2025-08-20 00:00:00+00:00,71.748665890
2025-08-20 01:00:00+00:00,70.955146167
2025-08-20 02:00:00+00:00,67.800364184
2025-08-20 03:00:00+00:00,66.433303748
2025-08-20 04:00:00+00:00,66.874464865
2025-08-20 05:00:00+00:00,70.354546339
2025-08-20 06:00:00+00:00,78.043792287
2025-08-20 07:00:00+00:00,65.735661941
2025-08-20 08:00:00+00:00,69.073382006
2025-08-20 09:00:00+00:00,73.491011924
2025-08-20 10:00:00+00:00,65.241579778
2025-08-20 11:00:00+00:00,64.660910631
2025-08-20 12:00:00+00:00,58.506007330
2025-08-20 13:00:00+00:00,60.870467058
2025-08-20 14:00:00+00:00,60.087260472
2025-08-20 15:00:00+00:00,67.003414313
2025-08-20 16:00:00+00:00,62.681831334
2025-08-20 17:00:00+00:00,74.340517471
2025-08-20 18:00:00+00:00,80.947968884
2025-08-20 19:00:00+00:00,82.313795636
2025-08-20 20:00:00+00:00,74.263111170
2025-08-20 21:00:00+00:00,78.810921054
2025-08-20 22:00:00+00:00,77.503722508
2025-08-20 23:00:00+00:00,75.928572576
2025-08-21 00:00:00+00:00,70.988647533
2025-08-21 01:00:00+00:00,73.132769758
2025-08-21 02:00:00+00:00,64.072821458
2025-08-21 03:00:00+00:00,61.846961205
2025-08-21 04:00:00+00:00,72.808980464
2025-08-21 05:00:00+00:00,67.041664971
2025-08-21 06:00:00+00:00,65.765620939
2025-08-21 07:00:00+00:00,71.467468142
2025-08-21 08:00:00+00:00,70.510281452
2025-08-21 09:00:00+00:00,77.401438804
2025-08-21 10:00:00+00:00,69.978576280
2025-08-21 11:00:00+00:00,67.052253599
2025-08-21 12:00:00+00:00,63.654300341
2025-08-21 13:00:00+00:00,63.782173265
2025-08-21 14:00:00+00:00,54.428989682
2025-08-21 15:00:00+00:00,65.887868986
2025-08-21 16:00:00+00:00,67.213712411
2025-08-21 17:00:00+00:00,69.903363396
2025-08-21 18:00:00+00:00,76.239377810
2025-08-21 19:00:00+00:00,81.702777927
2025-08-21 20:00:00+00:00,87.880692497
2025-08-21 21:00:00+00:00,87.542987176
2025-08-21 22:00:00+00:00,71.146232212
2025-08-21 23:00:00+00:00,74.384289666
2025-08-22 00:00:00+00:00,70.539696300
2025-08-22 01:00:00+00:00,70.829823522
2025-08-22 02:00:00+00:00,72.992217051
2025-08-22 03:00:00+00:00,66.499270765
2025-08-22 04:00:00+00:00,66.438891931
2025-08-22 05:00:00+00:00,70.264102686
2025-08-22 06:00:00+00:00,61.487505756
2025-08-22 07:00:00+00:00,72.441720522
2025-08-22 08:00:00+00:00,64.166085840
2025-08-22 09:00:00+00:00,70.406047026
2025-08-22 10:00:00+00:00,74.827197726
2025-08-22 11:00:00+00:00,62.981193268
2025-08-22 12:00:00+00:00,64.937812196
2025-08-22 13:00:00+00:00,64.594857182
2025-08-22 14:00:00+00:00,59.270566841
2025-08-22 15:00:00+00:00,64.389463389
2025-08-22 16:00:00+00:00,69.769919058
2025-08-22 17:00:00+00:00,75.003686438
2025-08-22 18:00:00+00:00,76.152609551
2025-08-22 19:00:00+00:00,77.725345906
2025-08-22 20:00:00+00:00,88.817164978
2025-08-22 21:00:00+00:00,76.931917910
2025-08-22 22:00:00+00:00,78.624221045
2025-08-22 23:00:00+00:00,75.154890157
2025-08-23 00:00:00+00:00,63.318447255
2025-08-23 01:00:00+00:00,60.003774880
2025-08-23 02:00:00+00:00,58.842639654
2025-08-23 03:00:00+00:00,61.298831967
2025-08-23 04:00:00+00:00,62.354872475
2025-08-23 05:00:00+00:00,66.966120098
2025-08-23 06:00:00+00:00,59.002185596
2025-08-23 07:00:00+00:00,66.700147670
2025-08-23 08:00:00+00:00,62.414005460
2025-08-23 09:00:00+00:00,64.046995433
2025-08-23 10:00:00+00:00,69.185246586
2025-08-23 11:00:00+00:00,58.032141112
2025-08-23 12:00:00+00:00,58.091485021
2025-08-23 13:00:00+00:00,53.967111980
2025-08-23 14:00:00+00:00,61.456084700
2025-08-23 15:00:00+00:00,56.612711599
2025-08-23 16:00:00+00:00,63.052396737
2025-08-23 17:00:00+00:00,71.362964701
2025-08-23 18:00:00+00:00,68.576473496
2025-08-23 19:00:00+00:00,70.921780018
2025-08-23 20:00:00+00:00,82.632056585
2025-08-23 21:00:00+00:00,74.871664903
2025-08-23 22:00:00+00:00,71.826870898
2025-08-23 23:00:00+00:00,72.295652004
2025-08-24 00:00:00+00:00,62.043792467
2025-08-24 01:00:00+00:00,63.727859517
2025-08-24 02:00:00+00:00,62.521472476
2025-08-24 03:00:00+00:00,58.837627999
2025-08-24 04:00:00+00:00,67.106475045
2025-08-24 05:00:00+00:00,61.829192322
2025-08-24 06:00:00+00:00,59.555660257
2025-08-24 07:00:00+00:00,62.752300338
2025-08-24 08:00:00+00:00,60.045272642
2025-08-24 09:00:00+00:00,67.586675391
2025-08-24 10:00:00+00:00,61.161952134
2025-08-24 11:00:00+00:00,60.339002616
2025-08-24 12:00:00+00:00,54.639611486
2025-08-24 13:00:00+00:00,58.250023551
2025-08-24 14:00:00+00:00,53.643012070
2025-08-24 15:00:00+00:00,58.529312349
2025-08-24 16:00:00+00:00,58.414351664
2025-08-24 17:00:00+00:00,64.060038258
2025-08-24 18:00:00+00:00,58.514530407
2025-08-24 19:00:00+00:00,76.837830193
2025-08-24 20:00:00+00:00,75.422998078
2025-08-24 21:00:00+00:00,79.241668134
2025-08-24 22:00:00+00:00,70.392517888
2025-08-24 23:00:00+00:00,70.306058960
2025-08-25 00:00:00+00:00,71.099590218
2025-08-25 01:00:00+00:00,72.040020059
2025-08-25 02:00:00+00:00,68.121726770
2025-08-25 03:00:00+00:00,62.523804107
2025-08-25 04:00:00+00:00,63.968599959
2025-08-25 05:00:00+00:00,69.835857126
2025-08-25 06:00:00+00:00,74.414358736
2025-08-25 07:00:00+00:00,70.350595243
2025-08-25 08:00:00+00:00,73.360470052
2025-08-25 09:00:00+00:00,66.225682492
2025-08-25 10:00:00+00:00,76.516687712
2025-08-25 11:00:00+00:00,67.367324161
2025-08-25 12:00:00+00:00,69.769706054
2025-08-25 13:00:00+00:00,66.075106399
2025-08-25 14:00:00+00:00,62.156060742
2025-08-25 15:00:00+00:00,64.004998872
2025-08-25 16:00:00+00:00,71.788043641
2025-08-25 17:00:00+00:00,65.248980488
2025-08-25 18:00:00+00:00,86.851780467
2025-08-25 19:00:00+00:00,83.952598627
2025-08-25 20:00:00+00:00,79.088316569
2025-08-25 21:00:00+00:00,77.226136523
2025-08-25 22:00:00+00:00,76.659810544
2025-08-25 23:00:00+00:00,74.960351969
2025-08-26 00:00:00+00:00,65.272876393
2025-08-26 01:00:00+00:00,67.994924053
2025-08-26 02:00:00+00:00,67.792700621
2025-08-26 03:00:00+00:00,67.127692091
2025-08-26 04:00:00+00:00,65.530477079
2025-08-26 05:00:00+00:00,71.883010188
2025-08-26 06:00:00+00:00,70.666521882
2025-08-26 07:00:00+00:00,77.093096414
2025-08-26 08:00:00+00:00,68.407921206
2025-08-26 09:00:00+00:00,70.981510647
2025-08-26 10:00:00+00:00,67.448638667
2025-08-26 11:00:00+00:00,66.807440594
2025-08-26 12:00:00+00:00,62.766405093
2025-08-26 13:00:00+00:00,62.866908927
2025-08-26 14:00:00+00:00,64.760617749
2025-08-26 15:00:00+00:00,64.095598093
2025-08-26 16:00:00+00:00,66.644362776
2025-08-26 17:00:00+00:00,71.011767486
2025-08-26 18:00:00+00:00,74.259162873
2025-08-26 19:00:00+00:00,82.849255185
2025-08-26 20:00:00+00:00,86.675608673
2025-08-26 21:00:00+00:00,73.851256223
2025-08-26 22:00:00+00:00,83.568856391
2025-08-26 23:00:00+00:00,72.142240400
2025-08-27 00:00:00+00:00,76.797483486
2025-08-27 01:00:00+00:00,57.877387706
2025-08-27 02:00:00+00:00,71.092162511
2025-08-27 03:00:00+00:00,66.983750077
2025-08-27 04:00:00+00:00,70.826047941
2025-08-27 05:00:00+00:00,70.439271558
2025-08-27 06:00:00+00:00,65.057780710
2025-08-27 07:00:00+00:00,72.890405171
2025-08-27 08:00:00+00:00,66.730722510
2025-08-27 09:00:00+00:00,74.677842642
2025-08-27 10:00:00+00:00,73.912583706
2025-08-27 11:00:00+00:00,71.486715226
2025-08-27 12:00:00+00:00,67.862970939
2025-08-27 13:00:00+00:00,61.428807041
2025-08-27 14:00:00+00:00,61.027161427
2025-08-27 15:00:00+00:00,59.361325782
2025-08-27 16:00:00+00:00,68.824800417
2025-08-27 17:00:00+00:00,69.426685942
2025-08-27 18:00:00+00:00,75.546959574
2025-08-27 19:00:00+00:00,81.691161191
2025-08-27 20:00:00+00:00,84.079667065
2025-08-27 21:00:00+00:00,74.470279643
2025-08-27 22:00:00+00:00,77.125568546
2025-08-27 23:00:00+00:00,69.707755882
2025-08-28 00:00:00+00:00,69.455770884
2025-08-28 01:00:00+00:00,60.942505226
2025-08-28 02:00:00+00:00,72.458132096
2025-08-28 03:00:00+00:00,71.314268271
2025-08-28 04:00:00+00:00,66.034340231
2025-08-28 05:00:00+00:00,69.403132569
2025-08-28 06:00:00+00:00,71.153583062
2025-08-28 07:00:00+00:00,72.679412040
2025-08-28 08:00:00+00:00,65.494480225
2025-08-28 09:00:00+00:00,63.816181920
2025-08-28 10:00:00+00:00,68.861394892
2025-08-28 11:00:00+00:00,70.224697817
2025-08-28 12:00:00+00:00,65.649909401
2025-08-28 13:00:00+00:00,61.355293516
2025-08-28 14:00:00+00:00,64.089791305
2025-08-28 15:00:00+00:00,68.947972480
2025-08-28 16:00:00+00:00,67.709763390
2025-08-28 17:00:00+00:00,75.058361083
2025-08-28 18:00:00+00:00,68.932635038
2025-08-28 19:00:00+00:00,87.977998393
2025-08-28 20:00:00+00:00,93.283582249
2025-08-28 21:00:00+00:00,84.237144139
2025-08-28 22:00:00+00:00,77.454264126
2025-08-28 23:00:00+00:00,78.855800251
2025-08-29 00:00:00+00:00,71.970129184
2025-08-29 01:00:00+00:00,65.562894643
2025-08-29 02:00:00+00:00,65.982011687
2025-08-29 03:00:00+00:00,74.841651861
2025-08-29 04:00:00+00:00,72.559654168
2025-08-29 05:00:00+00:00,75.924168492
2025-08-29 06:00:00+00:00,70.032128195
2025-08-29 07:00:00+00:00,69.006509504
2025-08-29 08:00:00+00:00,72.084854256
2025-08-29 09:00:00+00:00,67.349244067
2025-08-29 10:00:00+00:00,66.784161794
2025-08-29 11:00:00+00:00,67.075635918
2025-08-29 12:00:00+00:00,59.980452261
2025-08-29 13:00:00+00:00,63.386138038
2025-08-29 14:00:00+00:00,60.070301500
2025-08-29 15:00:00+00:00,60.831403737
2025-08-29 16:00:00+00:00,63.665174427
2025-08-29 17:00:00+00:00,67.997230253
2025-08-29 18:00:00+00:00,74.622433814
2025-08-29 19:00:00+00:00,89.521091169
2025-08-29 20:00:00+00:00,81.529372244
2025-08-29 21:00:00+00:00,82.420227269
2025-08-29 22:00:00+00:00,86.979626835
2025-08-29 23:00:00+00:00,76.963071291
2025-08-30 00:00:00+00:00,56.544209928
2025-08-30 01:00:00+00:00,67.207166615
2025-08-30 02:00:00+00:00,61.619234679
2025-08-30 03:00:00+00:00,62.953575946
2025-08-30 04:00:00+00:00,63.001361627
2025-08-30 05:00:00+00:00,67.380316965
2025-08-30 06:00:00+00:00,57.368553959
2025-08-30 07:00:00+00:00,65.592462836
2025-08-30 08:00:00+00:00,64.073484676
2025-08-30 09:00:00+00:00,65.234971614
2025-08-30 10:00:00+00:00,61.300627664
2025-08-30 11:00:00+00:00,59.030674637
2025-08-30 12:00:00+00:00,59.256952933
2025-08-30 13:00:00+00:00,57.033519374
2025-08-30 14:00:00+00:00,58.207960430
2025-08-30 15:00:00+00:00,59.136503396
2025-08-30 16:00:00+00:00,59.625095306
2025-08-30 17:00:00+00:00,66.946327599
2025-08-30 18:00:00+00:00,60.894961318
2025-08-30 19:00:00+00:00,74.956802207
2025-08-30 20:00:00+00:00,77.678964424
2025-08-30 21:00:00+00:00,78.767685266
2025-08-30 22:00:00+00:00,66.510200556
2025-08-30 23:00:00+00:00,63.551648483
2025-08-31 00:00:00+00:00,56.541071866
2025-08-31 01:00:00+00:00,57.159376194
2025-08-31 02:00:00+00:00,62.194325965
2025-08-31 03:00:00+00:00,60.953530107
2025-08-31 04:00:00+00:00,64.782843137
2025-08-31 05:00:00+00:00,64.600083393
2025-08-31 06:00:00+00:00,70.427019405
2025-08-31 07:00:00+00:00,64.662567177
2025-08-31 08:00:00+00:00,60.129888403
2025-08-31 09:00:00+00:00,63.944195187
2025-08-31 10:00:00+00:00,64.913381396
2025-08-31 11:00:00+00:00,60.866449776
2025-08-31 12:00:00+00:00,49.804035693
2025-08-31 13:00:00+00:00,54.470419767
2025-08-31 14:00:00+00:00,54.010671137
2025-08-31 15:00:00+00:00,55.534608573
2025-08-31 16:00:00+00:00,58.332886226
2025-08-31 17:00:00+00:00,66.477256477
2025-08-31 18:00:00+00:00,69.235349848
2025-08-31 19:00:00+00:00,77.884894822
2025-08-31 20:00:00+00:00,76.598685511
2025-08-31 21:00:00+00:00,72.921927537
2025-08-31 22:00:00+00:00,69.655642661
2025-08-31 23:00:00+00:00,62.509512985
2025-09-01 00:00:00+00:00,62.447470988
2025-09-01 01:00:00+00:00,59.506058707
2025-09-01 02:00:00+00:00,60.689875603
2025-09-01 03:00:00+00:00,61.862826184
2025-09-01 04:00:00+00:00,59.611889484
2025-09-01 05:00:00+00:00,57.578334429
2025-09-01 06:00:00+00:00,59.044994374
2025-09-01 07:00:00+00:00,63.950463955
2025-09-01 08:00:00+00:00,65.647911229
2025-09-01 09:00:00+00:00,62.459445769
2025-09-01 10:00:00+00:00,60.431741527
2025-09-01 11:00:00+00:00,63.421901098
2025-09-01 12:00:00+00:00,53.798793748
2025-09-01 13:00:00+00:00,54.321805620
2025-09-01 14:00:00+00:00,46.372279096
2025-09-01 15:00:00+00:00,50.308921510
2025-09-01 16:00:00+00:00,57.860319219
2025-09-01 17:00:00+00:00,61.616368659
2025-09-01 18:00:00+00:00,66.645715966
2025-09-01 19:00:00+00:00,75.417852135
2025-09-01 20:00:00+00:00,70.361053792
2025-09-01 21:00:00+00:00,67.747220991
2025-09-01 22:00:00+00:00,71.835884321
2025-09-01 23:00:00+00:00,62.586372698
2025-09-02 00:00:00+00:00,61.668502338
2025-09-02 01:00:00+00:00,59.578208954
2025-09-02 02:00:00+00:00,61.551670737
2025-09-02 03:00:00+00:00,58.416522387
2025-09-02 04:00:00+00:00,58.704884207
2025-09-02 05:00:00+00:00,64.916627978
2025-09-02 06:00:00+00:00,60.430916541
2025-09-02 07:00:00+00:00,66.235496479
2025-09-02 08:00:00+00:00,59.271646332
2025-09-02 09:00:00+00:00,62.494695642
2025-09-02 10:00:00+00:00,59.113785244
2025-09-02 11:00:00+00:00,56.929605987
2025-09-02 12:00:00+00:00,60.785038307
2025-09-02 13:00:00+00:00,52.148839405
2025-09-02 14:00:00+00:00,55.757995170
2025-09-02 15:00:00+00:00,58.575499512
2025-09-02 16:00:00+00:00,61.513335771
2025-09-02 17:00:00+00:00,62.163631654
2025-09-02 18:00:00+00:00,68.491775865
2025-09-02 19:00:00+00:00,73.367007175
2025-09-02 20:00:00+00:00,84.605089147
2025-09-02 21:00:00+00:00,76.919717663
2025-09-02 22:00:00+00:00,70.016629336
2025-09-02 23:00:00+00:00,60.591995270
2025-09-03 00:00:00+00:00,58.378258633
2025-09-03 01:00:00+00:00,57.791418737
2025-09-03 02:00:00+00:00,59.905741328
2025-09-03 03:00:00+00:00,57.065603959
2025-09-03 04:00:00+00:00,64.962574245
2025-09-03 05:00:00+00:00,59.224821045
2025-09-03 06:00:00+00:00,66.349654278
2025-09-03 07:00:00+00:00,58.068303297
2025-09-03 08:00:00+00:00,62.749246067
2025-09-03 09:00:00+00:00,56.477204943
2025-09-03 10:00:00+00:00,62.219631361
2025-09-03 11:00:00+00:00,55.288046009
2025-09-03 12:00:00+00:00,57.118920411
2025-09-03 13:00:00+00:00,52.977420168
2025-09-03 14:00:00+00:00,54.128048239
2025-09-03 15:00:00+00:00,55.021812954
2025-09-03 16:00:00+00:00,59.525838451
2025-09-03 17:00:00+00:00,63.623422346
2025-09-03 18:00:00+00:00,68.056216374
2025-09-03 19:00:00+00:00,70.895991211
2025-09-03 20:00:00+00:00,73.222326119
2025-09-03 21:00:00+00:00,76.294989953
2025-09-03 22:00:00+00:00,67.969974346
2025-09-03 23:00:00+00:00,68.992333545
2025-09-04 00:00:00+00:00,62.970574305
2025-09-04 01:00:00+00:00,58.601551083
2025-09-04 02:00:00+00:00,60.422852957
2025-09-04 03:00:00+00:00,59.300872232
2025-09-04 04:00:00+00:00,63.127235470
2025-09-04 05:00:00+00:00,60.553627793
2025-09-04 06:00:00+00:00,62.881286440
2025-09-04 07:00:00+00:00,60.480640087
2025-09-04 08:00:00+00:00,62.585836771
2025-09-04 09:00:00+00:00,64.547324784
2025-09-04 10:00:00+00:00,62.443653538
2025-09-04 11:00:00+00:00,50.552008711
2025-09-04 12:00:00+00:00,52.150619173
2025-09-04 13:00:00+00:00,53.630067720
2025-09-04 14:00:00+00:00,50.259126875
2025-09-04 15:00:00+00:00,54.174530714
2025-09-04 16:00:00+00:00,54.592494468
2025-09-04 17:00:00+00:00,60.641228997
2025-09-04 18:00:00+00:00,67.549291334
2025-09-04 19:00:00+00:00,69.342327193
2025-09-04 20:00:00+00:00,76.038428431
2025-09-04 21:00:00+00:00,83.835988941
2025-09-04 22:00:00+00:00,68.864356892
2025-09-04 23:00:00+00:00,66.788830409
2025-09-05 00:00:00+00:00,61.200022678
2025-09-05 01:00:00+00:00,64.878188421
2025-09-05 02:00:00+00:00,58.529019317
2025-09-05 03:00:00+00:00,62.535381754
2025-09-05 04:00:00+00:00,59.620285340
2025-09-05 05:00:00+00:00,63.010732994
2025-09-05 06:00:00+00:00,56.504471513
2025-09-05 07:00:00+00:00,60.726671744
2025-09-05 08:00:00+00:00,63.293236268
2025-09-05 09:00:00+00:00,56.740914463
2025-09-05 10:00:00+00:00,65.552717325
2025-09-05 11:00:00+00:00,60.581979986
2025-09-05 12:00:00+00:00,55.279811009
2025-09-05 13:00:00+00:00,57.257384092
2025-09-05 14:00:00+00:00,49.919296411
2025-09-05 15:00:00+00:00,50.784307030
2025-09-05 16:00:00+00:00,63.989289240
2025-09-05 17:00:00+00:00,70.984352866
2025-09-05 18:00:00+00:00,65.337660396
2025-09-05 19:00:00+00:00,72.598193537
2025-09-05 20:00:00+00:00,81.846785389
2025-09-05 21:00:00+00:00,75.429758522
2025-09-05 22:00:00+00:00,73.264957538
2025-09-05 23:00:00+00:00,67.421965198
2025-09-06 00:00:00+00:00,51.839519241
2025-09-06 01:00:00+00:00,53.332234027
2025-09-06 02:00:00+00:00,52.145437838
2025-09-06 03:00:00+00:00,52.321860562
2025-09-06 04:00:00+00:00,53.460691515
2025-09-06 05:00:00+00:00,55.998160072
2025-09-06 06:00:00+00:00,54.911755939
2025-09-06 07:00:00+00:00,51.775582376
2025-09-06 08:00:00+00:00,55.649929300
2025-09-06 09:00:00+00:00,60.088304667
2025-09-06 10:00:00+00:00,52.886974922
2025-09-06 11:00:00+00:00,48.824684728
2025-09-06 12:00:00+00:00,48.566962765
2025-09-06 13:00:00+00:00,51.479297786
2025-09-06 14:00:00+00:00,46.584070545
2025-09-06 15:00:00+00:00,48.763057632
2025-09-06 16:00:00+00:00,53.022658534
2025-09-06 17:00:00+00:00,55.133253987
2025-09-06 18:00:00+00:00,62.676377382
2025-09-06 19:00:00+00:00,65.845883106
2025-09-06 20:00:00+00:00,67.402998653
2025-09-06 21:00:00+00:00,66.479452651
2025-09-06 22:00:00+00:00,63.454296024
2025-09-06 23:00:00+00:00,62.964036657
2025-09-07 00:00:00+00:00,52.626198439
2025-09-07 01:00:00+00:00,48.844378798
2025-09-07 02:00:00+00:00,53.411910863
2025-09-07 03:00:00+00:00,51.368373791
2025-09-07 04:00:00+00:00,56.862766521
2025-09-07 05:00:00+00:00,56.751349212
2025-09-07 06:00:00+00:00,59.151788023
2025-09-07 07:00:00+00:00,55.224819173
2025-09-07 08:00:00+00:00,58.883271644
2025-09-07 09:00:00+00:00,53.211135874
2025-09-07 10:00:00+00:00,52.040448196
2025-09-07 11:00:00+00:00,55.375112272
2025-09-07 12:00:00+00:00,47.363760146
2025-09-07 13:00:00+00:00,51.976425361
2025-09-07 14:00:00+00:00,52.281013780
2025-09-07 15:00:00+00:00,42.201209386
2025-09-07 16:00:00+00:00,57.007000584
2025-09-07 17:00:00+00:00,56.148867049
2025-09-07 18:00:00+00:00,60.772671202
2025-09-07 19:00:00+00:00,59.364170508
2025-09-07 20:00:00+00:00,69.661799320
2025-09-07 21:00:00+00:00,70.029068334
2025-09-07 22:00:00+00:00,68.597366583
2025-09-07 23:00:00+00:00,63.007827151
2025-09-08 00:00:00+00:00,65.714053015
2025-09-08 01:00:00+00:00,65.034854344
2025-09-08 02:00:00+00:00,67.220051288
2025-09-08 03:00:00+00:00,60.637935841
2025-09-08 04:00:00+00:00,60.268829675
2025-09-08 05:00:00+00:00,63.039997926
2025-09-08 06:00:00+00:00,63.256326663
2025-09-08 07:00:00+00:00,67.236406309
2025-09-08 08:00:00+00:00,65.502824192
2025-09-08 09:00:00+00:00,61.298367702
2025-09-08 10:00:00+00:00,60.194795845
2025-09-08 11:00:00+00:00,57.933294221
2025-09-08 12:00:00+00:00,55.233927529
2025-09-08 13:00:00+00:00,53.901557647
2025-09-08 14:00:00+00:00,54.367847564
2025-09-08 15:00:00+00:00,54.892474095
2025-09-08 16:00:00+00:00,62.754560843
2025-09-08 17:00:00+00:00,60.778081316
2025-09-08 18:00:00+00:00,69.014856211
2025-09-08 19:00:00+00:00,72.473952519
2025-09-08 20:00:00+00:00,70.397417766
2025-09-08 21:00:00+00:00,65.838241786
2025-09-08 22:00:00+00:00,71.529034117
2025-09-08 23:00:00+00:00,65.379883140
2025-09-09 00:00:00+00:00,65.363664363
2025-09-09 01:00:00+00:00,59.955126166
2025-09-09 02:00:00+00:00,70.869409858
2025-09-09 03:00:00+00:00,62.556138759
2025-09-09 04:00:00+00:00,61.450502523
2025-09-09 05:00:00+00:00,59.410972008
2025-09-09 06:00:00+00:00,58.589578208
2025-09-09 07:00:00+00:00,65.833623748
2025-09-09 08:00:00+00:00,66.036007080
2025-09-09 09:00:00+00:00,57.088742568
2025-09-09 10:00:00+00:00,58.315306429
2025-09-09 11:00:00+00:00,57.329456216
2025-09-09 12:00:00+00:00,63.019019863
2025-09-09 13:00:00+00:00,52.567860264
2025-09-09 14:00:00+00:00,52.096806615
2025-09-09 15:00:00+00:00,58.745109304
2025-09-09 16:00:00+00:00,57.619759717
2025-09-09 17:00:00+00:00,67.752323885
2025-09-09 18:00:00+00:00,69.146696220
2025-09-09 19:00:00+00:00,76.608670127
2025-09-09 20:00:00+00:00,76.322188402
2025-09-09 21:00:00+00:00,73.954197647
2025-09-09 22:00:00+00:00,73.106513702
2025-09-09 23:00:00+00:00,68.394433860
2025-09-10 00:00:00+00:00,59.863164284
2025-09-10 01:00:00+00:00,58.322606747
2025-09-10 02:00:00+00:00,62.134762946
2025-09-10 03:00:00+00:00,58.547242168
2025-09-10 04:00:00+00:00,61.464146929
2025-09-10 05:00:00+00:00,61.516918715
2025-09-10 06:00:00+00:00,64.675322558
2025-09-10 07:00:00+00:00,63.786568539
2025-09-10 08:00:00+00:00,62.768215300
2025-09-10 09:00:00+00:00,58.691618827
2025-09-10 10:00:00+00:00,57.428978424
2025-09-10 11:00:00+00:00,54.937589562
2025-09-10 12:00:00+00:00,57.198148422
2025-09-10 13:00:00+00:00,54.648485102
2025-09-10 14:00:00+00:00,57.878266700
2025-09-10 15:00:00+00:00,52.388797540
2025-09-10 16:00:00+00:00,58.983518505
2025-09-10 17:00:00+00:00,64.388937869
2025-09-10 18:00:00+00:00,70.883416986
2025-09-10 19:00:00+00:00,78.586168709
2025-09-10 20:00:00+00:00,64.813340054
2025-09-10 21:00:00+00:00,74.549905497
2025-09-10 22:00:00+00:00,78.297538674
2025-09-10 23:00:00+00:00,72.588242244
2025-09-11 00:00:00+00:00,60.583439949
2025-09-11 01:00:00+00:00,59.558799285
2025-09-11 02:00:00+00:00,60.005633197
2025-09-11 03:00:00+00:00,64.269929226
2025-09-11 04:00:00+00:00,61.047004503
2025-09-11 05:00:00+00:00,62.319712207
2025-09-11 06:00:00+00:00,60.819866767
2025-09-11 07:00:00+00:00,59.820856388
2025-09-11 08:00:00+00:00,63.692660873
2025-09-11 09:00:00+00:00,63.411144757
2025-09-11 10:00:00+00:00,62.533002723
2025-09-11 11:00:00+00:00,59.997019268
2025-09-11 12:00:00+00:00,62.267789124
2025-09-11 13:00:00+00:00,58.271453418
2025-09-11 14:00:00+00:00,48.878162666
2025-09-11 15:00:00+00:00,55.229817363
2025-09-11 16:00:00+00:00,61.748406218
2025-09-11 17:00:00+00:00,62.698142695
2025-09-11 18:00:00+00:00,64.482949355
2025-09-11 19:00:00+00:00,75.837889408
2025-09-11 20:00:00+00:00,70.515528543
2025-09-11 21:00:00+00:00,72.031240250
2025-09-11 22:00:00+00:00,76.673293509
2025-09-11 23:00:00+00:00,63.621980303
2025-09-12 00:00:00+00:00,61.494370194
2025-09-12 01:00:00+00:00,54.445375232
2025-09-12 02:00:00+00:00,59.626884708
2025-09-12 03:00:00+00:00,60.619269323
2025-09-12 04:00:00+00:00,65.296813896
2025-09-12 05:00:00+00:00,56.579880392
2025-09-12 06:00:00+00:00,63.916457312
2025-09-12 07:00:00+00:00,64.848075201
2025-09-12 08:00:00+00:00,59.379416076
2025-09-12 09:00:00+00:00,62.616756838
2025-09-12 10:00:00+00:00,60.208462043
2025-09-12 11:00:00+00:00,60.393728456
2025-09-12 12:00:00+00:00,63.064535705
2025-09-12 13:00:00+00:00,56.919068887
2025-09-12 14:00:00+00:00,57.882462598
2025-09-12 15:00:00+00:00,55.486769513
2025-09-12 16:00:00+00:00,55.715836954
2025-09-12 17:00:00+00:00,62.655928121
2025-09-12 18:00:00+00:00,66.572754401
2025-09-12 19:00:00+00:00,71.628484545
2025-09-12 20:00:00+00:00,68.822596092
2025-09-12 21:00:00+00:00,75.689175364
2025-09-12 22:00:00+00:00,80.386708483
2025-09-12 23:00:00+00:00,63.722890818
2025-09-13 00:00:00+00:00,56.415404775
2025-09-13 01:00:00+00:00,52.836324104
2025-09-13 02:00:00+00:00,53.822591379
2025-09-13 03:00:00+00:00,54.374394347
2025-09-13 04:00:00+00:00,54.255846048
2025-09-13 05:00:00+00:00,52.638416309
2025-09-13 06:00:00+00:00,54.556919164
2025-09-13 07:00:00+00:00,53.632151901
2025-09-13 08:00:00+00:00,55.631618626
2025-09-13 09:00:00+00:00,57.082509871
2025-09-13 10:00:00+00:00,53.605047909
2025-09-13 11:00:00+00:00,51.914067543
2025-09-13 12:00:00+00:00,51.106355643
2025-09-13 13:00:00+00:00,51.662671942
2025-09-13 14:00:00+00:00,46.307684690
2025-09-13 15:00:00+00:00,48.637887697
2025-09-13 16:00:00+00:00,55.796973487
2025-09-13 17:00:00+00:00,57.923666347
2025-09-13 18:00:00+00:00,64.453526232
2025-09-13 19:00:00+00:00,59.336567895
2025-09-13 20:00:00+00:00,66.148346843
2025-09-13 21:00:00+00:00,63.556772221
2025-09-13 22:00:00+00:00,61.287298795
2025-09-13 23:00:00+00:00,58.324047086
2025-09-14 00:00:00+00:00,50.348962948
2025-09-14 01:00:00+00:00,50.726446513
2025-09-14 02:00:00+00:00,53.909188336
2025-09-14 03:00:00+00:00,58.301846514
2025-09-14 04:00:00+00:00,50.488016380
2025-09-14 05:00:00+00:00,49.838132794
2025-09-14 06:00:00+00:00,57.714345534
2025-09-14 07:00:00+00:00,56.104699206
2025-09-14 08:00:00+00:00,53.700891651
2025-09-14 09:00:00+00:00,53.101973275
2025-09-14 10:00:00+00:00,60.667112733
2025-09-14 11:00:00+00:00,49.652730105
2025-09-14 12:00:00+00:00,47.392389429
2025-09-14 13:00:00+00:00,50.609455747
2025-09-14 14:00:00+00:00,50.356963277
2025-09-14 15:00:00+00:00,51.102466065
2025-09-14 16:00:00+00:00,54.686918142
2025-09-14 17:00:00+00:00,53.825017451
2025-09-14 18:00:00+00:00,62.247708464
2025-09-14 19:00:00+00:00,63.175641429
2025-09-14 20:00:00+00:00,68.625295122
2025-09-14 21:00:00+00:00,65.014579616
2025-09-14 22:00:00+00:00,61.937115069
2025-09-14 23:00:00+00:00,61.683297501
2025-09-15 00:00:00+00:00,53.949879493
2025-09-15 01:00:00+00:00,59.513136327
2025-09-15 02:00:00+00:00,66.987289699
2025-09-15 03:00:00+00:00,60.938393473
2025-09-15 04:00:00+00:00,58.169254223
2025-09-15 05:00:00+00:00,63.298099697
2025-09-15 06:00:00+00:00,63.226774533
2025-09-15 07:00:00+00:00,62.878787917
2025-09-15 08:00:00+00:00,63.250929816
2025-09-15 09:00:00+00:00,57.220234329
2025-09-15 10:00:00+00:00,58.514726339
2025-09-15 11:00:00+00:00,55.814907251
2025-09-15 12:00:00+00:00,51.404760590
2025-09-15 13:00:00+00:00,56.884132933
2025-09-15 14:00:00+00:00,57.236647157
2025-09-15 15:00:00+00:00,58.199871344
2025-09-15 16:00:00+00:00,58.951293167
2025-09-15 17:00:00+00:00,59.770851482
2025-09-15 18:00:00+00:00,72.184497408
2025-09-15 19:00:00+00:00,83.117316374
2025-09-15 20:00:00+00:00,73.060238360
2025-09-15 21:00:00+00:00,65.464175736
2025-09-15 22:00:00+00:00,67.223992263
2025-09-15 23:00:00+00:00,66.728678508
2025-09-16 00:00:00+00:00,60.248553455
2025-09-16 01:00:00+00:00,60.126414367
2025-09-16 02:00:00+00:00,59.802076456
2025-09-16 03:00:00+00:00,62.293787852
2025-09-16 04:00:00+00:00,66.682782414
2025-09-16 05:00:00+00:00,64.170624368
2025-09-16 06:00:00+00:00,63.649386329
2025-09-16 07:00:00+00:00,59.167775749
2025-09-16 08:00:00+00:00,64.019655472
2025-09-16 09:00:00+00:00,67.854712704
2025-09-16 10:00:00+00:00,68.781628047
2025-09-16 11:00:00+00:00,59.514047330
2025-09-16 12:00:00+00:00,53.189429956
2025-09-16 13:00:00+00:00,57.367159543
2025-09-16 14:00:00+00:00,53.647438346
2025-09-16 15:00:00+00:00,54.459194441
2025-09-16 16:00:00+00:00,58.313800837
2025-09-16 17:00:00+00:00,58.390549415
2025-09-16 18:00:00+00:00,69.711544471
2025-09-16 19:00:00+00:00,73.661076740
2025-09-16 20:00:00+00:00,77.874643429
2025-09-16 21:00:00+00:00,79.926734073
2025-09-16 22:00:00+00:00,72.182420456
2025-09-16 23:00:00+00:00,62.029188274
2025-09-17 00:00:00+00:00,57.106784649
2025-09-17 01:00:00+00:00,63.506401264
2025-09-17 02:00:00+00:00,60.642933942
2025-09-17 03:00:00+00:00,61.861541651
2025-09-17 04:00:00+00:00,64.294929078
2025-09-17 05:00:00+00:00,58.363744311
2025-09-17 06:00:00+00:00,66.595376004
2025-09-17 07:00:00+00:00,58.423562164
2025-09-17 08:00:00+00:00,61.377193416
2025-09-17 09:00:00+00:00,62.501911013
2025-09-17 10:00:00+00:00,62.237064709
2025-09-17 11:00:00+00:00,62.829598398
2025-09-17 12:00:00+00:00,54.597161183
2025-09-17 13:00:00+00:00,55.273022169
2025-09-17 14:00:00+00:00,63.132917373
2025-09-17 15:00:00+00:00,57.710986612
2025-09-17 16:00:00+00:00,55.718280913
2025-09-17 17:00:00+00:00,62.236306352
2025-09-17 18:00:00+00:00,74.665694825
2025-09-17 19:00:00+00:00,76.545344516
2025-09-17 20:00:00+00:00,82.576105428
2025-09-17 21:00:00+00:00,73.976966618
2025-09-17 22:00:00+00:00,66.493843642
2025-09-17 23:00:00+00:00,73.770753010
2025-09-18 00:00:00+00:00,60.280543759
2025-09-18 01:00:00+00:00,63.229367105
2025-09-18 02:00:00+00:00,63.822644102
2025-09-18 03:00:00+00:00,65.429200027
2025-09-18 04:00:00+00:00,58.632133121
2025-09-18 05:00:00+00:00,57.917341407
2025-09-18 06:00:00+00:00,65.192019855
2025-09-18 07:00:00+00:00,64.297291250
2025-09-18 08:00:00+00:00,61.974952500
2025-09-18 09:00:00+00:00,65.759561636
2025-09-18 10:00:00+00:00,59.832318719
2025-09-18 11:00:00+00:00,60.002519546
2025-09-18 12:00:00+00:00,48.368207997
2025-09-18 13:00:00+00:00,58.868480491
2025-09-18 14:00:00+00:00,60.038937701
2025-09-18 15:00:00+00:00,55.527619224
2025-09-18 16:00:00+00:00,57.710393768
2025-09-18 17:00:00+00:00,61.505443474
2025-09-18 18:00:00+00:00,63.315929172
2025-09-18 19:00:00+00:00,64.444812150
2025-09-18 20:00:00+00:00,76.676835824
2025-09-18 21:00:00+00:00,74.783737129
2025-09-18 22:00:00+00:00,64.507443885
2025-09-18 23:00:00+00:00,67.385037586
2025-09-19 00:00:00+00:00,65.043169239
2025-09-19 01:00:00+00:00,60.070656208
2025-09-19 02:00:00+00:00,65.500702193
2025-09-19 03:00:00+00:00,62.490239404
2025-09-19 04:00:00+00:00,61.552694556
2025-09-19 05:00:00+00:00,63.290339689
2025-09-19 06:00:00+00:00,67.503206791
2025-09-19 07:00:00+00:00,60.659232958
2025-09-19 08:00:00+00:00,60.806075561
2025-09-19 09:00:00+00:00,69.059586504
2025-09-19 10:00:00+00:00,60.430639612
2025-09-19 11:00:00+00:00,59.588204653
2025-09-19 12:00:00+00:00,52.064540886
2025-09-19 13:00:00+00:00,54.811498849
2025-09-19 14:00:00+00:00,51.574710301
2025-09-19 15:00:00+00:00,53.270876107
2025-09-19 16:00:00+00:00,57.889145112
2025-09-19 17:00:00+00:00,64.780438726
2025-09-19 18:00:00+00:00,64.596525668
2025-09-19 19:00:00+00:00,71.388295082
2025-09-19 20:00:00+00:00,74.713667538
2025-09-19 21:00:00+00:00,72.091698881
2025-09-19 22:00:00+00:00,72.694960998
2025-09-19 23:00:00+00:00,67.269914081
2025-09-20 00:00:00+00:00,53.633915142
2025-09-20 01:00:00+00:00,54.123014225
2025-09-20 02:00:00+00:00,54.278820718
2025-09-20 03:00:00+00:00,51.240170265
2025-09-20 04:00:00+00:00,60.408920333
2025-09-20 05:00:00+00:00,53.885889824
2025-09-20 06:00:00+00:00,53.118827506
2025-09-20 07:00:00+00:00,57.551022487
2025-09-20 08:00:00+00:00,57.869758348
2025-09-20 09:00:00+00:00,56.176907121
2025-09-20 10:00:00+00:00,52.588202539
2025-09-20 11:00:00+00:00,49.578226080
2025-09-20 12:00:00+00:00,49.883031093
2025-09-20 13:00:00+00:00,54.043256700
2025-09-20 14:00:00+00:00,49.553260093
2025-09-20 15:00:00+00:00,51.549994800
2025-09-20 16:00:00+00:00,54.203032268
2025-09-20 17:00:00+00:00,55.339556095
2025-09-20 18:00:00+00:00,59.471235967
2025-09-20 19:00:00+00:00,63.029624839
2025-09-20 20:00:00+00:00,67.578782282
2025-09-20 21:00:00+00:00,59.879030153
2025-09-20 22:00:00+00:00,65.498277042
2025-09-20 23:00:00+00:00,52.311547062
2025-09-21 00:00:00+00:00,52.922818767
2025-09-21 01:00:00+00:00,53.948100862
2025-09-21 02:00:00+00:00,52.767545991
2025-09-21 03:00:00+00:00,54.227012495
2025-09-21 04:00:00+00:00,53.483256652
2025-09-21 05:00:00+00:00,59.632118531
2025-09-21 06:00:00+00:00,58.454836184
2025-09-21 07:00:00+00:00,55.010664747
2025-09-21 08:00:00+00:00,56.775606760
2025-09-21 09:00:00+00:00,51.783254173
2025-09-21 10:00:00+00:00,53.661423374
2025-09-21 11:00:00+00:00,52.273979420
2025-09-21 12:00:00+00:00,50.447949529
2025-09-21 13:00:00+00:00,48.321847851
2025-09-21 14:00:00+00:00,47.064988029
2025-09-21 15:00:00+00:00,47.415696166
2025-09-21 16:00:00+00:00,56.272156151
2025-09-21 17:00:00+00:00,58.091947450
2025-09-21 18:00:00+00:00,64.287460365
2025-09-21 19:00:00+00:00,60.384958691
2025-09-21 20:00:00+00:00,64.141025797
2025-09-21 21:00:00+00:00,70.967730105
2025-09-21 22:00:00+00:00,56.388653167
2025-09-21 23:00:00+00:00,58.230533605
2025-09-22 00:00:00+00:00,66.994218418
2025-09-22 01:00:00+00:00,59.240207281
2025-09-22 02:00:00+00:00,56.153295440
2025-09-22 03:00:00+00:00,61.529911049
2025-09-22 04:00:00+00:00,61.077477176
2025-09-22 05:00:00+00:00,59.874456251
2025-09-22 06:00:00+00:00,56.332816613
2025-09-22 07:00:00+00:00,63.520001247
2025-09-22 08:00:00+00:00,59.580022316
2025-09-22 09:00:00+00:00,61.503942921
2025-09-22 10:00:00+00:00,69.609904098
2025-09-22 11:00:00+00:00,56.208396201
2025-09-22 12:00:00+00:00,57.252338563
2025-09-22 13:00:00+00:00,52.587327442
2025-09-22 14:00:00+00:00,61.113341674
2025-09-22 15:00:00+00:00,54.524749306
2025-09-22 16:00:00+00:00,58.022263027
2025-09-22 17:00:00+00:00,66.863245855
2025-09-22 18:00:00+00:00,64.728650234
2025-09-22 19:00:00+00:00,69.379180660
2025-09-22 20:00:00+00:00,77.828129953
2025-09-22 21:00:00+00:00,70.293420386
2025-09-22 22:00:00+00:00,71.443644609
2025-09-22 23:00:00+00:00,69.521066496
2025-09-23 00:00:00+00:00,55.985380322
2025-09-23 01:00:00+00:00,63.535976888
2025-09-23 02:00:00+00:00,62.533932855
2025-09-23 03:00:00+00:00,59.945391106
2025-09-23 04:00:00+00:00,61.735107700
2025-09-23 05:00:00+00:00,62.974765529
2025-09-23 06:00:00+00:00,66.904757252
2025-09-23 07:00:00+00:00,65.722292515
2025-09-23 08:00:00+00:00,60.487107596
2025-09-23 09:00:00+00:00,59.058872544
2025-09-23 10:00:00+00:00,60.877093845
2025-09-23 11:00:00+00:00,60.483155067
2025-09-23 12:00:00+00:00,59.174101086
2025-09-23 13:00:00+00:00,58.535587030
2025-09-23 14:00:00+00:00,60.571983375
2025-09-23 15:00:00+00:00,55.138824970
2025-09-23 16:00:00+00:00,59.776675279
2025-09-23 17:00:00+00:00,58.799493831
2025-09-23 18:00:00+00:00,65.228843584
2025-09-23 19:00:00+00:00,66.887763251
2025-09-23 20:00:00+00:00,74.558844143
2025-09-23 21:00:00+00:00,76.372625306
2025-09-23 22:00:00+00:00,71.458270112
2025-09-23 23:00:00+00:00,67.365329404
2025-09-24 00:00:00+00:00,60.519435771
2025-09-24 01:00:00+00:00,59.492367109
2025-09-24 02:00:00+00:00,62.508844873
2025-09-24 03:00:00+00:00,62.892284485
2025-09-24 04:00:00+00:00,64.292106952
2025-09-24 05:00:00+00:00,59.593146310
2025-09-24 06:00:00+00:00,63.540004363
2025-09-24 07:00:00+00:00,65.444300648
2025-09-24 08:00:00+00:00,66.515731403
2025-09-24 09:00:00+00:00,57.371940968
2025-09-24 10:00:00+00:00,60.283801044
2025-09-24 11:00:00+00:00,59.439469983
2025-09-24 12:00:00+00:00,63.499823733
2025-09-24 13:00:00+00:00,52.851988534
2025-09-24 14:00:00+00:00,57.184235350
2025-09-24 15:00:00+00:00,59.048438407
2025-09-24 16:00:00+00:00,58.808622090
2025-09-24 17:00:00+00:00,63.090105810
2025-09-24 18:00:00+00:00,65.175535788
2025-09-24 19:00:00+00:00,72.588411842
2025-09-24 20:00:00+00:00,71.841217815
2025-09-24 21:00:00+00:00,72.906419311
2025-09-24 22:00:00+00:00,69.228788140
2025-09-24 23:00:00+00:00,66.979492166
2025-09-25 00:00:00+00:00,61.948797953
2025-09-25 01:00:00+00:00,61.942078605
2025-09-25 02:00:00+00:00,65.281759902
2025-09-25 03:00:00+00:00,62.649642303
2025-09-25 04:00:00+00:00,58.339687333
2025-09-25 05:00:00+00:00,64.056066853
2025-09-25 06:00:00+00:00,60.278361617
2025-09-25 07:00:00+00:00,63.840931851
2025-09-25 08:00:00+00:00,58.853754992
2025-09-25 09:00:00+00:00,65.506616425
2025-09-25 10:00:00+00:00,64.339933691
2025-09-25 11:00:00+00:00,56.409455560
2025-09-25 12:00:00+00:00,61.340115717
2025-09-25 13:00:00+00:00,63.789309752
2025-09-25 14:00:00+00:00,59.526059842
2025-09-25 15:00:00+00:00,54.671577177
2025-09-25 16:00:00+00:00,59.738169193
2025-09-25 17:00:00+00:00,63.389286797
2025-09-25 18:00:00+00:00,67.343731722
2025-09-25 19:00:00+00:00,76.628988836
2025-09-25 20:00:00+00:00,74.207020843
2025-09-25 21:00:00+00:00,73.595034202
2025-09-25 22:00:00+00:00,73.200398544
2025-09-25 23:00:00+00:00,66.626586070
2025-09-26 00:00:00+00:00,58.865657473
2025-09-26 01:00:00+00:00,56.595494559
2025-09-26 02:00:00+00:00,69.577959191
2025-09-26 03:00:00+00:00,63.702131649
2025-09-26 04:00:00+00:00,60.498281167
2025-09-26 05:00:00+00:00,55.043868854
2025-09-26 06:00:00+00:00,62.952352189
2025-09-26 07:00:00+00:00,62.108331036
2025-09-26 08:00:00+00:00,63.174162255
2025-09-26 09:00:00+00:00,60.966128452
2025-09-26 10:00:00+00:00,60.981769736
2025-09-26 11:00:00+00:00,58.377650864
2025-09-26 12:00:00+00:00,59.092310027
2025-09-26 13:00:00+00:00,55.416444884
2025-09-26 14:00:00+00:00,47.227842642
2025-09-26 15:00:00+00:00,60.847267338
2025-09-26 16:00:00+00:00,57.640554112
2025-09-26 17:00:00+00:00,68.263337005
2025-09-26 18:00:00+00:00,75.878836460
2025-09-26 19:00:00+00:00,75.473949979
2025-09-26 20:00:00+00:00,82.793981396
2025-09-26 21:00:00+00:00,68.325254300
2025-09-26 22:00:00+00:00,69.047532577
2025-09-26 23:00:00+00:00,69.418097999
2025-09-27 00:00:00+00:00,61.433964586
2025-09-27 01:00:00+00:00,51.080830174
2025-09-27 02:00:00+00:00,58.528622255
2025-09-27 03:00:00+00:00,56.039192045
2025-09-27 04:00:00+00:00,50.024411353
2025-09-27 05:00:00+00:00,52.561298039
2025-09-27 06:00:00+00:00,54.491222928
2025-09-27 07:00:00+00:00,49.485426353
2025-09-27 08:00:00+00:00,56.756268135
2025-09-27 09:00:00+00:00,59.537039257
2025-09-27 10:00:00+00:00,53.763793697
2025-09-27 11:00:00+00:00,55.931589160
2025-09-27 12:00:00+00:00,48.440276840
2025-09-27 13:00:00+00:00,49.386617469
2025-09-27 14:00:00+00:00,48.926436551
2025-09-27 15:00:00+00:00,56.453043079
2025-09-27 16:00:00+00:00,51.384852628
2025-09-27 17:00:00+00:00,60.289067610
2025-09-27 18:00:00+00:00,61.296332434
2025-09-27 19:00:00+00:00,66.380007527
2025-09-27 20:00:00+00:00,66.990484741
2025-09-27 21:00:00+00:00,63.083829580
2025-09-27 22:00:00+00:00,60.265240973
2025-09-27 23:00:00+00:00,58.371077638
2025-09-28 00:00:00+00:00,57.285298008
2025-09-28 01:00:00+00:00,59.076193920
2025-09-28 02:00:00+00:00,54.671761148
2025-09-28 03:00:00+00:00,53.589830510
2025-09-28 04:00:00+00:00,53.989089977
2025-09-28 05:00:00+00:00,53.616195463
2025-09-28 06:00:00+00:00,53.986495230
2025-09-28 07:00:00+00:00,54.750004097
2025-09-28 08:00:00+00:00,62.125946184
2025-09-28 09:00:00+00:00,52.559499386
2025-09-28 10:00:00+00:00,54.548600251
2025-09-28 11:00:00+00:00,54.071224594
2025-09-28 12:00:00+00:00,53.360467855
2025-09-28 13:00:00+00:00,46.993681984
2025-09-28 14:00:00+00:00,52.023634794
2025-09-28 15:00:00+00:00,48.845141750
2025-09-28 16:00:00+00:00,56.232366672
2025-09-28 17:00:00+00:00,51.551093826
2025-09-28 18:00:00+00:00,61.537425389
2025-09-28 19:00:00+00:00,63.743841538
2025-09-28 20:00:00+00:00,64.300582562
2025-09-28 21:00:00+00:00,64.294803598
2025-09-28 22:00:00+00:00,63.850288428
2025-09-28 23:00:00+00:00,59.030639009
2025-09-29 00:00:00+00:00,57.271239538
2025-09-29 01:00:00+00:00,65.278661349
2025-09-29 02:00:00+00:00,60.088447323
2025-09-29 03:00:00+00:00,63.780322839
2025-09-29 04:00:00+00:00,56.438038545
2025-09-29 05:00:00+00:00,60.818686282
2025-09-29 06:00:00+00:00,57.195019359
2025-09-29 07:00:00+00:00,61.427843767
2025-09-29 08:00:00+00:00,63.278531832
2025-09-29 09:00:00+00:00,66.534939883
2025-09-29 10:00:00+00:00,61.901547830
2025-09-29 11:00:00+00:00,61.570292581
2025-09-29 12:00:00+00:00,52.474938318
2025-09-29 13:00:00+00:00,54.984267463
2025-09-29 14:00:00+00:00,53.577624907
2025-09-29 15:00:00+00:00,58.906648708
2025-09-29 16:00:00+00:00,53.568100617
2025-09-29 17:00:00+00:00,65.994511582
2025-09-29 18:00:00+00:00,70.165149387
2025-09-29 19:00:00+00:00,75.408561448
2025-09-29 20:00:00+00:00,68.434422943
2025-09-29 21:00:00+00:00,73.962835234
2025-09-29 22:00:00+00:00,73.530625951
2025-09-29 23:00:00+00:00,66.898284115
2025-09-30 00:00:00+00:00,64.907955944
2025-09-30 01:00:00+00:00,58.401582235
2025-09-30 02:00:00+00:00,58.221286944
2025-09-30 03:00:00+00:00,65.496893896
2025-09-30 04:00:00+00:00,55.735526976
2025-09-30 05:00:00+00:00,61.630400076
2025-09-30 06:00:00+00:00,61.245786620
2025-09-30 07:00:00+00:00,59.374422421
2025-09-30 08:00:00+00:00,64.319719428
2025-09-30 09:00:00+00:00,67.229190150
2025-09-30 10:00:00+00:00,60.124812836
2025-09-30 11:00:00+00:00,56.266120494
2025-09-30 12:00:00+00:00,51.621925505
2025-09-30 13:00:00+00:00,55.086793963
2025-09-30 14:00:00+00:00,48.648695505
2025-09-30 15:00:00+00:00,55.072160826
2025-09-30 16:00:00+00:00,58.483707439
2025-09-30 17:00:00+00:00,67.225096754
2025-09-30 18:00:00+00:00,64.827500564
2025-09-30 19:00:00+00:00,72.711874993
2025-09-30 20:00:00+00:00,73.039545903
2025-09-30 21:00:00+00:00,76.325801281
2025-09-30 22:00:00+00:00,71.835494296
2025-09-30 23:00:00+00:00,66.839244877
2025-10-01 00:00:00+00:00,76.868067717
2025-10-01 01:00:00+00:00,75.143840432
2025-10-01 02:00:00+00:00,76.460448793
2025-10-01 03:00:00+00:00,78.085621575
2025-10-01 04:00:00+00:00,76.949692120
2025-10-01 05:00:00+00:00,75.813207766
2025-10-01 06:00:00+00:00,77.449948356
2025-10-01 07:00:00+00:00,83.251430857
2025-10-01 08:00:00+00:00,84.600829447
2025-10-01 09:00:00+00:00,77.803668076
2025-10-01 10:00:00+00:00,74.518065652
2025-10-01 11:00:00+00:00,65.418408042
2025-10-01 12:00:00+00:00,75.117235524
2025-10-01 13:00:00+00:00,68.676075644
2025-10-01 14:00:00+00:00,71.065055517
2025-10-01 15:00:00+00:00,67.548109551
2025-10-01 16:00:00+00:00,74.392209842
2025-10-01 17:00:00+00:00,79.570078545
2025-10-01 18:00:00+00:00,86.028529826
2025-10-01 19:00:00+00:00,81.889660739
2025-10-01 20:00:00+00:00,94.409101176
2025-10-01 21:00:00+00:00,93.101335011
2025-10-01 22:00:00+00:00,83.668111623
2025-10-01 23:00:00+00:00,80.720450705
2025-10-02 00:00:00+00:00,72.820817308
2025-10-02 01:00:00+00:00,71.149592382
2025-10-02 02:00:00+00:00,74.545872945
2025-10-02 03:00:00+00:00,75.442961255
2025-10-02 04:00:00+00:00,77.353804204
2025-10-02 05:00:00+00:00,77.844995946
2025-10-02 06:00:00+00:00,77.737879867
2025-10-02 07:00:00+00:00,75.006080092
2025-10-02 08:00:00+00:00,79.247638735
2025-10-02 09:00:00+00:00,73.195865116
2025-10-02 10:00:00+00:00,82.592619548
2025-10-02 11:00:00+00:00,66.598329476
2025-10-02 12:00:00+00:00,73.874167989
2025-10-02 13:00:00+00:00,67.047715109
2025-10-02 14:00:00+00:00,69.556726522
2025-10-02 15:00:00+00:00,69.502783118
2025-10-02 16:00:00+00:00,70.404062848
2025-10-02 17:00:00+00:00,75.230028526
2025-10-02 18:00:00+00:00,87.779398616
2025-10-02 19:00:00+00:00,92.981949764
2025-10-02 20:00:00+00:00,94.741227593
2025-10-02 21:00:00+00:00,89.929710645
2025-10-02 22:00:00+00:00,83.358126646
2025-10-02 23:00:00+00:00,87.709814293
2025-10-03 00:00:00+00:00,72.225312215
2025-10-03 01:00:00+00:00,74.031756862
2025-10-03 02:00:00+00:00,73.778002861
2025-10-03 03:00:00+00:00,67.379781858
2025-10-03 04:00:00+00:00,71.333426455
2025-10-03 05:00:00+00:00,74.137821823
2025-10-03 06:00:00+00:00,74.026282144
2025-10-03 07:00:00+00:00,76.927899521
2025-10-03 08:00:00+00:00,75.924432319
2025-10-03 09:00:00+00:00,68.007138364
2025-10-03 10:00:00+00:00,79.302208426
2025-10-03 11:00:00+00:00,75.893799004
2025-10-03 12:00:00+00:00,74.423751301
2025-10-03 13:00:00+00:00,64.005410745
2025-10-03 14:00:00+00:00,70.013899897
2025-10-03 15:00:00+00:00,65.899299114
2025-10-03 16:00:00+00:00,73.873062169
2025-10-03 17:00:00+00:00,71.847481178
2025-10-03 18:00:00+00:00,89.503764952
2025-10-03 19:00:00+00:00,85.851071892
2025-10-03 20:00:00+00:00,84.692765810
2025-10-03 21:00:00+00:00,80.466626010
2025-10-03 22:00:00+00:00,86.808265641
2025-10-03 23:00:00+00:00,88.810100898
2025-10-04 00:00:00+00:00,72.888522602
2025-10-04 01:00:00+00:00,64.566376131
2025-10-04 02:00:00+00:00,64.155189967
2025-10-04 03:00:00+00:00,70.035800749
2025-10-04 04:00:00+00:00,71.401023642
2025-10-04 05:00:00+00:00,63.792045992
2025-10-04 06:00:00+00:00,69.722822386
2025-10-04 07:00:00+00:00,69.652722946
2025-10-04 08:00:00+00:00,68.831452561
2025-10-04 09:00:00+00:00,67.316766260
2025-10-04 10:00:00+00:00,66.213197799
2025-10-04 11:00:00+00:00,70.951988532
2025-10-04 12:00:00+00:00,55.343498621
2025-10-04 13:00:00+00:00,58.856825667
2025-10-04 14:00:00+00:00,58.653397252
2025-10-04 15:00:00+00:00,62.391430532
2025-10-04 16:00:00+00:00,71.891689577
2025-10-04 17:00:00+00:00,77.535948022
2025-10-04 18:00:00+00:00,81.767130132
2025-10-04 19:00:00+00:00,83.452534227
2025-10-04 20:00:00+00:00,88.033269496
2025-10-04 21:00:00+00:00,90.159791346
2025-10-04 22:00:00+00:00,69.791054868
2025-10-04 23:00:00+00:00,71.525723891
2025-10-05 00:00:00+00:00,67.106355223
2025-10-05 01:00:00+00:00,66.717538317
2025-10-05 02:00:00+00:00,70.340968533
2025-10-05 03:00:00+00:00,69.930689228
2025-10-05 04:00:00+00:00,62.711467854
2025-10-05 05:00:00+00:00,72.147825127
2025-10-05 06:00:00+00:00,69.908561862
2025-10-05 07:00:00+00:00,69.794318133
2025-10-05 08:00:00+00:00,70.718265294
2025-10-05 09:00:00+00:00,74.091437322
2025-10-05 10:00:00+00:00,69.026205741
2025-10-05 11:00:00+00:00,66.741220845
2025-10-05 12:00:00+00:00,61.339222328
2025-10-05 13:00:00+00:00,56.485813796
2025-10-05 14:00:00+00:00,60.346644505
2025-10-05 15:00:00+00:00,70.483396895
2025-10-05 16:00:00+00:00,71.681258962
2025-10-05 17:00:00+00:00,72.626384274
2025-10-05 18:00:00+00:00,80.944151641
2025-10-05 19:00:00+00:00,87.820116867
2025-10-05 20:00:00+00:00,85.852418079
2025-10-05 21:00:00+00:00,84.099358761
2025-10-05 22:00:00+00:00,76.080276988
2025-10-05 23:00:00+00:00,73.311119222
2025-10-06 00:00:00+00:00,76.641112038
2025-10-06 01:00:00+00:00,79.814697753
2025-10-06 02:00:00+00:00,76.401952758
2025-10-06 03:00:00+00:00,73.422980518
2025-10-06 04:00:00+00:00,75.638904943
2025-10-06 05:00:00+00:00,65.476510350
2025-10-06 06:00:00+00:00,72.230927844
2025-10-06 07:00:00+00:00,72.206669417
2025-10-06 08:00:00+00:00,74.907679734
2025-10-06 09:00:00+00:00,75.629235273
2025-10-06 10:00:00+00:00,74.938706737
2025-10-06 11:00:00+00:00,64.908837650
2025-10-06 12:00:00+00:00,66.232586112
2025-10-06 13:00:00+00:00,71.285408616
2025-10-06 14:00:00+00:00,72.291519651
2025-10-06 15:00:00+00:00,67.565432092
2025-10-06 16:00:00+00:00,64.296767507
2025-10-06 17:00:00+00:00,81.676138580
2025-10-06 18:00:00+00:00,82.771590642
2025-10-06 19:00:00+00:00,90.748139951
2025-10-06 20:00:00+00:00,82.998804064
2025-10-06 21:00:00+00:00,96.826921810
2025-10-06 22:00:00+00:00,85.629866723
2025-10-06 23:00:00+00:00,92.420853622
2025-10-07 00:00:00+00:00,74.731268601
2025-10-07 01:00:00+00:00,74.218045459
2025-10-07 02:00:00+00:00,69.905332019
2025-10-07 03:00:00+00:00,76.655406912
2025-10-07 04:00:00+00:00,75.103989200
2025-10-07 05:00:00+00:00,80.063180566
2025-10-07 06:00:00+00:00,70.710401383
2025-10-07 07:00:00+00:00,74.943858725
2025-10-07 08:00:00+00:00,83.641969312
2025-10-07 09:00:00+00:00,75.383179751
2025-10-07 10:00:00+00:00,80.017392554
2025-10-07 11:00:00+00:00,70.773240656
2025-10-07 12:00:00+00:00,71.081735446
2025-10-07 13:00:00+00:00,71.053394177
2025-10-07 14:00:00+00:00,72.222314923
2025-10-07 15:00:00+00:00,72.476348547
2025-10-07 16:00:00+00:00,72.471961657
2025-10-07 17:00:00+00:00,82.273835658
2025-10-07 18:00:00+00:00,93.356386626
2025-10-07 19:00:00+00:00,88.326549239
2025-10-07 20:00:00+00:00,93.718345200
2025-10-07 21:00:00+00:00,91.073693689
2025-10-07 22:00:00+00:00,86.161035786
2025-10-07 23:00:00+00:00,83.925134487
2025-10-08 00:00:00+00:00,74.441239822
2025-10-08 01:00:00+00:00,77.269439583
2025-10-08 02:00:00+00:00,84.061675233
2025-10-08 03:00:00+00:00,74.947876924
2025-10-08 04:00:00+00:00,72.506006503
2025-10-08 05:00:00+00:00,78.084600728
2025-10-08 06:00:00+00:00,72.648241765
2025-10-08 07:00:00+00:00,78.822733125
2025-10-08 08:00:00+00:00,75.773781161
2025-10-08 09:00:00+00:00,77.929472786
2025-10-08 10:00:00+00:00,75.141703167
2025-10-08 11:00:00+00:00,75.441058678
2025-10-08 12:00:00+00:00,70.165286895
2025-10-08 13:00:00+00:00,65.603743587
2025-10-08 14:00:00+00:00,68.577202779
2025-10-08 15:00:00+00:00,71.142379236
2025-10-08 16:00:00+00:00,77.474461609
2025-10-08 17:00:00+00:00,71.839024576
2025-10-08 18:00:00+00:00,91.304625953
2025-10-08 19:00:00+00:00,90.650903617
2025-10-08 20:00:00+00:00,95.732608611
2025-10-08 21:00:00+00:00,95.541293923
2025-10-08 22:00:00+00:00,84.521178430
2025-10-08 23:00:00+00:00,76.603082080
2025-10-09 00:00:00+00:00,69.895791672
2025-10-09 01:00:00+00:00,83.540200051
2025-10-09 02:00:00+00:00,76.690159160
2025-10-09 03:00:00+00:00,75.648868440
2025-10-09 04:00:00+00:00,65.668966971
2025-10-09 05:00:00+00:00,69.070894735
2025-10-09 06:00:00+00:00,79.044415583
2025-10-09 07:00:00+00:00,74.527751802
2025-10-09 08:00:00+00:00,79.052806215
2025-10-09 09:00:00+00:00,79.507662204
2025-10-09 10:00:00+00:00,80.766272141
2025-10-09 11:00:00+00:00,76.231256772
2025-10-09 12:00:00+00:00,67.064603171
2025-10-09 13:00:00+00:00,72.975544216
2025-10-09 14:00:00+00:00,68.968288526
2025-10-09 15:00:00+00:00,70.606370130
2025-10-09 16:00:00+00:00,73.038019339
2025-10-09 17:00:00+00:00,80.543087349
2025-10-09 18:00:00+00:00,80.466304564
2025-10-09 19:00:00+00:00,83.286379509
2025-10-09 20:00:00+00:00,96.592288021
2025-10-09 21:00:00+00:00,89.748807603
2025-10-09 22:00:00+00:00,85.234193236
2025-10-09 23:00:00+00:00,88.634400987
2025-10-10 00:00:00+00:00,74.541882170
2025-10-10 01:00:00+00:00,77.829290648
2025-10-10 02:00:00+00:00,71.271318979
2025-10-10 03:00:00+00:00,81.588889765
2025-10-10 04:00:00+00:00,75.743649545
2025-10-10 05:00:00+00:00,74.489340420
2025-10-10 06:00:00+00:00,76.286827516
2025-10-10 07:00:00+00:00,76.417175704
2025-10-10 08:00:00+00:00,79.929789296
2025-10-10 09:00:00+00:00,76.840990760
2025-10-10 10:00:00+00:00,76.001609246
2025-10-10 11:00:00+00:00,65.734522506
2025-10-10 12:00:00+00:00,71.614233020
2025-10-10 13:00:00+00:00,66.173610291
2025-10-10 14:00:00+00:00,71.298532460
2025-10-10 15:00:00+00:00,73.279360201
2025-10-10 16:00:00+00:00,81.532645179
2025-10-10 17:00:00+00:00,78.280857653
2025-10-10 18:00:00+00:00,82.421099497
2025-10-10 19:00:00+00:00,94.195768652
2025-10-10 20:00:00+00:00,89.727750777
2025-10-10 21:00:00+00:00,90.843003590
2025-10-10 22:00:00+00:00,86.256801134
2025-10-10 23:00:00+00:00,86.780904227
2025-10-11 00:00:00+00:00,68.586955639
2025-10-11 01:00:00+00:00,63.481900810
2025-10-11 02:00:00+00:00,75.524884793
2025-10-11 03:00:00+00:00,66.187102159
2025-10-11 04:00:00+00:00,66.977699069
2025-10-11 05:00:00+00:00,70.469454744
2025-10-11 06:00:00+00:00,66.208798808
2025-10-11 07:00:00+00:00,63.407879206
2025-10-11 08:00:00+00:00,64.854508902
2025-10-11 09:00:00+00:00,72.976325802
2025-10-11 10:00:00+00:00,68.962501904
2025-10-11 11:00:00+00:00,65.164849698
2025-10-11 12:00:00+00:00,59.064275618
2025-10-11 13:00:00+00:00,60.565399268
2025-10-11 14:00:00+00:00,64.676840442
2025-10-11 15:00:00+00:00,57.994839192
2025-10-11 16:00:00+00:00,61.200944470
2025-10-11 17:00:00+00:00,69.851474803
2025-10-11 18:00:00+00:00,73.194011547
2025-10-11 19:00:00+00:00,80.990404663
2025-10-11 20:00:00+00:00,92.112012431
2025-10-11 21:00:00+00:00,85.351315538
2025-10-11 22:00:00+00:00,82.954370943
2025-10-11 23:00:00+00:00,75.727584183
2025-10-12 00:00:00+00:00,69.504836899
2025-10-12 01:00:00+00:00,67.981084792
2025-10-12 02:00:00+00:00,66.502211330
2025-10-12 03:00:00+00:00,70.005791974
2025-10-12 04:00:00+00:00,65.905253911
2025-10-12 05:00:00+00:00,66.114952258
2025-10-12 06:00:00+00:00,72.310539157
2025-10-12 07:00:00+00:00,68.759850588
2025-10-12 08:00:00+00:00,77.408326007
2025-10-12 09:00:00+00:00,61.191401496
2025-10-12 10:00:00+00:00,78.090520016
2025-10-12 11:00:00+00:00,68.374428959
2025-10-12 12:00:00+00:00,62.280150815
2025-10-12 13:00:00+00:00,58.944259122
2025-10-12 14:00:00+00:00,62.874665428
2025-10-12 15:00:00+00:00,66.720848180
2025-10-12 16:00:00+00:00,69.210224155
2025-10-12 17:00:00+00:00,67.146423321
2025-10-12 18:00:00+00:00,64.467969472
2025-10-12 19:00:00+00:00,81.116925143
2025-10-12 20:00:00+00:00,85.227130767
2025-10-12 21:00:00+00:00,79.238495423
2025-10-12 22:00:00+00:00,76.331358853
2025-10-12 23:00:00+00:00,74.704087813
2025-10-13 00:00:00+00:00,78.737283379
2025-10-13 01:00:00+00:00,77.781859537
2025-10-13 02:00:00+00:00,78.557088483
2025-10-13 03:00:00+00:00,83.436390058
2025-10-13 04:00:00+00:00,69.244852267
2025-10-13 05:00:00+00:00,79.709524614
2025-10-13 06:00:00+00:00,75.812068727
2025-10-13 07:00:00+00:00,76.142866947
2025-10-13 08:00:00+00:00,74.084629600
2025-10-13 09:00:00+00:00,80.903952430
2025-10-13 10:00:00+00:00,86.099345049
2025-10-13 11:00:00+00:00,72.211565798
2025-10-13 12:00:00+00:00,77.541237096
2025-10-13 13:00:00+00:00,72.218595243
2025-10-13 14:00:00+00:00,65.714845190
2025-10-13 15:00:00+00:00,76.677457282
2025-10-13 16:00:00+00:00,71.350313504
2025-10-13 17:00:00+00:00,75.146401162
2025-10-13 18:00:00+00:00,84.940065814
2025-10-13 19:00:00+00:00,87.813427681
2025-10-13 20:00:00+00:00,91.037291563
2025-10-13 21:00:00+00:00,86.435670997
2025-10-13 22:00:00+00:00,79.216600915
2025-10-13 23:00:00+00:00,84.633216408
2025-10-14 00:00:00+00:00,65.644195969
2025-10-14 01:00:00+00:00,69.844592428
2025-10-14 02:00:00+00:00,83.810061927
2025-10-14 03:00:00+00:00,73.500375781
2025-10-14 04:00:00+00:00,72.948410352
2025-10-14 05:00:00+00:00,75.493223450
2025-10-14 06:00:00+00:00,74.584289939
2025-10-14 07:00:00+00:00,77.713242468
2025-10-14 08:00:00+00:00,78.606768239
2025-10-14 09:00:00+00:00,78.237908687
2025-10-14 10:00:00+00:00,74.580218386
2025-10-14 11:00:00+00:00,74.947890980
2025-10-14 12:00:00+00:00,68.623308257
2025-10-14 13:00:00+00:00,63.330206824
2025-10-14 14:00:00+00:00,72.831695455
2025-10-14 15:00:00+00:00,66.872933363
2025-10-14 16:00:00+00:00,72.541974521
2025-10-14 17:00:00+00:00,77.761351697
2025-10-14 18:00:00+00:00,84.180327159
2025-10-14 19:00:00+00:00,96.212567223
2025-10-14 20:00:00+00:00,98.891885361
2025-10-14 21:00:00+00:00,92.610900204
2025-10-14 22:00:00+00:00,84.184230433
2025-10-14 23:00:00+00:00,87.535488372
2025-10-15 00:00:00+00:00,67.708298746
2025-10-15 01:00:00+00:00,70.333748705
2025-10-15 02:00:00+00:00,77.858079244
2025-10-15 03:00:00+00:00,65.376705918
2025-10-15 04:00:00+00:00,73.725543787
2025-10-15 05:00:00+00:00,71.163711209
2025-10-15 06:00:00+00:00,77.563559902
2025-10-15 07:00:00+00:00,77.486643319
2025-10-15 08:00:00+00:00,74.182818170
2025-10-15 09:00:00+00:00,79.540049221
2025-10-15 10:00:00+00:00,78.570471834
2025-10-15 11:00:00+00:00,75.654771764
2025-10-15 12:00:00+00:00,72.273298019
2025-10-15 13:00:00+00:00,69.513778025
2025-10-15 14:00:00+00:00,67.980854530
2025-10-15 15:00:00+00:00,65.570547775
2025-10-15 16:00:00+00:00,81.973246532
2025-10-15 17:00:00+00:00,68.107972874
2025-10-15 18:00:00+00:00,86.983973715
2025-10-15 19:00:00+00:00,91.253348086
2025-10-15 20:00:00+00:00,91.273099221
2025-10-15 21:00:00+00:00,92.160145138
2025-10-15 22:00:00+00:00,82.794750433
2025-10-15 23:00:00+00:00,88.208449520
2025-10-16 00:00:00+00:00,77.101200829
2025-10-16 01:00:00+00:00,72.547686494
2025-10-16 02:00:00+00:00,72.624891740
2025-10-16 03:00:00+00:00,76.752007248
2025-10-16 04:00:00+00:00,77.598391085
2025-10-16 05:00:00+00:00,81.137076017
2025-10-16 06:00:00+00:00,69.627546920
2025-10-16 07:00:00+00:00,79.360400740
2025-10-16 08:00:00+00:00,70.117539992
2025-10-16 09:00:00+00:00,74.907439100
2025-10-16 10:00:00+00:00,84.595927935
2025-10-16 11:00:00+00:00,72.146029869
2025-10-16 12:00:00+00:00,73.333246877
2025-10-16 13:00:00+00:00,71.621717260
2025-10-16 14:00:00+00:00,67.356694953
2025-10-16 15:00:00+00:00,76.288547633
2025-10-16 16:00:00+00:00,75.062033694
2025-10-16 17:00:00+00:00,79.196053154
2025-10-16 18:00:00+00:00,93.027559710
2025-10-16 19:00:00+00:00,94.787636845
2025-10-16 20:00:00+00:00,96.414658594
2025-10-16 21:00:00+00:00,81.596386266
2025-10-16 22:00:00+00:00,88.861491939
2025-10-16 23:00:00+00:00,76.479973464
2025-10-17 00:00:00+00:00,78.422996811
2025-10-17 01:00:00+00:00,76.538429983
2025-10-17 02:00:00+00:00,73.755424937
2025-10-17 03:00:00+00:00,79.522623906
2025-10-17 04:00:00+00:00,78.237377123
2025-10-17 05:00:00+00:00,72.260874962
2025-10-17 06:00:00+00:00,89.003221848
2025-10-17 07:00:00+00:00,68.924315450
2025-10-17 08:00:00+00:00,73.825434804
2025-10-17 09:00:00+00:00,81.932527073
2025-10-17 10:00:00+00:00,78.460542657
2025-10-17 11:00:00+00:00,69.653887769
2025-10-17 12:00:00+00:00,69.896718494
2025-10-17 13:00:00+00:00,69.258388567
2025-10-17 14:00:00+00:00,64.795428081
2025-10-17 15:00:00+00:00,71.260169881
2025-10-17 16:00:00+00:00,73.896854962
2025-10-17 17:00:00+00:00,83.617232399
2025-10-17 18:00:00+00:00,92.823080021
2025-10-17 19:00:00+00:00,89.171390270
2025-10-17 20:00:00+00:00,95.857117821
2025-10-17 21:00:00+00:00,88.780130953
2025-10-17 22:00:00+00:00,95.528685019
2025-10-17 23:00:00+00:00,77.038938452
2025-10-18 00:00:00+00:00,69.714156892
2025-10-18 01:00:00+00:00,65.122087565
2025-10-18 02:00:00+00:00,64.243832301
2025-10-18 03:00:00+00:00,67.603456211
2025-10-18 04:00:00+00:00,64.625005136
2025-10-18 05:00:00+00:00,64.921969926
2025-10-18 06:00:00+00:00,67.963062078
2025-10-18 07:00:00+00:00,69.107649500
2025-10-18 08:00:00+00:00,68.785909670
2025-10-18 09:00:00+00:00,68.530809114
2025-10-18 10:00:00+00:00,70.700330732
2025-10-18 11:00:00+00:00,64.490092059
2025-10-18 12:00:00+00:00,60.671735018
2025-10-18 13:00:00+00:00,63.397961771
2025-10-18 14:00:00+00:00,60.416542961
2025-10-18 15:00:00+00:00,57.723546291
2025-10-18 16:00:00+00:00,65.373463105
2025-10-18 17:00:00+00:00,66.955284107
2025-10-18 18:00:00+00:00,65.719151839
2025-10-18 19:00:00+00:00,80.373001418
2025-10-18 20:00:00+00:00,91.998619393
2025-10-18 21:00:00+00:00,88.984932174
2025-10-18 22:00:00+00:00,79.099706235
2025-10-18 23:00:00+00:00,78.714025522
2025-10-19 00:00:00+00:00,64.028030477
2025-10-19 01:00:00+00:00,66.185045438
2025-10-19 02:00:00+00:00,69.741588842
2025-10-19 03:00:00+00:00,65.467255393
2025-10-19 04:00:00+00:00,66.547836142
2025-10-19 05:00:00+00:00,60.988099967
2025-10-19 06:00:00+00:00,68.293769063
2025-10-19 07:00:00+00:00,70.973901100
2025-10-19 08:00:00+00:00,62.599965760
2025-10-19 09:00:00+00:00,71.186953309
2025-10-19 10:00:00+00:00,75.906818272
2025-10-19 11:00:00+00:00,61.875954608
2025-10-19 12:00:00+00:00,57.487859440
2025-10-19 13:00:00+00:00,64.921869001
2025-10-19 14:00:00+00:00,66.315670318
2025-10-19 15:00:00+00:00,57.921056998
2025-10-19 16:00:00+00:00,67.902464878
2025-10-19 17:00:00+00:00,71.888920200
2025-10-19 18:00:00+00:00,76.872588600
2025-10-19 19:00:00+00:00,82.177781524
2025-10-19 20:00:00+00:00,80.476667171
2025-10-19 21:00:00+00:00,83.146766977
2025-10-19 22:00:00+00:00,82.764300513
2025-10-19 23:00:00+00:00,73.551462217
2025-10-20 00:00:00+00:00,81.755794460
2025-10-20 01:00:00+00:00,74.161919075
2025-10-20 02:00:00+00:00,79.045607306
2025-10-20 03:00:00+00:00,80.270003160
2025-10-20 04:00:00+00:00,72.196259071
2025-10-20 05:00:00+00:00,72.922131302
2025-10-20 06:00:00+00:00,85.554678270
2025-10-20 07:00:00+00:00,78.082954869
2025-10-20 08:00:00+00:00,87.903903079
2025-10-20 09:00:00+00:00,70.573549548
2025-10-20 10:00:00+00:00,79.930262669
2025-10-20 11:00:00+00:00,65.406054475
2025-10-20 12:00:00+00:00,66.950494166
2025-10-20 13:00:00+00:00,63.684763466
2025-10-20 14:00:00+00:00,64.968353590
2025-10-20 15:00:00+00:00,69.748650620
2025-10-20 16:00:00+00:00,73.602735735
2025-10-20 17:00:00+00:00,79.376491351
2025-10-20 18:00:00+00:00,78.297977157
2025-10-20 19:00:00+00:00,79.664936561
2025-10-20 20:00:00+00:00,97.422445529
2025-10-20 21:00:00+00:00,88.767299965
2025-10-20 22:00:00+00:00,84.145225968
2025-10-20 23:00:00+00:00,85.568988465
2025-10-21 00:00:00+00:00,73.417650460
2025-10-21 01:00:00+00:00,66.402355125
2025-10-21 02:00:00+00:00,71.909769517
2025-10-21 03:00:00+00:00,80.051576569
2025-10-21 04:00:00+00:00,79.756353978
2025-10-21 05:00:00+00:00,78.914133409
2025-10-21 06:00:00+00:00,86.561475659
2025-10-21 07:00:00+00:00,77.909244099
2025-10-21 08:00:00+00:00,76.410333946
2025-10-21 09:00:00+00:00,79.975003322
2025-10-21 10:00:00+00:00,74.834510940
2025-10-21 11:00:00+00:00,73.720519640
2025-10-21 12:00:00+00:00,68.181743261
2025-10-21 13:00:00+00:00,64.942559508
2025-10-21 14:00:00+00:00,71.783845311
2025-10-21 15:00:00+00:00,71.743800859
2025-10-21 16:00:00+00:00,76.896841680
2025-10-21 17:00:00+00:00,84.531162133
2025-10-21 18:00:00+00:00,81.111855092
2025-10-21 19:00:00+00:00,90.600885598
2025-10-21 20:00:00+00:00,96.764402194
2025-10-21 21:00:00+00:00,98.253620129
2025-10-21 22:00:00+00:00,85.763864221
2025-10-21 23:00:00+00:00,83.917715635
2025-10-22 00:00:00+00:00,75.750308816
2025-10-22 01:00:00+00:00,78.740256146
2025-10-22 02:00:00+00:00,79.810231367
2025-10-22 03:00:00+00:00,75.860932566
2025-10-22 04:00:00+00:00,76.688249498
2025-10-22 05:00:00+00:00,81.200975394
2025-10-22 06:00:00+00:00,68.210296673
2025-10-22 07:00:00+00:00,80.256942212
2025-10-22 08:00:00+00:00,78.323037205
2025-10-22 09:00:00+00:00,73.915240559
2025-10-22 10:00:00+00:00,71.293860168
2025-10-22 11:00:00+00:00,71.980112019
2025-10-22 12:00:00+00:00,68.880566852
2025-10-22 13:00:00+00:00,70.988043376
2025-10-22 14:00:00+00:00,63.076116552
2025-10-22 15:00:00+00:00,67.187451459
2025-10-22 16:00:00+00:00,79.156267811
2025-10-22 17:00:00+00:00,80.249526893
2025-10-22 18:00:00+00:00,89.965445360
2025-10-22 19:00:00+00:00,84.866741190
2025-10-22 20:00:00+00:00,86.092430718
2025-10-22 21:00:00+00:00,91.712848632
2025-10-22 22:00:00+00:00,88.394308749
2025-10-22 23:00:00+00:00,85.334746346
2025-10-23 00:00:00+00:00,73.793753797
2025-10-23 01:00:00+00:00,81.364388925
2025-10-23 02:00:00+00:00,72.254938953
2025-10-23 03:00:00+00:00,67.606508266
2025-10-23 04:00:00+00:00,73.305282444
2025-10-23 05:00:00+00:00,73.636191475
2025-10-23 06:00:00+00:00,70.450523178
2025-10-23 07:00:00+00:00,82.983562341
2025-10-23 08:00:00+00:00,73.528524697
2025-10-23 09:00:00+00:00,77.999381907
2025-10-23 10:00:00+00:00,71.069614647
2025-10-23 11:00:00+00:00,77.358514160
2025-10-23 12:00:00+00:00,73.188177554
2025-10-23 13:00:00+00:00,67.574378539
2025-10-23 14:00:00+00:00,70.479763471
2025-10-23 15:00:00+00:00,63.601442227
2025-10-23 16:00:00+00:00,75.823320269
2025-10-23 17:00:00+00:00,85.710545744
2025-10-23 18:00:00+00:00,96.919935369
2025-10-23 19:00:00+00:00,89.082115002
2025-10-23 20:00:00+00:00,83.561167642
2025-10-23 21:00:00+00:00,91.026601796
2025-10-23 22:00:00+00:00,91.424449584
2025-10-23 23:00:00+00:00,75.223278492
2025-10-24 00:00:00+00:00,69.208710232
2025-10-24 01:00:00+00:00,69.898553206
2025-10-24 02:00:00+00:00,83.288102743
2025-10-24 03:00:00+00:00,73.341954073
2025-10-24 04:00:00+00:00,78.688360233
2025-10-24 05:00:00+00:00,71.889042847
2025-10-24 06:00:00+00:00,75.340065229
2025-10-24 07:00:00+00:00,82.986057671
2025-10-24 08:00:00+00:00,90.095771456
2025-10-24 09:00:00+00:00,82.333999375
2025-10-24 10:00:00+00:00,74.864907194
2025-10-24 11:00:00+00:00,72.848525056
2025-10-24 12:00:00+00:00,65.853050473
2025-10-24 13:00:00+00:00,72.864632764
2025-10-24 14:00:00+00:00,68.140938220
2025-10-24 15:00:00+00:00,75.474649289
2025-10-24 16:00:00+00:00,69.509495877
2025-10-24 17:00:00+00:00,72.744239985
2025-10-24 18:00:00+00:00,85.802735990
2025-10-24 19:00:00+00:00,90.791349930
2025-10-24 20:00:00+00:00,90.185823539
2025-10-24 21:00:00+00:00,90.153978163
2025-10-24 22:00:00+00:00,87.154645423
2025-10-24 23:00:00+00:00,83.337983889
2025-10-25 00:00:00+00:00,70.954930660
2025-10-25 01:00:00+00:00,67.583899938
2025-10-25 02:00:00+00:00,59.164569739
2025-10-25 03:00:00+00:00,60.717436884
2025-10-25 04:00:00+00:00,70.552549209
2025-10-25 05:00:00+00:00,68.780853137
2025-10-25 06:00:00+00:00,66.076084457
2025-10-25 07:00:00+00:00,70.382399937
2025-10-25 08:00:00+00:00,71.405490190
2025-10-25 09:00:00+00:00,77.217555883
2025-10-25 10:00:00+00:00,62.440261428
2025-10-25 11:00:00+00:00,67.768128234
2025-10-25 12:00:00+00:00,59.173664297
2025-10-25 13:00:00+00:00,64.596470071
2025-10-25 14:00:00+00:00,59.323866487
2025-10-25 15:00:00+00:00,60.062549265
2025-10-25 16:00:00+00:00,61.830286571
2025-10-25 17:00:00+00:00,78.697016504
2025-10-25 18:00:00+00:00,79.442241750
2025-10-25 19:00:00+00:00,76.786791134
2025-10-25 20:00:00+00:00,87.116028265
2025-10-25 21:00:00+00:00,77.713073937
2025-10-25 22:00:00+00:00,77.810913443
2025-10-25 23:00:00+00:00,77.352927863
2025-10-26 00:00:00+00:00,71.245164779
2025-10-26 01:00:00+00:00,66.011842520
2025-10-26 02:00:00+00:00,70.104719448
2025-10-26 03:00:00+00:00,65.694413807
2025-10-26 04:00:00+00:00,66.196527389
2025-10-26 05:00:00+00:00,71.095524146
2025-10-26 06:00:00+00:00,73.056907448
2025-10-26 07:00:00+00:00,68.856145668
2025-10-26 08:00:00+00:00,65.512495252
2025-10-26 09:00:00+00:00,75.587043942
2025-10-26 10:00:00+00:00,64.431500894
2025-10-26 11:00:00+00:00,64.282586857
2025-10-26 12:00:00+00:00,66.029274343
2025-10-26 13:00:00+00:00,61.287975881
2025-10-26 14:00:00+00:00,58.056888804
2025-10-26 15:00:00+00:00,63.755854082
2025-10-26 16:00:00+00:00,75.365197733
2025-10-26 17:00:00+00:00,74.692160857
2025-10-26 18:00:00+00:00,75.371465777
2025-10-26 19:00:00+00:00,83.268969257
2025-10-26 20:00:00+00:00,78.277986049
2025-10-26 21:00:00+00:00,72.988056550
2025-10-26 22:00:00+00:00,77.450311867
2025-10-26 23:00:00+00:00,74.466876775
2025-10-27 00:00:00+00:00,72.149961006
2025-10-27 01:00:00+00:00,79.510580975
2025-10-27 02:00:00+00:00,67.657119678
2025-10-27 03:00:00+00:00,79.992693025
2025-10-27 04:00:00+00:00,77.507833866
2025-10-27 05:00:00+00:00,76.176496540
2025-10-27 06:00:00+00:00,71.684619124
2025-10-27 07:00:00+00:00,83.268781322
2025-10-27 08:00:00+00:00,71.863782575
2025-10-27 09:00:00+00:00,74.297801188
2025-10-27 10:00:00+00:00,80.426301471
2025-10-27 11:00:00+00:00,72.251101068
2025-10-27 12:00:00+00:00,70.103462278
2025-10-27 13:00:00+00:00,65.997983987
2025-10-27 14:00:00+00:00,67.672712213
2025-10-27 15:00:00+00:00,71.204844808
2025-10-27 16:00:00+00:00,71.823352610
2025-10-27 17:00:00+00:00,71.087817032
2025-10-27 18:00:00+00:00,86.022988739
2025-10-27 19:00:00+00:00,91.121695295
2025-10-27 20:00:00+00:00,98.839981838
2025-10-27 21:00:00+00:00,94.306669272
2025-10-27 22:00:00+00:00,88.809149436
2025-10-27 23:00:00+00:00,71.020490861
2025-10-28 00:00:00+00:00,78.383314729
2025-10-28 01:00:00+00:00,80.021182369
2025-10-28 02:00:00+00:00,66.142414294
2025-10-28 03:00:00+00:00,69.352340214
2025-10-28 04:00:00+00:00,77.709674794
2025-10-28 05:00:00+00:00,80.230129087
2025-10-28 06:00:00+00:00,77.295509313
2025-10-28 07:00:00+00:00,85.499941000
2025-10-28 08:00:00+00:00,81.290297892
2025-10-28 09:00:00+00:00,71.106940212
2025-10-28 10:00:00+00:00,69.216116322
2025-10-28 11:00:00+00:00,73.123313921
2025-10-28 12:00:00+00:00,71.854280114
2025-10-28 13:00:00+00:00,69.121084782
2025-10-28 14:00:00+00:00,68.675680485
2025-10-28 15:00:00+00:00,64.947912497
2025-10-28 16:00:00+00:00,67.073500653
2025-10-28 17:00:00+00:00,82.599367217
2025-10-28 18:00:00+00:00,83.623534605
2025-10-28 19:00:00+00:00,93.549338325
2025-10-28 20:00:00+00:00,89.772767042
2025-10-28 21:00:00+00:00,91.457732297
2025-10-28 22:00:00+00:00,85.450211952
2025-10-28 23:00:00+00:00,87.683424696
2025-10-29 00:00:00+00:00,74.902537808
2025-10-29 01:00:00+00:00,76.319311969
2025-10-29 02:00:00+00:00,74.577941985
2025-10-29 03:00:00+00:00,82.677066964
2025-10-29 04:00:00+00:00,80.515246217
2025-10-29 05:00:00+00:00,76.129498663
2025-10-29 06:00:00+00:00,77.554791870
2025-10-29 07:00:00+00:00,72.891129239
2025-10-29 08:00:00+00:00,75.689796670
2025-10-29 09:00:00+00:00,74.141792305
2025-10-29 10:00:00+00:00,76.639442537
2025-10-29 11:00:00+00:00,70.708813907
2025-10-29 12:00:00+00:00,67.499054684
2025-10-29 13:00:00+00:00,68.091501194
2025-10-29 14:00:00+00:00,72.580741719
2025-10-29 15:00:00+00:00,70.658310103
2025-10-29 16:00:00+00:00,76.404345239
2025-10-29 17:00:00+00:00,82.047811337
2025-10-29 18:00:00+00:00,81.069736976
2025-10-29 19:00:00+00:00,83.395806749
2025-10-29 20:00:00+00:00,86.337024048
2025-10-29 21:00:00+00:00,85.118731600
2025-10-29 22:00:00+00:00,86.899150919
2025-10-29 23:00:00+00:00,94.902992826
2025-10-30 00:00:00+00:00,77.160241593
2025-10-30 01:00:00+00:00,74.819267986
2025-10-30 02:00:00+00:00,71.572908590
2025-10-30 03:00:00+00:00,75.477419667
2025-10-30 04:00:00+00:00,71.881336021
2025-10-30 05:00:00+00:00,73.168230716
2025-10-30 06:00:00+00:00,83.349798917
2025-10-30 07:00:00+00:00,85.261050431
2025-10-30 08:00:00+00:00,80.566695134
2025-10-30 09:00:00+00:00,77.962322651
2025-10-30 10:00:00+00:00,80.436242161
2025-10-30 11:00:00+00:00,75.291361489
2025-10-30 12:00:00+00:00,67.974559276
2025-10-30 13:00:00+00:00,68.734805463
2025-10-30 14:00:00+00:00,67.430003885
2025-10-30 15:00:00+00:00,67.886335312
2025-10-30 16:00:00+00:00,64.361083314
2025-10-30 17:00:00+00:00,82.780664158
2025-10-30 18:00:00+00:00,89.777731764
2025-10-30 19:00:00+00:00,83.737910971
2025-10-30 20:00:00+00:00,92.375614894
2025-10-30 21:00:00+00:00,94.014601880
2025-10-30 22:00:00+00:00,84.365206543
2025-10-30 23:00:00+00:00,82.672712804
2025-10-31 00:00:00+00:00,73.172907839
2025-10-31 01:00:00+00:00,69.776989295
2025-10-31 02:00:00+00:00,73.520974550
2025-10-31 03:00:00+00:00,71.765167212
2025-10-31 04:00:00+00:00,68.351649982
2025-10-31 05:00:00+00:00,73.861317440
2025-10-31 06:00:00+00:00,68.648585874
2025-10-31 07:00:00+00:00,70.070353946
2025-10-31 08:00:00+00:00,77.438460574
2025-10-31 09:00:00+00:00,76.090273520
2025-10-31 10:00:00+00:00,76.592917386
2025-10-31 11:00:00+00:00,77.957929347
2025-10-31 12:00:00+00:00,70.690239037
2025-10-31 13:00:00+00:00,63.074275814
2025-10-31 14:00:00+00:00,66.609280521
2025-10-31 15:00:00+00:00,69.183066784
2025-10-31 16:00:00+00:00,76.469685979
2025-10-31 17:00:00+00:00,78.090985551
2025-10-31 18:00:00+00:00,87.163507339
2025-10-31 19:00:00+00:00,94.606100840
2025-10-31 20:00:00+00:00,90.523958124
2025-10-31 21:00:00+00:00,86.867894880
2025-10-31 22:00:00+00:00,83.654340965
2025-10-31 23:00:00+00:00,90.748369454
2025-11-01 00:00:00+00:00,61.290985846
2025-11-01 01:00:00+00:00,50.963120801
2025-11-01 02:00:00+00:00,48.003869462
2025-11-01 03:00:00+00:00,53.933041511
2025-11-01 04:00:00+00:00,51.897023990
2025-11-01 05:00:00+00:00,52.605528069
2025-11-01 06:00:00+00:00,56.400201894
2025-11-01 07:00:00+00:00,59.812264759
2025-11-01 08:00:00+00:00,55.949407573
2025-11-01 09:00:00+00:00,57.539246298
2025-11-01 10:00:00+00:00,52.822113214
2025-11-01 11:00:00+00:00,56.142801674
2025-11-01 12:00:00+00:00,51.972420511
2025-11-01 13:00:00+00:00,50.356359201
2025-11-01 14:00:00+00:00,46.471095878
2025-11-01 15:00:00+00:00,52.837660908
2025-11-01 16:00:00+00:00,50.488203158
2025-11-01 17:00:00+00:00,54.578367245
2025-11-01 18:00:00+00:00,55.746000506
2025-11-01 19:00:00+00:00,56.909295895
2025-11-01 20:00:00+00:00,69.412727972
2025-11-01 21:00:00+00:00,60.812338217
2025-11-01 22:00:00+00:00,71.955964172
2025-11-01 23:00:00+00:00,60.692600884
2025-11-02 00:00:00+00:00,54.267421018
2025-11-02 01:00:00+00:00,51.989468891
2025-11-02 02:00:00+00:00,50.810484991
2025-11-02 03:00:00+00:00,50.339708705
2025-11-02 04:00:00+00:00,51.616482075
2025-11-02 05:00:00+00:00,50.497588986
2025-11-02 06:00:00+00:00,52.082930958
2025-11-02 07:00:00+00:00,53.105474907
2025-11-02 08:00:00+00:00,55.643004460
2025-11-02 09:00:00+00:00,52.964548050
2025-11-02 10:00:00+00:00,52.127210385
2025-11-02 11:00:00+00:00,50.230936540
2025-11-02 12:00:00+00:00,44.803722195
2025-11-02 13:00:00+00:00,49.018998123
2025-11-02 14:00:00+00:00,45.192413324
2025-11-02 15:00:00+00:00,44.602446085
2025-11-02 16:00:00+00:00,49.126508165
2025-11-02 17:00:00+00:00,61.387778273
2025-11-02 18:00:00+00:00,60.182271281
2025-11-02 19:00:00+00:00,62.404372361
2025-11-02 20:00:00+00:00,63.437603232
2025-11-02 21:00:00+00:00,60.393789389
2025-11-02 22:00:00+00:00,64.868543633
2025-11-02 23:00:00+00:00,60.234240445
2025-11-03 00:00:00+00:00,59.577049093
2025-11-03 01:00:00+00:00,60.286032224
2025-11-03 02:00:00+00:00,58.324296666
2025-11-03 03:00:00+00:00,60.229754564
2025-11-03 04:00:00+00:00,59.496818645
2025-11-03 05:00:00+00:00,57.081535489
2025-11-03 06:00:00+00:00,60.093558840
2025-11-03 07:00:00+00:00,59.740344118
2025-11-03 08:00:00+00:00,63.796756537
2025-11-03 09:00:00+00:00,59.982199199
2025-11-03 10:00:00+00:00,58.355443302
2025-11-03 11:00:00+00:00,62.530201093
2025-11-03 12:00:00+00:00,56.089318567
2025-11-03 13:00:00+00:00,53.445050304
2025-11-03 14:00:00+00:00,58.476701462
2025-11-03 15:00:00+00:00,49.852707802
2025-11-03 16:00:00+00:00,52.164522063
2025-11-03 17:00:00+00:00,59.969118947
2025-11-03 18:00:00+00:00,67.945012274
2025-11-03 19:00:00+00:00,68.806755895
2025-11-03 20:00:00+00:00,69.825479769
2025-11-03 21:00:00+00:00,70.073160229
2025-11-03 22:00:00+00:00,70.296629100
2025-11-03 23:00:00+00:00,63.319707822
2025-11-04 00:00:00+00:00,57.758659132
2025-11-04 01:00:00+00:00,60.264452734
2025-11-04 02:00:00+00:00,64.958207208
2025-11-04 03:00:00+00:00,57.490346394
2025-11-04 04:00:00+00:00,59.033188513
2025-11-04 05:00:00+00:00,62.053241270
2025-11-04 06:00:00+00:00,57.525950861
2025-11-04 07:00:00+00:00,54.273001488
2025-11-04 08:00:00+00:00,58.624858523
2025-11-04 09:00:00+00:00,54.983672183
2025-11-04 10:00:00+00:00,57.639285851
2025-11-04 11:00:00+00:00,59.346904422
2025-11-04 12:00:00+00:00,55.631314106
2025-11-04 13:00:00+00:00,58.768481938
2025-11-04 14:00:00+00:00,54.545590802
2025-11-04 15:00:00+00:00,56.616086910
2025-11-04 16:00:00+00:00,58.941697678
2025-11-04 17:00:00+00:00,59.881318959
2025-11-04 18:00:00+00:00,67.400651491
2025-11-04 19:00:00+00:00,74.079186998
2025-11-04 20:00:00+00:00,70.937355444
2025-11-04 21:00:00+00:00,70.990830934
2025-11-04 22:00:00+00:00,69.728612725
2025-11-04 23:00:00+00:00,64.466254389
2025-11-05 00:00:00+00:00,54.667273739
2025-11-05 01:00:00+00:00,64.451176486
2025-11-05 02:00:00+00:00,50.392165412
2025-11-05 03:00:00+00:00,62.500650789
2025-11-05 04:00:00+00:00,57.275028915
2025-11-05 05:00:00+00:00,54.395066632
2025-11-05 06:00:00+00:00,59.504317175
2025-11-05 07:00:00+00:00,62.457983545
2025-11-05 08:00:00+00:00,63.592395772
2025-11-05 09:00:00+00:00,57.418071488
2025-11-05 10:00:00+00:00,56.335086790
2025-11-05 11:00:00+00:00,59.461594020
2025-11-05 12:00:00+00:00,60.157257922
2025-11-05 13:00:00+00:00,56.563537585
2025-11-05 14:00:00+00:00,50.156121615
2025-11-05 15:00:00+00:00,54.218410229
2025-11-05 16:00:00+00:00,58.355175420
2025-11-05 17:00:00+00:00,63.067061352
2025-11-05 18:00:00+00:00,64.470087519
2025-11-05 19:00:00+00:00,68.652102574
2025-11-05 20:00:00+00:00,67.763821048
2025-11-05 21:00:00+00:00,71.689630500
2025-11-05 22:00:00+00:00,74.948353910
2025-11-05 23:00:00+00:00,69.781818318
2025-11-06 00:00:00+00:00,58.764072392
2025-11-06 01:00:00+00:00,60.235323686
2025-11-06 02:00:00+00:00,57.733459615
2025-11-06 03:00:00+00:00,56.960456507
2025-11-06 04:00:00+00:00,57.495805827
2025-11-06 05:00:00+00:00,56.641208827
2025-11-06 06:00:00+00:00,54.538753549
2025-11-06 07:00:00+00:00,61.125030829
2025-11-06 08:00:00+00:00,60.661294662
2025-11-06 09:00:00+00:00,63.148934633
2025-11-06 10:00:00+00:00,55.430080006
2025-11-06 11:00:00+00:00,61.004330392
2025-11-06 12:00:00+00:00,53.801000197
2025-11-06 13:00:00+00:00,48.516904357
2025-11-06 14:00:00+00:00,53.838393545
2025-11-06 15:00:00+00:00,54.215665625
2025-11-06 16:00:00+00:00,55.555858601
2025-11-06 17:00:00+00:00,58.858256210
2025-11-06 18:00:00+00:00,65.328657601
2025-11-06 19:00:00+00:00,72.751629321
2025-11-06 20:00:00+00:00,71.738027802
2025-11-06 21:00:00+00:00,68.826266414
2025-11-06 22:00:00+00:00,74.670552061
2025-11-06 23:00:00+00:00,62.299080507
2025-11-07 00:00:00+00:00,55.502316232
2025-11-07 01:00:00+00:00,55.899802699
2025-11-07 02:00:00+00:00,59.878681298
2025-11-07 03:00:00+00:00,58.308819951
2025-11-07 04:00:00+00:00,62.292207043
2025-11-07 05:00:00+00:00,61.410975837
2025-11-07 06:00:00+00:00,62.579682646
2025-11-07 07:00:00+00:00,55.970177466
2025-11-07 08:00:00+00:00,53.410076133
2025-11-07 09:00:00+00:00,58.055429682
2025-11-07 10:00:00+00:00,56.317204021
2025-11-07 11:00:00+00:00,57.142818594
2025-11-07 12:00:00+00:00,55.894702549
2025-11-07 13:00:00+00:00,53.649794513
2025-11-07 14:00:00+00:00,55.020924322
2025-11-07 15:00:00+00:00,48.377783471
2025-11-07 16:00:00+00:00,56.578053142
2025-11-07 17:00:00+00:00,64.410628468
2025-11-07 18:00:00+00:00,64.756469531
2025-11-07 19:00:00+00:00,67.974374535
2025-11-07 20:00:00+00:00,76.588766771
2025-11-07 21:00:00+00:00,75.962677940
2025-11-07 22:00:00+00:00,70.250876458
2025-11-07 23:00:00+00:00,62.647439242
2025-11-08 00:00:00+00:00,48.204948392
2025-11-08 01:00:00+00:00,56.123910300
2025-11-08 02:00:00+00:00,50.607442212
2025-11-08 03:00:00+00:00,54.723097084
2025-11-08 04:00:00+00:00,62.147226345
2025-11-08 05:00:00+00:00,55.972013181
2025-11-08 06:00:00+00:00,54.469997583
2025-11-08 07:00:00+00:00,54.874466476
2025-11-08 08:00:00+00:00,49.124488234
2025-11-08 09:00:00+00:00,51.827219863
2025-11-08 10:00:00+00:00,52.268977359
2025-11-08 11:00:00+00:00,52.249897662
2025-11-08 12:00:00+00:00,49.703185291
2025-11-08 13:00:00+00:00,46.385763319
2025-11-08 14:00:00+00:00,46.696552999
2025-11-08 15:00:00+00:00,47.575373878
2025-11-08 16:00:00+00:00,53.079039433
2025-11-08 17:00:00+00:00,53.203281063
2025-11-08 18:00:00+00:00,60.173122580
2025-11-08 19:00:00+00:00,63.204248360
2025-11-08 20:00:00+00:00,66.618330962
2025-11-08 21:00:00+00:00,62.256560518
2025-11-08 22:00:00+00:00,59.809370214
2025-11-08 23:00:00+00:00,58.692798921
2025-11-09 00:00:00+00:00,56.123598077
2025-11-09 01:00:00+00:00,55.533367918
2025-11-09 02:00:00+00:00,50.852222412
2025-11-09 03:00:00+00:00,50.261127966
2025-11-09 04:00:00+00:00,57.066808747
2025-11-09 05:00:00+00:00,57.108255012
2025-11-09 06:00:00+00:00,52.869771680
2025-11-09 07:00:00+00:00,57.287998472
2025-11-09 08:00:00+00:00,52.773869223
2025-11-09 09:00:00+00:00,51.661222422
2025-11-09 10:00:00+00:00,56.807602873
2025-11-09 11:00:00+00:00,46.390396134
2025-11-09 12:00:00+00:00,42.171083848
2025-11-09 13:00:00+00:00,45.163229103
2025-11-09 14:00:00+00:00,47.937591397
2025-11-09 15:00:00+00:00,48.902984335
2025-11-09 16:00:00+00:00,53.265145239
2025-11-09 17:00:00+00:00,56.454868625
2025-11-09 18:00:00+00:00,54.880604654
2025-11-09 19:00:00+00:00,64.388981857
2025-11-09 20:00:00+00:00,64.577366953
2025-11-09 21:00:00+00:00,72.518039650
2025-11-09 22:00:00+00:00,56.935038323
2025-11-09 23:00:00+00:00,54.860846576
2025-11-10 00:00:00+00:00,58.401491030
2025-11-10 01:00:00+00:00,59.790754578
2025-11-10 02:00:00+00:00,56.200251265
2025-11-10 03:00:00+00:00,59.406487761
2025-11-10 04:00:00+00:00,58.402608633
2025-11-10 05:00:00+00:00,60.210248991
2025-11-10 06:00:00+00:00,60.428441444
2025-11-10 07:00:00+00:00,64.329576556
2025-11-10 08:00:00+00:00,61.319108118
2025-11-10 09:00:00+00:00,59.655570032
2025-11-10 10:00:00+00:00,62.411406620
2025-11-10 11:00:00+00:00,58.075312583
2025-11-10 12:00:00+00:00,54.595076408
2025-11-10 13:00:00+00:00,52.273915839
2025-11-10 14:00:00+00:00,49.697515639
2025-11-10 15:00:00+00:00,54.600652122
2025-11-10 16:00:00+00:00,55.179277046
2025-11-10 17:00:00+00:00,64.090256336
2025-11-10 18:00:00+00:00,67.060801684
2025-11-10 19:00:00+00:00,69.360646034
2025-11-10 20:00:00+00:00,70.625307136
2025-11-10 21:00:00+00:00,64.192217561
2025-11-10 22:00:00+00:00,69.511058973
2025-11-10 23:00:00+00:00,62.535335905
2025-11-11 00:00:00+00:00,60.385476704
2025-11-11 01:00:00+00:00,57.963013120
2025-11-11 02:00:00+00:00,60.348705473
2025-11-11 03:00:00+00:00,62.736014624
2025-11-11 04:00:00+00:00,61.095580562
2025-11-11 05:00:00+00:00,51.956401269
2025-11-11 06:00:00+00:00,58.413274160
2025-11-11 07:00:00+00:00,59.045088517
2025-11-11 08:00:00+00:00,60.092937310
2025-11-11 09:00:00+00:00,57.675182419
2025-11-11 10:00:00+00:00,57.736639852
2025-11-11 11:00:00+00:00,58.917864038
2025-11-11 12:00:00+00:00,50.369251497
2025-11-11 13:00:00+00:00,58.182836113
2025-11-11 14:00:00+00:00,54.794923810
2025-11-11 15:00:00+00:00,50.125336145
2025-11-11 16:00:00+00:00,58.521261570
2025-11-11 17:00:00+00:00,57.855021372
2025-11-11 18:00:00+00:00,66.299886560
2025-11-11 19:00:00+00:00,62.793269653
2025-11-11 20:00:00+00:00,74.790901780
2025-11-11 21:00:00+00:00,65.804583380
2025-11-11 22:00:00+00:00,70.544729336
2025-11-11 23:00:00+00:00,59.182041927
2025-11-12 00:00:00+00:00,56.486201369
2025-11-12 01:00:00+00:00,57.499795326
2025-11-12 02:00:00+00:00,56.612103499
2025-11-12 03:00:00+00:00,60.449074850
2025-11-12 04:00:00+00:00,52.778665990
2025-11-12 05:00:00+00:00,56.773562072
2025-11-12 06:00:00+00:00,63.865603898
2025-11-12 07:00:00+00:00,60.314100241
2025-11-12 08:00:00+00:00,57.849295147
2025-11-12 09:00:00+00:00,69.570412014
2025-11-12 10:00:00+00:00,54.567782941
2025-11-12 11:00:00+00:00,58.154438924
2025-11-12 12:00:00+00:00,57.579607221
2025-11-12 13:00:00+00:00,57.057371222
2025-11-12 14:00:00+00:00,51.727810263
2025-11-12 15:00:00+00:00,57.817072115
2025-11-12 16:00:00+00:00,53.339092254
2025-11-12 17:00:00+00:00,62.703843754
2025-11-12 18:00:00+00:00,57.844404968
2025-11-12 19:00:00+00:00,74.535962010
2025-11-12 20:00:00+00:00,76.429336962
2025-11-12 21:00:00+00:00,66.435408087
2025-11-12 22:00:00+00:00,66.294921201
2025-11-12 23:00:00+00:00,65.968928379
2025-11-13 00:00:00+00:00,65.797697883
2025-11-13 01:00:00+00:00,54.025668304
2025-11-13 02:00:00+00:00,60.419237986
2025-11-13 03:00:00+00:00,56.373270545
2025-11-13 04:00:00+00:00,64.069886740
2025-11-13 05:00:00+00:00,63.717813369
2025-11-13 06:00:00+00:00,62.593555471
2025-11-13 07:00:00+00:00,60.656604644
2025-11-13 08:00:00+00:00,53.830270208
2025-11-13 09:00:00+00:00,57.268959146
2025-11-13 10:00:00+00:00,54.196084684
2025-11-13 11:00:00+00:00,58.245478636
2025-11-13 12:00:00+00:00,58.808142295
2025-11-13 13:00:00+00:00,57.698370479
2025-11-13 14:00:00+00:00,56.453973199
2025-11-13 15:00:00+00:00,50.902567970
2025-11-13 16:00:00+00:00,59.277666181
2025-11-13 17:00:00+00:00,65.719074499
2025-11-13 18:00:00+00:00,64.636990368
2025-11-13 19:00:00+00:00,68.263993500
2025-11-13 20:00:00+00:00,71.029569680
2025-11-13 21:00:00+00:00,69.648593426
2025-11-13 22:00:00+00:00,69.641422659
2025-11-13 23:00:00+00:00,67.206845561
2025-11-14 00:00:00+00:00,60.374007896
2025-11-14 01:00:00+00:00,58.094227165
2025-11-14 02:00:00+00:00,55.025132123
2025-11-14 03:00:00+00:00,54.244966823
2025-11-14 04:00:00+00:00,60.140636424
2025-11-14 05:00:00+00:00,54.731261515
2025-11-14 06:00:00+00:00,63.791882179
2025-11-14 07:00:00+00:00,61.368147932
2025-11-14 08:00:00+00:00,60.977948279
2025-11-14 09:00:00+00:00,65.754936959
2025-11-14 10:00:00+00:00,58.665170688
2025-11-14 11:00:00+00:00,58.620486307
2025-11-14 12:00:00+00:00,55.889873449
2025-11-14 13:00:00+00:00,57.070715952
2025-11-14 14:00:00+00:00,56.865802598
2025-11-14 15:00:00+00:00,58.825772294
2025-11-14 16:00:00+00:00,57.026079189
2025-11-14 17:00:00+00:00,61.666135281
2025-11-14 18:00:00+00:00,66.701427219
2025-11-14 19:00:00+00:00,75.609866217
2025-11-14 20:00:00+00:00,75.804951160
2025-11-14 21:00:00+00:00,68.051638276
2025-11-14 22:00:00+00:00,72.855353899
2025-11-14 23:00:00+00:00,63.483253505
2025-11-15 00:00:00+00:00,50.453568993
2025-11-15 01:00:00+00:00,56.535436422
2025-11-15 02:00:00+00:00,50.664402175
2025-11-15 03:00:00+00:00,55.980496662
2025-11-15 04:00:00+00:00,52.174485468
2025-11-15 05:00:00+00:00,54.748120134
2025-11-15 06:00:00+00:00,52.237562260
2025-11-15 07:00:00+00:00,55.477591126
2025-11-15 08:00:00+00:00,57.806328029
2025-11-15 09:00:00+00:00,54.634556647
2025-11-15 10:00:00+00:00,57.746953636
2025-11-15 11:00:00+00:00,49.988097842
2025-11-15 12:00:00+00:00,48.621546924
2025-11-15 13:00:00+00:00,45.117814318
2025-11-15 14:00:00+00:00,48.152598331
2025-11-15 15:00:00+00:00,45.246540792
2025-11-15 16:00:00+00:00,53.076332921
2025-11-15 17:00:00+00:00,59.402713103
2025-11-15 18:00:00+00:00,66.685862027
2025-11-15 19:00:00+00:00,60.141014266
2025-11-15 20:00:00+00:00,63.801974209
2025-11-15 21:00:00+00:00,63.924826208
2025-11-15 22:00:00+00:00,58.314335978
2025-11-15 23:00:00+00:00,64.328732229
2025-11-16 00:00:00+00:00,51.474664193
2025-11-16 01:00:00+00:00,51.233336848
2025-11-16 02:00:00+00:00,53.592553554
2025-11-16 03:00:00+00:00,52.684749818
2025-11-16 04:00:00+00:00,51.715061562
2025-11-16 05:00:00+00:00,56.093724367
2025-11-16 06:00:00+00:00,51.301725425
2025-11-16 07:00:00+00:00,52.212658524
2025-11-16 08:00:00+00:00,53.043380074
2025-11-16 09:00:00+00:00,55.255931415
2025-11-16 10:00:00+00:00,51.701432483
2025-11-16 11:00:00+00:00,49.568293383
2025-11-16 12:00:00+00:00,47.880967573
2025-11-16 13:00:00+00:00,50.590226806
2025-11-16 14:00:00+00:00,47.139970301
2025-11-16 15:00:00+00:00,44.480531431
2025-11-16 16:00:00+00:00,48.838460236
2025-11-16 17:00:00+00:00,50.477637150
2025-11-16 18:00:00+00:00,59.508254471
2025-11-16 19:00:00+00:00,62.641876559
2025-11-16 20:00:00+00:00,64.664635817
2025-11-16 21:00:00+00:00,60.180495491
2025-11-16 22:00:00+00:00,60.076796931
2025-11-16 23:00:00+00:00,64.179416747
2025-11-17 00:00:00+00:00,54.432888391
2025-11-17 01:00:00+00:00,60.808230855
2025-11-17 02:00:00+00:00,59.551131031
2025-11-17 03:00:00+00:00,57.627220491
2025-11-17 04:00:00+00:00,60.775345097
2025-11-17 05:00:00+00:00,59.889924416
2025-11-17 06:00:00+00:00,58.659227575
2025-11-17 07:00:00+00:00,55.350061351
2025-11-17 08:00:00+00:00,64.887293376
2025-11-17 09:00:00+00:00,58.888820157
2025-11-17 10:00:00+00:00,57.111111713
2025-11-17 11:00:00+00:00,60.715096579
2025-11-17 12:00:00+00:00,49.973494351
2025-11-17 13:00:00+00:00,55.782514261
2025-11-17 14:00:00+00:00,49.275985748
2025-11-17 15:00:00+00:00,51.062326778
2025-11-17 16:00:00+00:00,58.921943039
2025-11-17 17:00:00+00:00,58.446753628
2025-11-17 18:00:00+00:00,62.799557626
2025-11-17 19:00:00+00:00,71.795323982
2025-11-17 20:00:00+00:00,65.032711851
2025-11-17 21:00:00+00:00,67.099247074
2025-11-17 22:00:00+00:00,73.998055650
2025-11-17 23:00:00+00:00,66.365815448
2025-11-18 00:00:00+00:00,59.282292782
2025-11-18 01:00:00+00:00,59.290806712
2025-11-18 02:00:00+00:00,59.421425116
2025-11-18 03:00:00+00:00,58.160669795
2025-11-18 04:00:00+00:00,59.994678763
2025-11-18 05:00:00+00:00,58.414873606
2025-11-18 06:00:00+00:00,53.516666639
2025-11-18 07:00:00+00:00,56.016659758
2025-11-18 08:00:00+00:00,61.739698783
2025-11-18 09:00:00+00:00,55.061304416
2025-11-18 10:00:00+00:00,54.451050681
2025-11-18 11:00:00+00:00,59.335025554
2025-11-18 12:00:00+00:00,50.579494529
2025-11-18 13:00:00+00:00,55.252834743
2025-11-18 14:00:00+00:00,56.415896799
2025-11-18 15:00:00+00:00,52.445874852
2025-11-18 16:00:00+00:00,55.925138107
2025-11-18 17:00:00+00:00,65.790760228
2025-11-18 18:00:00+00:00,66.006349955
2025-11-18 19:00:00+00:00,70.158776618
2025-11-18 20:00:00+00:00,68.873265139
2025-11-18 21:00:00+00:00,65.925490774
2025-11-18 22:00:00+00:00,68.731669987
2025-11-18 23:00:00+00:00,67.481723416
2025-11-19 00:00:00+00:00,62.010877823
2025-11-19 01:00:00+00:00,59.857043808
2025-11-19 02:00:00+00:00,61.495283474
2025-11-19 03:00:00+00:00,60.328150457
2025-11-19 04:00:00+00:00,59.494266755
2025-11-19 05:00:00+00:00,60.172117121
2025-11-19 06:00:00+00:00,64.680650384
2025-11-19 07:00:00+00:00,60.196545475
2025-11-19 08:00:00+00:00,62.747238448
2025-11-19 09:00:00+00:00,54.128774618
2025-11-19 10:00:00+00:00,52.403609720
2025-11-19 11:00:00+00:00,58.440687612
2025-11-19 12:00:00+00:00,53.235850732
2025-11-19 13:00:00+00:00,51.521921989
2025-11-19 14:00:00+00:00,60.502196625
2025-11-19 15:00:00+00:00,55.828426185
2025-11-19 16:00:00+00:00,54.750363634
2025-11-19 17:00:00+00:00,63.615390522
2025-11-19 18:00:00+00:00,72.095620709
2025-11-19 19:00:00+00:00,70.081128523
2025-11-19 20:00:00+00:00,75.610350182
2025-11-19 21:00:00+00:00,65.993980964
2025-11-19 22:00:00+00:00,65.030063553
2025-11-19 23:00:00+00:00,62.988464110
2025-11-20 00:00:00+00:00,57.496046491
2025-11-20 01:00:00+00:00,56.088698766
2025-11-20 02:00:00+00:00,54.935410822
2025-11-20 03:00:00+00:00,59.730534381
2025-11-20 04:00:00+00:00,60.873243639
2025-11-20 05:00:00+00:00,60.065875506
2025-11-20 06:00:00+00:00,58.314886359
2025-11-20 07:00:00+00:00,60.974677176
2025-11-20 08:00:00+00:00,58.545902232
2025-11-20 09:00:00+00:00,59.469288424
2025-11-20 10:00:00+00:00,56.858447813
2025-11-20 11:00:00+00:00,60.315165825
2025-11-20 12:00:00+00:00,59.440936462
2025-11-20 13:00:00+00:00,52.328776096
2025-11-20 14:00:00+00:00,48.562862714
2025-11-20 15:00:00+00:00,52.817685135
2025-11-20 16:00:00+00:00,55.509301419
2025-11-20 17:00:00+00:00,58.550499764
2025-11-20 18:00:00+00:00,62.154121367
2025-11-20 19:00:00+00:00,73.595227865
2025-11-20 20:00:00+00:00,71.990352981
2025-11-20 21:00:00+00:00,70.181157819
2025-11-20 22:00:00+00:00,68.729206514
2025-11-20 23:00:00+00:00,69.943692685
2025-11-21 00:00:00+00:00,58.888367768
2025-11-21 01:00:00+00:00,57.794706305
2025-11-21 02:00:00+00:00,52.954154716
2025-11-21 03:00:00+00:00,64.995791631
2025-11-21 04:00:00+00:00,56.285312554
2025-11-21 05:00:00+00:00,57.612911737
2025-11-21 06:00:00+00:00,65.000786143
2025-11-21 07:00:00+00:00,59.460366342
2025-11-21 08:00:00+00:00,58.776346438
2025-11-21 09:00:00+00:00,58.758153550
2025-11-21 10:00:00+00:00,64.549015777
2025-11-21 11:00:00+00:00,56.031035518
2025-11-21 12:00:00+00:00,56.334177891
2025-11-21 13:00:00+00:00,51.434714045
2025-11-21 14:00:00+00:00,50.212861250
2025-11-21 15:00:00+00:00,58.812068204
2025-11-21 16:00:00+00:00,55.562553300
2025-11-21 17:00:00+00:00,63.573525646
2025-11-21 18:00:00+00:00,69.542506717
2025-11-21 19:00:00+00:00,68.238360732
2025-11-21 20:00:00+00:00,72.788031113
2025-11-21 21:00:00+00:00,65.227459262
2025-11-21 22:00:00+00:00,69.759166521
2025-11-21 23:00:00+00:00,67.921667878
2025-11-22 00:00:00+00:00,55.072367403
2025-11-22 01:00:00+00:00,48.643286146
2025-11-22 02:00:00+00:00,53.607150879
2025-11-22 03:00:00+00:00,56.330670484
2025-11-22 04:00:00+00:00,50.602870300
2025-11-22 05:00:00+00:00,50.343311448
2025-11-22 06:00:00+00:00,54.220675834
2025-11-22 07:00:00+00:00,57.797777844
2025-11-22 08:00:00+00:00,52.690978679
2025-11-22 09:00:00+00:00,55.134669723
2025-11-22 10:00:00+00:00,51.435659962
2025-11-22 11:00:00+00:00,50.824455711
2025-11-22 12:00:00+00:00,48.403453634
2025-11-22 13:00:00+00:00,46.602184524
2025-11-22 14:00:00+00:00,49.188021271
2025-11-22 15:00:00+00:00,48.216955382
2025-11-22 16:00:00+00:00,52.789932910
2025-11-22 17:00:00+00:00,56.526402050
2025-11-22 18:00:00+00:00,60.223331817
2025-11-22 19:00:00+00:00,64.218524572
2025-11-22 20:00:00+00:00,62.165885510
2025-11-22 21:00:00+00:00,68.376252790
2025-11-22 22:00:00+00:00,60.984183598
2025-11-22 23:00:00+00:00,59.989127573
2025-11-23 00:00:00+00:00,52.601238231
2025-11-23 01:00:00+00:00,53.138530295
2025-11-23 02:00:00+00:00,54.142818442
2025-11-23 03:00:00+00:00,49.935592262
2025-11-23 04:00:00+00:00,52.105975057
2025-11-23 05:00:00+00:00,51.586546618
2025-11-23 06:00:00+00:00,56.683982528
2025-11-23 07:00:00+00:00,52.854116476
2025-11-23 08:00:00+00:00,57.045373499
2025-11-23 09:00:00+00:00,51.068100574
2025-11-23 10:00:00+00:00,51.598232455
2025-11-23 11:00:00+00:00,50.336348021
2025-11-23 12:00:00+00:00,54.205500985
2025-11-23 13:00:00+00:00,47.081826812
2025-11-23 14:00:00+00:00,52.300806800
2025-11-23 15:00:00+00:00,46.725653530
2025-11-23 16:00:00+00:00,53.951475450
2025-11-23 17:00:00+00:00,49.827867069
2025-11-23 18:00:00+00:00,62.406764580
2025-11-23 19:00:00+00:00,63.193711438
2025-11-23 20:00:00+00:00,58.781803351
2025-11-23 21:00:00+00:00,65.220809324
2025-11-23 22:00:00+00:00,64.032833435
2025-11-23 23:00:00+00:00,60.815143567
2025-11-24 00:00:00+00:00,60.692783960
2025-11-24 01:00:00+00:00,59.553519312
2025-11-24 02:00:00+00:00,56.331335266
2025-11-24 03:00:00+00:00,57.905833128
2025-11-24 04:00:00+00:00,64.783232402
2025-11-24 05:00:00+00:00,62.010433092
2025-11-24 06:00:00+00:00,62.230121887
2025-11-24 07:00:00+00:00,58.890395013
2025-11-24 08:00:00+00:00,56.433301836
2025-11-24 09:00:00+00:00,55.349981481
2025-11-24 10:00:00+00:00,58.709357225
2025-11-24 11:00:00+00:00,57.460032434
2025-11-24 12:00:00+00:00,57.719673972
2025-11-24 13:00:00+00:00,53.650347389
2025-11-24 14:00:00+00:00,56.653404971
2025-11-24 15:00:00+00:00,51.672460646
2025-11-24 16:00:00+00:00,56.899523865
2025-11-24 17:00:00+00:00,60.416594350
2025-11-24 18:00:00+00:00,66.866978929
2025-11-24 19:00:00+00:00,69.825038236
2025-11-24 20:00:00+00:00,75.428190360
2025-11-24 21:00:00+00:00,75.833901850
2025-11-24 22:00:00+00:00,72.928435146
2025-11-24 23:00:00+00:00,67.467154425
2025-11-25 00:00:00+00:00,62.183060027
2025-11-25 01:00:00+00:00,59.311172173
2025-11-25 02:00:00+00:00,58.972163785
2025-11-25 03:00:00+00:00,55.780302779
2025-11-25 04:00:00+00:00,56.843989710
2025-11-25 05:00:00+00:00,55.676679237
2025-11-25 06:00:00+00:00,61.760608251
2025-11-25 07:00:00+00:00,52.374292803
2025-11-25 08:00:00+00:00,66.198792398
2025-11-25 09:00:00+00:00,58.699051551
2025-11-25 10:00:00+00:00,52.173741218
2025-11-25 11:00:00+00:00,55.437224177
2025-11-25 12:00:00+00:00,59.712527797
2025-11-25 13:00:00+00:00,50.244818212
2025-11-25 14:00:00+00:00,53.099073984
2025-11-25 15:00:00+00:00,54.128889357
2025-11-25 16:00:00+00:00,53.798725001
2025-11-25 17:00:00+00:00,60.118408178
2025-11-25 18:00:00+00:00,62.326655527
2025-11-25 19:00:00+00:00,69.144953456
2025-11-25 20:00:00+00:00,77.261485779
2025-11-25 21:00:00+00:00,73.234240623
2025-11-25 22:00:00+00:00,69.560316962
2025-11-25 23:00:00+00:00,63.890133539
2025-11-26 00:00:00+00:00,55.247218285
2025-11-26 01:00:00+00:00,57.849309474
2025-11-26 02:00:00+00:00,57.276808049
2025-11-26 03:00:00+00:00,59.253407784
2025-11-26 04:00:00+00:00,56.240067734
2025-11-26 05:00:00+00:00,60.260574982
2025-11-26 06:00:00+00:00,66.085615833
2025-11-26 07:00:00+00:00,64.136967709
2025-11-26 08:00:00+00:00,62.637501926
2025-11-26 09:00:00+00:00,54.222632382
2025-11-26 10:00:00+00:00,62.895051116
2025-11-26 11:00:00+00:00,58.283186299
2025-11-26 12:00:00+00:00,54.742827168
2025-11-26 13:00:00+00:00,56.830648875
2025-11-26 14:00:00+00:00,49.238281594
2025-11-26 15:00:00+00:00,53.779416118
2025-11-26 16:00:00+00:00,55.505415342
2025-11-26 17:00:00+00:00,54.586905493
2025-11-26 18:00:00+00:00,62.676274132
2025-11-26 19:00:00+00:00,71.446272485
2025-11-26 20:00:00+00:00,69.313266791
2025-11-26 21:00:00+00:00,63.048326749
2025-11-26 22:00:00+00:00,68.905403135
2025-11-26 23:00:00+00:00,63.917225967
2025-11-27 00:00:00+00:00,54.796354838
2025-11-27 01:00:00+00:00,56.711700739
2025-11-27 02:00:00+00:00,57.623616178
2025-11-27 03:00:00+00:00,63.356116622
2025-11-27 04:00:00+00:00,58.082212828
2025-11-27 05:00:00+00:00,57.557896860
2025-11-27 06:00:00+00:00,56.862237648
2025-11-27 07:00:00+00:00,61.261817356
2025-11-27 08:00:00+00:00,60.565482885
2025-11-27 09:00:00+00:00,58.547255730
2025-11-27 10:00:00+00:00,57.668214314
2025-11-27 11:00:00+00:00,59.176864522
2025-11-27 12:00:00+00:00,52.086682974
2025-11-27 13:00:00+00:00,54.245920395
2025-11-27 14:00:00+00:00,58.806795947
2025-11-27 15:00:00+00:00,53.546211755
2025-11-27 16:00:00+00:00,56.465244305
2025-11-27 17:00:00+00:00,63.597786479
2025-11-27 18:00:00+00:00,65.177394403
2025-11-27 19:00:00+00:00,67.329139024
2025-11-27 20:00:00+00:00,75.745012895
2025-11-27 21:00:00+00:00,69.134453532
2025-11-27 22:00:00+00:00,76.560599369
2025-11-27 23:00:00+00:00,64.494625926
2025-11-28 00:00:00+00:00,59.924366592
2025-11-28 01:00:00+00:00,55.071335707
2025-11-28 02:00:00+00:00,53.765181001
2025-11-28 03:00:00+00:00,59.422637542
2025-11-28 04:00:00+00:00,60.405706344
2025-11-28 05:00:00+00:00,59.795987927
2025-11-28 06:00:00+00:00,64.687885987
2025-11-28 07:00:00+00:00,60.380139334
2025-11-28 08:00:00+00:00,64.751103162
2025-11-28 09:00:00+00:00,64.098704960
2025-11-28 10:00:00+00:00,64.129911916
2025-11-28 11:00:00+00:00,64.703197045
2025-11-28 12:00:00+00:00,51.102937148
2025-11-28 13:00:00+00:00,56.059758443
2025-11-28 14:00:00+00:00,56.300125782
2025-11-28 15:00:00+00:00,53.492489248
2025-11-28 16:00:00+00:00,54.172661965
2025-11-28 17:00:00+00:00,60.793370754
2025-11-28 18:00:00+00:00,63.682280957
2025-11-28 19:00:00+00:00,70.770919328
2025-11-28 20:00:00+00:00,74.402993672
2025-11-28 21:00:00+00:00,71.864152054
2025-11-28 22:00:00+00:00,65.805288345
2025-11-28 23:00:00+00:00,66.904393801
2025-11-29 00:00:00+00:00,51.127953877
2025-11-29 01:00:00+00:00,55.744251320
2025-11-29 02:00:00+00:00,55.530219871
2025-11-29 03:00:00+00:00,51.816190517
2025-11-29 04:00:00+00:00,53.493884390
2025-11-29 05:00:00+00:00,52.465041367
2025-11-29 06:00:00+00:00,54.424131239
2025-11-29 07:00:00+00:00,48.117791379
2025-11-29 08:00:00+00:00,51.218359801
2025-11-29 09:00:00+00:00,49.583820833
2025-11-29 10:00:00+00:00,50.479086043
2025-11-29 11:00:00+00:00,52.959407522
2025-11-29 12:00:00+00:00,51.965425092
2025-11-29 13:00:00+00:00,51.398966528
2025-11-29 14:00:00+00:00,44.118592572
2025-11-29 15:00:00+00:00,47.067433158
2025-11-29 16:00:00+00:00,50.393951734
2025-11-29 17:00:00+00:00,56.333537960
2025-11-29 18:00:00+00:00,57.994272884
2025-11-29 19:00:00+00:00,62.234981978
2025-11-29 20:00:00+00:00,67.843441751
2025-11-29 21:00:00+00:00,65.148903766
2025-11-29 22:00:00+00:00,56.820588647
2025-11-29 23:00:00+00:00,68.234417803
2025-11-30 00:00:00+00:00,51.676099707
2025-11-30 01:00:00+00:00,51.072420093
2025-11-30 02:00:00+00:00,54.444957012
2025-11-30 03:00:00+00:00,54.771049426
2025-11-30 04:00:00+00:00,55.482211134
2025-11-30 05:00:00+00:00,55.801805949
2025-11-30 06:00:00+00:00,53.000978421
2025-11-30 07:00:00+00:00,55.917936675
2025-11-30 08:00:00+00:00,53.603476327
2025-11-30 09:00:00+00:00,54.366199354
2025-11-30 10:00:00+00:00,50.837977525
2025-11-30 11:00:00+00:00,47.593425679
2025-11-30 12:00:00+00:00,54.554405239
2025-11-30 13:00:00+00:00,47.759492680
2025-11-30 14:00:00+00:00,49.199949132
2025-11-30 15:00:00+00:00,42.766994001
2025-11-30 16:00:00+00:00,50.158015738
2025-11-30 17:00:00+00:00,52.745568980
2025-11-30 18:00:00+00:00,60.921976253
2025-11-30 19:00:00+00:00,66.979604591
2025-11-30 20:00:00+00:00,61.107277878
2025-11-30 21:00:00+00:00,71.433937316
2025-11-30 22:00:00+00:00,56.690364291
2025-11-30 23:00:00+00:00,60.689827058
2025-12-01 00:00:00+00:00,80.955578107
2025-12-01 01:00:00+00:00,74.726599082
2025-12-01 02:00:00+00:00,76.599762998
2025-12-01 03:00:00+00:00,74.407563933
2025-12-01 04:00:00+00:00,75.554607050
2025-12-01 05:00:00+00:00,77.660394133
2025-12-01 06:00:00+00:00,75.261471702
2025-12-01 07:00:00+00:00,78.528478446
2025-12-01 08:00:00+00:00,85.529427422
2025-12-01 09:00:00+00:00,81.210111856
2025-12-01 10:00:00+00:00,75.297745960
2025-12-01 11:00:00+00:00,79.331749971
2025-12-01 12:00:00+00:00,69.849968603
2025-12-01 13:00:00+00:00,71.225605494
2025-12-01 14:00:00+00:00,69.548581930
2025-12-01 15:00:00+00:00,71.981983336
2025-12-01 16:00:00+00:00,73.226905188
2025-12-01 17:00:00+00:00,81.154774811
2025-12-01 18:00:00+00:00,85.609849757
2025-12-01 19:00:00+00:00,97.703521315
2025-12-01 20:00:00+00:00,100.118655545
2025-12-01 21:00:00+00:00,86.816173941
2025-12-01 22:00:00+00:00,89.070411106
2025-12-01 23:00:00+00:00,81.087624761
2025-12-02 00:00:00+00:00,76.882778087
2025-12-02 01:00:00+00:00,78.122400096
2025-12-02 02:00:00+00:00,73.952374175
2025-12-02 03:00:00+00:00,82.202323619
2025-12-02 04:00:00+00:00,73.781550637
2025-12-02 05:00:00+00:00,76.672166131
2025-12-02 06:00:00+00:00,64.862629787
2025-12-02 07:00:00+00:00,76.004343108
2025-12-02 08:00:00+00:00,82.347651798
2025-12-02 09:00:00+00:00,76.731536055
2025-12-02 10:00:00+00:00,77.711928721
2025-12-02 11:00:00+00:00,76.516848898
2025-12-02 12:00:00+00:00,69.448046514
2025-12-02 13:00:00+00:00,70.768247793
2025-12-02 14:00:00+00:00,69.042775613
2025-12-02 15:00:00+00:00,69.609347965
2025-12-02 16:00:00+00:00,73.437564158
2025-12-02 17:00:00+00:00,73.345403324
2025-12-02 18:00:00+00:00,84.533040298
2025-12-02 19:00:00+00:00,89.914198430
2025-12-02 20:00:00+00:00,92.345428875
2025-12-02 21:00:00+00:00,101.719493215
2025-12-02 22:00:00+00:00,94.406000374
2025-12-02 23:00:00+00:00,78.018662658
2025-12-03 00:00:00+00:00,77.171126197
2025-12-03 01:00:00+00:00,72.025205076
2025-12-03 02:00:00+00:00,78.910423143
2025-12-03 03:00:00+00:00,80.634489155
2025-12-03 04:00:00+00:00,87.212873092
2025-12-03 05:00:00+00:00,77.650094424
2025-12-03 06:00:00+00:00,81.247734957
2025-12-03 07:00:00+00:00,87.264232904
2025-12-03 08:00:00+00:00,79.527502092
2025-12-03 09:00:00+00:00,81.553005357
2025-12-03 10:00:00+00:00,80.387056758
2025-12-03 11:00:00+00:00,80.416230285
2025-12-03 12:00:00+00:00,70.760145169
2025-12-03 13:00:00+00:00,72.166323775
2025-12-03 14:00:00+00:00,73.131525596
2025-12-03 15:00:00+00:00,63.346609600
2025-12-03 16:00:00+00:00,79.753177882
2025-12-03 17:00:00+00:00,88.101408378
2025-12-03 18:00:00+00:00,85.177084221
2025-12-03 19:00:00+00:00,91.575284948
2025-12-03 20:00:00+00:00,95.731304299
2025-12-03 21:00:00+00:00,94.010488171
2025-12-03 22:00:00+00:00,96.782156509
2025-12-03 23:00:00+00:00,84.085619262
2025-12-04 00:00:00+00:00,74.596443777
2025-12-04 01:00:00+00:00,80.152840930
2025-12-04 02:00:00+00:00,72.787641101
2025-12-04 03:00:00+00:00,73.135600950
2025-12-04 04:00:00+00:00,77.954709000
2025-12-04 05:00:00+00:00,82.075486845
2025-12-04 06:00:00+00:00,80.353012888
2025-12-04 07:00:00+00:00,77.706369380
2025-12-04 08:00:00+00:00,77.286361857
2025-12-04 09:00:00+00:00,76.212463670
2025-12-04 10:00:00+00:00,71.612743885
2025-12-04 11:00:00+00:00,72.778833396
2025-12-04 12:00:00+00:00,73.448939660
2025-12-04 13:00:00+00:00,72.121287441
2025-12-04 14:00:00+00:00,73.651381117
2025-12-04 15:00:00+00:00,78.910139096
2025-12-04 16:00:00+00:00,75.555434041
2025-12-04 17:00:00+00:00,71.470209418
2025-12-04 18:00:00+00:00,78.820684856
2025-12-04 19:00:00+00:00,96.525417020
2025-12-04 20:00:00+00:00,91.170638190
2025-12-04 21:00:00+00:00,95.415532099
2025-12-04 22:00:00+00:00,95.557964997
2025-12-04 23:00:00+00:00,86.189600872
2025-12-05 00:00:00+00:00,78.357361238
2025-12-05 01:00:00+00:00,77.701373990
2025-12-05 02:00:00+00:00,74.628976546
2025-12-05 03:00:00+00:00,75.463280065
2025-12-05 04:00:00+00:00,77.521822924
2025-12-05 05:00:00+00:00,78.156360827
2025-12-05 06:00:00+00:00,84.208089932
2025-12-05 07:00:00+00:00,77.807166111
2025-12-05 08:00:00+00:00,72.254322353
2025-12-05 09:00:00+00:00,75.939854400
2025-12-05 10:00:00+00:00,80.522534678
2025-12-05 11:00:00+00:00,78.567618814
2025-12-05 12:00:00+00:00,67.778122857
2025-12-05 13:00:00+00:00,73.357946534
2025-12-05 14:00:00+00:00,72.746658491
2025-12-05 15:00:00+00:00,68.648377613
2025-12-05 16:00:00+00:00,77.127007820
2025-12-05 17:00:00+00:00,88.098708246
2025-12-05 18:00:00+00:00,98.469882589
2025-12-05 19:00:00+00:00,104.550702173
2025-12-05 20:00:00+00:00,91.846772204
2025-12-05 21:00:00+00:00,86.499150534
2025-12-05 22:00:00+00:00,93.052630225
2025-12-05 23:00:00+00:00,82.515766140
2025-12-06 00:00:00+00:00,62.165058071
2025-12-06 01:00:00+00:00,70.744976132
2025-12-06 02:00:00+00:00,69.554808258
2025-12-06 03:00:00+00:00,70.917344857
2025-12-06 04:00:00+00:00,69.824345840
2025-12-06 05:00:00+00:00,77.029733674
2025-12-06 06:00:00+00:00,70.298904439
2025-12-06 07:00:00+00:00,72.837044745
2025-12-06 08:00:00+00:00,70.842109314
2025-12-06 09:00:00+00:00,74.868639974
2025-12-06 10:00:00+00:00,73.484921060
2025-12-06 11:00:00+00:00,60.084594373
2025-12-06 12:00:00+00:00,68.058813846
2025-12-06 13:00:00+00:00,59.342336397
2025-12-06 14:00:00+00:00,65.740452434
2025-12-06 15:00:00+00:00,64.358253477
2025-12-06 16:00:00+00:00,67.838853850
2025-12-06 17:00:00+00:00,70.634892056
2025-12-06 18:00:00+00:00,69.441199246
2025-12-06 19:00:00+00:00,84.856507913
2025-12-06 20:00:00+00:00,78.887924839
2025-12-06 21:00:00+00:00,84.224055453
2025-12-06 22:00:00+00:00,84.977681095
2025-12-06 23:00:00+00:00,74.494933157
2025-12-07 00:00:00+00:00,72.413738175
2025-12-07 01:00:00+00:00,71.282395511
2025-12-07 02:00:00+00:00,65.877315168
2025-12-07 03:00:00+00:00,62.649767511
2025-12-07 04:00:00+00:00,71.337761345
2025-12-07 05:00:00+00:00,66.337067929
2025-12-07 06:00:00+00:00,76.940439630
2025-12-07 07:00:00+00:00,69.866401181
2025-12-07 08:00:00+00:00,65.852238183
2025-12-07 09:00:00+00:00,73.709976812
2025-12-07 10:00:00+00:00,67.611127889
2025-12-07 11:00:00+00:00,70.182585833
2025-12-07 12:00:00+00:00,60.582704171
2025-12-07 13:00:00+00:00,64.136430308
2025-12-07 14:00:00+00:00,66.366783705
2025-12-07 15:00:00+00:00,64.447305209
2025-12-07 16:00:00+00:00,64.242735918
2025-12-07 17:00:00+00:00,71.944506367
2025-12-07 18:00:00+00:00,84.960577263
2025-12-07 19:00:00+00:00,82.725702880
2025-12-07 20:00:00+00:00,91.335927809
2025-12-07 21:00:00+00:00,81.064119154
2025-12-07 22:00:00+00:00,80.730285259
2025-12-07 23:00:00+00:00,80.758712469
2025-12-08 00:00:00+00:00,83.282190391
2025-12-08 01:00:00+00:00,78.290832311
2025-12-08 02:00:00+00:00,73.891651659
2025-12-08 03:00:00+00:00,73.268154476
2025-12-08 04:00:00+00:00,70.541570756
2025-12-08 05:00:00+00:00,83.995818265
2025-12-08 06:00:00+00:00,70.473158732
2025-12-08 07:00:00+00:00,78.722241695
2025-12-08 08:00:00+00:00,77.501813524
2025-12-08 09:00:00+00:00,80.708363572
2025-12-08 10:00:00+00:00,77.310738285
2025-12-08 11:00:00+00:00,71.581630432
2025-12-08 12:00:00+00:00,78.512829590
2025-12-08 13:00:00+00:00,75.240011336
2025-12-08 14:00:00+00:00,68.415144280
2025-12-08 15:00:00+00:00,68.287616012
2025-12-08 16:00:00+00:00,72.314197030
2025-12-08 17:00:00+00:00,77.941095092
2025-12-08 18:00:00+00:00,86.630478675
2025-12-08 19:00:00+00:00,87.762970259
2025-12-08 20:00:00+00:00,92.983288134
2025-12-08 21:00:00+00:00,86.992307005
2025-12-08 22:00:00+00:00,85.035251628
2025-12-08 23:00:00+00:00,78.762529179
2025-12-09 00:00:00+00:00,85.855442322
2025-12-09 01:00:00+00:00,75.613705659
2025-12-09 02:00:00+00:00,81.367792731
2025-12-09 03:00:00+00:00,78.274155111
2025-12-09 04:00:00+00:00,72.613677003
2025-12-09 05:00:00+00:00,81.848674432
2025-12-09 06:00:00+00:00,78.558475926
2025-12-09 07:00:00+00:00,79.905721888
2025-12-09 08:00:00+00:00,70.249112607
2025-12-09 09:00:00+00:00,81.639563268
2025-12-09 10:00:00+00:00,80.471511819
2025-12-09 11:00:00+00:00,84.577320437
2025-12-09 12:00:00+00:00,79.610381782
2025-12-09 13:00:00+00:00,64.884389126
2025-12-09 14:00:00+00:00,66.064732186
2025-12-09 15:00:00+00:00,66.075198706
2025-12-09 16:00:00+00:00,77.824388057
2025-12-09 17:00:00+00:00,79.863548846
2025-12-09 18:00:00+00:00,86.183867812
2025-12-09 19:00:00+00:00,101.617404966
2025-12-09 20:00:00+00:00,89.263962348
2025-12-09 21:00:00+00:00,94.338828830
2025-12-09 22:00:00+00:00,89.640133974
2025-12-09 23:00:00+00:00,84.116620966
2025-12-10 00:00:00+00:00,77.382674408
2025-12-10 01:00:00+00:00,81.938910362
2025-12-10 02:00:00+00:00,85.168948103
2025-12-10 03:00:00+00:00,77.567543950
2025-12-10 04:00:00+00:00,76.433062327
2025-12-10 05:00:00+00:00,77.178782558
2025-12-10 06:00:00+00:00,77.880687595
2025-12-10 07:00:00+00:00,81.545501203
2025-12-10 08:00:00+00:00,84.480233928
2025-12-10 09:00:00+00:00,77.581722194
2025-12-10 10:00:00+00:00,77.286294574
2025-12-10 11:00:00+00:00,74.283907789
2025-12-10 12:00:00+00:00,71.036443395
2025-12-10 13:00:00+00:00,74.092902359
2025-12-10 14:00:00+00:00,65.891308529
2025-12-10 15:00:00+00:00,72.843342248
2025-12-10 16:00:00+00:00,72.470753545
2025-12-10 17:00:00+00:00,87.334133704
2025-12-10 18:00:00+00:00,75.864140025
2025-12-10 19:00:00+00:00,97.686691651
2025-12-10 20:00:00+00:00,100.205349939
2025-12-10 21:00:00+00:00,93.649384347
2025-12-10 22:00:00+00:00,87.670072294
2025-12-10 23:00:00+00:00,82.467904487
2025-12-11 00:00:00+00:00,81.179884702
2025-12-11 01:00:00+00:00,82.193802136
2025-12-11 02:00:00+00:00,73.833098664
2025-12-11 03:00:00+00:00,72.867497648
2025-12-11 04:00:00+00:00,70.376976785
2025-12-11 05:00:00+00:00,84.547181970
2025-12-11 06:00:00+00:00,78.779920683
2025-12-11 07:00:00+00:00,67.950358628
2025-12-11 08:00:00+00:00,76.343382814
2025-12-11 09:00:00+00:00,74.728886582
2025-12-11 10:00:00+00:00,78.403563756
2025-12-11 11:00:00+00:00,76.699651872
2025-12-11 12:00:00+00:00,76.347102479
2025-12-11 13:00:00+00:00,69.190803623
2025-12-11 14:00:00+00:00,69.402800632
2025-12-11 15:00:00+00:00,70.611497834
2025-12-11 16:00:00+00:00,86.858433360
2025-12-11 17:00:00+00:00,84.417564816
2025-12-11 18:00:00+00:00,86.597513499
2025-12-11 19:00:00+00:00,84.651605257
2025-12-11 20:00:00+00:00,85.215467900
2025-12-11 21:00:00+00:00,91.687276755
2025-12-11 22:00:00+00:00,89.832212467
2025-12-11 23:00:00+00:00,93.818067824
2025-12-12 00:00:00+00:00,80.872341710
2025-12-12 01:00:00+00:00,73.963073023
2025-12-12 02:00:00+00:00,73.166805049
2025-12-12 03:00:00+00:00,86.824101365
2025-12-12 04:00:00+00:00,85.169126577
2025-12-12 05:00:00+00:00,73.227403617
2025-12-12 06:00:00+00:00,82.418619807
2025-12-12 07:00:00+00:00,81.242626864
2025-12-12 08:00:00+00:00,86.322129697
2025-12-12 09:00:00+00:00,75.778433062
2025-12-12 10:00:00+00:00,83.360601205
2025-12-12 11:00:00+00:00,72.794191410
2025-12-12 12:00:00+00:00,76.566328034
2025-12-12 13:00:00+00:00,75.798097322
2025-12-12 14:00:00+00:00,65.109568365
2025-12-12 15:00:00+00:00,70.701779188
2025-12-12 16:00:00+00:00,74.682614660
2025-12-12 17:00:00+00:00,85.760405830
2025-12-12 18:00:00+00:00,97.675570974
2025-12-12 19:00:00+00:00,80.571013223
2025-12-12 20:00:00+00:00,92.539352127
2025-12-12 21:00:00+00:00,86.706231358
2025-12-12 22:00:00+00:00,88.853028304
2025-12-12 23:00:00+00:00,78.901336508
2025-12-13 00:00:00+00:00,68.079169874
2025-12-13 01:00:00+00:00,79.264906182
2025-12-13 02:00:00+00:00,63.581738529
2025-12-13 03:00:00+00:00,72.253277199
2025-12-13 04:00:00+00:00,72.136679985
2025-12-13 05:00:00+00:00,68.781628796
2025-12-13 06:00:00+00:00,69.473938305
2025-12-13 07:00:00+00:00,70.648598451
2025-12-13 08:00:00+00:00,79.637312801
2025-12-13 09:00:00+00:00,73.828743391
2025-12-13 10:00:00+00:00,70.221527603
2025-12-13 11:00:00+00:00,67.985758452
2025-12-13 12:00:00+00:00,66.443311767
2025-12-13 13:00:00+00:00,64.966162316
2025-12-13 14:00:00+00:00,63.963639405
2025-12-13 15:00:00+00:00,67.033486319
2025-12-13 16:00:00+00:00,69.255909452
2025-12-13 17:00:00+00:00,72.913538239
2025-12-13 18:00:00+00:00,80.790301614
2025-12-13 19:00:00+00:00,82.637514858
2025-12-13 20:00:00+00:00,87.837855403
2025-12-13 21:00:00+00:00,81.700831141
2025-12-13 22:00:00+00:00,73.701484741
2025-12-13 23:00:00+00:00,74.636220064
2025-12-14 00:00:00+00:00,70.822849295
2025-12-14 01:00:00+00:00,75.863646637
2025-12-14 02:00:00+00:00,69.800256428
2025-12-14 03:00:00+00:00,70.432845672
2025-12-14 04:00:00+00:00,69.419409349
2025-12-14 05:00:00+00:00,79.018084500
2025-12-14 06:00:00+00:00,72.979771923
2025-12-14 07:00:00+00:00,75.376543596
2025-12-14 08:00:00+00:00,68.356645543
2025-12-14 09:00:00+00:00,69.978751070
2025-12-14 10:00:00+00:00,63.715017899
2025-12-14 11:00:00+00:00,69.421010836
2025-12-14 12:00:00+00:00,69.105805458
2025-12-14 13:00:00+00:00,59.742491114
2025-12-14 14:00:00+00:00,60.389155863
2025-12-14 15:00:00+00:00,66.452155561
2025-12-14 16:00:00+00:00,68.321440141
2025-12-14 17:00:00+00:00,72.917833114
2025-12-14 18:00:00+00:00,79.378888995
2025-12-14 19:00:00+00:00,86.316838457
2025-12-14 20:00:00+00:00,92.725546897
2025-12-14 21:00:00+00:00,92.276263939
2025-12-14 22:00:00+00:00,86.617434700
2025-12-14 23:00:00+00:00,76.941503587
2025-12-15 00:00:00+00:00,77.194239498
2025-12-15 01:00:00+00:00,75.659077104
2025-12-15 02:00:00+00:00,73.458146331
2025-12-15 03:00:00+00:00,77.346555737
2025-12-15 04:00:00+00:00,81.303697808
2025-12-15 05:00:00+00:00,77.687732507
2025-12-15 06:00:00+00:00,72.800415192
2025-12-15 07:00:00+00:00,78.870569747
2025-12-15 08:00:00+00:00,74.946482355
2025-12-15 09:00:00+00:00,85.858658188
2025-12-15 10:00:00+00:00,86.817833985
2025-12-15 11:00:00+00:00,80.707938466
2025-12-15 12:00:00+00:00,70.332449293
2025-12-15 13:00:00+00:00,62.195022761
2025-12-15 14:00:00+00:00,66.956377097
2025-12-15 15:00:00+00:00,73.079083980
2025-12-15 16:00:00+00:00,70.659602056
2025-12-15 17:00:00+00:00,81.038073513
2025-12-15 18:00:00+00:00,78.887656453
2025-12-15 19:00:00+00:00,92.529701175
2025-12-15 20:00:00+00:00,106.379673186
2025-12-15 21:00:00+00:00,96.468513618
2025-12-15 22:00:00+00:00,85.491848264
2025-12-15 23:00:00+00:00,82.897083057
2025-12-16 00:00:00+00:00,76.418371725
2025-12-16 01:00:00+00:00,77.542901408
2025-12-16 02:00:00+00:00,78.009824243
2025-12-16 03:00:00+00:00,80.072983130
2025-12-16 04:00:00+00:00,81.135887913
2025-12-16 05:00:00+00:00,75.756272641
2025-12-16 06:00:00+00:00,76.712656376
2025-12-16 07:00:00+00:00,81.190424733
2025-12-16 08:00:00+00:00,75.619992163
2025-12-16 09:00:00+00:00,79.714623627
2025-12-16 10:00:00+00:00,87.732562768
2025-12-16 11:00:00+00:00,79.380968082
2025-12-16 12:00:00+00:00,70.840149391
2025-12-16 13:00:00+00:00,69.143501396
2025-12-16 14:00:00+00:00,74.239840841
2025-12-16 15:00:00+00:00,68.703195599
2025-12-16 16:00:00+00:00,70.325583140
2025-12-16 17:00:00+00:00,87.445688604
2025-12-16 18:00:00+00:00,89.690444132
2025-12-16 19:00:00+00:00,96.710629930
2025-12-16 20:00:00+00:00,96.220423371
2025-12-16 21:00:00+00:00,99.894689787
2025-12-16 22:00:00+00:00,84.768904716
2025-12-16 23:00:00+00:00,84.763516391
2025-12-17 00:00:00+00:00,79.149599755
2025-12-17 01:00:00+00:00,80.620875682
2025-12-17 02:00:00+00:00,72.350954812
2025-12-17 03:00:00+00:00,79.207724896
2025-12-17 04:00:00+00:00,75.827972351
2025-12-17 05:00:00+00:00,76.984781763
2025-12-17 06:00:00+00:00,73.720219830
2025-12-17 07:00:00+00:00,82.122542616
2025-12-17 08:00:00+00:00,79.242258379
2025-12-17 09:00:00+00:00,76.292006294
2025-12-17 10:00:00+00:00,76.833126515
2025-12-17 11:00:00+00:00,81.419141790
2025-12-17 12:00:00+00:00,81.252343876
2025-12-17 13:00:00+00:00,72.803987184
2025-12-17 14:00:00+00:00,74.372491131
2025-12-17 15:00:00+00:00,72.895842831
2025-12-17 16:00:00+00:00,75.044855603
2025-12-17 17:00:00+00:00,84.290214040
2025-12-17 18:00:00+00:00,89.013444320
2025-12-17 19:00:00+00:00,88.429055036
2025-12-17 20:00:00+00:00,81.609294013
2025-12-17 21:00:00+00:00,98.614384387
2025-12-17 22:00:00+00:00,92.262313761
2025-12-17 23:00:00+00:00,80.789623491
2025-12-18 00:00:00+00:00,79.259459334
2025-12-18 01:00:00+00:00,71.641160415
2025-12-18 02:00:00+00:00,81.513110307
2025-12-18 03:00:00+00:00,75.643251927
2025-12-18 04:00:00+00:00,79.754717847
2025-12-18 05:00:00+00:00,71.764519374
2025-12-18 06:00:00+00:00,74.450405073
2025-12-18 07:00:00+00:00,89.650881307
2025-12-18 08:00:00+00:00,82.223287724
2025-12-18 09:00:00+00:00,79.107235922
2025-12-18 10:00:00+00:00,79.396866801
2025-12-18 11:00:00+00:00,73.433894667
2025-12-18 12:00:00+00:00,76.468913010
2025-12-18 13:00:00+00:00,74.307280975
2025-12-18 14:00:00+00:00,72.169138474
2025-12-18 15:00:00+00:00,69.065636631
2025-12-18 16:00:00+00:00,74.695870903
2025-12-18 17:00:00+00:00,84.239060641
2025-12-18 18:00:00+00:00,88.240262900
2025-12-18 19:00:00+00:00,95.132266930
2025-12-18 20:00:00+00:00,95.053424158
2025-12-18 21:00:00+00:00,89.515384289
2025-12-18 22:00:00+00:00,91.247493349
2025-12-18 23:00:00+00:00,87.698554179
2025-12-19 00:00:00+00:00,79.127919057
2025-12-19 01:00:00+00:00,81.351609290
2025-12-19 02:00:00+00:00,83.194903250
2025-12-19 03:00:00+00:00,89.101388461
2025-12-19 04:00:00+00:00,73.961851124
2025-12-19 05:00:00+00:00,80.496363614
2025-12-19 06:00:00+00:00,76.316958858
2025-12-19 07:00:00+00:00,80.023073216
2025-12-19 08:00:00+00:00,79.306802041
2025-12-19 09:00:00+00:00,76.739183587
2025-12-19 10:00:00+00:00,78.073307195
2025-12-19 11:00:00+00:00,65.799070673
2025-12-19 12:00:00+00:00,71.531085745
2025-12-19 13:00:00+00:00,76.066370961
2025-12-19 14:00:00+00:00,65.380813553
2025-12-19 15:00:00+00:00,73.211395412
2025-12-19 16:00:00+00:00,70.029384468
2025-12-19 17:00:00+00:00,75.075386539
2025-12-19 18:00:00+00:00,86.721916834
2025-12-19 19:00:00+00:00,85.519742150
2025-12-19 20:00:00+00:00,98.291937018
2025-12-19 21:00:00+00:00,99.484345255
2025-12-19 22:00:00+00:00,80.707689326
2025-12-19 23:00:00+00:00,86.457268358
2025-12-20 00:00:00+00:00,70.110021073
2025-12-20 01:00:00+00:00,69.672934881
2025-12-20 02:00:00+00:00,72.859824131
2025-12-20 03:00:00+00:00,68.028309560
2025-12-20 04:00:00+00:00,67.346025890
2025-12-20 05:00:00+00:00,73.267191898
2025-12-20 06:00:00+00:00,71.244066858
2025-12-20 07:00:00+00:00,74.005500804
2025-12-20 08:00:00+00:00,72.807749505
2025-12-20 09:00:00+00:00,79.625804520
2025-12-20 10:00:00+00:00,72.109993069
2025-12-20 11:00:00+00:00,68.392740215
2025-12-20 12:00:00+00:00,69.389234617
2025-12-20 13:00:00+00:00,64.762026357
2025-12-20 14:00:00+00:00,57.390018971
2025-12-20 15:00:00+00:00,60.199704381
2025-12-20 16:00:00+00:00,64.775599223
2025-12-20 17:00:00+00:00,72.797332187
2025-12-20 18:00:00+00:00,83.543038948
2025-12-20 19:00:00+00:00,68.574361376
2025-12-20 20:00:00+00:00,83.488358637
2025-12-20 21:00:00+00:00,87.049637961
2025-12-20 22:00:00+00:00,84.336180864
2025-12-20 23:00:00+00:00,77.651090518
2025-12-21 00:00:00+00:00,68.316971691
2025-12-21 01:00:00+00:00,70.762500217
2025-12-21 02:00:00+00:00,72.237605519
2025-12-21 03:00:00+00:00,70.504711124
2025-12-21 04:00:00+00:00,67.645731350
2025-12-21 05:00:00+00:00,71.524743289
2025-12-21 06:00:00+00:00,67.167128745
2025-12-21 07:00:00+00:00,70.041633134
2025-12-21 08:00:00+00:00,71.938805228
2025-12-21 09:00:00+00:00,75.530833982
2025-12-21 10:00:00+00:00,66.611679734
2025-12-21 11:00:00+00:00,60.356325655
2025-12-21 12:00:00+00:00,63.647633933
2025-12-21 13:00:00+00:00,67.810648689
2025-12-21 14:00:00+00:00,61.860016967
2025-12-21 15:00:00+00:00,65.446200432
2025-12-21 16:00:00+00:00,63.791731796
2025-12-21 17:00:00+00:00,70.788049804
2025-12-21 18:00:00+00:00,71.900389429
2025-12-21 19:00:00+00:00,84.007876163
2025-12-21 20:00:00+00:00,88.125021270
2025-12-21 21:00:00+00:00,84.520262369
2025-12-21 22:00:00+00:00,72.448485747
2025-12-21 23:00:00+00:00,72.913142669
2025-12-22 00:00:00+00:00,75.733809346
2025-12-22 01:00:00+00:00,79.635480785
2025-12-22 02:00:00+00:00,72.915805092
2025-12-22 03:00:00+00:00,78.633425887
2025-12-22 04:00:00+00:00,76.683735533
2025-12-22 05:00:00+00:00,77.872946725
2025-12-22 06:00:00+00:00,75.656264978
2025-12-22 07:00:00+00:00,72.779760459
2025-12-22 08:00:00+00:00,84.810645374
2025-12-22 09:00:00+00:00,74.697652211
2025-12-22 10:00:00+00:00,81.953046620
2025-12-22 11:00:00+00:00,73.771846690
2025-12-22 12:00:00+00:00,73.704055287
2025-12-22 13:00:00+00:00,64.155690153
2025-12-22 14:00:00+00:00,71.679009110
2025-12-22 15:00:00+00:00,65.945490494
2025-12-22 16:00:00+00:00,73.803689428
2025-12-22 17:00:00+00:00,74.551601848
2025-12-22 18:00:00+00:00,87.202749631
2025-12-22 19:00:00+00:00,86.024121407
2025-12-22 20:00:00+00:00,92.562119158
2025-12-22 21:00:00+00:00,97.342564660
2025-12-22 22:00:00+00:00,97.715351445
2025-12-22 23:00:00+00:00,86.283528327
2025-12-23 00:00:00+00:00,81.631850263
2025-12-23 01:00:00+00:00,80.798570204
2025-12-23 02:00:00+00:00,80.802535546
2025-12-23 03:00:00+00:00,79.705973976
2025-12-23 04:00:00+00:00,80.476453726
2025-12-23 05:00:00+00:00,76.167955859
2025-12-23 06:00:00+00:00,78.944590882
2025-12-23 07:00:00+00:00,84.736759882
2025-12-23 08:00:00+00:00,80.410433566
2025-12-23 09:00:00+00:00,80.279818536
2025-12-23 10:00:00+00:00,79.148673831
2025-12-23 11:00:00+00:00,78.096022164
2025-12-23 12:00:00+00:00,70.056877426
2025-12-23 13:00:00+00:00,69.949133521
2025-12-23 14:00:00+00:00,65.255946349
2025-12-23 15:00:00+00:00,69.066750981
2025-12-23 16:00:00+00:00,77.452008585
2025-12-23 17:00:00+00:00,83.102213506
2025-12-23 18:00:00+00:00,85.403652662
2025-12-23 19:00:00+00:00,77.479536766
2025-12-23 20:00:00+00:00,94.877468641
2025-12-23 21:00:00+00:00,89.711622705
2025-12-23 22:00:00+00:00,84.098817516
2025-12-23 23:00:00+00:00,87.927598384
2025-12-24 00:00:00+00:00,82.165804476
2025-12-24 01:00:00+00:00,75.638715411
2025-12-24 02:00:00+00:00,80.089168883
2025-12-24 03:00:00+00:00,69.187046636
2025-12-24 04:00:00+00:00,68.690887434
2025-12-24 05:00:00+00:00,79.595307712
2025-12-24 06:00:00+00:00,79.685006163
2025-12-24 07:00:00+00:00,80.102816474
2025-12-24 08:00:00+00:00,81.776329377
2025-12-24 09:00:00+00:00,87.316282963
2025-12-24 10:00:00+00:00,83.084036094
2025-12-24 11:00:00+00:00,73.394233406
2025-12-24 12:00:00+00:00,79.501620499
2025-12-24 13:00:00+00:00,72.440842011
2025-12-24 14:00:00+00:00,68.955869534
2025-12-24 15:00:00+00:00,70.306705217
2025-12-24 16:00:00+00:00,73.998135973
2025-12-24 17:00:00+00:00,81.962397882
2025-12-24 18:00:00+00:00,92.480153854
2025-12-24 19:00:00+00:00,86.660079372
2025-12-24 20:00:00+00:00,88.784604140
2025-12-24 21:00:00+00:00,95.015853794
2025-12-24 22:00:00+00:00,87.890950177
2025-12-24 23:00:00+00:00,94.318447914
2025-12-25 00:00:00+00:00,73.725530961
2025-12-25 01:00:00+00:00,76.912596401
2025-12-25 02:00:00+00:00,80.175925881
2025-12-25 03:00:00+00:00,83.072752968
2025-12-25 04:00:00+00:00,80.624730977
2025-12-25 05:00:00+00:00,84.566868338
2025-12-25 06:00:00+00:00,80.373171590
2025-12-25 07:00:00+00:00,72.935312143
2025-12-25 08:00:00+00:00,81.612946175
2025-12-25 09:00:00+00:00,71.527515878
2025-12-25 10:00:00+00:00,82.135800377
2025-12-25 11:00:00+00:00,74.212133255
2025-12-25 12:00:00+00:00,70.947998426
2025-12-25 13:00:00+00:00,70.607019861
2025-12-25 14:00:00+00:00,73.481041945
2025-12-25 15:00:00+00:00,73.657733391
2025-12-25 16:00:00+00:00,72.589536095
2025-12-25 17:00:00+00:00,86.071387998
2025-12-25 18:00:00+00:00,81.212258516
2025-12-25 19:00:00+00:00,94.668512080
2025-12-25 20:00:00+00:00,93.333779441
2025-12-25 21:00:00+00:00,91.896468486
2025-12-25 22:00:00+00:00,98.787255361
2025-12-25 23:00:00+00:00,92.036932035
2025-12-26 00:00:00+00:00,73.547343492
2025-12-26 01:00:00+00:00,77.256494782
2025-12-26 02:00:00+00:00,80.868248657
2025-12-26 03:00:00+00:00,74.020397532
2025-12-26 04:00:00+00:00,81.499057661
2025-12-26 05:00:00+00:00,77.605922195
2025-12-26 06:00:00+00:00,73.246940111
2025-12-26 07:00:00+00:00,82.222822033
2025-12-26 08:00:00+00:00,78.553559956
2025-12-26 09:00:00+00:00,75.718318342
2025-12-26 10:00:00+00:00,79.097653975
2025-12-26 11:00:00+00:00,74.315802564
2025-12-26 12:00:00+00:00,72.483893649
2025-12-26 13:00:00+00:00,67.994562933
2025-12-26 14:00:00+00:00,73.745574508
2025-12-26 15:00:00+00:00,63.950828825
2025-12-26 16:00:00+00:00,77.842797423
2025-12-26 17:00:00+00:00,80.144367880
2025-12-26 18:00:00+00:00,89.023081462
2025-12-26 19:00:00+00:00,94.748430245
2025-12-26 20:00:00+00:00,103.543977980
2025-12-26 21:00:00+00:00,100.306166447
2025-12-26 22:00:00+00:00,96.727210333
2025-12-26 23:00:00+00:00,84.279281197
2025-12-27 00:00:00+00:00,72.509974380
2025-12-27 01:00:00+00:00,67.612921600
2025-12-27 02:00:00+00:00,79.592680135
2025-12-27 03:00:00+00:00,65.181898134
2025-12-27 04:00:00+00:00,65.432545243
2025-12-27 05:00:00+00:00,65.205748664
2025-12-27 06:00:00+00:00,74.767230533
2025-12-27 07:00:00+00:00,77.898178085
2025-12-27 08:00:00+00:00,70.484867240
2025-12-27 09:00:00+00:00,74.607185699
2025-12-27 10:00:00+00:00,78.773525633
2025-12-27 11:00:00+00:00,73.373746440
2025-12-27 12:00:00+00:00,62.361625899
2025-12-27 13:00:00+00:00,61.508923816
2025-12-27 14:00:00+00:00,61.491681021
2025-12-27 15:00:00+00:00,62.969096362
2025-12-27 16:00:00+00:00,64.731734395
2025-12-27 17:00:00+00:00,77.709518989
2025-12-27 18:00:00+00:00,74.788463996
2025-12-27 19:00:00+00:00,87.086915763
2025-12-27 20:00:00+00:00,90.870942784
2025-12-27 21:00:00+00:00,88.272077054
2025-12-27 22:00:00+00:00,72.610462579
2025-12-27 23:00:00+00:00,70.067135872
2025-12-28 00:00:00+00:00,75.828419755
2025-12-28 01:00:00+00:00,65.662569728
2025-12-28 02:00:00+00:00,60.314458544
2025-12-28 03:00:00+00:00,62.768067553
2025-12-28 04:00:00+00:00,69.011046097
2025-12-28 05:00:00+00:00,72.640384788
2025-12-28 06:00:00+00:00,72.828271574
2025-12-28 07:00:00+00:00,67.144776546
2025-12-28 08:00:00+00:00,75.980038343
2025-12-28 09:00:00+00:00,77.775042720
2025-12-28 10:00:00+00:00,61.020639124
2025-12-28 11:00:00+00:00,76.585600595
2025-12-28 12:00:00+00:00,64.806813956
2025-12-28 13:00:00+00:00,61.410361050
2025-12-28 14:00:00+00:00,68.195511513
2025-12-28 15:00:00+00:00,55.447596480
2025-12-28 16:00:00+00:00,70.139630750
2025-12-28 17:00:00+00:00,59.336140832
2025-12-28 18:00:00+00:00,73.265403035
2025-12-28 19:00:00+00:00,78.811308583
2025-12-28 20:00:00+00:00,83.662625217
2025-12-28 21:00:00+00:00,80.132811616
2025-12-28 22:00:00+00:00,82.494079399
2025-12-28 23:00:00+00:00,83.485408725
2025-12-29 00:00:00+00:00,66.801459506
2025-12-29 01:00:00+00:00,78.479309008
2025-12-29 02:00:00+00:00,74.867803710
2025-12-29 03:00:00+00:00,70.506860981
2025-12-29 04:00:00+00:00,80.548074449
2025-12-29 05:00:00+00:00,80.128852966
2025-12-29 06:00:00+00:00,79.343112409
2025-12-29 07:00:00+00:00,72.371296390
2025-12-29 08:00:00+00:00,68.149097106
2025-12-29 09:00:00+00:00,81.511098671
2025-12-29 10:00:00+00:00,71.862040935
2025-12-29 11:00:00+00:00,75.505193347
2025-12-29 12:00:00+00:00,75.925211162
2025-12-29 13:00:00+00:00,64.380405797
2025-12-29 14:00:00+00:00,72.902304771
2025-12-29 15:00:00+00:00,72.565880374
2025-12-29 16:00:00+00:00,73.832304684
2025-12-29 17:00:00+00:00,74.910871336
2025-12-29 18:00:00+00:00,92.177582706
2025-12-29 19:00:00+00:00,93.610536110
2025-12-29 20:00:00+00:00,93.316800790
2025-12-29 21:00:00+00:00,94.920658297
2025-12-29 22:00:00+00:00,97.793221483
2025-12-29 23:00:00+00:00,81.942546135
2025-12-30 00:00:00+00:00,82.935975366
2025-12-30 01:00:00+00:00,80.365311351
2025-12-30 02:00:00+00:00,75.962805729
2025-12-30 03:00:00+00:00,75.946097047
2025-12-30 04:00:00+00:00,77.833763382
2025-12-30 05:00:00+00:00,70.070916543
2025-12-30 06:00:00+00:00,72.534870719
2025-12-30 07:00:00+00:00,75.936424724
2025-12-30 08:00:00+00:00,76.582325729
2025-12-30 09:00:00+00:00,79.395001423
2025-12-30 10:00:00+00:00,78.511692223
2025-12-30 11:00:00+00:00,81.069422444
2025-12-30 12:00:00+00:00,85.221783742
2025-12-30 13:00:00+00:00,71.046341654
2025-12-30 14:00:00+00:00,66.027878675
2025-12-30 15:00:00+00:00,77.108438145
2025-12-30 16:00:00+00:00,72.623895861
2025-12-30 17:00:00+00:00,78.884252474
2025-12-30 18:00:00+00:00,84.667754925
2025-12-30 19:00:00+00:00,98.068662929
2025-12-30 20:00:00+00:00,86.077891086
2025-12-30 21:00:00+00:00,91.805504587
2025-12-30 22:00:00+00:00,87.290637445
2025-12-30 23:00:00+00:00,91.534097094
2025-12-31 00:00:00+00:00,81.833268713
2025-12-31 01:00:00+00:00,82.865004977
2025-12-31 02:00:00+00:00,72.045718448
2025-12-31 03:00:00+00:00,81.503505344
2025-12-31 04:00:00+00:00,82.270874050
2025-12-31 05:00:00+00:00,87.566990606
2025-12-31 06:00:00+00:00,68.733829977
2025-12-31 07:00:00+00:00,78.562056189
2025-12-31 08:00:00+00:00,78.635987476
2025-12-31 09:00:00+00:00,79.525787168
2025-12-31 10:00:00+00:00,79.355563286
2025-12-31 11:00:00+00:00,75.826925594
2025-12-31 12:00:00+00:00,76.387028512
2025-12-31 13:00:00+00:00,74.148276586
2025-12-31 14:00:00+00:00,68.355100934
2025-12-31 15:00:00+00:00,69.076336135
2025-12-31 16:00:00+00:00,75.103277275
2025-12-31 17:00:00+00:00,75.478959366
2025-12-31 18:00:00+00:00,84.885684499
2025-12-31 19:00:00+00:00,82.666692228
2025-12-31 20:00:00+00:00,97.614290454
2025-12-31 21:00:00+00:00,94.920680813
2025-12-31 22:00:00+00:00,89.988863730
2025-12-31 23:00:00+00:00,86.658959704
