timestamp_utc,load_kw
2025-01-01 00:00:00+00:00,1757.257977649
2025-01-01 01:00:00+00:00,1660.756088686
2025-01-01 02:00:00+00:00,1695.115333008
2025-01-01 03:00:00+00:00,1696.550134008
2025-01-01 04:00:00+00:00,1712.946228303
2025-01-01 05:00:00+00:00,1719.097907821
2025-01-01 06:00:00+00:00,1788.350613922
2025-01-01 07:00:00+00:00,1822.210628472
2025-01-01 08:00:00+00:00,1801.775640228
2025-01-01 09:00:00+00:00,1893.063606031
2025-01-01 10:00:00+00:00,1850.701218401
2025-01-01 11:00:00+00:00,1870.513786822
2025-01-01 12:00:00+00:00,1906.141630505
2025-01-01 13:00:00+00:00,1885.280999191
2025-01-01 14:00:00+00:00,1920.802480432
2025-01-01 15:00:00+00:00,1923.749640619
2025-01-01 16:00:00+00:00,1803.591654598
2025-01-01 17:00:00+00:00,1906.746561147
2025-01-01 18:00:00+00:00,1888.355168727
2025-01-01 19:00:00+00:00,1885.564647013
2025-01-01 20:00:00+00:00,1813.953620160
2025-01-01 21:00:00+00:00,1859.682760381
2025-01-01 22:00:00+00:00,1706.885897489
2025-01-01 23:00:00+00:00,1691.157899098
2025-01-02 00:00:00+00:00,1623.819407802
2025-01-02 01:00:00+00:00,1683.056046583
2025-01-02 02:00:00+00:00,1685.901971267
2025-01-02 03:00:00+00:00,1688.567704147
2025-01-02 04:00:00+00:00,1662.991554279
2025-01-02 05:00:00+00:00,1624.200862327
2025-01-02 06:00:00+00:00,1835.533357419
2025-01-02 07:00:00+00:00,1764.489919341
2025-01-02 08:00:00+00:00,1880.471878052
2025-01-02 09:00:00+00:00,1848.090371659
2025-01-02 10:00:00+00:00,1806.703469450
2025-01-02 11:00:00+00:00,1813.334687086
2025-01-02 12:00:00+00:00,1894.637754061
2025-01-02 13:00:00+00:00,1726.638016939
2025-01-02 14:00:00+00:00,1883.169815145
2025-01-02 15:00:00+00:00,1860.524011183
2025-01-02 16:00:00+00:00,1983.916547005
2025-01-02 17:00:00+00:00,1790.975953988
2025-01-02 18:00:00+00:00,1816.789812662
2025-01-02 19:00:00+00:00,1820.234481317
2025-01-02 20:00:00+00:00,1829.921846939
2025-01-02 21:00:00+00:00,1807.076859205
2025-01-02 22:00:00+00:00,1682.997275636
2025-01-02 23:00:00+00:00,1644.892770082
2025-01-03 00:00:00+00:00,1675.899333664
2025-01-03 01:00:00+00:00,1751.993505055
2025-01-03 02:00:00+00:00,1659.167437871
2025-01-03 03:00:00+00:00,1639.124595658
2025-01-03 04:00:00+00:00,1680.584526172
2025-01-03 05:00:00+00:00,1722.932961961
2025-01-03 06:00:00+00:00,1774.515466079
2025-01-03 07:00:00+00:00,1856.855103323
2025-01-03 08:00:00+00:00,1884.229946314
2025-01-03 09:00:00+00:00,1872.376460650
2025-01-03 10:00:00+00:00,1908.757344254
2025-01-03 11:00:00+00:00,1781.460517380
2025-01-03 12:00:00+00:00,1891.457252557
2025-01-03 13:00:00+00:00,1833.370851577
2025-01-03 14:00:00+00:00,1911.608774051
2025-01-03 15:00:00+00:00,1829.031420644
2025-01-03 16:00:00+00:00,1844.455985936
2025-01-03 17:00:00+00:00,1876.125358028
2025-01-03 18:00:00+00:00,1819.573672955
2025-01-03 19:00:00+00:00,1874.975966307
2025-01-03 20:00:00+00:00,1871.330678569
2025-01-03 21:00:00+00:00,1828.506409783
2025-01-03 22:00:00+00:00,1638.493712153
2025-01-03 23:00:00+00:00,1651.720975941
2025-01-04 00:00:00+00:00,1522.234482498
2025-01-04 01:00:00+00:00,1541.144328355
2025-01-04 02:00:00+00:00,1570.110838099
2025-01-04 03:00:00+00:00,1511.199700843
2025-01-04 04:00:00+00:00,1502.080176705
2025-01-04 05:00:00+00:00,1546.294508721
2025-01-04 06:00:00+00:00,1673.391575966
2025-01-04 07:00:00+00:00,1706.654264290
2025-01-04 08:00:00+00:00,1725.609024718
2025-01-04 09:00:00+00:00,1664.760238187
2025-01-04 10:00:00+00:00,1731.024388007
2025-01-04 11:00:00+00:00,1694.330078283
2025-01-04 12:00:00+00:00,1704.458577207
2025-01-04 13:00:00+00:00,1687.965637602
2025-01-04 14:00:00+00:00,1651.514445919
2025-01-04 15:00:00+00:00,1720.195272943
2025-01-04 16:00:00+00:00,1700.741889047
2025-01-04 17:00:00+00:00,1746.263982768
2025-01-04 18:00:00+00:00,1772.222808402
2025-01-04 19:00:00+00:00,1710.858980943
2025-01-04 20:00:00+00:00,1596.218053274
2025-01-04 21:00:00+00:00,1673.168299288
2025-01-04 22:00:00+00:00,1579.476231571
2025-01-04 23:00:00+00:00,1541.015811218
2025-01-05 00:00:00+00:00,1459.481710501
2025-01-05 01:00:00+00:00,1591.620025229
2025-01-05 02:00:00+00:00,1559.968523958
2025-01-05 03:00:00+00:00,1503.865937919
2025-01-05 04:00:00+00:00,1517.248270511
2025-01-05 05:00:00+00:00,1591.910397933
2025-01-05 06:00:00+00:00,1741.884828397
2025-01-05 07:00:00+00:00,1731.586341614
2025-01-05 08:00:00+00:00,1694.882700927
2025-01-05 09:00:00+00:00,1739.658338624
2025-01-05 10:00:00+00:00,1689.371861095
2025-01-05 11:00:00+00:00,1728.012020343
2025-01-05 12:00:00+00:00,1752.251778699
2025-01-05 13:00:00+00:00,1702.609743371
2025-01-05 14:00:00+00:00,1609.963357289
2025-01-05 15:00:00+00:00,1711.232714009
2025-01-05 16:00:00+00:00,1717.156923623
2025-01-05 17:00:00+00:00,1707.051572283
2025-01-05 18:00:00+00:00,1654.559867969
2025-01-05 19:00:00+00:00,1693.968103270
2025-01-05 20:00:00+00:00,1760.559641878
2025-01-05 21:00:00+00:00,1704.600597601
2025-01-05 22:00:00+00:00,1558.519786146
2025-01-05 23:00:00+00:00,1559.205206351
2025-01-06 00:00:00+00:00,1698.145317730
2025-01-06 01:00:00+00:00,1655.242616274
2025-01-06 02:00:00+00:00,1664.204724099
2025-01-06 03:00:00+00:00,1730.836013291
2025-01-06 04:00:00+00:00,1712.635289235
2025-01-06 05:00:00+00:00,1708.384468503
2025-01-06 06:00:00+00:00,1805.149329846
2025-01-06 07:00:00+00:00,1859.689735936
2025-01-06 08:00:00+00:00,1871.003258883
2025-01-06 09:00:00+00:00,1854.001218871
2025-01-06 10:00:00+00:00,1883.973277271
2025-01-06 11:00:00+00:00,1837.822950200
2025-01-06 12:00:00+00:00,1776.005116819
2025-01-06 13:00:00+00:00,1889.291816897
2025-01-06 14:00:00+00:00,1852.050635042
2025-01-06 15:00:00+00:00,1829.578392237
2025-01-06 16:00:00+00:00,1973.691174135
2025-01-06 17:00:00+00:00,1782.433200819
2025-01-06 18:00:00+00:00,1792.664914296
2025-01-06 19:00:00+00:00,1831.924418568
2025-01-06 20:00:00+00:00,1761.750991302
2025-01-06 21:00:00+00:00,1920.636970708
2025-01-06 22:00:00+00:00,1699.558110477
2025-01-06 23:00:00+00:00,1714.972776489
2025-01-07 00:00:00+00:00,1757.636352543
2025-01-07 01:00:00+00:00,1725.656409068
2025-01-07 02:00:00+00:00,1611.479355116
2025-01-07 03:00:00+00:00,1700.050628185
2025-01-07 04:00:00+00:00,1640.626845343
2025-01-07 05:00:00+00:00,1702.605805043
2025-01-07 06:00:00+00:00,1838.504392435
2025-01-07 07:00:00+00:00,1849.704723592
2025-01-07 08:00:00+00:00,1918.128684260
2025-01-07 09:00:00+00:00,1799.775175283
2025-01-07 10:00:00+00:00,1870.330293820
2025-01-07 11:00:00+00:00,1858.632947657
2025-01-07 12:00:00+00:00,1796.404280141
2025-01-07 13:00:00+00:00,1899.935956905
2025-01-07 14:00:00+00:00,1866.844657494
2025-01-07 15:00:00+00:00,1871.261776627
2025-01-07 16:00:00+00:00,1794.493281863
2025-01-07 17:00:00+00:00,1896.167022972
2025-01-07 18:00:00+00:00,1842.051146312
2025-01-07 19:00:00+00:00,1861.409037360
2025-01-07 20:00:00+00:00,1918.485936736
2025-01-07 21:00:00+00:00,1778.866640024
2025-01-07 22:00:00+00:00,1708.812947223
2025-01-07 23:00:00+00:00,1670.832673122
2025-01-08 00:00:00+00:00,1672.764532488
2025-01-08 01:00:00+00:00,1754.548924787
2025-01-08 02:00:00+00:00,1639.837568878
2025-01-08 03:00:00+00:00,1718.495482844
2025-01-08 04:00:00+00:00,1752.347133697
2025-01-08 05:00:00+00:00,1697.454974061
2025-01-08 06:00:00+00:00,1867.612865938
2025-01-08 07:00:00+00:00,1908.095175074
2025-01-08 08:00:00+00:00,1781.605559362
2025-01-08 09:00:00+00:00,1813.754090491
2025-01-08 10:00:00+00:00,1873.775117135
2025-01-08 11:00:00+00:00,1811.479126676
2025-01-08 12:00:00+00:00,1789.003737235
2025-01-08 13:00:00+00:00,1822.690134023
2025-01-08 14:00:00+00:00,1822.128553400
2025-01-08 15:00:00+00:00,1850.377005935
2025-01-08 16:00:00+00:00,1895.682781177
2025-01-08 17:00:00+00:00,1898.894457134
2025-01-08 18:00:00+00:00,1854.463612033
2025-01-08 19:00:00+00:00,1858.907582276
2025-01-08 20:00:00+00:00,1770.070847796
2025-01-08 21:00:00+00:00,1884.416644229
2025-01-08 22:00:00+00:00,1671.015463530
2025-01-08 23:00:00+00:00,1739.205038888
2025-01-09 00:00:00+00:00,1654.768069412
2025-01-09 01:00:00+00:00,1674.065381399
2025-01-09 02:00:00+00:00,1670.925464195
2025-01-09 03:00:00+00:00,1762.100600766
2025-01-09 04:00:00+00:00,1714.542717987
2025-01-09 05:00:00+00:00,1659.855163182
2025-01-09 06:00:00+00:00,1819.460429807
2025-01-09 07:00:00+00:00,1879.196455276
2025-01-09 08:00:00+00:00,1872.403164083
2025-01-09 09:00:00+00:00,1908.628716757
2025-01-09 10:00:00+00:00,1883.874209476
2025-01-09 11:00:00+00:00,1848.260089688
2025-01-09 12:00:00+00:00,1768.231194809
2025-01-09 13:00:00+00:00,1835.707008458
2025-01-09 14:00:00+00:00,1809.546546503
2025-01-09 15:00:00+00:00,1803.720594328
2025-01-09 16:00:00+00:00,1847.705213257
2025-01-09 17:00:00+00:00,1806.715700648
2025-01-09 18:00:00+00:00,1839.441802069
2025-01-09 19:00:00+00:00,1849.542817905
2025-01-09 20:00:00+00:00,1814.562477540
2025-01-09 21:00:00+00:00,1829.221374702
2025-01-09 22:00:00+00:00,1695.486269514
2025-01-09 23:00:00+00:00,1737.686768499
2025-01-10 00:00:00+00:00,1671.690387288
2025-01-10 01:00:00+00:00,1664.245201163
2025-01-10 02:00:00+00:00,1745.880318927
2025-01-10 03:00:00+00:00,1716.018400458
2025-01-10 04:00:00+00:00,1701.616044865
2025-01-10 05:00:00+00:00,1749.348381140
2025-01-10 06:00:00+00:00,1844.802221988
2025-01-10 07:00:00+00:00,1842.995529667
2025-01-10 08:00:00+00:00,1894.257496254
2025-01-10 09:00:00+00:00,1827.370525554
2025-01-10 10:00:00+00:00,1850.437959018
2025-01-10 11:00:00+00:00,1850.136698069
2025-01-10 12:00:00+00:00,1945.714983384
2025-01-10 13:00:00+00:00,1805.247747633
2025-01-10 14:00:00+00:00,1878.151185656
2025-01-10 15:00:00+00:00,1850.909229075
2025-01-10 16:00:00+00:00,1884.287068427
2025-01-10 17:00:00+00:00,1843.582700908
2025-01-10 18:00:00+00:00,1915.849848529
2025-01-10 19:00:00+00:00,1881.915842262
2025-01-10 20:00:00+00:00,1801.702540679
2025-01-10 21:00:00+00:00,1862.622992619
2025-01-10 22:00:00+00:00,1648.632346933
2025-01-10 23:00:00+00:00,1671.442600414
2025-01-11 00:00:00+00:00,1474.341368484
2025-01-11 01:00:00+00:00,1574.787418617
2025-01-11 02:00:00+00:00,1573.916299876
2025-01-11 03:00:00+00:00,1587.317210765
2025-01-11 04:00:00+00:00,1536.312310046
2025-01-11 05:00:00+00:00,1507.369415600
2025-01-11 06:00:00+00:00,1732.979621544
2025-01-11 07:00:00+00:00,1700.913334139
2025-01-11 08:00:00+00:00,1776.353042077
2025-01-11 09:00:00+00:00,1715.147247530
2025-01-11 10:00:00+00:00,1719.272442512
2025-01-11 11:00:00+00:00,1723.619916896
2025-01-11 12:00:00+00:00,1689.732385962
2025-01-11 13:00:00+00:00,1711.328048553
2025-01-11 14:00:00+00:00,1740.065331982
2025-01-11 15:00:00+00:00,1703.185239845
2025-01-11 16:00:00+00:00,1688.824471801
2025-01-11 17:00:00+00:00,1664.536051467
2025-01-11 18:00:00+00:00,1671.487797459
2025-01-11 19:00:00+00:00,1697.577910048
2025-01-11 20:00:00+00:00,1655.886779616
2025-01-11 21:00:00+00:00,1654.211046780
2025-01-11 22:00:00+00:00,1579.242892521
2025-01-11 23:00:00+00:00,1569.911148087
2025-01-12 00:00:00+00:00,1552.332278623
2025-01-12 01:00:00+00:00,1542.432132676
2025-01-12 02:00:00+00:00,1554.293880725
2025-01-12 03:00:00+00:00,1475.028752315
2025-01-12 04:00:00+00:00,1508.034189758
2025-01-12 05:00:00+00:00,1580.438877635
2025-01-12 06:00:00+00:00,1685.355240998
2025-01-12 07:00:00+00:00,1721.535997693
2025-01-12 08:00:00+00:00,1721.278131456
2025-01-12 09:00:00+00:00,1714.357605972
2025-01-12 10:00:00+00:00,1730.995790122
2025-01-12 11:00:00+00:00,1665.583850067
2025-01-12 12:00:00+00:00,1691.080863371
2025-01-12 13:00:00+00:00,1690.112952594
2025-01-12 14:00:00+00:00,1722.239174185
2025-01-12 15:00:00+00:00,1689.949517331
2025-01-12 16:00:00+00:00,1701.485284701
2025-01-12 17:00:00+00:00,1755.252542674
2025-01-12 18:00:00+00:00,1747.107660502
2025-01-12 19:00:00+00:00,1663.894830383
2025-01-12 20:00:00+00:00,1676.271434096
2025-01-12 21:00:00+00:00,1737.210982371
2025-01-12 22:00:00+00:00,1564.534247675
2025-01-12 23:00:00+00:00,1567.559042437
2025-01-13 00:00:00+00:00,1661.672918725
2025-01-13 01:00:00+00:00,1681.955429539
2025-01-13 02:00:00+00:00,1611.092019967
2025-01-13 03:00:00+00:00,1720.935134337
2025-01-13 04:00:00+00:00,1627.472297380
2025-01-13 05:00:00+00:00,1694.833164246
2025-01-13 06:00:00+00:00,1906.606878109
2025-01-13 07:00:00+00:00,1879.636272631
2025-01-13 08:00:00+00:00,1895.369625890
2025-01-13 09:00:00+00:00,1837.779679147
2025-01-13 10:00:00+00:00,1883.187758694
2025-01-13 11:00:00+00:00,1912.600719433
2025-01-13 12:00:00+00:00,1834.283128912
2025-01-13 13:00:00+00:00,1833.772310651
2025-01-13 14:00:00+00:00,1857.914530290
2025-01-13 15:00:00+00:00,1867.806648299
2025-01-13 16:00:00+00:00,1875.995242236
2025-01-13 17:00:00+00:00,1873.444809640
2025-01-13 18:00:00+00:00,1911.449121694
2025-01-13 19:00:00+00:00,1939.953392681
2025-01-13 20:00:00+00:00,1751.031059130
2025-01-13 21:00:00+00:00,1879.274284089
2025-01-13 22:00:00+00:00,1720.066107920
2025-01-13 23:00:00+00:00,1586.806588603
2025-01-14 00:00:00+00:00,1663.907947648
2025-01-14 01:00:00+00:00,1693.419448236
2025-01-14 02:00:00+00:00,1672.608807934
2025-01-14 03:00:00+00:00,1683.617253196
2025-01-14 04:00:00+00:00,1738.400964872
2025-01-14 05:00:00+00:00,1660.504996488
2025-01-14 06:00:00+00:00,1896.479010707
2025-01-14 07:00:00+00:00,1787.937635162
2025-01-14 08:00:00+00:00,1839.492186946
2025-01-14 09:00:00+00:00,1818.593875829
2025-01-14 10:00:00+00:00,1905.461590729
2025-01-14 11:00:00+00:00,1791.695324061
2025-01-14 12:00:00+00:00,1808.099564990
2025-01-14 13:00:00+00:00,1960.093834431
2025-01-14 14:00:00+00:00,1795.783192858
2025-01-14 15:00:00+00:00,1876.455878233
2025-01-14 16:00:00+00:00,1862.469747838
2025-01-14 17:00:00+00:00,1795.978553323
2025-01-14 18:00:00+00:00,1855.958783783
2025-01-14 19:00:00+00:00,1815.766323604
2025-01-14 20:00:00+00:00,1906.079135559
2025-01-14 21:00:00+00:00,1850.042481508
2025-01-14 22:00:00+00:00,1629.861330683
2025-01-14 23:00:00+00:00,1684.301689970
2025-01-15 00:00:00+00:00,1739.867281621
2025-01-15 01:00:00+00:00,1715.079735002
2025-01-15 02:00:00+00:00,1713.559979898
2025-01-15 03:00:00+00:00,1692.418025113
2025-01-15 04:00:00+00:00,1667.012352294
2025-01-15 05:00:00+00:00,1646.845174528
2025-01-15 06:00:00+00:00,1787.028883634
2025-01-15 07:00:00+00:00,1885.598409673
2025-01-15 08:00:00+00:00,1784.690975611
2025-01-15 09:00:00+00:00,1855.370872437
2025-01-15 10:00:00+00:00,1868.294241769
2025-01-15 11:00:00+00:00,1879.891875877
2025-01-15 12:00:00+00:00,1810.662384634
2025-01-15 13:00:00+00:00,1910.384981551
2025-01-15 14:00:00+00:00,1869.143699861
2025-01-15 15:00:00+00:00,1800.740653867
2025-01-15 16:00:00+00:00,1836.838841472
2025-01-15 17:00:00+00:00,1849.558857972
2025-01-15 18:00:00+00:00,1848.951667196
2025-01-15 19:00:00+00:00,1840.279547337
2025-01-15 20:00:00+00:00,1847.615211967
2025-01-15 21:00:00+00:00,1813.548662459
2025-01-15 22:00:00+00:00,1817.363288857
2025-01-15 23:00:00+00:00,1650.340510527
2025-01-16 00:00:00+00:00,1668.197151680
2025-01-16 01:00:00+00:00,1692.869927531
2025-01-16 02:00:00+00:00,1718.724119127
2025-01-16 03:00:00+00:00,1684.675722266
2025-01-16 04:00:00+00:00,1710.979843166
2025-01-16 05:00:00+00:00,1725.802369398
2025-01-16 06:00:00+00:00,1871.543605821
2025-01-16 07:00:00+00:00,1835.440948260
2025-01-16 08:00:00+00:00,1895.228844917
2025-01-16 09:00:00+00:00,1799.714692953
2025-01-16 10:00:00+00:00,1856.765130772
2025-01-16 11:00:00+00:00,1826.011350791
2025-01-16 12:00:00+00:00,1837.773287407
2025-01-16 13:00:00+00:00,1845.010563488
2025-01-16 14:00:00+00:00,1822.494158327
2025-01-16 15:00:00+00:00,1779.902194090
2025-01-16 16:00:00+00:00,1836.479137252
2025-01-16 17:00:00+00:00,1763.403641081
2025-01-16 18:00:00+00:00,1844.198295753
2025-01-16 19:00:00+00:00,1875.481093660
2025-01-16 20:00:00+00:00,1966.961011330
2025-01-16 21:00:00+00:00,1898.376707318
2025-01-16 22:00:00+00:00,1760.487781337
2025-01-16 23:00:00+00:00,1642.201513499
2025-01-17 00:00:00+00:00,1640.626035699
2025-01-17 01:00:00+00:00,1670.806729210
2025-01-17 02:00:00+00:00,1626.899149575
2025-01-17 03:00:00+00:00,1634.984614374
2025-01-17 04:00:00+00:00,1662.251743024
2025-01-17 05:00:00+00:00,1665.917716684
2025-01-17 06:00:00+00:00,1785.432591061
2025-01-17 07:00:00+00:00,1882.277661197
2025-01-17 08:00:00+00:00,1862.625650110
2025-01-17 09:00:00+00:00,1810.714060985
2025-01-17 10:00:00+00:00,1785.862269637
2025-01-17 11:00:00+00:00,1832.934929460
2025-01-17 12:00:00+00:00,1883.621516617
2025-01-17 13:00:00+00:00,1854.428827096
2025-01-17 14:00:00+00:00,1746.560122848
2025-01-17 15:00:00+00:00,1829.007553694
2025-01-17 16:00:00+00:00,1822.692155520
2025-01-17 17:00:00+00:00,1927.139342532
2025-01-17 18:00:00+00:00,1789.315667793
2025-01-17 19:00:00+00:00,1782.331109575
2025-01-17 20:00:00+00:00,1824.185962673
2025-01-17 21:00:00+00:00,1941.814837070
2025-01-17 22:00:00+00:00,1717.387076561
2025-01-17 23:00:00+00:00,1695.949018572
2025-01-18 00:00:00+00:00,1528.099705681
2025-01-18 01:00:00+00:00,1558.541695639
2025-01-18 02:00:00+00:00,1563.303812532
2025-01-18 03:00:00+00:00,1553.096894816
2025-01-18 04:00:00+00:00,1595.076505303
2025-01-18 05:00:00+00:00,1578.437768766
2025-01-18 06:00:00+00:00,1721.146220505
2025-01-18 07:00:00+00:00,1775.533328406
2025-01-18 08:00:00+00:00,1776.632647340
2025-01-18 09:00:00+00:00,1750.955700285
2025-01-18 10:00:00+00:00,1626.217768325
2025-01-18 11:00:00+00:00,1743.321398365
2025-01-18 12:00:00+00:00,1683.684778903
2025-01-18 13:00:00+00:00,1723.309048287
2025-01-18 14:00:00+00:00,1618.748493501
2025-01-18 15:00:00+00:00,1655.086011674
2025-01-18 16:00:00+00:00,1718.127365926
2025-01-18 17:00:00+00:00,1672.298178144
2025-01-18 18:00:00+00:00,1760.012116997
2025-01-18 19:00:00+00:00,1645.417750045
2025-01-18 20:00:00+00:00,1658.055944292
2025-01-18 21:00:00+00:00,1747.855459082
2025-01-18 22:00:00+00:00,1469.427528446
2025-01-18 23:00:00+00:00,1523.683891624
2025-01-19 00:00:00+00:00,1540.645444709
2025-01-19 01:00:00+00:00,1586.065254312
2025-01-19 02:00:00+00:00,1608.026435412
2025-01-19 03:00:00+00:00,1585.603704335
2025-01-19 04:00:00+00:00,1504.800077567
2025-01-19 05:00:00+00:00,1521.726706344
2025-01-19 06:00:00+00:00,1693.649614776
2025-01-19 07:00:00+00:00,1729.292221164
2025-01-19 08:00:00+00:00,1689.808585379
2025-01-19 09:00:00+00:00,1633.168176288
2025-01-19 10:00:00+00:00,1726.445762562
2025-01-19 11:00:00+00:00,1721.600082480
2025-01-19 12:00:00+00:00,1651.479570142
2025-01-19 13:00:00+00:00,1721.848741201
2025-01-19 14:00:00+00:00,1707.827981119
2025-01-19 15:00:00+00:00,1755.417972896
2025-01-19 16:00:00+00:00,1745.186401248
2025-01-19 17:00:00+00:00,1707.829086538
2025-01-19 18:00:00+00:00,1701.292848471
2025-01-19 19:00:00+00:00,1676.579957473
2025-01-19 20:00:00+00:00,1727.690675532
2025-01-19 21:00:00+00:00,1680.476597582
2025-01-19 22:00:00+00:00,1559.974161479
2025-01-19 23:00:00+00:00,1495.813195275
2025-01-20 00:00:00+00:00,1764.441169959
2025-01-20 01:00:00+00:00,1690.305681173
2025-01-20 02:00:00+00:00,1648.712854976
2025-01-20 03:00:00+00:00,1683.546916297
2025-01-20 04:00:00+00:00,1640.190305960
2025-01-20 05:00:00+00:00,1668.971975677
2025-01-20 06:00:00+00:00,1905.270483171
2025-01-20 07:00:00+00:00,1836.202861909
2025-01-20 08:00:00+00:00,1886.242413782
2025-01-20 09:00:00+00:00,1834.947406245
2025-01-20 10:00:00+00:00,1882.664400305
2025-01-20 11:00:00+00:00,1915.138947499
2025-01-20 12:00:00+00:00,1971.788259776
2025-01-20 13:00:00+00:00,1858.551827390
2025-01-20 14:00:00+00:00,1796.779226216
2025-01-20 15:00:00+00:00,1944.836058053
2025-01-20 16:00:00+00:00,1809.210643009
2025-01-20 17:00:00+00:00,1845.035337040
2025-01-20 18:00:00+00:00,1921.519113432
2025-01-20 19:00:00+00:00,1887.187281649
2025-01-20 20:00:00+00:00,1852.767557223
2025-01-20 21:00:00+00:00,1845.199581870
2025-01-20 22:00:00+00:00,1634.768426332
2025-01-20 23:00:00+00:00,1690.325710097
2025-01-21 00:00:00+00:00,1657.564857500
2025-01-21 01:00:00+00:00,1705.891224220
2025-01-21 02:00:00+00:00,1663.765231393
2025-01-21 03:00:00+00:00,1638.817707832
2025-01-21 04:00:00+00:00,1627.420092287
2025-01-21 05:00:00+00:00,1705.704967705
2025-01-21 06:00:00+00:00,1873.807525205
2025-01-21 07:00:00+00:00,1818.246588155
2025-01-21 08:00:00+00:00,1905.094246505
2025-01-21 09:00:00+00:00,1741.981232345
2025-01-21 10:00:00+00:00,1772.945377553
2025-01-21 11:00:00+00:00,1893.861539764
2025-01-21 12:00:00+00:00,1845.353648010
2025-01-21 13:00:00+00:00,1833.725500676
2025-01-21 14:00:00+00:00,1851.064897153
2025-01-21 15:00:00+00:00,1844.739238422
2025-01-21 16:00:00+00:00,1818.789756744
2025-01-21 17:00:00+00:00,1899.999296848
2025-01-21 18:00:00+00:00,1882.744979871
2025-01-21 19:00:00+00:00,1843.805161277
2025-01-21 20:00:00+00:00,1818.265966178
2025-01-21 21:00:00+00:00,1819.480062983
2025-01-21 22:00:00+00:00,1739.885148816
2025-01-21 23:00:00+00:00,1664.812451122
2025-01-22 00:00:00+00:00,1640.655891446
2025-01-22 01:00:00+00:00,1702.376683146
2025-01-22 02:00:00+00:00,1661.333596657
2025-01-22 03:00:00+00:00,1677.190239545
2025-01-22 04:00:00+00:00,1717.562381755
2025-01-22 05:00:00+00:00,1655.318025539
2025-01-22 06:00:00+00:00,1742.204058000
2025-01-22 07:00:00+00:00,1775.633283073
2025-01-22 08:00:00+00:00,1786.043841969
2025-01-22 09:00:00+00:00,1832.051887765
2025-01-22 10:00:00+00:00,1872.817032851
2025-01-22 11:00:00+00:00,1801.626511797
2025-01-22 12:00:00+00:00,1899.726615029
2025-01-22 13:00:00+00:00,1886.570567133
2025-01-22 14:00:00+00:00,1893.274287880
2025-01-22 15:00:00+00:00,1871.286677902
2025-01-22 16:00:00+00:00,1837.977585607
2025-01-22 17:00:00+00:00,1852.047394777
2025-01-22 18:00:00+00:00,1844.768584291
2025-01-22 19:00:00+00:00,1912.754048334
2025-01-22 20:00:00+00:00,1782.661999401
2025-01-22 21:00:00+00:00,1883.177208134
2025-01-22 22:00:00+00:00,1660.436506221
2025-01-22 23:00:00+00:00,1638.246134869
2025-01-23 00:00:00+00:00,1726.686355516
2025-01-23 01:00:00+00:00,1713.618174405
2025-01-23 02:00:00+00:00,1625.806861314
2025-01-23 03:00:00+00:00,1686.797354507
2025-01-23 04:00:00+00:00,1755.742845348
2025-01-23 05:00:00+00:00,1686.412971615
2025-01-23 06:00:00+00:00,1904.827240784
2025-01-23 07:00:00+00:00,1853.758594384
2025-01-23 08:00:00+00:00,1820.799703519
2025-01-23 09:00:00+00:00,1862.850972955
2025-01-23 10:00:00+00:00,1852.848349361
2025-01-23 11:00:00+00:00,1877.164459247
2025-01-23 12:00:00+00:00,1860.720305608
2025-01-23 13:00:00+00:00,1881.260464172
2025-01-23 14:00:00+00:00,1834.010048498
2025-01-23 15:00:00+00:00,1799.347422930
2025-01-23 16:00:00+00:00,1841.235795902
2025-01-23 17:00:00+00:00,1878.713325717
2025-01-23 18:00:00+00:00,1905.239341357
2025-01-23 19:00:00+00:00,1864.007320591
2025-01-23 20:00:00+00:00,1802.559560610
2025-01-23 21:00:00+00:00,1879.035743315
2025-01-23 22:00:00+00:00,1733.505063370
2025-01-23 23:00:00+00:00,1734.671307842
2025-01-24 00:00:00+00:00,1672.845644309
2025-01-24 01:00:00+00:00,1763.404007371
2025-01-24 02:00:00+00:00,1694.416911261
2025-01-24 03:00:00+00:00,1646.603200931
2025-01-24 04:00:00+00:00,1701.529295541
2025-01-24 05:00:00+00:00,1683.233301945
2025-01-24 06:00:00+00:00,1773.430606655
2025-01-24 07:00:00+00:00,1745.458094964
2025-01-24 08:00:00+00:00,1863.623502005
2025-01-24 09:00:00+00:00,1951.219743076
2025-01-24 10:00:00+00:00,1917.867552323
2025-01-24 11:00:00+00:00,1965.289123449
2025-01-24 12:00:00+00:00,1821.502020180
2025-01-24 13:00:00+00:00,1807.344843504
2025-01-24 14:00:00+00:00,1849.218065188
2025-01-24 15:00:00+00:00,1842.684790609
2025-01-24 16:00:00+00:00,1887.982600574
2025-01-24 17:00:00+00:00,1906.982727382
2025-01-24 18:00:00+00:00,1817.470312159
2025-01-24 19:00:00+00:00,1785.174534556
2025-01-24 20:00:00+00:00,1898.665471501
2025-01-24 21:00:00+00:00,1881.928554166
2025-01-24 22:00:00+00:00,1654.163342815
2025-01-24 23:00:00+00:00,1713.098521564
2025-01-25 00:00:00+00:00,1571.132002332
2025-01-25 01:00:00+00:00,1512.783140304
2025-01-25 02:00:00+00:00,1531.842218741
2025-01-25 03:00:00+00:00,1548.590280219
2025-01-25 04:00:00+00:00,1579.556178558
2025-01-25 05:00:00+00:00,1545.646777836
2025-01-25 06:00:00+00:00,1731.134282316
2025-01-25 07:00:00+00:00,1639.134401481
2025-01-25 08:00:00+00:00,1687.111920397
2025-01-25 09:00:00+00:00,1632.023356272
2025-01-25 10:00:00+00:00,1798.376062637
2025-01-25 11:00:00+00:00,1651.483018857
2025-01-25 12:00:00+00:00,1760.968818819
2025-01-25 13:00:00+00:00,1685.781976751
2025-01-25 14:00:00+00:00,1739.791058648
2025-01-25 15:00:00+00:00,1666.749741705
2025-01-25 16:00:00+00:00,1729.489944250
2025-01-25 17:00:00+00:00,1712.636684977
2025-01-25 18:00:00+00:00,1694.706466292
2025-01-25 19:00:00+00:00,1740.011464693
2025-01-25 20:00:00+00:00,1721.013409413
2025-01-25 21:00:00+00:00,1640.913760424
2025-01-25 22:00:00+00:00,1540.368089523
2025-01-25 23:00:00+00:00,1590.511870425
2025-01-26 00:00:00+00:00,1541.566924711
2025-01-26 01:00:00+00:00,1562.669443564
2025-01-26 02:00:00+00:00,1485.196526848
2025-01-26 03:00:00+00:00,1592.630581771
2025-01-26 04:00:00+00:00,1512.597157735
2025-01-26 05:00:00+00:00,1573.474713779
2025-01-26 06:00:00+00:00,1759.729821607
2025-01-26 07:00:00+00:00,1601.804176866
2025-01-26 08:00:00+00:00,1791.233100058
2025-01-26 09:00:00+00:00,1661.733440935
2025-01-26 10:00:00+00:00,1745.328691813
2025-01-26 11:00:00+00:00,1735.203879310
2025-01-26 12:00:00+00:00,1703.899552342
2025-01-26 13:00:00+00:00,1740.620135384
2025-01-26 14:00:00+00:00,1743.988336588
2025-01-26 15:00:00+00:00,1711.650052319
2025-01-26 16:00:00+00:00,1630.608914639
2025-01-26 17:00:00+00:00,1684.371828068
2025-01-26 18:00:00+00:00,1662.591752911
2025-01-26 19:00:00+00:00,1646.709446718
2025-01-26 20:00:00+00:00,1693.675459018
2025-01-26 21:00:00+00:00,1655.203938142
2025-01-26 22:00:00+00:00,1543.926966610
2025-01-26 23:00:00+00:00,1607.368437668
2025-01-27 00:00:00+00:00,1720.286107793
2025-01-27 01:00:00+00:00,1689.213617614
2025-01-27 02:00:00+00:00,1741.619746525
2025-01-27 03:00:00+00:00,1655.180684899
2025-01-27 04:00:00+00:00,1672.437737159
2025-01-27 05:00:00+00:00,1645.097284157
2025-01-27 06:00:00+00:00,1894.465864043
2025-01-27 07:00:00+00:00,1823.580172477
2025-01-27 08:00:00+00:00,1893.324463649
2025-01-27 09:00:00+00:00,1845.279189965
2025-01-27 10:00:00+00:00,1853.178532769
2025-01-27 11:00:00+00:00,1909.134065087
2025-01-27 12:00:00+00:00,1873.844467224
2025-01-27 13:00:00+00:00,1804.137261382
2025-01-27 14:00:00+00:00,1857.607334335
2025-01-27 15:00:00+00:00,1781.801402937
2025-01-27 16:00:00+00:00,1869.999506775
2025-01-27 17:00:00+00:00,1875.355624282
2025-01-27 18:00:00+00:00,1814.306735344
2025-01-27 19:00:00+00:00,1908.489092255
2025-01-27 20:00:00+00:00,1822.042894321
2025-01-27 21:00:00+00:00,1870.255020895
2025-01-27 22:00:00+00:00,1600.142498197
2025-01-27 23:00:00+00:00,1636.429410831
2025-01-28 00:00:00+00:00,1731.417863164
2025-01-28 01:00:00+00:00,1684.066871515
2025-01-28 02:00:00+00:00,1575.617949173
2025-01-28 03:00:00+00:00,1629.410935331
2025-01-28 04:00:00+00:00,1694.355899225
2025-01-28 05:00:00+00:00,1622.326894603
2025-01-28 06:00:00+00:00,1870.428637574
2025-01-28 07:00:00+00:00,1868.267208928
2025-01-28 08:00:00+00:00,1802.030941594
2025-01-28 09:00:00+00:00,1849.241293656
2025-01-28 10:00:00+00:00,1920.164662493
2025-01-28 11:00:00+00:00,1834.841348268
2025-01-28 12:00:00+00:00,1978.519234314
2025-01-28 13:00:00+00:00,1917.161671869
2025-01-28 14:00:00+00:00,1857.640049027
2025-01-28 15:00:00+00:00,1738.340916392
2025-01-28 16:00:00+00:00,1795.154898561
2025-01-28 17:00:00+00:00,1854.695587010
2025-01-28 18:00:00+00:00,1827.970093223
2025-01-28 19:00:00+00:00,1951.155166843
2025-01-28 20:00:00+00:00,1820.388421126
2025-01-28 21:00:00+00:00,1804.901927326
2025-01-28 22:00:00+00:00,1685.878964046
2025-01-28 23:00:00+00:00,1651.045234565
2025-01-29 00:00:00+00:00,1671.018168100
2025-01-29 01:00:00+00:00,1682.992018898
2025-01-29 02:00:00+00:00,1624.229761697
2025-01-29 03:00:00+00:00,1766.873519562
2025-01-29 04:00:00+00:00,1676.378883914
2025-01-29 05:00:00+00:00,1644.860344699
2025-01-29 06:00:00+00:00,1843.501574416
2025-01-29 07:00:00+00:00,1946.263460230
2025-01-29 08:00:00+00:00,1867.487404606
2025-01-29 09:00:00+00:00,1841.732021283
2025-01-29 10:00:00+00:00,1784.367205735
2025-01-29 11:00:00+00:00,1796.589351055
2025-01-29 12:00:00+00:00,1851.101581051
2025-01-29 13:00:00+00:00,1859.767439626
2025-01-29 14:00:00+00:00,1902.839566111
2025-01-29 15:00:00+00:00,1795.509474156
2025-01-29 16:00:00+00:00,1852.668413431
2025-01-29 17:00:00+00:00,1870.230734832
2025-01-29 18:00:00+00:00,1850.894400892
2025-01-29 19:00:00+00:00,1811.924291831
2025-01-29 20:00:00+00:00,1860.842108931
2025-01-29 21:00:00+00:00,1800.618111399
2025-01-29 22:00:00+00:00,1729.599149887
2025-01-29 23:00:00+00:00,1654.372930264
2025-01-30 00:00:00+00:00,1638.347981880
2025-01-30 01:00:00+00:00,1637.434291577
2025-01-30 02:00:00+00:00,1667.828993345
2025-01-30 03:00:00+00:00,1636.796887629
2025-01-30 04:00:00+00:00,1688.143282772
2025-01-30 05:00:00+00:00,1723.092968618
2025-01-30 06:00:00+00:00,1856.357196708
2025-01-30 07:00:00+00:00,1829.159777227
2025-01-30 08:00:00+00:00,1826.866940610
2025-01-30 09:00:00+00:00,1862.844170821
2025-01-30 10:00:00+00:00,1861.510320727
2025-01-30 11:00:00+00:00,1817.163886661
2025-01-30 12:00:00+00:00,1892.387189018
2025-01-30 13:00:00+00:00,1964.652072786
2025-01-30 14:00:00+00:00,1853.803904931
2025-01-30 15:00:00+00:00,1860.128819465
2025-01-30 16:00:00+00:00,1831.728815428
2025-01-30 17:00:00+00:00,1841.565690787
2025-01-30 18:00:00+00:00,1773.266604499
2025-01-30 19:00:00+00:00,1906.461982326
2025-01-30 20:00:00+00:00,1904.429769612
2025-01-30 21:00:00+00:00,1912.810689799
2025-01-30 22:00:00+00:00,1625.525755992
2025-01-30 23:00:00+00:00,1724.137031253
2025-01-31 00:00:00+00:00,1768.605800197
2025-01-31 01:00:00+00:00,1723.948591298
2025-01-31 02:00:00+00:00,1743.845688753
2025-01-31 03:00:00+00:00,1642.764761172
2025-01-31 04:00:00+00:00,1708.420371267
2025-01-31 05:00:00+00:00,1664.213664762
2025-01-31 06:00:00+00:00,1825.489573447
2025-01-31 07:00:00+00:00,1830.957399518
2025-01-31 08:00:00+00:00,1793.627627298
2025-01-31 09:00:00+00:00,1811.176145715
2025-01-31 10:00:00+00:00,1864.101671654
2025-01-31 11:00:00+00:00,1845.668934065
2025-01-31 12:00:00+00:00,1785.382097191
2025-01-31 13:00:00+00:00,1878.427342082
2025-01-31 14:00:00+00:00,1833.833358349
2025-01-31 15:00:00+00:00,1834.398593633
2025-01-31 16:00:00+00:00,1811.407836743
2025-01-31 17:00:00+00:00,1817.850013824
2025-01-31 18:00:00+00:00,1843.526933595
2025-01-31 19:00:00+00:00,1779.693763944
2025-01-31 20:00:00+00:00,1869.828805658
2025-01-31 21:00:00+00:00,1845.878046347
2025-01-31 22:00:00+00:00,1647.093700135
2025-01-31 23:00:00+00:00,1723.588540141
2025-02-01 00:00:00+00:00,1582.075815263
2025-02-01 01:00:00+00:00,1470.035461300
2025-02-01 02:00:00+00:00,1537.077833889
2025-02-01 03:00:00+00:00,1505.731739039
2025-02-01 04:00:00+00:00,1586.617655489
2025-02-01 05:00:00+00:00,1552.390040894
2025-02-01 06:00:00+00:00,1802.158542095
2025-02-01 07:00:00+00:00,1705.151969056
2025-02-01 08:00:00+00:00,1751.401426510
2025-02-01 09:00:00+00:00,1736.721725250
2025-02-01 10:00:00+00:00,1749.328633545
2025-02-01 11:00:00+00:00,1682.910856308
2025-02-01 12:00:00+00:00,1656.658641421
2025-02-01 13:00:00+00:00,1775.876828202
2025-02-01 14:00:00+00:00,1661.784282584
2025-02-01 15:00:00+00:00,1749.582138561
2025-02-01 16:00:00+00:00,1715.771626864
2025-02-01 17:00:00+00:00,1720.277111460
2025-02-01 18:00:00+00:00,1722.816809890
2025-02-01 19:00:00+00:00,1647.973887772
2025-02-01 20:00:00+00:00,1707.496800762
2025-02-01 21:00:00+00:00,1707.801866843
2025-02-01 22:00:00+00:00,1554.097330464
2025-02-01 23:00:00+00:00,1534.302164089
2025-02-02 00:00:00+00:00,1620.595824880
2025-02-02 01:00:00+00:00,1524.575319587
2025-02-02 02:00:00+00:00,1482.792622902
2025-02-02 03:00:00+00:00,1571.552157064
2025-02-02 04:00:00+00:00,1525.856059172
2025-02-02 05:00:00+00:00,1558.906579258
2025-02-02 06:00:00+00:00,1659.077957147
2025-02-02 07:00:00+00:00,1663.523147329
2025-02-02 08:00:00+00:00,1663.115584998
2025-02-02 09:00:00+00:00,1727.237944290
2025-02-02 10:00:00+00:00,1726.306185423
2025-02-02 11:00:00+00:00,1729.534451476
2025-02-02 12:00:00+00:00,1683.125461235
2025-02-02 13:00:00+00:00,1677.396513737
2025-02-02 14:00:00+00:00,1661.387380301
2025-02-02 15:00:00+00:00,1759.034371738
2025-02-02 16:00:00+00:00,1742.692833163
2025-02-02 17:00:00+00:00,1670.113938804
2025-02-02 18:00:00+00:00,1698.807350526
2025-02-02 19:00:00+00:00,1789.216875431
2025-02-02 20:00:00+00:00,1744.008548461
2025-02-02 21:00:00+00:00,1630.410258428
2025-02-02 22:00:00+00:00,1531.821494178
2025-02-02 23:00:00+00:00,1529.976955620
2025-02-03 00:00:00+00:00,1704.689942404
2025-02-03 01:00:00+00:00,1686.487822681
2025-02-03 02:00:00+00:00,1670.374407155
2025-02-03 03:00:00+00:00,1742.188167942
2025-02-03 04:00:00+00:00,1628.595289074
2025-02-03 05:00:00+00:00,1627.810216416
2025-02-03 06:00:00+00:00,1893.122337002
2025-02-03 07:00:00+00:00,1911.434924970
2025-02-03 08:00:00+00:00,1884.633421792
2025-02-03 09:00:00+00:00,1864.627052836
2025-02-03 10:00:00+00:00,1885.248498637
2025-02-03 11:00:00+00:00,1849.530257727
2025-02-03 12:00:00+00:00,1853.891945099
2025-02-03 13:00:00+00:00,1869.683333644
2025-02-03 14:00:00+00:00,1869.437918486
2025-02-03 15:00:00+00:00,1853.498946980
2025-02-03 16:00:00+00:00,1842.807307887
2025-02-03 17:00:00+00:00,1928.668168104
2025-02-03 18:00:00+00:00,1843.901079004
2025-02-03 19:00:00+00:00,1885.091344621
2025-02-03 20:00:00+00:00,1863.502317890
2025-02-03 21:00:00+00:00,1826.698018715
2025-02-03 22:00:00+00:00,1681.919820191
2025-02-03 23:00:00+00:00,1668.691770429
2025-02-04 00:00:00+00:00,1608.336846413
2025-02-04 01:00:00+00:00,1722.479436421
2025-02-04 02:00:00+00:00,1647.137496812
2025-02-04 03:00:00+00:00,1685.710608383
2025-02-04 04:00:00+00:00,1738.904822338
2025-02-04 05:00:00+00:00,1598.508138267
2025-02-04 06:00:00+00:00,1829.230102462
2025-02-04 07:00:00+00:00,1858.233975791
2025-02-04 08:00:00+00:00,1861.631868878
2025-02-04 09:00:00+00:00,1842.189573202
2025-02-04 10:00:00+00:00,1834.612076150
2025-02-04 11:00:00+00:00,1812.916007898
2025-02-04 12:00:00+00:00,1878.148000870
2025-02-04 13:00:00+00:00,1973.650746492
2025-02-04 14:00:00+00:00,1875.819587161
2025-02-04 15:00:00+00:00,1906.209695385
2025-02-04 16:00:00+00:00,1739.840333831
2025-02-04 17:00:00+00:00,1882.105856361
2025-02-04 18:00:00+00:00,1940.773326634
2025-02-04 19:00:00+00:00,1880.630051646
2025-02-04 20:00:00+00:00,1926.767377377
2025-02-04 21:00:00+00:00,1912.359582047
2025-02-04 22:00:00+00:00,1723.539693319
2025-02-04 23:00:00+00:00,1670.207725968
2025-02-05 00:00:00+00:00,1701.540024496
2025-02-05 01:00:00+00:00,1713.883768064
2025-02-05 02:00:00+00:00,1591.105286812
2025-02-05 03:00:00+00:00,1703.170565232
2025-02-05 04:00:00+00:00,1717.643726020
2025-02-05 05:00:00+00:00,1662.799858760
2025-02-05 06:00:00+00:00,1857.635319789
2025-02-05 07:00:00+00:00,1771.249382646
2025-02-05 08:00:00+00:00,1847.066026027
2025-02-05 09:00:00+00:00,1874.714954760
2025-02-05 10:00:00+00:00,1832.239376509
2025-02-05 11:00:00+00:00,1838.277451690
2025-02-05 12:00:00+00:00,1875.083322226
2025-02-05 13:00:00+00:00,1831.968846981
2025-02-05 14:00:00+00:00,1893.968563564
2025-02-05 15:00:00+00:00,1809.655838500
2025-02-05 16:00:00+00:00,1846.477362114
2025-02-05 17:00:00+00:00,1849.483492721
2025-02-05 18:00:00+00:00,1727.738387517
2025-02-05 19:00:00+00:00,1859.242770173
2025-02-05 20:00:00+00:00,1910.758486925
2025-02-05 21:00:00+00:00,1817.995577954
2025-02-05 22:00:00+00:00,1652.963934415
2025-02-05 23:00:00+00:00,1675.300296480
2025-02-06 00:00:00+00:00,1662.056436577
2025-02-06 01:00:00+00:00,1615.291316093
2025-02-06 02:00:00+00:00,1653.745221966
2025-02-06 03:00:00+00:00,1756.422413836
2025-02-06 04:00:00+00:00,1673.994548751
2025-02-06 05:00:00+00:00,1668.419986951
2025-02-06 06:00:00+00:00,1848.975781409
2025-02-06 07:00:00+00:00,1754.364041107
2025-02-06 08:00:00+00:00,1787.209986788
2025-02-06 09:00:00+00:00,1862.345855537
2025-02-06 10:00:00+00:00,1849.942660447
2025-02-06 11:00:00+00:00,1751.396876065
2025-02-06 12:00:00+00:00,1929.600792808
2025-02-06 13:00:00+00:00,1874.163197584
2025-02-06 14:00:00+00:00,1812.265811008
2025-02-06 15:00:00+00:00,1743.590667571
2025-02-06 16:00:00+00:00,1909.131873604
2025-02-06 17:00:00+00:00,1834.165643665
2025-02-06 18:00:00+00:00,1841.611948241
2025-02-06 19:00:00+00:00,1865.948487239
2025-02-06 20:00:00+00:00,1817.091003394
2025-02-06 21:00:00+00:00,1926.819237856
2025-02-06 22:00:00+00:00,1638.499601510
2025-02-06 23:00:00+00:00,1691.908640281
2025-02-07 00:00:00+00:00,1711.534227517
2025-02-07 01:00:00+00:00,1650.222906368
2025-02-07 02:00:00+00:00,1650.088895524
2025-02-07 03:00:00+00:00,1660.252098479
2025-02-07 04:00:00+00:00,1704.519974236
2025-02-07 05:00:00+00:00,1637.817466422
2025-02-07 06:00:00+00:00,1834.867779748
2025-02-07 07:00:00+00:00,1801.895119805
2025-02-07 08:00:00+00:00,1771.969548543
2025-02-07 09:00:00+00:00,1889.929086125
2025-02-07 10:00:00+00:00,1765.327273943
2025-02-07 11:00:00+00:00,1814.196512555
2025-02-07 12:00:00+00:00,1836.788472970
2025-02-07 13:00:00+00:00,1938.073822784
2025-02-07 14:00:00+00:00,1853.783738825
2025-02-07 15:00:00+00:00,1819.764803245
2025-02-07 16:00:00+00:00,1781.311605483
2025-02-07 17:00:00+00:00,1868.800226768
2025-02-07 18:00:00+00:00,1865.778217870
2025-02-07 19:00:00+00:00,1829.445154946
2025-02-07 20:00:00+00:00,1775.548443923
2025-02-07 21:00:00+00:00,1840.710178536
2025-02-07 22:00:00+00:00,1726.118577165
2025-02-07 23:00:00+00:00,1731.139341437
2025-02-08 00:00:00+00:00,1616.320045111
2025-02-08 01:00:00+00:00,1518.531048350
2025-02-08 02:00:00+00:00,1498.370696191
2025-02-08 03:00:00+00:00,1554.315699780
2025-02-08 04:00:00+00:00,1611.349111315
2025-02-08 05:00:00+00:00,1562.914597089
2025-02-08 06:00:00+00:00,1693.472618202
2025-02-08 07:00:00+00:00,1769.553746635
2025-02-08 08:00:00+00:00,1713.527090391
2025-02-08 09:00:00+00:00,1667.812525717
2025-02-08 10:00:00+00:00,1696.397723150
2025-02-08 11:00:00+00:00,1742.340525885
2025-02-08 12:00:00+00:00,1732.791711078
2025-02-08 13:00:00+00:00,1639.192098584
2025-02-08 14:00:00+00:00,1705.482594503
2025-02-08 15:00:00+00:00,1694.960517664
2025-02-08 16:00:00+00:00,1696.009698317
2025-02-08 17:00:00+00:00,1697.866814145
2025-02-08 18:00:00+00:00,1693.125293621
2025-02-08 19:00:00+00:00,1651.009497767
2025-02-08 20:00:00+00:00,1734.178862177
2025-02-08 21:00:00+00:00,1762.924405207
2025-02-08 22:00:00+00:00,1498.650037948
2025-02-08 23:00:00+00:00,1528.450067442
2025-02-09 00:00:00+00:00,1516.788128573
2025-02-09 01:00:00+00:00,1490.901959072
2025-02-09 02:00:00+00:00,1574.212427261
2025-02-09 03:00:00+00:00,1634.597393987
2025-02-09 04:00:00+00:00,1527.657011903
2025-02-09 05:00:00+00:00,1573.529454583
2025-02-09 06:00:00+00:00,1705.590212813
2025-02-09 07:00:00+00:00,1679.145526476
2025-02-09 08:00:00+00:00,1706.363467179
2025-02-09 09:00:00+00:00,1643.937311178
2025-02-09 10:00:00+00:00,1712.827770499
2025-02-09 11:00:00+00:00,1755.401029334
2025-02-09 12:00:00+00:00,1613.206943398
2025-02-09 13:00:00+00:00,1723.095382411
2025-02-09 14:00:00+00:00,1696.911897904
2025-02-09 15:00:00+00:00,1744.856858457
2025-02-09 16:00:00+00:00,1697.888681083
2025-02-09 17:00:00+00:00,1666.659921565
2025-02-09 18:00:00+00:00,1652.946384050
2025-02-09 19:00:00+00:00,1657.098894822
2025-02-09 20:00:00+00:00,1705.206208419
2025-02-09 21:00:00+00:00,1682.794179797
2025-02-09 22:00:00+00:00,1480.403762801
2025-02-09 23:00:00+00:00,1579.288632910
2025-02-10 00:00:00+00:00,1649.765071986
2025-02-10 01:00:00+00:00,1737.052959741
2025-02-10 02:00:00+00:00,1648.843432130
2025-02-10 03:00:00+00:00,1725.543712851
2025-02-10 04:00:00+00:00,1710.985690542
2025-02-10 05:00:00+00:00,1748.002269446
2025-02-10 06:00:00+00:00,1916.493276686
2025-02-10 07:00:00+00:00,1914.556693857
2025-02-10 08:00:00+00:00,1846.246700327
2025-02-10 09:00:00+00:00,1893.709203265
2025-02-10 10:00:00+00:00,1853.985632810
2025-02-10 11:00:00+00:00,1851.998276977
2025-02-10 12:00:00+00:00,1869.096699353
2025-02-10 13:00:00+00:00,1768.825782594
2025-02-10 14:00:00+00:00,1840.538087529
2025-02-10 15:00:00+00:00,1852.820807149
2025-02-10 16:00:00+00:00,1887.284030429
2025-02-10 17:00:00+00:00,1852.618120541
2025-02-10 18:00:00+00:00,1870.925546540
2025-02-10 19:00:00+00:00,1801.840680222
2025-02-10 20:00:00+00:00,1821.765054196
2025-02-10 21:00:00+00:00,1905.930783951
2025-02-10 22:00:00+00:00,1715.371337680
2025-02-10 23:00:00+00:00,1690.180285772
2025-02-11 00:00:00+00:00,1678.033161765
2025-02-11 01:00:00+00:00,1670.222038907
2025-02-11 02:00:00+00:00,1708.515333832
2025-02-11 03:00:00+00:00,1690.231125118
2025-02-11 04:00:00+00:00,1619.256937009
2025-02-11 05:00:00+00:00,1717.866186299
2025-02-11 06:00:00+00:00,1862.651873145
2025-02-11 07:00:00+00:00,1836.930388587
2025-02-11 08:00:00+00:00,1793.881914087
2025-02-11 09:00:00+00:00,1854.698093259
2025-02-11 10:00:00+00:00,1886.205076593
2025-02-11 11:00:00+00:00,1894.106914884
2025-02-11 12:00:00+00:00,1892.524726748
2025-02-11 13:00:00+00:00,1743.778587342
2025-02-11 14:00:00+00:00,1870.709996035
2025-02-11 15:00:00+00:00,1831.935440934
2025-02-11 16:00:00+00:00,1845.075385311
2025-02-11 17:00:00+00:00,1879.737740093
2025-02-11 18:00:00+00:00,1853.054644710
2025-02-11 19:00:00+00:00,1928.814665703
2025-02-11 20:00:00+00:00,1850.446252772
2025-02-11 21:00:00+00:00,1853.488833000
2025-02-11 22:00:00+00:00,1671.038133503
2025-02-11 23:00:00+00:00,1622.593114183
2025-02-12 00:00:00+00:00,1717.040400043
2025-02-12 01:00:00+00:00,1679.923131809
2025-02-12 02:00:00+00:00,1696.336106439
2025-02-12 03:00:00+00:00,1687.294419193
2025-02-12 04:00:00+00:00,1655.371367323
2025-02-12 05:00:00+00:00,1718.810634217
2025-02-12 06:00:00+00:00,1838.848172791
2025-02-12 07:00:00+00:00,1753.535970962
2025-02-12 08:00:00+00:00,1857.715219771
2025-02-12 09:00:00+00:00,1855.023413303
2025-02-12 10:00:00+00:00,1850.381473624
2025-02-12 11:00:00+00:00,1799.523103846
2025-02-12 12:00:00+00:00,1768.627937334
2025-02-12 13:00:00+00:00,1844.781230705
2025-02-12 14:00:00+00:00,1848.229156501
2025-02-12 15:00:00+00:00,1927.688082541
2025-02-12 16:00:00+00:00,1818.528044247
2025-02-12 17:00:00+00:00,1897.614411577
2025-02-12 18:00:00+00:00,1844.193313316
2025-02-12 19:00:00+00:00,1840.701756935
2025-02-12 20:00:00+00:00,1841.429275423
2025-02-12 21:00:00+00:00,1846.526383927
2025-02-12 22:00:00+00:00,1634.304691357
2025-02-12 23:00:00+00:00,1634.052520354
2025-02-13 00:00:00+00:00,1704.522370429
2025-02-13 01:00:00+00:00,1757.075878441
2025-02-13 02:00:00+00:00,1688.741712245
2025-02-13 03:00:00+00:00,1650.599902767
2025-02-13 04:00:00+00:00,1628.024028181
2025-02-13 05:00:00+00:00,1697.855654661
2025-02-13 06:00:00+00:00,1865.348315225
2025-02-13 07:00:00+00:00,1803.017995112
2025-02-13 08:00:00+00:00,1735.757750913
2025-02-13 09:00:00+00:00,1849.517810597
2025-02-13 10:00:00+00:00,1890.690515929
2025-02-13 11:00:00+00:00,1923.845935063
2025-02-13 12:00:00+00:00,1892.297166835
2025-02-13 13:00:00+00:00,1822.411004377
2025-02-13 14:00:00+00:00,1831.108501632
2025-02-13 15:00:00+00:00,1854.968667157
2025-02-13 16:00:00+00:00,1812.110284863
2025-02-13 17:00:00+00:00,1802.761375172
2025-02-13 18:00:00+00:00,1866.187560700
2025-02-13 19:00:00+00:00,1853.366870334
2025-02-13 20:00:00+00:00,1806.928677192
2025-02-13 21:00:00+00:00,1811.455619234
2025-02-13 22:00:00+00:00,1617.009756391
2025-02-13 23:00:00+00:00,1693.808506533
2025-02-14 00:00:00+00:00,1620.052222094
2025-02-14 01:00:00+00:00,1693.959744528
2025-02-14 02:00:00+00:00,1693.813279776
2025-02-14 03:00:00+00:00,1673.841523164
2025-02-14 04:00:00+00:00,1657.429993726
2025-02-14 05:00:00+00:00,1734.857060696
2025-02-14 06:00:00+00:00,1719.079248240
2025-02-14 07:00:00+00:00,1881.212305018
2025-02-14 08:00:00+00:00,1869.855640540
2025-02-14 09:00:00+00:00,1829.721426833
2025-02-14 10:00:00+00:00,1872.420400056
2025-02-14 11:00:00+00:00,1803.210485379
2025-02-14 12:00:00+00:00,1835.786587362
2025-02-14 13:00:00+00:00,1931.371585849
2025-02-14 14:00:00+00:00,1799.331402031
2025-02-14 15:00:00+00:00,1838.604602981
2025-02-14 16:00:00+00:00,1807.966828655
2025-02-14 17:00:00+00:00,1869.024295440
2025-02-14 18:00:00+00:00,1922.543715306
2025-02-14 19:00:00+00:00,1797.862904772
2025-02-14 20:00:00+00:00,1885.859089831
2025-02-14 21:00:00+00:00,1878.687798539
2025-02-14 22:00:00+00:00,1670.537266735
2025-02-14 23:00:00+00:00,1650.303474189
2025-02-15 00:00:00+00:00,1585.054759386
2025-02-15 01:00:00+00:00,1475.978553734
2025-02-15 02:00:00+00:00,1514.050239784
2025-02-15 03:00:00+00:00,1590.336439601
2025-02-15 04:00:00+00:00,1554.510569935
2025-02-15 05:00:00+00:00,1505.451206015
2025-02-15 06:00:00+00:00,1626.573619707
2025-02-15 07:00:00+00:00,1726.720762807
2025-02-15 08:00:00+00:00,1750.142040606
2025-02-15 09:00:00+00:00,1636.630864041
2025-02-15 10:00:00+00:00,1681.185885756
2025-02-15 11:00:00+00:00,1705.886291021
2025-02-15 12:00:00+00:00,1688.673082618
2025-02-15 13:00:00+00:00,1600.509996725
2025-02-15 14:00:00+00:00,1564.675669128
2025-02-15 15:00:00+00:00,1727.459217476
2025-02-15 16:00:00+00:00,1667.646605202
2025-02-15 17:00:00+00:00,1690.914248552
2025-02-15 18:00:00+00:00,1729.288339618
2025-02-15 19:00:00+00:00,1639.655715347
2025-02-15 20:00:00+00:00,1747.709700314
2025-02-15 21:00:00+00:00,1779.867834986
2025-02-15 22:00:00+00:00,1498.453410645
2025-02-15 23:00:00+00:00,1574.108386823
2025-02-16 00:00:00+00:00,1566.727099193
2025-02-16 01:00:00+00:00,1582.881984996
2025-02-16 02:00:00+00:00,1461.181655988
2025-02-16 03:00:00+00:00,1438.177516590
2025-02-16 04:00:00+00:00,1542.326095999
2025-02-16 05:00:00+00:00,1526.603092534
2025-02-16 06:00:00+00:00,1668.049789275
2025-02-16 07:00:00+00:00,1671.301785731
2025-02-16 08:00:00+00:00,1749.342545458
2025-02-16 09:00:00+00:00,1684.787184763
2025-02-16 10:00:00+00:00,1714.809162048
2025-02-16 11:00:00+00:00,1722.643973850
2025-02-16 12:00:00+00:00,1750.066449803
2025-02-16 13:00:00+00:00,1630.343431788
2025-02-16 14:00:00+00:00,1693.325947961
2025-02-16 15:00:00+00:00,1744.683207672
2025-02-16 16:00:00+00:00,1765.400190262
2025-02-16 17:00:00+00:00,1681.741173363
2025-02-16 18:00:00+00:00,1721.999828877
2025-02-16 19:00:00+00:00,1688.768590570
2025-02-16 20:00:00+00:00,1741.170532655
2025-02-16 21:00:00+00:00,1719.411445742
2025-02-16 22:00:00+00:00,1537.409008276
2025-02-16 23:00:00+00:00,1552.342752650
2025-02-17 00:00:00+00:00,1720.953991315
2025-02-17 01:00:00+00:00,1579.818559045
2025-02-17 02:00:00+00:00,1750.593594886
2025-02-17 03:00:00+00:00,1608.757521771
2025-02-17 04:00:00+00:00,1671.052000781
2025-02-17 05:00:00+00:00,1655.083805549
2025-02-17 06:00:00+00:00,1791.247166328
2025-02-17 07:00:00+00:00,1840.692262553
2025-02-17 08:00:00+00:00,1920.358122659
2025-02-17 09:00:00+00:00,1776.914062802
2025-02-17 10:00:00+00:00,1843.403301783
2025-02-17 11:00:00+00:00,1906.475658441
2025-02-17 12:00:00+00:00,1810.349025840
2025-02-17 13:00:00+00:00,1880.088625107
2025-02-17 14:00:00+00:00,1834.229645532
2025-02-17 15:00:00+00:00,1915.835728636
2025-02-17 16:00:00+00:00,1926.660583942
2025-02-17 17:00:00+00:00,1875.352521824
2025-02-17 18:00:00+00:00,1766.622768258
2025-02-17 19:00:00+00:00,1855.633221488
2025-02-17 20:00:00+00:00,1788.882483801
2025-02-17 21:00:00+00:00,1881.895417276
2025-02-17 22:00:00+00:00,1663.179462430
2025-02-17 23:00:00+00:00,1677.299303586
2025-02-18 00:00:00+00:00,1661.149002183
2025-02-18 01:00:00+00:00,1645.674376727
2025-02-18 02:00:00+00:00,1708.782723348
2025-02-18 03:00:00+00:00,1775.625138360
2025-02-18 04:00:00+00:00,1714.124362968
2025-02-18 05:00:00+00:00,1624.890756172
2025-02-18 06:00:00+00:00,1904.007795813
2025-02-18 07:00:00+00:00,1733.351954517
2025-02-18 08:00:00+00:00,1825.815250098
2025-02-18 09:00:00+00:00,1878.552260366
2025-02-18 10:00:00+00:00,1758.304509020
2025-02-18 11:00:00+00:00,1798.970564433
2025-02-18 12:00:00+00:00,1873.828036280
2025-02-18 13:00:00+00:00,1878.421755711
2025-02-18 14:00:00+00:00,1887.568704360
2025-02-18 15:00:00+00:00,1903.759114627
2025-02-18 16:00:00+00:00,1810.685676121
2025-02-18 17:00:00+00:00,1829.610791817
2025-02-18 18:00:00+00:00,1863.876418266
2025-02-18 19:00:00+00:00,1887.837682206
2025-02-18 20:00:00+00:00,1817.578756322
2025-02-18 21:00:00+00:00,1806.419026275
2025-02-18 22:00:00+00:00,1674.491445399
2025-02-18 23:00:00+00:00,1660.150484212
2025-02-19 00:00:00+00:00,1663.275151128
2025-02-19 01:00:00+00:00,1710.930838462
2025-02-19 02:00:00+00:00,1649.220470913
2025-02-19 03:00:00+00:00,1711.011070075
2025-02-19 04:00:00+00:00,1757.140177566
2025-02-19 05:00:00+00:00,1732.688099262
2025-02-19 06:00:00+00:00,1861.626889792
2025-02-19 07:00:00+00:00,1861.418147971
2025-02-19 08:00:00+00:00,1839.394949591
2025-02-19 09:00:00+00:00,1877.012138450
2025-02-19 10:00:00+00:00,1809.309801584
2025-02-19 11:00:00+00:00,1877.228926944
2025-02-19 12:00:00+00:00,1857.142984449
2025-02-19 13:00:00+00:00,1918.975718416
2025-02-19 14:00:00+00:00,1800.864447588
2025-02-19 15:00:00+00:00,1852.701785153
2025-02-19 16:00:00+00:00,1841.102778595
2025-02-19 17:00:00+00:00,1885.012975587
2025-02-19 18:00:00+00:00,1837.434065845
2025-02-19 19:00:00+00:00,1872.025750177
2025-02-19 20:00:00+00:00,1935.750383066
2025-02-19 21:00:00+00:00,1876.869818833
2025-02-19 22:00:00+00:00,1663.881274191
2025-02-19 23:00:00+00:00,1647.082524485
2025-02-20 00:00:00+00:00,1679.196119504
2025-02-20 01:00:00+00:00,1694.728040585
2025-02-20 02:00:00+00:00,1697.892742070
2025-02-20 03:00:00+00:00,1723.525447928
2025-02-20 04:00:00+00:00,1677.494942544
2025-02-20 05:00:00+00:00,1656.011188143
2025-02-20 06:00:00+00:00,1838.996669269
2025-02-20 07:00:00+00:00,1821.323760017
2025-02-20 08:00:00+00:00,1868.340367852
2025-02-20 09:00:00+00:00,1909.937166557
2025-02-20 10:00:00+00:00,1854.711353207
2025-02-20 11:00:00+00:00,1757.891534254
2025-02-20 12:00:00+00:00,1903.297307957
2025-02-20 13:00:00+00:00,1796.487263905
2025-02-20 14:00:00+00:00,1835.977582877
2025-02-20 15:00:00+00:00,1812.225964717
2025-02-20 16:00:00+00:00,1810.616859680
2025-02-20 17:00:00+00:00,1837.922312320
2025-02-20 18:00:00+00:00,1819.295708989
2025-02-20 19:00:00+00:00,1932.883263380
2025-02-20 20:00:00+00:00,1839.959570708
2025-02-20 21:00:00+00:00,1858.324778763
2025-02-20 22:00:00+00:00,1623.529980666
2025-02-20 23:00:00+00:00,1678.510344200
2025-02-21 00:00:00+00:00,1701.501011478
2025-02-21 01:00:00+00:00,1651.178834217
2025-02-21 02:00:00+00:00,1660.078796730
2025-02-21 03:00:00+00:00,1716.441983071
2025-02-21 04:00:00+00:00,1684.613371275
2025-02-21 05:00:00+00:00,1685.714012453
2025-02-21 06:00:00+00:00,1860.352869593
2025-02-21 07:00:00+00:00,1809.060337448
2025-02-21 08:00:00+00:00,1868.882699053
2025-02-21 09:00:00+00:00,1827.824800171
2025-02-21 10:00:00+00:00,1875.316918392
2025-02-21 11:00:00+00:00,1813.166399295
2025-02-21 12:00:00+00:00,1964.737900075
2025-02-21 13:00:00+00:00,1907.088374433
2025-02-21 14:00:00+00:00,1777.949538632
2025-02-21 15:00:00+00:00,1798.280847162
2025-02-21 16:00:00+00:00,1845.515355272
2025-02-21 17:00:00+00:00,1776.373951918
2025-02-21 18:00:00+00:00,1893.046457230
2025-02-21 19:00:00+00:00,1881.432376714
2025-02-21 20:00:00+00:00,1898.680633611
2025-02-21 21:00:00+00:00,1780.342276697
2025-02-21 22:00:00+00:00,1657.567977581
2025-02-21 23:00:00+00:00,1668.703153831
2025-02-22 00:00:00+00:00,1559.480560513
2025-02-22 01:00:00+00:00,1566.256605204
2025-02-22 02:00:00+00:00,1496.072670151
2025-02-22 03:00:00+00:00,1614.442022290
2025-02-22 04:00:00+00:00,1460.784723847
2025-02-22 05:00:00+00:00,1606.707992772
2025-02-22 06:00:00+00:00,1675.103731315
2025-02-22 07:00:00+00:00,1674.707050353
2025-02-22 08:00:00+00:00,1706.223872024
2025-02-22 09:00:00+00:00,1701.759294222
2025-02-22 10:00:00+00:00,1670.622819773
2025-02-22 11:00:00+00:00,1689.451057768
2025-02-22 12:00:00+00:00,1718.776781695
2025-02-22 13:00:00+00:00,1702.229454180
2025-02-22 14:00:00+00:00,1679.707923181
2025-02-22 15:00:00+00:00,1711.820567611
2025-02-22 16:00:00+00:00,1786.453252050
2025-02-22 17:00:00+00:00,1714.477903892
2025-02-22 18:00:00+00:00,1729.422236603
2025-02-22 19:00:00+00:00,1647.085058297
2025-02-22 20:00:00+00:00,1678.805192403
2025-02-22 21:00:00+00:00,1750.310810150
2025-02-22 22:00:00+00:00,1589.751166893
2025-02-22 23:00:00+00:00,1541.278968199
2025-02-23 00:00:00+00:00,1586.884000522
2025-02-23 01:00:00+00:00,1590.852411519
2025-02-23 02:00:00+00:00,1584.631321299
2025-02-23 03:00:00+00:00,1589.266929408
2025-02-23 04:00:00+00:00,1519.394560188
2025-02-23 05:00:00+00:00,1527.683518622
2025-02-23 06:00:00+00:00,1720.160107687
2025-02-23 07:00:00+00:00,1726.343585212
2025-02-23 08:00:00+00:00,1594.666403869
2025-02-23 09:00:00+00:00,1728.934561672
2025-02-23 10:00:00+00:00,1699.373548797
2025-02-23 11:00:00+00:00,1618.831912489
2025-02-23 12:00:00+00:00,1722.532328627
2025-02-23 13:00:00+00:00,1703.957773041
2025-02-23 14:00:00+00:00,1620.642546630
2025-02-23 15:00:00+00:00,1707.890409528
2025-02-23 16:00:00+00:00,1619.053384114
2025-02-23 17:00:00+00:00,1804.258130971
2025-02-23 18:00:00+00:00,1701.095429390
2025-02-23 19:00:00+00:00,1740.363397291
2025-02-23 20:00:00+00:00,1638.787018323
2025-02-23 21:00:00+00:00,1689.088252940
2025-02-23 22:00:00+00:00,1518.422912113
2025-02-23 23:00:00+00:00,1542.753804261
2025-02-24 00:00:00+00:00,1700.270086580
2025-02-24 01:00:00+00:00,1599.714905473
2025-02-24 02:00:00+00:00,1649.818332775
2025-02-24 03:00:00+00:00,1785.681279003
2025-02-24 04:00:00+00:00,1659.202194223
2025-02-24 05:00:00+00:00,1604.995055202
2025-02-24 06:00:00+00:00,1845.833844231
2025-02-24 07:00:00+00:00,1806.468761057
2025-02-24 08:00:00+00:00,1804.359832054
2025-02-24 09:00:00+00:00,1803.792594340
2025-02-24 10:00:00+00:00,1806.215923572
2025-02-24 11:00:00+00:00,1855.448721553
2025-02-24 12:00:00+00:00,1926.639160158
2025-02-24 13:00:00+00:00,1881.140225850
2025-02-24 14:00:00+00:00,1765.425521323
2025-02-24 15:00:00+00:00,1869.715343793
2025-02-24 16:00:00+00:00,1878.703278657
2025-02-24 17:00:00+00:00,1892.412992377
2025-02-24 18:00:00+00:00,1800.136240291
2025-02-24 19:00:00+00:00,1872.437114953
2025-02-24 20:00:00+00:00,1899.958660660
2025-02-24 21:00:00+00:00,1854.085939722
2025-02-24 22:00:00+00:00,1664.669380540
2025-02-24 23:00:00+00:00,1618.913796806
2025-02-25 00:00:00+00:00,1678.227945201
2025-02-25 01:00:00+00:00,1646.686124888
2025-02-25 02:00:00+00:00,1687.055080097
2025-02-25 03:00:00+00:00,1645.173037528
2025-02-25 04:00:00+00:00,1694.806683636
2025-02-25 05:00:00+00:00,1612.607702189
2025-02-25 06:00:00+00:00,1826.101156494
2025-02-25 07:00:00+00:00,1794.852817254
2025-02-25 08:00:00+00:00,1803.679526332
2025-02-25 09:00:00+00:00,1766.830457044
2025-02-25 10:00:00+00:00,1884.629575188
2025-02-25 11:00:00+00:00,1787.455280559
2025-02-25 12:00:00+00:00,1889.403244749
2025-02-25 13:00:00+00:00,1792.356944544
2025-02-25 14:00:00+00:00,1852.205327930
2025-02-25 15:00:00+00:00,1864.983297639
2025-02-25 16:00:00+00:00,1874.959791133
2025-02-25 17:00:00+00:00,1848.405942594
2025-02-25 18:00:00+00:00,1829.704511712
2025-02-25 19:00:00+00:00,1821.509061780
2025-02-25 20:00:00+00:00,1800.666513411
2025-02-25 21:00:00+00:00,1835.092673742
2025-02-25 22:00:00+00:00,1695.176821162
2025-02-25 23:00:00+00:00,1630.923473373
2025-02-26 00:00:00+00:00,1747.263665403
2025-02-26 01:00:00+00:00,1742.075309775
2025-02-26 02:00:00+00:00,1687.745241456
2025-02-26 03:00:00+00:00,1603.627111142
2025-02-26 04:00:00+00:00,1689.778451112
2025-02-26 05:00:00+00:00,1763.308097723
2025-02-26 06:00:00+00:00,1814.868261942
2025-02-26 07:00:00+00:00,1867.237022963
2025-02-26 08:00:00+00:00,1889.955719401
2025-02-26 09:00:00+00:00,1845.793620428
2025-02-26 10:00:00+00:00,1790.232823608
2025-02-26 11:00:00+00:00,1838.326925524
2025-02-26 12:00:00+00:00,1944.894623810
2025-02-26 13:00:00+00:00,1780.574355877
2025-02-26 14:00:00+00:00,1876.652813511
2025-02-26 15:00:00+00:00,1828.788255587
2025-02-26 16:00:00+00:00,1853.220387715
2025-02-26 17:00:00+00:00,1850.957809618
2025-02-26 18:00:00+00:00,1842.914552435
2025-02-26 19:00:00+00:00,1861.387367356
2025-02-26 20:00:00+00:00,1856.684590420
2025-02-26 21:00:00+00:00,1843.977329899
2025-02-26 22:00:00+00:00,1704.301281094
2025-02-26 23:00:00+00:00,1666.176442390
2025-02-27 00:00:00+00:00,1686.520924480
2025-02-27 01:00:00+00:00,1645.597760099
2025-02-27 02:00:00+00:00,1623.739566546
2025-02-27 03:00:00+00:00,1685.645289639
2025-02-27 04:00:00+00:00,1742.880247027
2025-02-27 05:00:00+00:00,1635.593391871
2025-02-27 06:00:00+00:00,1885.323369169
2025-02-27 07:00:00+00:00,1826.742599844
2025-02-27 08:00:00+00:00,1780.118886312
2025-02-27 09:00:00+00:00,1831.545044291
2025-02-27 10:00:00+00:00,1811.250435252
2025-02-27 11:00:00+00:00,1866.095777485
2025-02-27 12:00:00+00:00,1830.357732119
2025-02-27 13:00:00+00:00,1872.563724501
2025-02-27 14:00:00+00:00,1790.518890138
2025-02-27 15:00:00+00:00,1797.550515512
2025-02-27 16:00:00+00:00,1820.137418252
2025-02-27 17:00:00+00:00,1808.733226632
2025-02-27 18:00:00+00:00,1881.819641537
2025-02-27 19:00:00+00:00,1836.073999288
2025-02-27 20:00:00+00:00,1815.046766777
2025-02-27 21:00:00+00:00,1863.055123097
2025-02-27 22:00:00+00:00,1705.167823477
2025-02-27 23:00:00+00:00,1635.813095804
2025-02-28 00:00:00+00:00,1619.976459946
2025-02-28 01:00:00+00:00,1666.476436601
2025-02-28 02:00:00+00:00,1650.509958066
2025-02-28 03:00:00+00:00,1618.232364479
2025-02-28 04:00:00+00:00,1640.815452419
2025-02-28 05:00:00+00:00,1607.773632616
2025-02-28 06:00:00+00:00,1876.780613128
2025-02-28 07:00:00+00:00,1789.424169854
2025-02-28 08:00:00+00:00,1800.443770313
2025-02-28 09:00:00+00:00,1840.544637544
2025-02-28 10:00:00+00:00,1881.213447599
2025-02-28 11:00:00+00:00,1912.237937850
2025-02-28 12:00:00+00:00,1910.911551316
2025-02-28 13:00:00+00:00,1858.704609693
2025-02-28 14:00:00+00:00,1820.546118445
2025-02-28 15:00:00+00:00,1740.413166643
2025-02-28 16:00:00+00:00,1754.918033619
2025-02-28 17:00:00+00:00,1855.734016934
2025-02-28 18:00:00+00:00,1832.378888470
2025-02-28 19:00:00+00:00,1832.035120561
2025-02-28 20:00:00+00:00,1826.856279154
2025-02-28 21:00:00+00:00,1822.265501057
2025-02-28 22:00:00+00:00,1683.025743512
2025-02-28 23:00:00+00:00,1651.497943806
2025-03-01 00:00:00+00:00,1574.915576959
2025-03-01 01:00:00+00:00,1577.510755469
2025-03-01 02:00:00+00:00,1486.025050297
2025-03-01 03:00:00+00:00,1563.587004345
2025-03-01 04:00:00+00:00,1513.835465749
2025-03-01 05:00:00+00:00,1541.125119796
2025-03-01 06:00:00+00:00,1674.859228104
2025-03-01 07:00:00+00:00,1729.232837862
2025-03-01 08:00:00+00:00,1698.259569815
2025-03-01 09:00:00+00:00,1639.918964222
2025-03-01 10:00:00+00:00,1715.698891100
2025-03-01 11:00:00+00:00,1730.087300660
2025-03-01 12:00:00+00:00,1644.215501525
2025-03-01 13:00:00+00:00,1608.269601650
2025-03-01 14:00:00+00:00,1733.070028194
2025-03-01 15:00:00+00:00,1720.482649678
2025-03-01 16:00:00+00:00,1683.802292016
2025-03-01 17:00:00+00:00,1705.938118198
2025-03-01 18:00:00+00:00,1726.616627698
2025-03-01 19:00:00+00:00,1702.661808831
2025-03-01 20:00:00+00:00,1701.060275114
2025-03-01 21:00:00+00:00,1707.311040460
2025-03-01 22:00:00+00:00,1495.043494907
2025-03-01 23:00:00+00:00,1628.501791554
2025-03-02 00:00:00+00:00,1557.276307955
2025-03-02 01:00:00+00:00,1529.690012162
2025-03-02 02:00:00+00:00,1527.980362687
2025-03-02 03:00:00+00:00,1530.409087427
2025-03-02 04:00:00+00:00,1479.549282196
2025-03-02 05:00:00+00:00,1545.546993704
2025-03-02 06:00:00+00:00,1709.194682898
2025-03-02 07:00:00+00:00,1691.119528850
2025-03-02 08:00:00+00:00,1668.852190971
2025-03-02 09:00:00+00:00,1669.089447072
2025-03-02 10:00:00+00:00,1708.205082140
2025-03-02 11:00:00+00:00,1662.092541516
2025-03-02 12:00:00+00:00,1717.880305628
2025-03-02 13:00:00+00:00,1683.698359185
2025-03-02 14:00:00+00:00,1660.233288757
2025-03-02 15:00:00+00:00,1626.081693910
2025-03-02 16:00:00+00:00,1707.083335045
2025-03-02 17:00:00+00:00,1649.744177242
2025-03-02 18:00:00+00:00,1704.091129396
2025-03-02 19:00:00+00:00,1647.610861517
2025-03-02 20:00:00+00:00,1720.111101373
2025-03-02 21:00:00+00:00,1721.260948290
2025-03-02 22:00:00+00:00,1541.089362451
2025-03-02 23:00:00+00:00,1539.357379687
2025-03-03 00:00:00+00:00,1676.935536601
2025-03-03 01:00:00+00:00,1773.418103845
2025-03-03 02:00:00+00:00,1694.186741162
2025-03-03 03:00:00+00:00,1571.979535586
2025-03-03 04:00:00+00:00,1685.778246501
2025-03-03 05:00:00+00:00,1727.872879793
2025-03-03 06:00:00+00:00,1858.986919757
2025-03-03 07:00:00+00:00,1891.914327648
2025-03-03 08:00:00+00:00,1908.279157501
2025-03-03 09:00:00+00:00,1847.390922209
2025-03-03 10:00:00+00:00,1897.838121895
2025-03-03 11:00:00+00:00,1814.191493307
2025-03-03 12:00:00+00:00,1935.511019819
2025-03-03 13:00:00+00:00,1846.563030770
2025-03-03 14:00:00+00:00,1863.454561642
2025-03-03 15:00:00+00:00,1856.867841563
2025-03-03 16:00:00+00:00,1861.896354583
2025-03-03 17:00:00+00:00,1792.077630441
2025-03-03 18:00:00+00:00,1822.534690095
2025-03-03 19:00:00+00:00,1765.258594440
2025-03-03 20:00:00+00:00,1891.872103246
2025-03-03 21:00:00+00:00,1812.731709905
2025-03-03 22:00:00+00:00,1699.010795614
2025-03-03 23:00:00+00:00,1705.616675169
2025-03-04 00:00:00+00:00,1654.225033212
2025-03-04 01:00:00+00:00,1670.643096079
2025-03-04 02:00:00+00:00,1684.716027813
2025-03-04 03:00:00+00:00,1631.891622539
2025-03-04 04:00:00+00:00,1694.307592763
2025-03-04 05:00:00+00:00,1701.384659428
2025-03-04 06:00:00+00:00,1818.324663377
2025-03-04 07:00:00+00:00,1784.477581774
2025-03-04 08:00:00+00:00,1763.163607789
2025-03-04 09:00:00+00:00,1739.617723963
2025-03-04 10:00:00+00:00,1913.868842378
2025-03-04 11:00:00+00:00,1801.899563113
2025-03-04 12:00:00+00:00,1910.963370828
2025-03-04 13:00:00+00:00,1860.146968647
2025-03-04 14:00:00+00:00,1871.023967113
2025-03-04 15:00:00+00:00,1847.907958430
2025-03-04 16:00:00+00:00,1942.724567320
2025-03-04 17:00:00+00:00,1885.967005698
2025-03-04 18:00:00+00:00,1883.170406968
2025-03-04 19:00:00+00:00,1896.950867292
2025-03-04 20:00:00+00:00,1775.803707183
2025-03-04 21:00:00+00:00,1873.662641976
2025-03-04 22:00:00+00:00,1704.461445986
2025-03-04 23:00:00+00:00,1646.084843835
2025-03-05 00:00:00+00:00,1620.112232679
2025-03-05 01:00:00+00:00,1675.552222380
2025-03-05 02:00:00+00:00,1703.779749213
2025-03-05 03:00:00+00:00,1696.101214796
2025-03-05 04:00:00+00:00,1771.537228857
2025-03-05 05:00:00+00:00,1710.986644341
2025-03-05 06:00:00+00:00,1820.994520513
2025-03-05 07:00:00+00:00,1809.529412604
2025-03-05 08:00:00+00:00,1821.812860770
2025-03-05 09:00:00+00:00,1817.759677425
2025-03-05 10:00:00+00:00,1829.825753504
2025-03-05 11:00:00+00:00,1833.357490852
2025-03-05 12:00:00+00:00,1918.243694862
2025-03-05 13:00:00+00:00,1853.334583344
2025-03-05 14:00:00+00:00,1881.782259125
2025-03-05 15:00:00+00:00,1815.959769511
2025-03-05 16:00:00+00:00,1838.978282397
2025-03-05 17:00:00+00:00,1856.029128487
2025-03-05 18:00:00+00:00,1835.865467288
2025-03-05 19:00:00+00:00,1805.805310899
2025-03-05 20:00:00+00:00,1860.735379051
2025-03-05 21:00:00+00:00,1790.358577580
2025-03-05 22:00:00+00:00,1739.989329843
2025-03-05 23:00:00+00:00,1695.388312089
2025-03-06 00:00:00+00:00,1687.930626158
2025-03-06 01:00:00+00:00,1637.621177401
2025-03-06 02:00:00+00:00,1729.033780171
2025-03-06 03:00:00+00:00,1676.830501507
2025-03-06 04:00:00+00:00,1733.885402502
2025-03-06 05:00:00+00:00,1664.206030808
2025-03-06 06:00:00+00:00,1854.916985427
2025-03-06 07:00:00+00:00,1827.503892192
2025-03-06 08:00:00+00:00,1765.392624035
2025-03-06 09:00:00+00:00,1893.614206173
2025-03-06 10:00:00+00:00,1861.754756989
2025-03-06 11:00:00+00:00,1846.665775576
2025-03-06 12:00:00+00:00,1816.568197264
2025-03-06 13:00:00+00:00,1845.791187680
2025-03-06 14:00:00+00:00,1881.556094818
2025-03-06 15:00:00+00:00,1919.209241244
2025-03-06 16:00:00+00:00,1763.051152514
2025-03-06 17:00:00+00:00,1879.553405740
2025-03-06 18:00:00+00:00,1888.192511398
2025-03-06 19:00:00+00:00,1761.381108178
2025-03-06 20:00:00+00:00,1751.075245264
2025-03-06 21:00:00+00:00,1795.027781038
2025-03-06 22:00:00+00:00,1613.253315078
2025-03-06 23:00:00+00:00,1660.223177391
2025-03-07 00:00:00+00:00,1658.662593277
2025-03-07 01:00:00+00:00,1588.758815200
2025-03-07 02:00:00+00:00,1646.241172026
2025-03-07 03:00:00+00:00,1617.666367425
2025-03-07 04:00:00+00:00,1654.585835973
2025-03-07 05:00:00+00:00,1578.973632012
2025-03-07 06:00:00+00:00,1833.876933947
2025-03-07 07:00:00+00:00,1872.279720768
2025-03-07 08:00:00+00:00,1808.773459597
2025-03-07 09:00:00+00:00,1846.449642548
2025-03-07 10:00:00+00:00,1885.091099464
2025-03-07 11:00:00+00:00,1877.971983497
2025-03-07 12:00:00+00:00,1801.345087378
2025-03-07 13:00:00+00:00,1917.110533624
2025-03-07 14:00:00+00:00,1900.171852097
2025-03-07 15:00:00+00:00,1858.695504410
2025-03-07 16:00:00+00:00,1874.842411618
2025-03-07 17:00:00+00:00,1867.384150788
2025-03-07 18:00:00+00:00,1895.914960958
2025-03-07 19:00:00+00:00,1866.467111395
2025-03-07 20:00:00+00:00,1805.388910743
2025-03-07 21:00:00+00:00,1771.472635994
2025-03-07 22:00:00+00:00,1675.442854502
2025-03-07 23:00:00+00:00,1685.650664819
2025-03-08 00:00:00+00:00,1539.441348204
2025-03-08 01:00:00+00:00,1513.015078612
2025-03-08 02:00:00+00:00,1556.193197863
2025-03-08 03:00:00+00:00,1536.764473107
2025-03-08 04:00:00+00:00,1568.220696574
2025-03-08 05:00:00+00:00,1515.017043680
2025-03-08 06:00:00+00:00,1673.824282745
2025-03-08 07:00:00+00:00,1704.593767389
2025-03-08 08:00:00+00:00,1586.749505833
2025-03-08 09:00:00+00:00,1736.829934971
2025-03-08 10:00:00+00:00,1633.510697959
2025-03-08 11:00:00+00:00,1732.521986869
2025-03-08 12:00:00+00:00,1740.583858972
2025-03-08 13:00:00+00:00,1728.193680000
2025-03-08 14:00:00+00:00,1733.974186542
2025-03-08 15:00:00+00:00,1672.328313654
2025-03-08 16:00:00+00:00,1675.485514406
2025-03-08 17:00:00+00:00,1725.600566053
2025-03-08 18:00:00+00:00,1744.272254280
2025-03-08 19:00:00+00:00,1645.990131913
2025-03-08 20:00:00+00:00,1696.175972141
2025-03-08 21:00:00+00:00,1723.556359429
2025-03-08 22:00:00+00:00,1552.310886980
2025-03-08 23:00:00+00:00,1524.201946123
2025-03-09 00:00:00+00:00,1458.540843466
2025-03-09 01:00:00+00:00,1488.056331218
2025-03-09 02:00:00+00:00,1558.469821443
2025-03-09 03:00:00+00:00,1488.062737704
2025-03-09 04:00:00+00:00,1543.059378502
2025-03-09 05:00:00+00:00,1533.050509460
2025-03-09 06:00:00+00:00,1658.585823225
2025-03-09 07:00:00+00:00,1698.529521499
2025-03-09 08:00:00+00:00,1684.338851961
2025-03-09 09:00:00+00:00,1737.808497941
2025-03-09 10:00:00+00:00,1726.300720008
2025-03-09 11:00:00+00:00,1602.662617364
2025-03-09 12:00:00+00:00,1743.613475960
2025-03-09 13:00:00+00:00,1743.867643545
2025-03-09 14:00:00+00:00,1728.463069021
2025-03-09 15:00:00+00:00,1707.279271893
2025-03-09 16:00:00+00:00,1716.949171033
2025-03-09 17:00:00+00:00,1655.841508077
2025-03-09 18:00:00+00:00,1667.813050126
2025-03-09 19:00:00+00:00,1620.332726616
2025-03-09 20:00:00+00:00,1739.414689044
2025-03-09 21:00:00+00:00,1654.775097142
2025-03-09 22:00:00+00:00,1501.153479048
2025-03-09 23:00:00+00:00,1493.742155383
2025-03-10 00:00:00+00:00,1697.927394088
2025-03-10 01:00:00+00:00,1678.851498184
2025-03-10 02:00:00+00:00,1662.795129477
2025-03-10 03:00:00+00:00,1658.521132530
2025-03-10 04:00:00+00:00,1700.710395584
2025-03-10 05:00:00+00:00,1666.861092355
2025-03-10 06:00:00+00:00,1850.698016411
2025-03-10 07:00:00+00:00,1887.889017998
2025-03-10 08:00:00+00:00,1874.452100310
2025-03-10 09:00:00+00:00,1869.248326482
2025-03-10 10:00:00+00:00,1853.370551173
2025-03-10 11:00:00+00:00,1893.137005047
2025-03-10 12:00:00+00:00,1880.083350718
2025-03-10 13:00:00+00:00,1789.681516615
2025-03-10 14:00:00+00:00,1929.558203493
2025-03-10 15:00:00+00:00,1794.000284679
2025-03-10 16:00:00+00:00,1891.653259252
2025-03-10 17:00:00+00:00,1874.694755068
2025-03-10 18:00:00+00:00,1844.663165982
2025-03-10 19:00:00+00:00,1867.330897875
2025-03-10 20:00:00+00:00,1947.000184036
2025-03-10 21:00:00+00:00,1825.529682565
2025-03-10 22:00:00+00:00,1675.391317090
2025-03-10 23:00:00+00:00,1639.635860479
2025-03-11 00:00:00+00:00,1729.819823950
2025-03-11 01:00:00+00:00,1675.535073233
2025-03-11 02:00:00+00:00,1660.755453184
2025-03-11 03:00:00+00:00,1627.160398612
2025-03-11 04:00:00+00:00,1681.089444282
2025-03-11 05:00:00+00:00,1676.644138682
2025-03-11 06:00:00+00:00,1811.893574500
2025-03-11 07:00:00+00:00,1827.144921133
2025-03-11 08:00:00+00:00,1762.914400822
2025-03-11 09:00:00+00:00,1773.917260197
2025-03-11 10:00:00+00:00,1846.484136647
2025-03-11 11:00:00+00:00,1799.881232608
2025-03-11 12:00:00+00:00,1812.528836885
2025-03-11 13:00:00+00:00,1793.149899104
2025-03-11 14:00:00+00:00,1818.711347289
2025-03-11 15:00:00+00:00,1780.054445270
2025-03-11 16:00:00+00:00,1809.661941856
2025-03-11 17:00:00+00:00,1738.756113155
2025-03-11 18:00:00+00:00,1880.317514444
2025-03-11 19:00:00+00:00,1838.307767612
2025-03-11 20:00:00+00:00,1834.328863832
2025-03-11 21:00:00+00:00,1756.760290489
2025-03-11 22:00:00+00:00,1630.180856371
2025-03-11 23:00:00+00:00,1697.097915335
2025-03-12 00:00:00+00:00,1694.320970093
2025-03-12 01:00:00+00:00,1699.622909297
2025-03-12 02:00:00+00:00,1652.904035827
2025-03-12 03:00:00+00:00,1681.447148077
2025-03-12 04:00:00+00:00,1621.754017281
2025-03-12 05:00:00+00:00,1667.997838962
2025-03-12 06:00:00+00:00,1883.049454022
2025-03-12 07:00:00+00:00,1874.055765235
2025-03-12 08:00:00+00:00,1879.482516235
2025-03-12 09:00:00+00:00,1814.064899640
2025-03-12 10:00:00+00:00,1861.245811242
2025-03-12 11:00:00+00:00,1868.677779439
2025-03-12 12:00:00+00:00,1817.941024174
2025-03-12 13:00:00+00:00,1843.520071077
2025-03-12 14:00:00+00:00,1837.642992586
2025-03-12 15:00:00+00:00,1815.534844408
2025-03-12 16:00:00+00:00,1813.397291898
2025-03-12 17:00:00+00:00,1844.546236405
2025-03-12 18:00:00+00:00,1842.841213509
2025-03-12 19:00:00+00:00,1881.197098725
2025-03-12 20:00:00+00:00,1826.373067713
2025-03-12 21:00:00+00:00,1875.335465704
2025-03-12 22:00:00+00:00,1667.790510323
2025-03-12 23:00:00+00:00,1732.388275706
2025-03-13 00:00:00+00:00,1628.985982849
2025-03-13 01:00:00+00:00,1675.710797188
2025-03-13 02:00:00+00:00,1633.044791212
2025-03-13 03:00:00+00:00,1641.634162929
2025-03-13 04:00:00+00:00,1656.306656703
2025-03-13 05:00:00+00:00,1758.567746940
2025-03-13 06:00:00+00:00,1837.268662331
2025-03-13 07:00:00+00:00,1766.018504362
2025-03-13 08:00:00+00:00,1840.860586399
2025-03-13 09:00:00+00:00,1742.222936126
2025-03-13 10:00:00+00:00,1905.654462001
2025-03-13 11:00:00+00:00,1914.332438765
2025-03-13 12:00:00+00:00,1845.635174961
2025-03-13 13:00:00+00:00,1823.952350512
2025-03-13 14:00:00+00:00,1800.283920641
2025-03-13 15:00:00+00:00,1826.163690415
2025-03-13 16:00:00+00:00,1736.213602848
2025-03-13 17:00:00+00:00,1854.546027370
2025-03-13 18:00:00+00:00,1811.140651973
2025-03-13 19:00:00+00:00,1745.243496993
2025-03-13 20:00:00+00:00,1803.056516064
2025-03-13 21:00:00+00:00,1794.384797174
2025-03-13 22:00:00+00:00,1755.623672132
2025-03-13 23:00:00+00:00,1676.027549139
2025-03-14 00:00:00+00:00,1661.104055139
2025-03-14 01:00:00+00:00,1617.703245375
2025-03-14 02:00:00+00:00,1645.911360385
2025-03-14 03:00:00+00:00,1758.405467356
2025-03-14 04:00:00+00:00,1643.695362409
2025-03-14 05:00:00+00:00,1650.167516841
2025-03-14 06:00:00+00:00,1886.088175482
2025-03-14 07:00:00+00:00,1718.323276820
2025-03-14 08:00:00+00:00,1821.119874931
2025-03-14 09:00:00+00:00,1829.090474554
2025-03-14 10:00:00+00:00,1838.432985111
2025-03-14 11:00:00+00:00,1798.592918144
2025-03-14 12:00:00+00:00,1806.627652960
2025-03-14 13:00:00+00:00,1814.015132309
2025-03-14 14:00:00+00:00,1833.664622233
2025-03-14 15:00:00+00:00,1823.158166788
2025-03-14 16:00:00+00:00,1842.798414764
2025-03-14 17:00:00+00:00,1764.711430156
2025-03-14 18:00:00+00:00,1967.037155391
2025-03-14 19:00:00+00:00,1799.542119193
2025-03-14 20:00:00+00:00,1789.839375287
2025-03-14 21:00:00+00:00,1874.525330335
2025-03-14 22:00:00+00:00,1678.258438530
2025-03-14 23:00:00+00:00,1727.632028142
2025-03-15 00:00:00+00:00,1509.908848993
2025-03-15 01:00:00+00:00,1487.557729856
2025-03-15 02:00:00+00:00,1562.973338867
2025-03-15 03:00:00+00:00,1574.429851149
2025-03-15 04:00:00+00:00,1539.230800966
2025-03-15 05:00:00+00:00,1519.749902445
2025-03-15 06:00:00+00:00,1641.687415249
2025-03-15 07:00:00+00:00,1743.509374781
2025-03-15 08:00:00+00:00,1760.537499119
2025-03-15 09:00:00+00:00,1593.888532952
2025-03-15 10:00:00+00:00,1686.450793015
2025-03-15 11:00:00+00:00,1653.516689101
2025-03-15 12:00:00+00:00,1744.677727042
2025-03-15 13:00:00+00:00,1660.666397502
2025-03-15 14:00:00+00:00,1782.075930022
2025-03-15 15:00:00+00:00,1621.838195753
2025-03-15 16:00:00+00:00,1600.250543518
2025-03-15 17:00:00+00:00,1742.691617251
2025-03-15 18:00:00+00:00,1699.178173051
2025-03-15 19:00:00+00:00,1714.913561834
2025-03-15 20:00:00+00:00,1709.725398946
2025-03-15 21:00:00+00:00,1676.345869960
2025-03-15 22:00:00+00:00,1548.358945254
2025-03-15 23:00:00+00:00,1496.383874407
2025-03-16 00:00:00+00:00,1504.535934710
2025-03-16 01:00:00+00:00,1514.830787315
2025-03-16 02:00:00+00:00,1472.007451805
2025-03-16 03:00:00+00:00,1523.203071458
2025-03-16 04:00:00+00:00,1522.640419290
2025-03-16 05:00:00+00:00,1542.148110652
2025-03-16 06:00:00+00:00,1663.669539337
2025-03-16 07:00:00+00:00,1728.107732000
2025-03-16 08:00:00+00:00,1666.472007401
2025-03-16 09:00:00+00:00,1623.129044507
2025-03-16 10:00:00+00:00,1595.049119729
2025-03-16 11:00:00+00:00,1694.450010404
2025-03-16 12:00:00+00:00,1628.854439686
2025-03-16 13:00:00+00:00,1750.110485436
2025-03-16 14:00:00+00:00,1691.359556950
2025-03-16 15:00:00+00:00,1647.392447432
2025-03-16 16:00:00+00:00,1726.911311314
2025-03-16 17:00:00+00:00,1620.091547860
2025-03-16 18:00:00+00:00,1695.674431910
2025-03-16 19:00:00+00:00,1691.546329073
2025-03-16 20:00:00+00:00,1650.312894322
2025-03-16 21:00:00+00:00,1635.387135351
2025-03-16 22:00:00+00:00,1488.925106122
2025-03-16 23:00:00+00:00,1573.379128076
2025-03-17 00:00:00+00:00,1683.699665391
2025-03-17 01:00:00+00:00,1654.463289081
2025-03-17 02:00:00+00:00,1662.080456467
2025-03-17 03:00:00+00:00,1742.399970498
2025-03-17 04:00:00+00:00,1571.740471154
2025-03-17 05:00:00+00:00,1609.948842128
2025-03-17 06:00:00+00:00,1849.689108093
2025-03-17 07:00:00+00:00,1828.444574139
2025-03-17 08:00:00+00:00,1777.894506312
2025-03-17 09:00:00+00:00,1855.375827190
2025-03-17 10:00:00+00:00,1844.442345038
2025-03-17 11:00:00+00:00,1835.001635815
2025-03-17 12:00:00+00:00,1952.151696500
2025-03-17 13:00:00+00:00,1849.261084292
2025-03-17 14:00:00+00:00,1826.847772115
2025-03-17 15:00:00+00:00,1844.312758400
2025-03-17 16:00:00+00:00,1900.489196746
2025-03-17 17:00:00+00:00,1842.188862578
2025-03-17 18:00:00+00:00,1839.247826814
2025-03-17 19:00:00+00:00,1814.862059099
2025-03-17 20:00:00+00:00,1877.384142339
2025-03-17 21:00:00+00:00,1845.512795720
2025-03-17 22:00:00+00:00,1702.438230314
2025-03-17 23:00:00+00:00,1642.139789354
2025-03-18 00:00:00+00:00,1604.455045069
2025-03-18 01:00:00+00:00,1677.519092403
2025-03-18 02:00:00+00:00,1688.781681865
2025-03-18 03:00:00+00:00,1557.769668045
2025-03-18 04:00:00+00:00,1669.739912536
2025-03-18 05:00:00+00:00,1732.720533505
2025-03-18 06:00:00+00:00,1850.771826199
2025-03-18 07:00:00+00:00,1819.018806394
2025-03-18 08:00:00+00:00,1798.641791092
2025-03-18 09:00:00+00:00,1799.589303878
2025-03-18 10:00:00+00:00,1894.998039469
2025-03-18 11:00:00+00:00,1686.368765763
2025-03-18 12:00:00+00:00,1813.148410538
2025-03-18 13:00:00+00:00,1808.942185556
2025-03-18 14:00:00+00:00,1853.548610284
2025-03-18 15:00:00+00:00,1844.043578098
2025-03-18 16:00:00+00:00,1747.415049901
2025-03-18 17:00:00+00:00,1888.397106500
2025-03-18 18:00:00+00:00,1813.461254623
2025-03-18 19:00:00+00:00,1859.567069068
2025-03-18 20:00:00+00:00,1827.512234814
2025-03-18 21:00:00+00:00,1773.858088524
2025-03-18 22:00:00+00:00,1654.536702958
2025-03-18 23:00:00+00:00,1691.312760206
2025-03-19 00:00:00+00:00,1669.250845434
2025-03-19 01:00:00+00:00,1652.396647883
2025-03-19 02:00:00+00:00,1624.384595298
2025-03-19 03:00:00+00:00,1628.402005763
2025-03-19 04:00:00+00:00,1715.008915057
2025-03-19 05:00:00+00:00,1685.121133348
2025-03-19 06:00:00+00:00,1790.983304084
2025-03-19 07:00:00+00:00,1877.050781937
2025-03-19 08:00:00+00:00,1815.198586164
2025-03-19 09:00:00+00:00,1841.535730021
2025-03-19 10:00:00+00:00,1827.503277131
2025-03-19 11:00:00+00:00,1812.037281596
2025-03-19 12:00:00+00:00,1792.265719453
2025-03-19 13:00:00+00:00,1801.516801629
2025-03-19 14:00:00+00:00,1858.682732612
2025-03-19 15:00:00+00:00,1833.801761592
2025-03-19 16:00:00+00:00,1857.461993693
2025-03-19 17:00:00+00:00,1832.940808779
2025-03-19 18:00:00+00:00,1816.446496786
2025-03-19 19:00:00+00:00,1904.534550288
2025-03-19 20:00:00+00:00,1858.333616491
2025-03-19 21:00:00+00:00,1852.150249337
2025-03-19 22:00:00+00:00,1719.862447838
2025-03-19 23:00:00+00:00,1641.455053346
2025-03-20 00:00:00+00:00,1640.647950273
2025-03-20 01:00:00+00:00,1649.870874931
2025-03-20 02:00:00+00:00,1673.826948193
2025-03-20 03:00:00+00:00,1644.452194894
2025-03-20 04:00:00+00:00,1732.668287518
2025-03-20 05:00:00+00:00,1661.900525845
2025-03-20 06:00:00+00:00,1957.032420271
2025-03-20 07:00:00+00:00,1712.528880064
2025-03-20 08:00:00+00:00,1883.030624913
2025-03-20 09:00:00+00:00,1779.841956694
2025-03-20 10:00:00+00:00,1754.458295478
2025-03-20 11:00:00+00:00,1765.097691262
2025-03-20 12:00:00+00:00,1826.394325768
2025-03-20 13:00:00+00:00,1805.940622380
2025-03-20 14:00:00+00:00,1879.719799260
2025-03-20 15:00:00+00:00,1734.097414094
2025-03-20 16:00:00+00:00,1839.132126997
2025-03-20 17:00:00+00:00,1794.028000594
2025-03-20 18:00:00+00:00,1855.797185178
2025-03-20 19:00:00+00:00,1849.128271705
2025-03-20 20:00:00+00:00,1851.017902832
2025-03-20 21:00:00+00:00,1841.879952867
2025-03-20 22:00:00+00:00,1724.032521004
2025-03-20 23:00:00+00:00,1688.894430733
2025-03-21 00:00:00+00:00,1636.662461423
2025-03-21 01:00:00+00:00,1566.801844816
2025-03-21 02:00:00+00:00,1673.633994996
2025-03-21 03:00:00+00:00,1684.549772590
2025-03-21 04:00:00+00:00,1649.944158138
2025-03-21 05:00:00+00:00,1627.485698050
2025-03-21 06:00:00+00:00,1795.975589586
2025-03-21 07:00:00+00:00,1825.526149720
2025-03-21 08:00:00+00:00,1916.427864069
2025-03-21 09:00:00+00:00,1880.777961518
2025-03-21 10:00:00+00:00,1757.304542329
2025-03-21 11:00:00+00:00,1821.849148496
2025-03-21 12:00:00+00:00,1818.341961419
2025-03-21 13:00:00+00:00,1795.885772407
2025-03-21 14:00:00+00:00,1789.195448270
2025-03-21 15:00:00+00:00,1878.012388314
2025-03-21 16:00:00+00:00,1787.067624114
2025-03-21 17:00:00+00:00,1828.550216594
2025-03-21 18:00:00+00:00,1801.712880065
2025-03-21 19:00:00+00:00,1778.018482758
2025-03-21 20:00:00+00:00,1884.471783802
2025-03-21 21:00:00+00:00,1909.534624659
2025-03-21 22:00:00+00:00,1686.288541209
2025-03-21 23:00:00+00:00,1623.653646520
2025-03-22 00:00:00+00:00,1487.813456119
2025-03-22 01:00:00+00:00,1503.191305907
2025-03-22 02:00:00+00:00,1487.048854990
2025-03-22 03:00:00+00:00,1522.565194841
2025-03-22 04:00:00+00:00,1505.828409000
2025-03-22 05:00:00+00:00,1551.493165820
2025-03-22 06:00:00+00:00,1665.315763323
2025-03-22 07:00:00+00:00,1658.080624217
2025-03-22 08:00:00+00:00,1731.590997161
2025-03-22 09:00:00+00:00,1713.827508473
2025-03-22 10:00:00+00:00,1657.190131763
2025-03-22 11:00:00+00:00,1734.324714481
2025-03-22 12:00:00+00:00,1633.761742700
2025-03-22 13:00:00+00:00,1697.221948066
2025-03-22 14:00:00+00:00,1685.041298782
2025-03-22 15:00:00+00:00,1676.155546915
2025-03-22 16:00:00+00:00,1719.080498614
2025-03-22 17:00:00+00:00,1643.014164667
2025-03-22 18:00:00+00:00,1710.534784056
2025-03-22 19:00:00+00:00,1702.246295633
2025-03-22 20:00:00+00:00,1589.736409184
2025-03-22 21:00:00+00:00,1702.787272875
2025-03-22 22:00:00+00:00,1573.821499077
2025-03-22 23:00:00+00:00,1576.755496023
2025-03-23 00:00:00+00:00,1531.462304782
2025-03-23 01:00:00+00:00,1543.160305493
2025-03-23 02:00:00+00:00,1537.393629780
2025-03-23 03:00:00+00:00,1449.402579695
2025-03-23 04:00:00+00:00,1525.457984454
2025-03-23 05:00:00+00:00,1556.790420288
2025-03-23 06:00:00+00:00,1659.341916103
2025-03-23 07:00:00+00:00,1688.070744098
2025-03-23 08:00:00+00:00,1704.701472676
2025-03-23 09:00:00+00:00,1636.853268814
2025-03-23 10:00:00+00:00,1700.873735027
2025-03-23 11:00:00+00:00,1746.858340826
2025-03-23 12:00:00+00:00,1744.592970214
2025-03-23 13:00:00+00:00,1780.270233311
2025-03-23 14:00:00+00:00,1713.547883057
2025-03-23 15:00:00+00:00,1723.900617507
2025-03-23 16:00:00+00:00,1798.502152054
2025-03-23 17:00:00+00:00,1615.639897043
2025-03-23 18:00:00+00:00,1694.961500667
2025-03-23 19:00:00+00:00,1692.857384149
2025-03-23 20:00:00+00:00,1772.000530435
2025-03-23 21:00:00+00:00,1735.987732229
2025-03-23 22:00:00+00:00,1576.147820846
2025-03-23 23:00:00+00:00,1500.529390987
2025-03-24 00:00:00+00:00,1673.260318239
2025-03-24 01:00:00+00:00,1650.111087104
2025-03-24 02:00:00+00:00,1723.994477021
2025-03-24 03:00:00+00:00,1733.788527048
2025-03-24 04:00:00+00:00,1634.908013179
2025-03-24 05:00:00+00:00,1644.825904406
2025-03-24 06:00:00+00:00,1830.689006157
2025-03-24 07:00:00+00:00,1835.621072310
2025-03-24 08:00:00+00:00,1892.674040778
2025-03-24 09:00:00+00:00,1752.941110076
2025-03-24 10:00:00+00:00,1822.676348759
2025-03-24 11:00:00+00:00,1885.022242413
2025-03-24 12:00:00+00:00,1861.075123651
2025-03-24 13:00:00+00:00,1794.842652290
2025-03-24 14:00:00+00:00,1789.789487496
2025-03-24 15:00:00+00:00,1815.557394170
2025-03-24 16:00:00+00:00,1834.336906523
2025-03-24 17:00:00+00:00,1759.939613596
2025-03-24 18:00:00+00:00,1797.837765152
2025-03-24 19:00:00+00:00,1790.477091116
2025-03-24 20:00:00+00:00,1682.682248653
2025-03-24 21:00:00+00:00,1890.958013200
2025-03-24 22:00:00+00:00,1683.364440429
2025-03-24 23:00:00+00:00,1610.122415292
2025-03-25 00:00:00+00:00,1664.543658925
2025-03-25 01:00:00+00:00,1667.734361846
2025-03-25 02:00:00+00:00,1648.429208344
2025-03-25 03:00:00+00:00,1593.346407774
2025-03-25 04:00:00+00:00,1641.056298737
2025-03-25 05:00:00+00:00,1603.401157273
2025-03-25 06:00:00+00:00,1845.899835808
2025-03-25 07:00:00+00:00,1820.054504524
2025-03-25 08:00:00+00:00,1797.808267905
2025-03-25 09:00:00+00:00,1838.844669279
2025-03-25 10:00:00+00:00,1822.049606759
2025-03-25 11:00:00+00:00,1797.654248536
2025-03-25 12:00:00+00:00,1803.019473331
2025-03-25 13:00:00+00:00,1806.389736106
2025-03-25 14:00:00+00:00,1722.990558685
2025-03-25 15:00:00+00:00,1873.892369913
2025-03-25 16:00:00+00:00,1852.965138010
2025-03-25 17:00:00+00:00,1820.594620701
2025-03-25 18:00:00+00:00,1770.952309064
2025-03-25 19:00:00+00:00,1887.435654946
2025-03-25 20:00:00+00:00,1805.999090985
2025-03-25 21:00:00+00:00,1856.405049345
2025-03-25 22:00:00+00:00,1635.541670638
2025-03-25 23:00:00+00:00,1736.787456748
2025-03-26 00:00:00+00:00,1710.106896681
2025-03-26 01:00:00+00:00,1651.694093144
2025-03-26 02:00:00+00:00,1678.348883854
2025-03-26 03:00:00+00:00,1723.911555034
2025-03-26 04:00:00+00:00,1667.254845960
2025-03-26 05:00:00+00:00,1644.841323893
2025-03-26 06:00:00+00:00,1788.151013078
2025-03-26 07:00:00+00:00,1813.543171630
2025-03-26 08:00:00+00:00,1774.216708278
2025-03-26 09:00:00+00:00,1848.270241114
2025-03-26 10:00:00+00:00,1846.137343607
2025-03-26 11:00:00+00:00,1860.275035166
2025-03-26 12:00:00+00:00,1867.260556096
2025-03-26 13:00:00+00:00,1873.513640724
2025-03-26 14:00:00+00:00,1832.718741803
2025-03-26 15:00:00+00:00,1804.231704155
2025-03-26 16:00:00+00:00,1844.216664811
2025-03-26 17:00:00+00:00,1821.981901183
2025-03-26 18:00:00+00:00,1779.598921926
2025-03-26 19:00:00+00:00,1844.156171941
2025-03-26 20:00:00+00:00,1855.240416864
2025-03-26 21:00:00+00:00,1816.284823580
2025-03-26 22:00:00+00:00,1669.095503760
2025-03-26 23:00:00+00:00,1618.613935229
2025-03-27 00:00:00+00:00,1683.786309755
2025-03-27 01:00:00+00:00,1617.760854379
2025-03-27 02:00:00+00:00,1658.530846097
2025-03-27 03:00:00+00:00,1689.070578931
2025-03-27 04:00:00+00:00,1619.281958436
2025-03-27 05:00:00+00:00,1581.453418571
2025-03-27 06:00:00+00:00,1822.154708983
2025-03-27 07:00:00+00:00,1847.775298077
2025-03-27 08:00:00+00:00,1836.052989801
2025-03-27 09:00:00+00:00,1841.856414795
2025-03-27 10:00:00+00:00,1820.633088283
2025-03-27 11:00:00+00:00,1731.088939749
2025-03-27 12:00:00+00:00,1763.282355325
2025-03-27 13:00:00+00:00,1768.756030114
2025-03-27 14:00:00+00:00,1826.470175610
2025-03-27 15:00:00+00:00,1795.514158556
2025-03-27 16:00:00+00:00,1799.859448399
2025-03-27 17:00:00+00:00,1858.775238758
2025-03-27 18:00:00+00:00,1776.208041225
2025-03-27 19:00:00+00:00,1822.802250788
2025-03-27 20:00:00+00:00,1812.035591209
2025-03-27 21:00:00+00:00,1835.755179412
2025-03-27 22:00:00+00:00,1634.169578485
2025-03-27 23:00:00+00:00,1673.871767811
2025-03-28 00:00:00+00:00,1700.356581233
2025-03-28 01:00:00+00:00,1610.969376662
2025-03-28 02:00:00+00:00,1705.999738381
2025-03-28 03:00:00+00:00,1644.988163533
2025-03-28 04:00:00+00:00,1681.363560599
2025-03-28 05:00:00+00:00,1621.562567259
2025-03-28 06:00:00+00:00,1776.697161218
2025-03-28 07:00:00+00:00,1793.694851739
2025-03-28 08:00:00+00:00,1820.028688335
2025-03-28 09:00:00+00:00,1803.136334295
2025-03-28 10:00:00+00:00,1857.693924747
2025-03-28 11:00:00+00:00,1797.923884104
2025-03-28 12:00:00+00:00,1855.389348644
2025-03-28 13:00:00+00:00,1806.232166960
2025-03-28 14:00:00+00:00,1779.770799123
2025-03-28 15:00:00+00:00,1859.165587403
2025-03-28 16:00:00+00:00,1874.139453142
2025-03-28 17:00:00+00:00,1797.295669676
2025-03-28 18:00:00+00:00,1786.845302758
2025-03-28 19:00:00+00:00,1809.095632629
2025-03-28 20:00:00+00:00,1825.449789041
2025-03-28 21:00:00+00:00,1811.082452982
2025-03-28 22:00:00+00:00,1609.690461604
2025-03-28 23:00:00+00:00,1639.485970404
2025-03-29 00:00:00+00:00,1513.726716812
2025-03-29 01:00:00+00:00,1550.857405641
2025-03-29 02:00:00+00:00,1542.907347850
2025-03-29 03:00:00+00:00,1623.627533662
2025-03-29 04:00:00+00:00,1549.059563180
2025-03-29 05:00:00+00:00,1469.878333946
2025-03-29 06:00:00+00:00,1622.505376644
2025-03-29 07:00:00+00:00,1692.693672060
2025-03-29 08:00:00+00:00,1662.842338679
2025-03-29 09:00:00+00:00,1669.665292376
2025-03-29 10:00:00+00:00,1655.015224242
2025-03-29 11:00:00+00:00,1616.751418526
2025-03-29 12:00:00+00:00,1703.982575996
2025-03-29 13:00:00+00:00,1687.817213739
2025-03-29 14:00:00+00:00,1651.241868710
2025-03-29 15:00:00+00:00,1695.181532433
2025-03-29 16:00:00+00:00,1631.955499029
2025-03-29 17:00:00+00:00,1706.649187295
2025-03-29 18:00:00+00:00,1639.921355287
2025-03-29 19:00:00+00:00,1736.986325515
2025-03-29 20:00:00+00:00,1704.786150128
2025-03-29 21:00:00+00:00,1675.292218454
2025-03-29 22:00:00+00:00,1442.824484037
2025-03-29 23:00:00+00:00,1553.244876649
2025-03-30 00:00:00+00:00,1572.320987855
2025-03-30 01:00:00+00:00,1593.958859503
2025-03-30 02:00:00+00:00,1518.804834506
2025-03-30 03:00:00+00:00,1546.058789687
2025-03-30 04:00:00+00:00,1469.643109398
2025-03-30 05:00:00+00:00,1501.053251782
2025-03-30 06:00:00+00:00,1721.309133651
2025-03-30 07:00:00+00:00,1712.455458958
2025-03-30 08:00:00+00:00,1582.063091187
2025-03-30 09:00:00+00:00,1650.773904357
2025-03-30 10:00:00+00:00,1686.535589990
2025-03-30 11:00:00+00:00,1714.825924640
2025-03-30 12:00:00+00:00,1615.967233002
2025-03-30 13:00:00+00:00,1681.841349795
2025-03-30 14:00:00+00:00,1660.664919919
2025-03-30 15:00:00+00:00,1634.975962899
2025-03-30 16:00:00+00:00,1723.771655157
2025-03-30 17:00:00+00:00,1684.724023125
2025-03-30 18:00:00+00:00,1659.617356074
2025-03-30 19:00:00+00:00,1807.109187877
2025-03-30 20:00:00+00:00,1721.540280050
2025-03-30 21:00:00+00:00,1705.989750387
2025-03-30 22:00:00+00:00,1596.139358820
2025-03-30 23:00:00+00:00,1573.069623439
2025-03-31 00:00:00+00:00,1589.027930162
2025-03-31 01:00:00+00:00,1650.682705793
2025-03-31 02:00:00+00:00,1576.508594699
2025-03-31 03:00:00+00:00,1541.111952540
2025-03-31 04:00:00+00:00,1729.089467077
2025-03-31 05:00:00+00:00,1662.597673094
2025-03-31 06:00:00+00:00,1854.439982814
2025-03-31 07:00:00+00:00,1809.545975420
2025-03-31 08:00:00+00:00,1917.568078461
2025-03-31 09:00:00+00:00,1755.715115414
2025-03-31 10:00:00+00:00,1710.862163435
2025-03-31 11:00:00+00:00,1805.227463474
2025-03-31 12:00:00+00:00,1841.156559990
2025-03-31 13:00:00+00:00,1747.903211732
2025-03-31 14:00:00+00:00,1895.189746428
2025-03-31 15:00:00+00:00,1906.559607425
2025-03-31 16:00:00+00:00,1809.615858433
2025-03-31 17:00:00+00:00,1855.975122771
2025-03-31 18:00:00+00:00,1809.564585089
2025-03-31 19:00:00+00:00,1877.723150646
2025-03-31 20:00:00+00:00,1771.778590804
2025-03-31 21:00:00+00:00,1813.696609448
2025-03-31 22:00:00+00:00,1651.356856946
2025-03-31 23:00:00+00:00,1678.916625956
2025-04-01 00:00:00+00:00,1703.471460474
2025-04-01 01:00:00+00:00,1620.176422639
2025-04-01 02:00:00+00:00,1617.741597226
2025-04-01 03:00:00+00:00,1652.455729030
2025-04-01 04:00:00+00:00,1678.516700871
2025-04-01 05:00:00+00:00,1669.082189548
2025-04-01 06:00:00+00:00,1757.268032983
2025-04-01 07:00:00+00:00,1863.691942969
2025-04-01 08:00:00+00:00,1854.023211372
2025-04-01 09:00:00+00:00,1806.803506374
2025-04-01 10:00:00+00:00,1768.461876336
2025-04-01 11:00:00+00:00,1765.436419442
2025-04-01 12:00:00+00:00,1804.064849210
2025-04-01 13:00:00+00:00,1816.196153724
2025-04-01 14:00:00+00:00,1839.833993137
2025-04-01 15:00:00+00:00,1849.588396878
2025-04-01 16:00:00+00:00,1837.381981987
2025-04-01 17:00:00+00:00,1812.188582987
2025-04-01 18:00:00+00:00,1777.879851061
2025-04-01 19:00:00+00:00,1923.958476432
2025-04-01 20:00:00+00:00,1794.480088479
2025-04-01 21:00:00+00:00,1894.350301360
2025-04-01 22:00:00+00:00,1693.993053041
2025-04-01 23:00:00+00:00,1580.607228705
2025-04-02 00:00:00+00:00,1613.129240508
2025-04-02 01:00:00+00:00,1634.544016888
2025-04-02 02:00:00+00:00,1710.382522516
2025-04-02 03:00:00+00:00,1681.439574290
2025-04-02 04:00:00+00:00,1671.253336590
2025-04-02 05:00:00+00:00,1620.158571348
2025-04-02 06:00:00+00:00,1816.812635514
2025-04-02 07:00:00+00:00,1813.758665941
2025-04-02 08:00:00+00:00,1844.767288327
2025-04-02 09:00:00+00:00,1804.868166001
2025-04-02 10:00:00+00:00,1791.714215580
2025-04-02 11:00:00+00:00,1820.548027294
2025-04-02 12:00:00+00:00,1823.730304674
2025-04-02 13:00:00+00:00,1812.869538034
2025-04-02 14:00:00+00:00,1816.354659178
2025-04-02 15:00:00+00:00,1831.380274006
2025-04-02 16:00:00+00:00,1772.211531033
2025-04-02 17:00:00+00:00,1796.696088895
2025-04-02 18:00:00+00:00,1764.504641812
2025-04-02 19:00:00+00:00,1838.021093133
2025-04-02 20:00:00+00:00,1825.733342455
2025-04-02 21:00:00+00:00,1824.322135520
2025-04-02 22:00:00+00:00,1718.886724140
2025-04-02 23:00:00+00:00,1700.472704518
2025-04-03 00:00:00+00:00,1624.932484506
2025-04-03 01:00:00+00:00,1612.670530343
2025-04-03 02:00:00+00:00,1641.371111322
2025-04-03 03:00:00+00:00,1618.812853676
2025-04-03 04:00:00+00:00,1648.487201711
2025-04-03 05:00:00+00:00,1626.300877509
2025-04-03 06:00:00+00:00,1813.017880206
2025-04-03 07:00:00+00:00,1822.975547756
2025-04-03 08:00:00+00:00,1797.494303760
2025-04-03 09:00:00+00:00,1869.732833824
2025-04-03 10:00:00+00:00,1776.470746744
2025-04-03 11:00:00+00:00,1820.754730105
2025-04-03 12:00:00+00:00,1736.347325552
2025-04-03 13:00:00+00:00,1773.661084855
2025-04-03 14:00:00+00:00,1847.007004590
2025-04-03 15:00:00+00:00,1820.020745896
2025-04-03 16:00:00+00:00,1767.855713791
2025-04-03 17:00:00+00:00,1847.556898769
2025-04-03 18:00:00+00:00,1789.930155578
2025-04-03 19:00:00+00:00,1853.852927544
2025-04-03 20:00:00+00:00,1760.221408700
2025-04-03 21:00:00+00:00,1850.736809644
2025-04-03 22:00:00+00:00,1691.610235963
2025-04-03 23:00:00+00:00,1742.905045688
2025-04-04 00:00:00+00:00,1695.586025694
2025-04-04 01:00:00+00:00,1673.086958304
2025-04-04 02:00:00+00:00,1684.980938222
2025-04-04 03:00:00+00:00,1658.149178444
2025-04-04 04:00:00+00:00,1606.233635022
2025-04-04 05:00:00+00:00,1666.817997937
2025-04-04 06:00:00+00:00,1756.507089354
2025-04-04 07:00:00+00:00,1744.478681906
2025-04-04 08:00:00+00:00,1809.064508618
2025-04-04 09:00:00+00:00,1816.404788599
2025-04-04 10:00:00+00:00,1762.370328269
2025-04-04 11:00:00+00:00,1809.221635664
2025-04-04 12:00:00+00:00,1816.923173807
2025-04-04 13:00:00+00:00,1698.079694746
2025-04-04 14:00:00+00:00,1777.844339644
2025-04-04 15:00:00+00:00,1830.759999223
2025-04-04 16:00:00+00:00,1804.622957841
2025-04-04 17:00:00+00:00,1887.634697836
2025-04-04 18:00:00+00:00,1826.345719494
2025-04-04 19:00:00+00:00,1813.549482648
2025-04-04 20:00:00+00:00,1787.342582521
2025-04-04 21:00:00+00:00,1913.182318879
2025-04-04 22:00:00+00:00,1684.076284204
2025-04-04 23:00:00+00:00,1656.017943794
2025-04-05 00:00:00+00:00,1499.963976521
2025-04-05 01:00:00+00:00,1560.725591955
2025-04-05 02:00:00+00:00,1545.130655355
2025-04-05 03:00:00+00:00,1524.480602734
2025-04-05 04:00:00+00:00,1502.061708842
2025-04-05 05:00:00+00:00,1570.931042550
2025-04-05 06:00:00+00:00,1696.085389337
2025-04-05 07:00:00+00:00,1626.505368570
2025-04-05 08:00:00+00:00,1657.635471762
2025-04-05 09:00:00+00:00,1761.219209696
2025-04-05 10:00:00+00:00,1774.371641393
2025-04-05 11:00:00+00:00,1650.909896531
2025-04-05 12:00:00+00:00,1685.108007827
2025-04-05 13:00:00+00:00,1637.967624445
2025-04-05 14:00:00+00:00,1619.685921412
2025-04-05 15:00:00+00:00,1648.659183104
2025-04-05 16:00:00+00:00,1588.530032846
2025-04-05 17:00:00+00:00,1729.278336895
2025-04-05 18:00:00+00:00,1662.117819114
2025-04-05 19:00:00+00:00,1720.393020682
2025-04-05 20:00:00+00:00,1733.835889941
2025-04-05 21:00:00+00:00,1726.270705479
2025-04-05 22:00:00+00:00,1463.356347462
2025-04-05 23:00:00+00:00,1522.198385670
2025-04-06 00:00:00+00:00,1490.653680063
2025-04-06 01:00:00+00:00,1520.699872709
2025-04-06 02:00:00+00:00,1552.435982579
2025-04-06 03:00:00+00:00,1503.865869853
2025-04-06 04:00:00+00:00,1543.347009165
2025-04-06 05:00:00+00:00,1586.401492654
2025-04-06 06:00:00+00:00,1714.314252803
2025-04-06 07:00:00+00:00,1630.319571096
2025-04-06 08:00:00+00:00,1656.857043385
2025-04-06 09:00:00+00:00,1636.202368534
2025-04-06 10:00:00+00:00,1625.440300531
2025-04-06 11:00:00+00:00,1688.605936759
2025-04-06 12:00:00+00:00,1640.530661634
2025-04-06 13:00:00+00:00,1682.834565982
2025-04-06 14:00:00+00:00,1664.035779096
2025-04-06 15:00:00+00:00,1659.468205041
2025-04-06 16:00:00+00:00,1703.918501061
2025-04-06 17:00:00+00:00,1692.225114533
2025-04-06 18:00:00+00:00,1676.656256836
2025-04-06 19:00:00+00:00,1683.881620947
2025-04-06 20:00:00+00:00,1691.240243352
2025-04-06 21:00:00+00:00,1694.187416175
2025-04-06 22:00:00+00:00,1481.497970159
2025-04-06 23:00:00+00:00,1484.709413421
2025-04-07 00:00:00+00:00,1658.198179905
2025-04-07 01:00:00+00:00,1596.047292368
2025-04-07 02:00:00+00:00,1678.149058574
2025-04-07 03:00:00+00:00,1600.816505256
2025-04-07 04:00:00+00:00,1590.320277719
2025-04-07 05:00:00+00:00,1643.249402539
2025-04-07 06:00:00+00:00,1791.484391310
2025-04-07 07:00:00+00:00,1781.626859506
2025-04-07 08:00:00+00:00,1856.199289208
2025-04-07 09:00:00+00:00,1822.715560297
2025-04-07 10:00:00+00:00,1846.253602240
2025-04-07 11:00:00+00:00,1816.462719088
2025-04-07 12:00:00+00:00,1729.314218063
2025-04-07 13:00:00+00:00,1817.008643934
2025-04-07 14:00:00+00:00,1859.698570143
2025-04-07 15:00:00+00:00,1855.205233146
2025-04-07 16:00:00+00:00,1801.605224671
2025-04-07 17:00:00+00:00,1817.945813684
2025-04-07 18:00:00+00:00,1857.529386581
2025-04-07 19:00:00+00:00,1808.364025657
2025-04-07 20:00:00+00:00,1802.447690246
2025-04-07 21:00:00+00:00,1796.805199761
2025-04-07 22:00:00+00:00,1655.288976010
2025-04-07 23:00:00+00:00,1701.182746130
2025-04-08 00:00:00+00:00,1681.978495303
2025-04-08 01:00:00+00:00,1647.160853685
2025-04-08 02:00:00+00:00,1690.558303234
2025-04-08 03:00:00+00:00,1691.061624458
2025-04-08 04:00:00+00:00,1626.091921375
2025-04-08 05:00:00+00:00,1605.074289803
2025-04-08 06:00:00+00:00,1820.488889933
2025-04-08 07:00:00+00:00,1828.611062354
2025-04-08 08:00:00+00:00,1848.264092889
2025-04-08 09:00:00+00:00,1742.734217332
2025-04-08 10:00:00+00:00,1838.190071195
2025-04-08 11:00:00+00:00,1817.162709011
2025-04-08 12:00:00+00:00,1795.323719520
2025-04-08 13:00:00+00:00,1794.889166506
2025-04-08 14:00:00+00:00,1759.646689529
2025-04-08 15:00:00+00:00,1712.926018757
2025-04-08 16:00:00+00:00,1804.932899668
2025-04-08 17:00:00+00:00,1842.399318174
2025-04-08 18:00:00+00:00,1848.764144042
2025-04-08 19:00:00+00:00,1826.018520636
2025-04-08 20:00:00+00:00,1830.926407273
2025-04-08 21:00:00+00:00,1805.758185577
2025-04-08 22:00:00+00:00,1668.438852075
2025-04-08 23:00:00+00:00,1713.978033424
2025-04-09 00:00:00+00:00,1661.369637284
2025-04-09 01:00:00+00:00,1651.169402773
2025-04-09 02:00:00+00:00,1622.213206734
2025-04-09 03:00:00+00:00,1688.715718734
2025-04-09 04:00:00+00:00,1672.224177472
2025-04-09 05:00:00+00:00,1631.538772261
2025-04-09 06:00:00+00:00,1850.790729204
2025-04-09 07:00:00+00:00,1830.857173269
2025-04-09 08:00:00+00:00,1859.289212263
2025-04-09 09:00:00+00:00,1837.999287765
2025-04-09 10:00:00+00:00,1788.694623356
2025-04-09 11:00:00+00:00,1811.489022602
2025-04-09 12:00:00+00:00,1866.919064585
2025-04-09 13:00:00+00:00,1829.866976956
2025-04-09 14:00:00+00:00,1822.915263941
2025-04-09 15:00:00+00:00,1868.644233390
2025-04-09 16:00:00+00:00,1785.558221334
2025-04-09 17:00:00+00:00,1845.103179610
2025-04-09 18:00:00+00:00,1844.968862561
2025-04-09 19:00:00+00:00,1805.339620193
2025-04-09 20:00:00+00:00,1779.630815285
2025-04-09 21:00:00+00:00,1800.783925451
2025-04-09 22:00:00+00:00,1709.033874698
2025-04-09 23:00:00+00:00,1687.778009629
2025-04-10 00:00:00+00:00,1658.313980764
2025-04-10 01:00:00+00:00,1606.056270492
2025-04-10 02:00:00+00:00,1613.950513480
2025-04-10 03:00:00+00:00,1630.707486102
2025-04-10 04:00:00+00:00,1582.903603852
2025-04-10 05:00:00+00:00,1725.372839664
2025-04-10 06:00:00+00:00,1746.176102908
2025-04-10 07:00:00+00:00,1873.254983247
2025-04-10 08:00:00+00:00,1808.317965754
2025-04-10 09:00:00+00:00,1816.457583043
2025-04-10 10:00:00+00:00,1840.853151708
2025-04-10 11:00:00+00:00,1854.348224841
2025-04-10 12:00:00+00:00,1835.961780023
2025-04-10 13:00:00+00:00,1780.358919944
2025-04-10 14:00:00+00:00,1858.947334501
2025-04-10 15:00:00+00:00,1926.941349825
2025-04-10 16:00:00+00:00,1789.096475903
2025-04-10 17:00:00+00:00,1762.395678273
2025-04-10 18:00:00+00:00,1757.433860567
2025-04-10 19:00:00+00:00,1745.367258491
2025-04-10 20:00:00+00:00,1762.500620313
2025-04-10 21:00:00+00:00,1809.671583982
2025-04-10 22:00:00+00:00,1576.404465729
2025-04-10 23:00:00+00:00,1638.087475077
2025-04-11 00:00:00+00:00,1603.529583610
2025-04-11 01:00:00+00:00,1612.368388924
2025-04-11 02:00:00+00:00,1657.023891475
2025-04-11 03:00:00+00:00,1660.074580011
2025-04-11 04:00:00+00:00,1653.212154282
2025-04-11 05:00:00+00:00,1586.948815684
2025-04-11 06:00:00+00:00,1844.629223280
2025-04-11 07:00:00+00:00,1886.130881365
2025-04-11 08:00:00+00:00,1824.294520933
2025-04-11 09:00:00+00:00,1757.711260114
2025-04-11 10:00:00+00:00,1815.942420049
2025-04-11 11:00:00+00:00,1853.936694790
2025-04-11 12:00:00+00:00,1827.885701529
2025-04-11 13:00:00+00:00,1770.092863758
2025-04-11 14:00:00+00:00,1827.466800601
2025-04-11 15:00:00+00:00,1824.158207240
2025-04-11 16:00:00+00:00,1808.003579933
2025-04-11 17:00:00+00:00,1819.376359237
2025-04-11 18:00:00+00:00,1847.993369575
2025-04-11 19:00:00+00:00,1855.065899550
2025-04-11 20:00:00+00:00,1839.256361202
2025-04-11 21:00:00+00:00,1903.240521106
2025-04-11 22:00:00+00:00,1626.376864923
2025-04-11 23:00:00+00:00,1651.161741805
2025-04-12 00:00:00+00:00,1503.919821614
2025-04-12 01:00:00+00:00,1568.732380330
2025-04-12 02:00:00+00:00,1531.123388242
2025-04-12 03:00:00+00:00,1548.514147346
2025-04-12 04:00:00+00:00,1527.197766194
2025-04-12 05:00:00+00:00,1490.904124655
2025-04-12 06:00:00+00:00,1680.812909141
2025-04-12 07:00:00+00:00,1631.558050386
2025-04-12 08:00:00+00:00,1689.497806993
2025-04-12 09:00:00+00:00,1639.095575948
2025-04-12 10:00:00+00:00,1620.973005710
2025-04-12 11:00:00+00:00,1688.925111206
2025-04-12 12:00:00+00:00,1663.488483711
2025-04-12 13:00:00+00:00,1635.621438562
2025-04-12 14:00:00+00:00,1633.988201650
2025-04-12 15:00:00+00:00,1651.780153528
2025-04-12 16:00:00+00:00,1718.100578029
2025-04-12 17:00:00+00:00,1621.899947425
2025-04-12 18:00:00+00:00,1578.036035931
2025-04-12 19:00:00+00:00,1655.157148956
2025-04-12 20:00:00+00:00,1693.894077381
2025-04-12 21:00:00+00:00,1606.880897592
2025-04-12 22:00:00+00:00,1474.817511394
2025-04-12 23:00:00+00:00,1499.897530380
2025-04-13 00:00:00+00:00,1551.386009459
2025-04-13 01:00:00+00:00,1499.703798522
2025-04-13 02:00:00+00:00,1550.026800051
2025-04-13 03:00:00+00:00,1479.843584158
2025-04-13 04:00:00+00:00,1522.556395612
2025-04-13 05:00:00+00:00,1587.765310813
2025-04-13 06:00:00+00:00,1644.422794643
2025-04-13 07:00:00+00:00,1700.175734390
2025-04-13 08:00:00+00:00,1636.274003709
2025-04-13 09:00:00+00:00,1685.291092576
2025-04-13 10:00:00+00:00,1676.543272659
2025-04-13 11:00:00+00:00,1685.837203956
2025-04-13 12:00:00+00:00,1752.482663632
2025-04-13 13:00:00+00:00,1632.347607266
2025-04-13 14:00:00+00:00,1689.618068084
2025-04-13 15:00:00+00:00,1606.465678139
2025-04-13 16:00:00+00:00,1692.603905805
2025-04-13 17:00:00+00:00,1664.724093217
2025-04-13 18:00:00+00:00,1634.424087671
2025-04-13 19:00:00+00:00,1681.761118218
2025-04-13 20:00:00+00:00,1653.467688781
2025-04-13 21:00:00+00:00,1640.447325475
2025-04-13 22:00:00+00:00,1555.388317980
2025-04-13 23:00:00+00:00,1524.053826184
2025-04-14 00:00:00+00:00,1735.041537998
2025-04-14 01:00:00+00:00,1677.171593767
2025-04-14 02:00:00+00:00,1640.835107545
2025-04-14 03:00:00+00:00,1622.254461711
2025-04-14 04:00:00+00:00,1666.957175488
2025-04-14 05:00:00+00:00,1721.988180970
2025-04-14 06:00:00+00:00,1795.669000548
2025-04-14 07:00:00+00:00,1812.554137432
2025-04-14 08:00:00+00:00,1804.321431811
2025-04-14 09:00:00+00:00,1725.804440516
2025-04-14 10:00:00+00:00,1813.805596428
2025-04-14 11:00:00+00:00,1859.176046246
2025-04-14 12:00:00+00:00,1852.854638544
2025-04-14 13:00:00+00:00,1866.998978378
2025-04-14 14:00:00+00:00,1784.862870494
2025-04-14 15:00:00+00:00,1804.719382572
2025-04-14 16:00:00+00:00,1821.755039625
2025-04-14 17:00:00+00:00,1842.124646458
2025-04-14 18:00:00+00:00,1792.373158490
2025-04-14 19:00:00+00:00,1786.276797897
2025-04-14 20:00:00+00:00,1779.978943468
2025-04-14 21:00:00+00:00,1875.754849948
2025-04-14 22:00:00+00:00,1663.935365612
2025-04-14 23:00:00+00:00,1617.651332837
2025-04-15 00:00:00+00:00,1665.840634265
2025-04-15 01:00:00+00:00,1678.860400656
2025-04-15 02:00:00+00:00,1653.708307026
2025-04-15 03:00:00+00:00,1628.106134181
2025-04-15 04:00:00+00:00,1682.703667180
2025-04-15 05:00:00+00:00,1587.592334718
2025-04-15 06:00:00+00:00,1794.768585491
2025-04-15 07:00:00+00:00,1907.296822844
2025-04-15 08:00:00+00:00,1859.349251524
2025-04-15 09:00:00+00:00,1899.809222595
2025-04-15 10:00:00+00:00,1834.575337401
2025-04-15 11:00:00+00:00,1778.140312280
2025-04-15 12:00:00+00:00,1761.152387717
2025-04-15 13:00:00+00:00,1791.542807705
2025-04-15 14:00:00+00:00,1833.328714235
2025-04-15 15:00:00+00:00,1771.253329063
2025-04-15 16:00:00+00:00,1824.409752097
2025-04-15 17:00:00+00:00,1776.325471308
2025-04-15 18:00:00+00:00,1798.252785184
2025-04-15 19:00:00+00:00,1846.065527569
2025-04-15 20:00:00+00:00,1825.464869055
2025-04-15 21:00:00+00:00,1884.453297083
2025-04-15 22:00:00+00:00,1624.137517033
2025-04-15 23:00:00+00:00,1627.122419460
2025-04-16 00:00:00+00:00,1711.394359446
2025-04-16 01:00:00+00:00,1596.966130372
2025-04-16 02:00:00+00:00,1659.338760475
2025-04-16 03:00:00+00:00,1711.074613296
2025-04-16 04:00:00+00:00,1649.050501228
2025-04-16 05:00:00+00:00,1693.165031817
2025-04-16 06:00:00+00:00,1799.431730501
2025-04-16 07:00:00+00:00,1859.346618419
2025-04-16 08:00:00+00:00,1699.078440771
2025-04-16 09:00:00+00:00,1721.226082946
2025-04-16 10:00:00+00:00,1808.999003933
2025-04-16 11:00:00+00:00,1770.077519187
2025-04-16 12:00:00+00:00,1837.200021850
2025-04-16 13:00:00+00:00,1723.629673970
2025-04-16 14:00:00+00:00,1863.183280663
2025-04-16 15:00:00+00:00,1837.417288132
2025-04-16 16:00:00+00:00,1704.170176571
2025-04-16 17:00:00+00:00,1808.077000550
2025-04-16 18:00:00+00:00,1876.917040569
2025-04-16 19:00:00+00:00,1722.086621822
2025-04-16 20:00:00+00:00,1773.704417343
2025-04-16 21:00:00+00:00,1805.245349737
2025-04-16 22:00:00+00:00,1627.078962749
2025-04-16 23:00:00+00:00,1620.251724563
2025-04-17 00:00:00+00:00,1673.648020105
2025-04-17 01:00:00+00:00,1613.569443812
2025-04-17 02:00:00+00:00,1623.490526982
2025-04-17 03:00:00+00:00,1662.542514829
2025-04-17 04:00:00+00:00,1647.106193028
2025-04-17 05:00:00+00:00,1645.765286861
2025-04-17 06:00:00+00:00,1781.275072007
2025-04-17 07:00:00+00:00,1853.901258170
2025-04-17 08:00:00+00:00,1782.426313785
2025-04-17 09:00:00+00:00,1824.931543375
2025-04-17 10:00:00+00:00,1836.814325964
2025-04-17 11:00:00+00:00,1872.658235170
2025-04-17 12:00:00+00:00,1789.435488225
2025-04-17 13:00:00+00:00,1822.281213434
2025-04-17 14:00:00+00:00,1838.783435688
2025-04-17 15:00:00+00:00,1741.507554656
2025-04-17 16:00:00+00:00,1816.063317453
2025-04-17 17:00:00+00:00,1755.095484761
2025-04-17 18:00:00+00:00,1747.658199691
2025-04-17 19:00:00+00:00,1820.782162599
2025-04-17 20:00:00+00:00,1718.159107298
2025-04-17 21:00:00+00:00,1852.409374310
2025-04-17 22:00:00+00:00,1637.733056771
2025-04-17 23:00:00+00:00,1662.472247705
2025-04-18 00:00:00+00:00,1596.259588079
2025-04-18 01:00:00+00:00,1595.305916804
2025-04-18 02:00:00+00:00,1652.415014878
2025-04-18 03:00:00+00:00,1640.421503047
2025-04-18 04:00:00+00:00,1620.261268826
2025-04-18 05:00:00+00:00,1684.704888643
2025-04-18 06:00:00+00:00,1759.781110301
2025-04-18 07:00:00+00:00,1780.600650630
2025-04-18 08:00:00+00:00,1860.197623033
2025-04-18 09:00:00+00:00,1738.902756788
2025-04-18 10:00:00+00:00,1842.456354337
2025-04-18 11:00:00+00:00,1849.335909846
2025-04-18 12:00:00+00:00,1837.208263004
2025-04-18 13:00:00+00:00,1746.970425673
2025-04-18 14:00:00+00:00,1847.269255767
2025-04-18 15:00:00+00:00,1797.422563938
2025-04-18 16:00:00+00:00,1788.309520266
2025-04-18 17:00:00+00:00,1737.330289481
2025-04-18 18:00:00+00:00,1864.849410373
2025-04-18 19:00:00+00:00,1771.086812733
2025-04-18 20:00:00+00:00,1773.495939163
2025-04-18 21:00:00+00:00,1801.090689657
2025-04-18 22:00:00+00:00,1629.696292796
2025-04-18 23:00:00+00:00,1657.292685147
2025-04-19 00:00:00+00:00,1488.169398870
2025-04-19 01:00:00+00:00,1549.755057594
2025-04-19 02:00:00+00:00,1556.832834072
2025-04-19 03:00:00+00:00,1468.944873227
2025-04-19 04:00:00+00:00,1496.624822709
2025-04-19 05:00:00+00:00,1557.364799037
2025-04-19 06:00:00+00:00,1646.317496695
2025-04-19 07:00:00+00:00,1607.845946998
2025-04-19 08:00:00+00:00,1715.281206320
2025-04-19 09:00:00+00:00,1681.311966852
2025-04-19 10:00:00+00:00,1733.963468599
2025-04-19 11:00:00+00:00,1636.275572954
2025-04-19 12:00:00+00:00,1637.193961112
2025-04-19 13:00:00+00:00,1693.242765042
2025-04-19 14:00:00+00:00,1763.173867251
2025-04-19 15:00:00+00:00,1683.340012678
2025-04-19 16:00:00+00:00,1693.593518353
2025-04-19 17:00:00+00:00,1645.655563261
2025-04-19 18:00:00+00:00,1674.067574262
2025-04-19 19:00:00+00:00,1705.323692683
2025-04-19 20:00:00+00:00,1633.099578955
2025-04-19 21:00:00+00:00,1606.901419466
2025-04-19 22:00:00+00:00,1529.058674627
2025-04-19 23:00:00+00:00,1455.369118646
2025-04-20 00:00:00+00:00,1551.847901038
2025-04-20 01:00:00+00:00,1537.450291947
2025-04-20 02:00:00+00:00,1497.204177590
2025-04-20 03:00:00+00:00,1501.302206916
2025-04-20 04:00:00+00:00,1507.512763440
2025-04-20 05:00:00+00:00,1489.021679056
2025-04-20 06:00:00+00:00,1660.786266157
2025-04-20 07:00:00+00:00,1654.575628403
2025-04-20 08:00:00+00:00,1682.792303166
2025-04-20 09:00:00+00:00,1731.062235848
2025-04-20 10:00:00+00:00,1721.856582608
2025-04-20 11:00:00+00:00,1705.283630694
2025-04-20 12:00:00+00:00,1612.084883307
2025-04-20 13:00:00+00:00,1663.064483577
2025-04-20 14:00:00+00:00,1652.086902721
2025-04-20 15:00:00+00:00,1616.198365399
2025-04-20 16:00:00+00:00,1594.432934570
2025-04-20 17:00:00+00:00,1603.863235407
2025-04-20 18:00:00+00:00,1676.645776876
2025-04-20 19:00:00+00:00,1668.640167252
2025-04-20 20:00:00+00:00,1664.293465659
2025-04-20 21:00:00+00:00,1708.292769603
2025-04-20 22:00:00+00:00,1464.601192722
2025-04-20 23:00:00+00:00,1552.968419615
2025-04-21 00:00:00+00:00,1647.397626233
2025-04-21 01:00:00+00:00,1636.388679995
2025-04-21 02:00:00+00:00,1612.272806537
2025-04-21 03:00:00+00:00,1656.403759312
2025-04-21 04:00:00+00:00,1633.492980611
2025-04-21 05:00:00+00:00,1635.661534407
2025-04-21 06:00:00+00:00,1663.427827657
2025-04-21 07:00:00+00:00,1852.389625253
2025-04-21 08:00:00+00:00,1876.292545095
2025-04-21 09:00:00+00:00,1879.711395875
2025-04-21 10:00:00+00:00,1786.478057350
2025-04-21 11:00:00+00:00,1852.747198064
2025-04-21 12:00:00+00:00,1820.161453549
2025-04-21 13:00:00+00:00,1792.303321603
2025-04-21 14:00:00+00:00,1790.952539050
2025-04-21 15:00:00+00:00,1802.028889366
2025-04-21 16:00:00+00:00,1755.430711739
2025-04-21 17:00:00+00:00,1781.985611754
2025-04-21 18:00:00+00:00,1774.488235412
2025-04-21 19:00:00+00:00,1842.846542327
2025-04-21 20:00:00+00:00,1769.843476405
2025-04-21 21:00:00+00:00,1885.129466048
2025-04-21 22:00:00+00:00,1622.147839797
2025-04-21 23:00:00+00:00,1556.460361373
2025-04-22 00:00:00+00:00,1656.139770057
2025-04-22 01:00:00+00:00,1603.046242966
2025-04-22 02:00:00+00:00,1607.601730172
2025-04-22 03:00:00+00:00,1688.780613918
2025-04-22 04:00:00+00:00,1650.106223639
2025-04-22 05:00:00+00:00,1724.284766056
2025-04-22 06:00:00+00:00,1823.432412708
2025-04-22 07:00:00+00:00,1749.265571749
2025-04-22 08:00:00+00:00,1876.952283885
2025-04-22 09:00:00+00:00,1796.787042019
2025-04-22 10:00:00+00:00,1809.058689037
2025-04-22 11:00:00+00:00,1809.616908924
2025-04-22 12:00:00+00:00,1838.529630489
2025-04-22 13:00:00+00:00,1776.507913794
2025-04-22 14:00:00+00:00,1768.591837898
2025-04-22 15:00:00+00:00,1841.489182350
2025-04-22 16:00:00+00:00,1809.964940438
2025-04-22 17:00:00+00:00,1802.257331556
2025-04-22 18:00:00+00:00,1748.601505459
2025-04-22 19:00:00+00:00,1714.707155012
2025-04-22 20:00:00+00:00,1856.837794857
2025-04-22 21:00:00+00:00,1797.836050779
2025-04-22 22:00:00+00:00,1682.879465475
2025-04-22 23:00:00+00:00,1661.301289632
2025-04-23 00:00:00+00:00,1537.369302806
2025-04-23 01:00:00+00:00,1702.492574682
2025-04-23 02:00:00+00:00,1639.364702523
2025-04-23 03:00:00+00:00,1682.741731387
2025-04-23 04:00:00+00:00,1702.195270588
2025-04-23 05:00:00+00:00,1577.771602674
2025-04-23 06:00:00+00:00,1844.658270483
2025-04-23 07:00:00+00:00,1810.422961172
2025-04-23 08:00:00+00:00,1794.847489252
2025-04-23 09:00:00+00:00,1837.814131951
2025-04-23 10:00:00+00:00,1842.276306500
2025-04-23 11:00:00+00:00,1726.930950355
2025-04-23 12:00:00+00:00,1804.806998204
2025-04-23 13:00:00+00:00,1797.657743293
2025-04-23 14:00:00+00:00,1785.848037268
2025-04-23 15:00:00+00:00,1854.002823357
2025-04-23 16:00:00+00:00,1862.865277425
2025-04-23 17:00:00+00:00,1721.730125913
2025-04-23 18:00:00+00:00,1818.792405626
2025-04-23 19:00:00+00:00,1832.862558137
2025-04-23 20:00:00+00:00,1854.295457606
2025-04-23 21:00:00+00:00,1807.089978490
2025-04-23 22:00:00+00:00,1666.037351550
2025-04-23 23:00:00+00:00,1660.958400568
2025-04-24 00:00:00+00:00,1622.435592311
2025-04-24 01:00:00+00:00,1618.770210001
2025-04-24 02:00:00+00:00,1612.291874887
2025-04-24 03:00:00+00:00,1679.498752615
2025-04-24 04:00:00+00:00,1687.298506514
2025-04-24 05:00:00+00:00,1592.092660307
2025-04-24 06:00:00+00:00,1789.065233831
2025-04-24 07:00:00+00:00,1811.015253925
2025-04-24 08:00:00+00:00,1860.556486194
2025-04-24 09:00:00+00:00,1931.296091334
2025-04-24 10:00:00+00:00,1866.176705150
2025-04-24 11:00:00+00:00,1787.051637581
2025-04-24 12:00:00+00:00,1814.584207323
2025-04-24 13:00:00+00:00,1789.243466358
2025-04-24 14:00:00+00:00,1811.656801806
2025-04-24 15:00:00+00:00,1792.985462484
2025-04-24 16:00:00+00:00,1822.673810775
2025-04-24 17:00:00+00:00,1752.746561395
2025-04-24 18:00:00+00:00,1794.541180726
2025-04-24 19:00:00+00:00,1837.611764366
2025-04-24 20:00:00+00:00,1855.197856797
2025-04-24 21:00:00+00:00,1834.914126802
2025-04-24 22:00:00+00:00,1622.603936020
2025-04-24 23:00:00+00:00,1643.111247526
2025-04-25 00:00:00+00:00,1644.057361747
2025-04-25 01:00:00+00:00,1686.155875135
2025-04-25 02:00:00+00:00,1727.430038462
2025-04-25 03:00:00+00:00,1584.859064427
2025-04-25 04:00:00+00:00,1667.040446470
2025-04-25 05:00:00+00:00,1614.991273391
2025-04-25 06:00:00+00:00,1780.085545414
2025-04-25 07:00:00+00:00,1811.395642578
2025-04-25 08:00:00+00:00,1711.211316692
2025-04-25 09:00:00+00:00,1693.964601617
2025-04-25 10:00:00+00:00,1793.199291483
2025-04-25 11:00:00+00:00,1877.787666239
2025-04-25 12:00:00+00:00,1810.151080463
2025-04-25 13:00:00+00:00,1795.593143830
2025-04-25 14:00:00+00:00,1794.573692544
2025-04-25 15:00:00+00:00,1776.224601595
2025-04-25 16:00:00+00:00,1741.162029376
2025-04-25 17:00:00+00:00,1737.046922747
2025-04-25 18:00:00+00:00,1757.282842277
2025-04-25 19:00:00+00:00,1794.217163026
2025-04-25 20:00:00+00:00,1823.356255298
2025-04-25 21:00:00+00:00,1791.845632525
2025-04-25 22:00:00+00:00,1667.190999840
2025-04-25 23:00:00+00:00,1569.354107508
2025-04-26 00:00:00+00:00,1461.780254169
2025-04-26 01:00:00+00:00,1436.950667888
2025-04-26 02:00:00+00:00,1549.743820536
2025-04-26 03:00:00+00:00,1538.484464987
2025-04-26 04:00:00+00:00,1468.109297180
2025-04-26 05:00:00+00:00,1510.621995695
2025-04-26 06:00:00+00:00,1659.837679180
2025-04-26 07:00:00+00:00,1668.319043301
2025-04-26 08:00:00+00:00,1723.338769292
2025-04-26 09:00:00+00:00,1717.971474821
2025-04-26 10:00:00+00:00,1630.815309799
2025-04-26 11:00:00+00:00,1692.832702684
2025-04-26 12:00:00+00:00,1747.780929036
2025-04-26 13:00:00+00:00,1658.447123210
2025-04-26 14:00:00+00:00,1702.360348534
2025-04-26 15:00:00+00:00,1616.898993428
2025-04-26 16:00:00+00:00,1561.884173644
2025-04-26 17:00:00+00:00,1670.794955261
2025-04-26 18:00:00+00:00,1630.239744669
2025-04-26 19:00:00+00:00,1700.749778091
2025-04-26 20:00:00+00:00,1571.405968347
2025-04-26 21:00:00+00:00,1613.052420246
2025-04-26 22:00:00+00:00,1488.682490511
2025-04-26 23:00:00+00:00,1572.539304562
2025-04-27 00:00:00+00:00,1450.708240758
2025-04-27 01:00:00+00:00,1444.697225690
2025-04-27 02:00:00+00:00,1489.831828607
2025-04-27 03:00:00+00:00,1483.955300718
2025-04-27 04:00:00+00:00,1527.797492677
2025-04-27 05:00:00+00:00,1512.207475140
2025-04-27 06:00:00+00:00,1618.995193266
2025-04-27 07:00:00+00:00,1663.136235918
2025-04-27 08:00:00+00:00,1651.299603230
2025-04-27 09:00:00+00:00,1665.261217162
2025-04-27 10:00:00+00:00,1722.304365177
2025-04-27 11:00:00+00:00,1611.664603145
2025-04-27 12:00:00+00:00,1710.707689187
2025-04-27 13:00:00+00:00,1645.688508371
2025-04-27 14:00:00+00:00,1685.622952886
2025-04-27 15:00:00+00:00,1631.958286625
2025-04-27 16:00:00+00:00,1559.019520455
2025-04-27 17:00:00+00:00,1633.158866522
2025-04-27 18:00:00+00:00,1689.761057633
2025-04-27 19:00:00+00:00,1641.950864666
2025-04-27 20:00:00+00:00,1678.249304073
2025-04-27 21:00:00+00:00,1619.566009266
2025-04-27 22:00:00+00:00,1526.186925801
2025-04-27 23:00:00+00:00,1493.140862437
2025-04-28 00:00:00+00:00,1635.054388062
2025-04-28 01:00:00+00:00,1630.667618543
2025-04-28 02:00:00+00:00,1683.916766679
2025-04-28 03:00:00+00:00,1593.122607443
2025-04-28 04:00:00+00:00,1556.398838581
2025-04-28 05:00:00+00:00,1731.050490276
2025-04-28 06:00:00+00:00,1787.456758778
2025-04-28 07:00:00+00:00,1811.321139582
2025-04-28 08:00:00+00:00,1795.354948091
2025-04-28 09:00:00+00:00,1780.288131845
2025-04-28 10:00:00+00:00,1745.205370012
2025-04-28 11:00:00+00:00,1916.982376325
2025-04-28 12:00:00+00:00,1799.984216550
2025-04-28 13:00:00+00:00,1803.483640006
2025-04-28 14:00:00+00:00,1772.561645003
2025-04-28 15:00:00+00:00,1766.391684027
2025-04-28 16:00:00+00:00,1855.081580599
2025-04-28 17:00:00+00:00,1699.284542251
2025-04-28 18:00:00+00:00,1849.598090816
2025-04-28 19:00:00+00:00,1914.076867891
2025-04-28 20:00:00+00:00,1786.373945160
2025-04-28 21:00:00+00:00,1747.508261173
2025-04-28 22:00:00+00:00,1631.176407498
2025-04-28 23:00:00+00:00,1633.692253422
2025-04-29 00:00:00+00:00,1550.342484253
2025-04-29 01:00:00+00:00,1705.566662912
2025-04-29 02:00:00+00:00,1622.241212004
2025-04-29 03:00:00+00:00,1648.575030091
2025-04-29 04:00:00+00:00,1634.069707293
2025-04-29 05:00:00+00:00,1637.424434252
2025-04-29 06:00:00+00:00,1814.902273807
2025-04-29 07:00:00+00:00,1747.529495304
2025-04-29 08:00:00+00:00,1831.959642825
2025-04-29 09:00:00+00:00,1854.771358791
2025-04-29 10:00:00+00:00,1743.243049665
2025-04-29 11:00:00+00:00,1832.810154212
2025-04-29 12:00:00+00:00,1729.786672611
2025-04-29 13:00:00+00:00,1840.499942635
2025-04-29 14:00:00+00:00,1836.235704895
2025-04-29 15:00:00+00:00,1752.532180596
2025-04-29 16:00:00+00:00,1751.464258116
2025-04-29 17:00:00+00:00,1858.925216830
2025-04-29 18:00:00+00:00,1758.510268290
2025-04-29 19:00:00+00:00,1826.325066048
2025-04-29 20:00:00+00:00,1800.525067105
2025-04-29 21:00:00+00:00,1780.805810147
2025-04-29 22:00:00+00:00,1663.560383508
2025-04-29 23:00:00+00:00,1604.092947598
2025-04-30 00:00:00+00:00,1671.152143965
2025-04-30 01:00:00+00:00,1593.751418740
2025-04-30 02:00:00+00:00,1636.568926797
2025-04-30 03:00:00+00:00,1661.459733564
2025-04-30 04:00:00+00:00,1699.016339571
2025-04-30 05:00:00+00:00,1623.796659507
2025-04-30 06:00:00+00:00,1837.522893864
2025-04-30 07:00:00+00:00,1690.533135573
2025-04-30 08:00:00+00:00,1797.369164163
2025-04-30 09:00:00+00:00,1785.367449878
2025-04-30 10:00:00+00:00,1771.671995973
2025-04-30 11:00:00+00:00,1804.809289631
2025-04-30 12:00:00+00:00,1750.887909773
2025-04-30 13:00:00+00:00,1720.612481070
2025-04-30 14:00:00+00:00,1750.995721125
2025-04-30 15:00:00+00:00,1813.415855250
2025-04-30 16:00:00+00:00,1837.270492484
2025-04-30 17:00:00+00:00,1778.958084940
2025-04-30 18:00:00+00:00,1767.755721697
2025-04-30 19:00:00+00:00,1796.750617133
2025-04-30 20:00:00+00:00,1782.152561092
2025-04-30 21:00:00+00:00,1856.164760746
2025-04-30 22:00:00+00:00,1629.409536076
2025-04-30 23:00:00+00:00,1591.202598916
2025-05-01 00:00:00+00:00,1722.336640737
2025-05-01 01:00:00+00:00,1630.200768912
2025-05-01 02:00:00+00:00,1589.325967204
2025-05-01 03:00:00+00:00,1650.807059402
2025-05-01 04:00:00+00:00,1641.919356257
2025-05-01 05:00:00+00:00,1629.817929860
2025-05-01 06:00:00+00:00,1849.774151629
2025-05-01 07:00:00+00:00,1749.152133232
2025-05-01 08:00:00+00:00,1746.288794746
2025-05-01 09:00:00+00:00,1762.314527861
2025-05-01 10:00:00+00:00,1740.172949963
2025-05-01 11:00:00+00:00,1771.211258886
2025-05-01 12:00:00+00:00,1755.604410151
2025-05-01 13:00:00+00:00,1775.553329331
2025-05-01 14:00:00+00:00,1829.393113904
2025-05-01 15:00:00+00:00,1771.519249552
2025-05-01 16:00:00+00:00,1734.642994505
2025-05-01 17:00:00+00:00,1915.095180013
2025-05-01 18:00:00+00:00,1870.868154981
2025-05-01 19:00:00+00:00,1719.531885213
2025-05-01 20:00:00+00:00,1827.614195516
2025-05-01 21:00:00+00:00,1797.914287732
2025-05-01 22:00:00+00:00,1602.516913747
2025-05-01 23:00:00+00:00,1629.550989502
2025-05-02 00:00:00+00:00,1658.609144267
2025-05-02 01:00:00+00:00,1675.917398955
2025-05-02 02:00:00+00:00,1709.606777702
2025-05-02 03:00:00+00:00,1575.587577819
2025-05-02 04:00:00+00:00,1644.484548284
2025-05-02 05:00:00+00:00,1666.438524469
2025-05-02 06:00:00+00:00,1795.386666475
2025-05-02 07:00:00+00:00,1742.946297894
2025-05-02 08:00:00+00:00,1773.381713435
2025-05-02 09:00:00+00:00,1763.706288352
2025-05-02 10:00:00+00:00,1758.056600201
2025-05-02 11:00:00+00:00,1807.111055023
2025-05-02 12:00:00+00:00,1827.434979889
2025-05-02 13:00:00+00:00,1814.166289172
2025-05-02 14:00:00+00:00,1725.222816712
2025-05-02 15:00:00+00:00,1786.507577152
2025-05-02 16:00:00+00:00,1785.659728831
2025-05-02 17:00:00+00:00,1769.758357773
2025-05-02 18:00:00+00:00,1744.784293502
2025-05-02 19:00:00+00:00,1824.583877955
2025-05-02 20:00:00+00:00,1826.513228233
2025-05-02 21:00:00+00:00,1783.711773394
2025-05-02 22:00:00+00:00,1631.532832938
2025-05-02 23:00:00+00:00,1657.560127741
2025-05-03 00:00:00+00:00,1494.334633487
2025-05-03 01:00:00+00:00,1500.037679092
2025-05-03 02:00:00+00:00,1535.023219412
2025-05-03 03:00:00+00:00,1494.523732820
2025-05-03 04:00:00+00:00,1519.282414097
2025-05-03 05:00:00+00:00,1521.355064878
2025-05-03 06:00:00+00:00,1659.782960125
2025-05-03 07:00:00+00:00,1722.258580050
2025-05-03 08:00:00+00:00,1705.143709539
2025-05-03 09:00:00+00:00,1699.109837630
2025-05-03 10:00:00+00:00,1668.003642488
2025-05-03 11:00:00+00:00,1572.061764308
2025-05-03 12:00:00+00:00,1702.727998330
2025-05-03 13:00:00+00:00,1597.633125976
2025-05-03 14:00:00+00:00,1664.621482880
2025-05-03 15:00:00+00:00,1700.476693284
2025-05-03 16:00:00+00:00,1673.439743563
2025-05-03 17:00:00+00:00,1692.825621544
2025-05-03 18:00:00+00:00,1607.324808867
2025-05-03 19:00:00+00:00,1707.380819839
2025-05-03 20:00:00+00:00,1622.878771043
2025-05-03 21:00:00+00:00,1589.946551904
2025-05-03 22:00:00+00:00,1521.712330359
2025-05-03 23:00:00+00:00,1540.400295560
2025-05-04 00:00:00+00:00,1432.627767363
2025-05-04 01:00:00+00:00,1512.941443266
2025-05-04 02:00:00+00:00,1535.117837137
2025-05-04 03:00:00+00:00,1550.722761710
2025-05-04 04:00:00+00:00,1473.898944346
2025-05-04 05:00:00+00:00,1472.230611915
2025-05-04 06:00:00+00:00,1638.737978696
2025-05-04 07:00:00+00:00,1679.176007823
2025-05-04 08:00:00+00:00,1626.938627505
2025-05-04 09:00:00+00:00,1645.800886866
2025-05-04 10:00:00+00:00,1637.336692873
2025-05-04 11:00:00+00:00,1630.183376348
2025-05-04 12:00:00+00:00,1642.258575994
2025-05-04 13:00:00+00:00,1676.621722923
2025-05-04 14:00:00+00:00,1692.707107347
2025-05-04 15:00:00+00:00,1546.849066242
2025-05-04 16:00:00+00:00,1672.296430675
2025-05-04 17:00:00+00:00,1551.899430009
2025-05-04 18:00:00+00:00,1623.399743203
2025-05-04 19:00:00+00:00,1679.636384193
2025-05-04 20:00:00+00:00,1641.377733035
2025-05-04 21:00:00+00:00,1601.454837023
2025-05-04 22:00:00+00:00,1494.075256614
2025-05-04 23:00:00+00:00,1520.190368913
2025-05-05 00:00:00+00:00,1602.996416324
2025-05-05 01:00:00+00:00,1682.797338376
2025-05-05 02:00:00+00:00,1603.536303654
2025-05-05 03:00:00+00:00,1638.224660132
2025-05-05 04:00:00+00:00,1658.272748809
2025-05-05 05:00:00+00:00,1629.715394981
2025-05-05 06:00:00+00:00,1772.537558604
2025-05-05 07:00:00+00:00,1812.796655290
2025-05-05 08:00:00+00:00,1768.122995862
2025-05-05 09:00:00+00:00,1801.661689708
2025-05-05 10:00:00+00:00,1806.906226180
2025-05-05 11:00:00+00:00,1747.208445812
2025-05-05 12:00:00+00:00,1731.835869101
2025-05-05 13:00:00+00:00,1777.664802856
2025-05-05 14:00:00+00:00,1745.253295998
2025-05-05 15:00:00+00:00,1838.082353509
2025-05-05 16:00:00+00:00,1866.893353609
2025-05-05 17:00:00+00:00,1764.559285965
2025-05-05 18:00:00+00:00,1816.533652348
2025-05-05 19:00:00+00:00,1783.154209812
2025-05-05 20:00:00+00:00,1789.640158381
2025-05-05 21:00:00+00:00,1767.351054466
2025-05-05 22:00:00+00:00,1677.136895249
2025-05-05 23:00:00+00:00,1668.606729984
2025-05-06 00:00:00+00:00,1594.335151300
2025-05-06 01:00:00+00:00,1707.106949238
2025-05-06 02:00:00+00:00,1518.228828698
2025-05-06 03:00:00+00:00,1722.111920449
2025-05-06 04:00:00+00:00,1643.127276112
2025-05-06 05:00:00+00:00,1705.276073358
2025-05-06 06:00:00+00:00,1837.522917518
2025-05-06 07:00:00+00:00,1774.535419766
2025-05-06 08:00:00+00:00,1775.189646309
2025-05-06 09:00:00+00:00,1780.793951216
2025-05-06 10:00:00+00:00,1847.487054934
2025-05-06 11:00:00+00:00,1791.560123038
2025-05-06 12:00:00+00:00,1846.230492847
2025-05-06 13:00:00+00:00,1894.913787372
2025-05-06 14:00:00+00:00,1729.011045246
2025-05-06 15:00:00+00:00,1788.104258010
2025-05-06 16:00:00+00:00,1775.508733659
2025-05-06 17:00:00+00:00,1822.458635158
2025-05-06 18:00:00+00:00,1726.011390195
2025-05-06 19:00:00+00:00,1839.190239076
2025-05-06 20:00:00+00:00,1841.155605631
2025-05-06 21:00:00+00:00,1731.432235742
2025-05-06 22:00:00+00:00,1573.213711610
2025-05-06 23:00:00+00:00,1683.793267242
2025-05-07 00:00:00+00:00,1615.502547250
2025-05-07 01:00:00+00:00,1645.816840453
2025-05-07 02:00:00+00:00,1568.068241379
2025-05-07 03:00:00+00:00,1657.132948693
2025-05-07 04:00:00+00:00,1577.276651865
2025-05-07 05:00:00+00:00,1597.658813285
2025-05-07 06:00:00+00:00,1813.966585599
2025-05-07 07:00:00+00:00,1778.208322561
2025-05-07 08:00:00+00:00,1809.156833042
2025-05-07 09:00:00+00:00,1837.285611977
2025-05-07 10:00:00+00:00,1726.632645185
2025-05-07 11:00:00+00:00,1773.366536833
2025-05-07 12:00:00+00:00,1848.852630247
2025-05-07 13:00:00+00:00,1790.615889205
2025-05-07 14:00:00+00:00,1858.398139809
2025-05-07 15:00:00+00:00,1829.481860681
2025-05-07 16:00:00+00:00,1823.782554612
2025-05-07 17:00:00+00:00,1901.694948831
2025-05-07 18:00:00+00:00,1810.788394325
2025-05-07 19:00:00+00:00,1776.334655495
2025-05-07 20:00:00+00:00,1769.568036156
2025-05-07 21:00:00+00:00,1865.914540500
2025-05-07 22:00:00+00:00,1658.548246938
2025-05-07 23:00:00+00:00,1638.682529225
2025-05-08 00:00:00+00:00,1676.686260215
2025-05-08 01:00:00+00:00,1606.070342991
2025-05-08 02:00:00+00:00,1585.721375065
2025-05-08 03:00:00+00:00,1611.101639197
2025-05-08 04:00:00+00:00,1642.654192024
2025-05-08 05:00:00+00:00,1631.647829165
2025-05-08 06:00:00+00:00,1801.643885602
2025-05-08 07:00:00+00:00,1775.115941942
2025-05-08 08:00:00+00:00,1684.044250742
2025-05-08 09:00:00+00:00,1796.634703302
2025-05-08 10:00:00+00:00,1727.723250570
2025-05-08 11:00:00+00:00,1807.515575704
2025-05-08 12:00:00+00:00,1725.972985489
2025-05-08 13:00:00+00:00,1911.986068512
2025-05-08 14:00:00+00:00,1820.358977748
2025-05-08 15:00:00+00:00,1821.903935523
2025-05-08 16:00:00+00:00,1748.661124251
2025-05-08 17:00:00+00:00,1822.351209250
2025-05-08 18:00:00+00:00,1846.361546004
2025-05-08 19:00:00+00:00,1782.417240226
2025-05-08 20:00:00+00:00,1854.641731692
2025-05-08 21:00:00+00:00,1788.364180693
2025-05-08 22:00:00+00:00,1696.173719380
2025-05-08 23:00:00+00:00,1606.577538306
2025-05-09 00:00:00+00:00,1683.153142483
2025-05-09 01:00:00+00:00,1598.867734607
2025-05-09 02:00:00+00:00,1683.235681589
2025-05-09 03:00:00+00:00,1666.737210315
2025-05-09 04:00:00+00:00,1695.461891319
2025-05-09 05:00:00+00:00,1573.914969664
2025-05-09 06:00:00+00:00,1896.224145968
2025-05-09 07:00:00+00:00,1804.700432460
2025-05-09 08:00:00+00:00,1735.995879494
2025-05-09 09:00:00+00:00,1816.086454420
2025-05-09 10:00:00+00:00,1791.820955632
2025-05-09 11:00:00+00:00,1797.550279342
2025-05-09 12:00:00+00:00,1758.123183759
2025-05-09 13:00:00+00:00,1814.800134563
2025-05-09 14:00:00+00:00,1796.648915477
2025-05-09 15:00:00+00:00,1829.541025955
2025-05-09 16:00:00+00:00,1766.157042248
2025-05-09 17:00:00+00:00,1783.272488724
2025-05-09 18:00:00+00:00,1742.354505364
2025-05-09 19:00:00+00:00,1837.444278067
2025-05-09 20:00:00+00:00,1768.986922633
2025-05-09 21:00:00+00:00,1843.242395463
2025-05-09 22:00:00+00:00,1631.868042711
2025-05-09 23:00:00+00:00,1621.250618940
2025-05-10 00:00:00+00:00,1453.178632557
2025-05-10 01:00:00+00:00,1507.771199464
2025-05-10 02:00:00+00:00,1424.237543248
2025-05-10 03:00:00+00:00,1485.531549494
2025-05-10 04:00:00+00:00,1489.284091183
2025-05-10 05:00:00+00:00,1506.733509733
2025-05-10 06:00:00+00:00,1724.736984200
2025-05-10 07:00:00+00:00,1578.703802634
2025-05-10 08:00:00+00:00,1706.325114313
2025-05-10 09:00:00+00:00,1618.229303317
2025-05-10 10:00:00+00:00,1678.846692308
2025-05-10 11:00:00+00:00,1726.204051527
2025-05-10 12:00:00+00:00,1639.487197572
2025-05-10 13:00:00+00:00,1645.672687174
2025-05-10 14:00:00+00:00,1640.906888337
2025-05-10 15:00:00+00:00,1678.155842965
2025-05-10 16:00:00+00:00,1701.574767659
2025-05-10 17:00:00+00:00,1626.037605499
2025-05-10 18:00:00+00:00,1676.476847709
2025-05-10 19:00:00+00:00,1670.353919214
2025-05-10 20:00:00+00:00,1670.945612030
2025-05-10 21:00:00+00:00,1686.126521521
2025-05-10 22:00:00+00:00,1511.812285289
2025-05-10 23:00:00+00:00,1470.727789311
2025-05-11 00:00:00+00:00,1500.296677973
2025-05-11 01:00:00+00:00,1497.520579017
2025-05-11 02:00:00+00:00,1480.051765503
2025-05-11 03:00:00+00:00,1474.621243862
2025-05-11 04:00:00+00:00,1483.292527465
2025-05-11 05:00:00+00:00,1501.994637444
2025-05-11 06:00:00+00:00,1632.276717346
2025-05-11 07:00:00+00:00,1659.682988671
2025-05-11 08:00:00+00:00,1544.235360404
2025-05-11 09:00:00+00:00,1634.065656565
2025-05-11 10:00:00+00:00,1650.170650733
2025-05-11 11:00:00+00:00,1661.748873909
2025-05-11 12:00:00+00:00,1705.585592648
2025-05-11 13:00:00+00:00,1653.285800730
2025-05-11 14:00:00+00:00,1671.507103197
2025-05-11 15:00:00+00:00,1708.288951988
2025-05-11 16:00:00+00:00,1631.433876071
2025-05-11 17:00:00+00:00,1657.448518617
2025-05-11 18:00:00+00:00,1610.012394305
2025-05-11 19:00:00+00:00,1557.993011852
2025-05-11 20:00:00+00:00,1641.825018425
2025-05-11 21:00:00+00:00,1623.568371671
2025-05-11 22:00:00+00:00,1550.997217533
2025-05-11 23:00:00+00:00,1536.994445991
2025-05-12 00:00:00+00:00,1548.595751669
2025-05-12 01:00:00+00:00,1574.098952905
2025-05-12 02:00:00+00:00,1696.318383845
2025-05-12 03:00:00+00:00,1631.465745212
2025-05-12 04:00:00+00:00,1543.475237805
2025-05-12 05:00:00+00:00,1581.113848778
2025-05-12 06:00:00+00:00,1805.654887554
2025-05-12 07:00:00+00:00,1850.833932324
2025-05-12 08:00:00+00:00,1888.413758563
2025-05-12 09:00:00+00:00,1731.803005253
2025-05-12 10:00:00+00:00,1779.891097177
2025-05-12 11:00:00+00:00,1817.583076451
2025-05-12 12:00:00+00:00,1800.088705200
2025-05-12 13:00:00+00:00,1867.843197870
2025-05-12 14:00:00+00:00,1772.624320158
2025-05-12 15:00:00+00:00,1764.239401963
2025-05-12 16:00:00+00:00,1777.070226280
2025-05-12 17:00:00+00:00,1786.721509930
2025-05-12 18:00:00+00:00,1834.453601851
2025-05-12 19:00:00+00:00,1837.125179032
2025-05-12 20:00:00+00:00,1823.917606241
2025-05-12 21:00:00+00:00,1808.868787620
2025-05-12 22:00:00+00:00,1614.028858329
2025-05-12 23:00:00+00:00,1573.861451553
2025-05-13 00:00:00+00:00,1604.610178066
2025-05-13 01:00:00+00:00,1618.620700026
2025-05-13 02:00:00+00:00,1645.517192339
2025-05-13 03:00:00+00:00,1623.002593008
2025-05-13 04:00:00+00:00,1636.430668851
2025-05-13 05:00:00+00:00,1647.558088416
2025-05-13 06:00:00+00:00,1726.879924017
2025-05-13 07:00:00+00:00,1776.004658084
2025-05-13 08:00:00+00:00,1833.914658425
2025-05-13 09:00:00+00:00,1766.867752595
2025-05-13 10:00:00+00:00,1772.760690590
2025-05-13 11:00:00+00:00,1740.487162902
2025-05-13 12:00:00+00:00,1725.460088491
2025-05-13 13:00:00+00:00,1792.346396817
2025-05-13 14:00:00+00:00,1814.023507657
2025-05-13 15:00:00+00:00,1787.997700994
2025-05-13 16:00:00+00:00,1752.075389056
2025-05-13 17:00:00+00:00,1743.226785469
2025-05-13 18:00:00+00:00,1856.239786935
2025-05-13 19:00:00+00:00,1739.146313486
2025-05-13 20:00:00+00:00,1776.210449293
2025-05-13 21:00:00+00:00,1824.175481999
2025-05-13 22:00:00+00:00,1621.964386254
2025-05-13 23:00:00+00:00,1680.693560050
2025-05-14 00:00:00+00:00,1639.306900117
2025-05-14 01:00:00+00:00,1580.935184933
2025-05-14 02:00:00+00:00,1579.788155931
2025-05-14 03:00:00+00:00,1576.393524731
2025-05-14 04:00:00+00:00,1609.642361918
2025-05-14 05:00:00+00:00,1598.565145239
2025-05-14 06:00:00+00:00,1870.076148492
2025-05-14 07:00:00+00:00,1806.909385177
2025-05-14 08:00:00+00:00,1785.997156986
2025-05-14 09:00:00+00:00,1795.940401822
2025-05-14 10:00:00+00:00,1817.912245989
2025-05-14 11:00:00+00:00,1810.535655285
2025-05-14 12:00:00+00:00,1791.613903597
2025-05-14 13:00:00+00:00,1804.339748628
2025-05-14 14:00:00+00:00,1751.430162660
2025-05-14 15:00:00+00:00,1773.109323255
2025-05-14 16:00:00+00:00,1780.266146402
2025-05-14 17:00:00+00:00,1754.198261032
2025-05-14 18:00:00+00:00,1805.122990510
2025-05-14 19:00:00+00:00,1851.973940844
2025-05-14 20:00:00+00:00,1905.477202086
2025-05-14 21:00:00+00:00,1816.028010286
2025-05-14 22:00:00+00:00,1578.393352139
2025-05-14 23:00:00+00:00,1592.910885388
2025-05-15 00:00:00+00:00,1543.699408721
2025-05-15 01:00:00+00:00,1598.681466390
2025-05-15 02:00:00+00:00,1581.104191235
2025-05-15 03:00:00+00:00,1559.587788004
2025-05-15 04:00:00+00:00,1581.097990293
2025-05-15 05:00:00+00:00,1563.212829422
2025-05-15 06:00:00+00:00,1828.057200038
2025-05-15 07:00:00+00:00,1723.992519783
2025-05-15 08:00:00+00:00,1861.187807119
2025-05-15 09:00:00+00:00,1646.718565247
2025-05-15 10:00:00+00:00,1854.782389970
2025-05-15 11:00:00+00:00,1837.167174150
2025-05-15 12:00:00+00:00,1874.646122067
2025-05-15 13:00:00+00:00,1756.999137655
2025-05-15 14:00:00+00:00,1819.649824260
2025-05-15 15:00:00+00:00,1823.389684054
2025-05-15 16:00:00+00:00,1782.828784897
2025-05-15 17:00:00+00:00,1837.084245797
2025-05-15 18:00:00+00:00,1755.618922620
2025-05-15 19:00:00+00:00,1810.829495934
2025-05-15 20:00:00+00:00,1897.908104657
2025-05-15 21:00:00+00:00,1746.860518438
2025-05-15 22:00:00+00:00,1603.976792671
2025-05-15 23:00:00+00:00,1643.381492314
2025-05-16 00:00:00+00:00,1693.596829062
2025-05-16 01:00:00+00:00,1658.830575794
2025-05-16 02:00:00+00:00,1565.941420099
2025-05-16 03:00:00+00:00,1673.911027909
2025-05-16 04:00:00+00:00,1592.433222774
2025-05-16 05:00:00+00:00,1568.889827693
2025-05-16 06:00:00+00:00,1776.395245817
2025-05-16 07:00:00+00:00,1743.576913138
2025-05-16 08:00:00+00:00,1764.380097265
2025-05-16 09:00:00+00:00,1702.409690808
2025-05-16 10:00:00+00:00,1817.973608947
2025-05-16 11:00:00+00:00,1774.612761333
2025-05-16 12:00:00+00:00,1765.777127817
2025-05-16 13:00:00+00:00,1785.272017878
2025-05-16 14:00:00+00:00,1806.009528008
2025-05-16 15:00:00+00:00,1873.473404289
2025-05-16 16:00:00+00:00,1734.148169334
2025-05-16 17:00:00+00:00,1846.612710308
2025-05-16 18:00:00+00:00,1747.555453800
2025-05-16 19:00:00+00:00,1738.576536434
2025-05-16 20:00:00+00:00,1780.666965963
2025-05-16 21:00:00+00:00,1746.000187956
2025-05-16 22:00:00+00:00,1674.583511484
2025-05-16 23:00:00+00:00,1621.369911867
2025-05-17 00:00:00+00:00,1487.389967657
2025-05-17 01:00:00+00:00,1490.659647807
2025-05-17 02:00:00+00:00,1509.269407612
2025-05-17 03:00:00+00:00,1530.026586676
2025-05-17 04:00:00+00:00,1513.817732913
2025-05-17 05:00:00+00:00,1526.164759682
2025-05-17 06:00:00+00:00,1712.403361136
2025-05-17 07:00:00+00:00,1619.900258004
2025-05-17 08:00:00+00:00,1608.585703788
2025-05-17 09:00:00+00:00,1678.147283095
2025-05-17 10:00:00+00:00,1666.475769351
2025-05-17 11:00:00+00:00,1596.175792414
2025-05-17 12:00:00+00:00,1629.348549574
2025-05-17 13:00:00+00:00,1645.119427421
2025-05-17 14:00:00+00:00,1687.297588935
2025-05-17 15:00:00+00:00,1704.606050587
2025-05-17 16:00:00+00:00,1705.560488567
2025-05-17 17:00:00+00:00,1642.712541428
2025-05-17 18:00:00+00:00,1693.461834858
2025-05-17 19:00:00+00:00,1661.305060111
2025-05-17 20:00:00+00:00,1658.593021286
2025-05-17 21:00:00+00:00,1614.394823528
2025-05-17 22:00:00+00:00,1483.311596331
2025-05-17 23:00:00+00:00,1497.579571681
2025-05-18 00:00:00+00:00,1482.751977955
2025-05-18 01:00:00+00:00,1492.946253063
2025-05-18 02:00:00+00:00,1479.331704825
2025-05-18 03:00:00+00:00,1530.449618634
2025-05-18 04:00:00+00:00,1510.723321552
2025-05-18 05:00:00+00:00,1467.353117149
2025-05-18 06:00:00+00:00,1667.503952022
2025-05-18 07:00:00+00:00,1653.277495574
2025-05-18 08:00:00+00:00,1720.035931725
2025-05-18 09:00:00+00:00,1637.657179218
2025-05-18 10:00:00+00:00,1624.543847340
2025-05-18 11:00:00+00:00,1630.892096951
2025-05-18 12:00:00+00:00,1683.055353588
2025-05-18 13:00:00+00:00,1672.193418934
2025-05-18 14:00:00+00:00,1618.178410685
2025-05-18 15:00:00+00:00,1606.299747667
2025-05-18 16:00:00+00:00,1618.004713253
2025-05-18 17:00:00+00:00,1703.988232532
2025-05-18 18:00:00+00:00,1666.046924807
2025-05-18 19:00:00+00:00,1621.408275149
2025-05-18 20:00:00+00:00,1642.530774945
2025-05-18 21:00:00+00:00,1636.027400505
2025-05-18 22:00:00+00:00,1443.010799645
2025-05-18 23:00:00+00:00,1517.444264099
2025-05-19 00:00:00+00:00,1558.235696838
2025-05-19 01:00:00+00:00,1655.475667688
2025-05-19 02:00:00+00:00,1706.274233373
2025-05-19 03:00:00+00:00,1592.216487538
2025-05-19 04:00:00+00:00,1591.148204531
2025-05-19 05:00:00+00:00,1593.062183342
2025-05-19 06:00:00+00:00,1875.391671226
2025-05-19 07:00:00+00:00,1716.058866149
2025-05-19 08:00:00+00:00,1795.085427555
2025-05-19 09:00:00+00:00,1809.972209789
2025-05-19 10:00:00+00:00,1808.237674553
2025-05-19 11:00:00+00:00,1738.424932462
2025-05-19 12:00:00+00:00,1775.350475617
2025-05-19 13:00:00+00:00,1749.372189808
2025-05-19 14:00:00+00:00,1792.242332656
2025-05-19 15:00:00+00:00,1850.726327318
2025-05-19 16:00:00+00:00,1795.331389215
2025-05-19 17:00:00+00:00,1779.211636756
2025-05-19 18:00:00+00:00,1813.219231951
2025-05-19 19:00:00+00:00,1772.322425933
2025-05-19 20:00:00+00:00,1811.688530957
2025-05-19 21:00:00+00:00,1827.177008135
2025-05-19 22:00:00+00:00,1646.336938818
2025-05-19 23:00:00+00:00,1610.891219026
2025-05-20 00:00:00+00:00,1623.134023022
2025-05-20 01:00:00+00:00,1618.766440130
2025-05-20 02:00:00+00:00,1632.151132278
2025-05-20 03:00:00+00:00,1654.643354402
2025-05-20 04:00:00+00:00,1667.236382829
2025-05-20 05:00:00+00:00,1638.782603420
2025-05-20 06:00:00+00:00,1815.127571589
2025-05-20 07:00:00+00:00,1821.168315448
2025-05-20 08:00:00+00:00,1741.168560998
2025-05-20 09:00:00+00:00,1752.597912312
2025-05-20 10:00:00+00:00,1801.488505561
2025-05-20 11:00:00+00:00,1761.998374331
2025-05-20 12:00:00+00:00,1780.727877896
2025-05-20 13:00:00+00:00,1791.487043456
2025-05-20 14:00:00+00:00,1746.025987080
2025-05-20 15:00:00+00:00,1802.799615685
2025-05-20 16:00:00+00:00,1765.612275040
2025-05-20 17:00:00+00:00,1817.956220914
2025-05-20 18:00:00+00:00,1786.905832418
2025-05-20 19:00:00+00:00,1786.257641146
2025-05-20 20:00:00+00:00,1781.625098806
2025-05-20 21:00:00+00:00,1815.421322464
2025-05-20 22:00:00+00:00,1629.576328716
2025-05-20 23:00:00+00:00,1613.801537040
2025-05-21 00:00:00+00:00,1630.041908682
2025-05-21 01:00:00+00:00,1678.516188399
2025-05-21 02:00:00+00:00,1639.068276892
2025-05-21 03:00:00+00:00,1593.741141910
2025-05-21 04:00:00+00:00,1580.738490223
2025-05-21 05:00:00+00:00,1625.565461067
2025-05-21 06:00:00+00:00,1741.000394099
2025-05-21 07:00:00+00:00,1829.082388449
2025-05-21 08:00:00+00:00,1781.958290676
2025-05-21 09:00:00+00:00,1728.718202078
2025-05-21 10:00:00+00:00,1836.389734318
2025-05-21 11:00:00+00:00,1730.374600823
2025-05-21 12:00:00+00:00,1806.755784415
2025-05-21 13:00:00+00:00,1815.875323937
2025-05-21 14:00:00+00:00,1750.292273801
2025-05-21 15:00:00+00:00,1796.053127410
2025-05-21 16:00:00+00:00,1793.465038691
2025-05-21 17:00:00+00:00,1825.044150263
2025-05-21 18:00:00+00:00,1813.807266173
2025-05-21 19:00:00+00:00,1763.474047219
2025-05-21 20:00:00+00:00,1797.948623255
2025-05-21 21:00:00+00:00,1787.901345790
2025-05-21 22:00:00+00:00,1582.974520823
2025-05-21 23:00:00+00:00,1663.263462204
2025-05-22 00:00:00+00:00,1586.530763094
2025-05-22 01:00:00+00:00,1626.951232979
2025-05-22 02:00:00+00:00,1598.669337407
2025-05-22 03:00:00+00:00,1609.803573674
2025-05-22 04:00:00+00:00,1580.851539923
2025-05-22 05:00:00+00:00,1668.144751983
2025-05-22 06:00:00+00:00,1817.383711222
2025-05-22 07:00:00+00:00,1807.918290787
2025-05-22 08:00:00+00:00,1799.777315746
2025-05-22 09:00:00+00:00,1787.622380498
2025-05-22 10:00:00+00:00,1780.448095657
2025-05-22 11:00:00+00:00,1785.239368270
2025-05-22 12:00:00+00:00,1755.232277627
2025-05-22 13:00:00+00:00,1758.515098761
2025-05-22 14:00:00+00:00,1762.923559583
2025-05-22 15:00:00+00:00,1769.634396004
2025-05-22 16:00:00+00:00,1711.537573413
2025-05-22 17:00:00+00:00,1833.184535270
2025-05-22 18:00:00+00:00,1843.883701100
2025-05-22 19:00:00+00:00,1782.993470217
2025-05-22 20:00:00+00:00,1817.557661187
2025-05-22 21:00:00+00:00,1789.050633184
2025-05-22 22:00:00+00:00,1624.032604436
2025-05-22 23:00:00+00:00,1557.225387245
2025-05-23 00:00:00+00:00,1633.899298398
2025-05-23 01:00:00+00:00,1620.894158169
2025-05-23 02:00:00+00:00,1626.402650224
2025-05-23 03:00:00+00:00,1584.972126567
2025-05-23 04:00:00+00:00,1673.717874962
2025-05-23 05:00:00+00:00,1576.029001603
2025-05-23 06:00:00+00:00,1740.058905117
2025-05-23 07:00:00+00:00,1773.241638557
2025-05-23 08:00:00+00:00,1784.093289880
2025-05-23 09:00:00+00:00,1744.985534238
2025-05-23 10:00:00+00:00,1863.408388821
2025-05-23 11:00:00+00:00,1811.880690630
2025-05-23 12:00:00+00:00,1773.111858651
2025-05-23 13:00:00+00:00,1759.219310747
2025-05-23 14:00:00+00:00,1762.501380279
2025-05-23 15:00:00+00:00,1728.404561845
2025-05-23 16:00:00+00:00,1763.358159647
2025-05-23 17:00:00+00:00,1717.383058382
2025-05-23 18:00:00+00:00,1796.146876117
2025-05-23 19:00:00+00:00,1812.283321586
2025-05-23 20:00:00+00:00,1790.672626799
2025-05-23 21:00:00+00:00,1763.030565594
2025-05-23 22:00:00+00:00,1646.541814420
2025-05-23 23:00:00+00:00,1652.426166184
2025-05-24 00:00:00+00:00,1497.073196600
2025-05-24 01:00:00+00:00,1544.667458347
2025-05-24 02:00:00+00:00,1541.246652402
2025-05-24 03:00:00+00:00,1481.474110613
2025-05-24 04:00:00+00:00,1433.402866147
2025-05-24 05:00:00+00:00,1453.443259852
2025-05-24 06:00:00+00:00,1641.499003787
2025-05-24 07:00:00+00:00,1690.316002201
2025-05-24 08:00:00+00:00,1704.596596116
2025-05-24 09:00:00+00:00,1584.218771981
2025-05-24 10:00:00+00:00,1704.118569088
2025-05-24 11:00:00+00:00,1716.396017616
2025-05-24 12:00:00+00:00,1630.950291667
2025-05-24 13:00:00+00:00,1629.706875420
2025-05-24 14:00:00+00:00,1557.187751106
2025-05-24 15:00:00+00:00,1643.931733369
2025-05-24 16:00:00+00:00,1699.269245999
2025-05-24 17:00:00+00:00,1668.595728513
2025-05-24 18:00:00+00:00,1668.139775068
2025-05-24 19:00:00+00:00,1650.233066736
2025-05-24 20:00:00+00:00,1738.479372416
2025-05-24 21:00:00+00:00,1652.446191645
2025-05-24 22:00:00+00:00,1547.938645403
2025-05-24 23:00:00+00:00,1432.292651168
2025-05-25 00:00:00+00:00,1528.304160802
2025-05-25 01:00:00+00:00,1567.961424042
2025-05-25 02:00:00+00:00,1497.898378187
2025-05-25 03:00:00+00:00,1508.062734645
2025-05-25 04:00:00+00:00,1510.682137575
2025-05-25 05:00:00+00:00,1473.715962935
2025-05-25 06:00:00+00:00,1604.424017810
2025-05-25 07:00:00+00:00,1641.935608223
2025-05-25 08:00:00+00:00,1766.658622406
2025-05-25 09:00:00+00:00,1620.319066939
2025-05-25 10:00:00+00:00,1649.011452599
2025-05-25 11:00:00+00:00,1629.324267999
2025-05-25 12:00:00+00:00,1681.235182508
2025-05-25 13:00:00+00:00,1668.236531967
2025-05-25 14:00:00+00:00,1575.920042666
2025-05-25 15:00:00+00:00,1644.870429795
2025-05-25 16:00:00+00:00,1687.049328369
2025-05-25 17:00:00+00:00,1645.747089742
2025-05-25 18:00:00+00:00,1725.927785898
2025-05-25 19:00:00+00:00,1610.784534165
2025-05-25 20:00:00+00:00,1591.132091920
2025-05-25 21:00:00+00:00,1597.741162514
2025-05-25 22:00:00+00:00,1409.566786603
2025-05-25 23:00:00+00:00,1431.613516291
2025-05-26 00:00:00+00:00,1527.779973497
2025-05-26 01:00:00+00:00,1631.988148054
2025-05-26 02:00:00+00:00,1647.656240084
2025-05-26 03:00:00+00:00,1613.464861786
2025-05-26 04:00:00+00:00,1612.753319753
2025-05-26 05:00:00+00:00,1578.257903416
2025-05-26 06:00:00+00:00,1802.273150309
2025-05-26 07:00:00+00:00,1770.053624944
2025-05-26 08:00:00+00:00,1704.265950985
2025-05-26 09:00:00+00:00,1741.776991379
2025-05-26 10:00:00+00:00,1778.875278418
2025-05-26 11:00:00+00:00,1807.542171753
2025-05-26 12:00:00+00:00,1748.875659171
2025-05-26 13:00:00+00:00,1869.201009530
2025-05-26 14:00:00+00:00,1830.823519320
2025-05-26 15:00:00+00:00,1833.593154652
2025-05-26 16:00:00+00:00,1775.692616358
2025-05-26 17:00:00+00:00,1783.904420740
2025-05-26 18:00:00+00:00,1799.621619269
2025-05-26 19:00:00+00:00,1856.704523058
2025-05-26 20:00:00+00:00,1829.650233850
2025-05-26 21:00:00+00:00,1835.661700949
2025-05-26 22:00:00+00:00,1637.084365630
2025-05-26 23:00:00+00:00,1614.590231778
2025-05-27 00:00:00+00:00,1629.633766325
2025-05-27 01:00:00+00:00,1586.107320269
2025-05-27 02:00:00+00:00,1633.155370696
2025-05-27 03:00:00+00:00,1649.542623601
2025-05-27 04:00:00+00:00,1556.603893985
2025-05-27 05:00:00+00:00,1646.990458131
2025-05-27 06:00:00+00:00,1807.940517499
2025-05-27 07:00:00+00:00,1764.334353569
2025-05-27 08:00:00+00:00,1821.216625444
2025-05-27 09:00:00+00:00,1861.049453744
2025-05-27 10:00:00+00:00,1871.030907630
2025-05-27 11:00:00+00:00,1713.558307999
2025-05-27 12:00:00+00:00,1748.052392498
2025-05-27 13:00:00+00:00,1710.278691968
2025-05-27 14:00:00+00:00,1789.617580185
2025-05-27 15:00:00+00:00,1780.546473629
2025-05-27 16:00:00+00:00,1854.299073585
2025-05-27 17:00:00+00:00,1791.265723687
2025-05-27 18:00:00+00:00,1814.962012804
2025-05-27 19:00:00+00:00,1801.652339256
2025-05-27 20:00:00+00:00,1731.399512124
2025-05-27 21:00:00+00:00,1793.451760300
2025-05-27 22:00:00+00:00,1630.792317589
2025-05-27 23:00:00+00:00,1581.101824428
2025-05-28 00:00:00+00:00,1639.622710509
2025-05-28 01:00:00+00:00,1634.079566431
2025-05-28 02:00:00+00:00,1590.868063803
2025-05-28 03:00:00+00:00,1553.065992952
2025-05-28 04:00:00+00:00,1678.190994701
2025-05-28 05:00:00+00:00,1674.746716889
2025-05-28 06:00:00+00:00,1737.455907649
2025-05-28 07:00:00+00:00,1771.396476187
2025-05-28 08:00:00+00:00,1763.019780872
2025-05-28 09:00:00+00:00,1785.634045640
2025-05-28 10:00:00+00:00,1674.803603710
2025-05-28 11:00:00+00:00,1762.702600522
2025-05-28 12:00:00+00:00,1837.253325685
2025-05-28 13:00:00+00:00,1877.602161848
2025-05-28 14:00:00+00:00,1848.338990056
2025-05-28 15:00:00+00:00,1822.546058544
2025-05-28 16:00:00+00:00,1814.925897743
2025-05-28 17:00:00+00:00,1923.321765799
2025-05-28 18:00:00+00:00,1765.864345093
2025-05-28 19:00:00+00:00,1781.927425286
2025-05-28 20:00:00+00:00,1794.724120130
2025-05-28 21:00:00+00:00,1792.907292121
2025-05-28 22:00:00+00:00,1617.446721567
2025-05-28 23:00:00+00:00,1652.414025916
2025-05-29 00:00:00+00:00,1491.447728474
2025-05-29 01:00:00+00:00,1650.249610070
2025-05-29 02:00:00+00:00,1578.672112061
2025-05-29 03:00:00+00:00,1594.205192133
2025-05-29 04:00:00+00:00,1557.706884593
2025-05-29 05:00:00+00:00,1609.046810187
2025-05-29 06:00:00+00:00,1762.114967760
2025-05-29 07:00:00+00:00,1791.962991519
2025-05-29 08:00:00+00:00,1820.132211669
2025-05-29 09:00:00+00:00,1708.507833578
2025-05-29 10:00:00+00:00,1756.209865734
2025-05-29 11:00:00+00:00,1865.579275676
2025-05-29 12:00:00+00:00,1786.144107525
2025-05-29 13:00:00+00:00,1863.749941689
2025-05-29 14:00:00+00:00,1852.998924897
2025-05-29 15:00:00+00:00,1787.918308318
2025-05-29 16:00:00+00:00,1856.300206794
2025-05-29 17:00:00+00:00,1750.209293360
2025-05-29 18:00:00+00:00,1861.399114370
2025-05-29 19:00:00+00:00,1821.937213523
2025-05-29 20:00:00+00:00,1818.902931289
2025-05-29 21:00:00+00:00,1829.450495239
2025-05-29 22:00:00+00:00,1603.018340824
2025-05-29 23:00:00+00:00,1631.614769704
2025-05-30 00:00:00+00:00,1626.476099545
2025-05-30 01:00:00+00:00,1636.514205226
2025-05-30 02:00:00+00:00,1624.550133120
2025-05-30 03:00:00+00:00,1583.850123252
2025-05-30 04:00:00+00:00,1604.458026237
2025-05-30 05:00:00+00:00,1566.710363053
2025-05-30 06:00:00+00:00,1776.470333852
2025-05-30 07:00:00+00:00,1777.206131120
2025-05-30 08:00:00+00:00,1751.027230836
2025-05-30 09:00:00+00:00,1678.954576775
2025-05-30 10:00:00+00:00,1880.727876762
2025-05-30 11:00:00+00:00,1763.079636942
2025-05-30 12:00:00+00:00,1769.737203291
2025-05-30 13:00:00+00:00,1741.717623760
2025-05-30 14:00:00+00:00,1777.655363635
2025-05-30 15:00:00+00:00,1783.573005115
2025-05-30 16:00:00+00:00,1837.507302834
2025-05-30 17:00:00+00:00,1691.106641149
2025-05-30 18:00:00+00:00,1694.122470780
2025-05-30 19:00:00+00:00,1727.938865878
2025-05-30 20:00:00+00:00,1748.264878610
2025-05-30 21:00:00+00:00,1751.651306980
2025-05-30 22:00:00+00:00,1677.222142382
2025-05-30 23:00:00+00:00,1604.236844676
2025-05-31 00:00:00+00:00,1438.446051521
2025-05-31 01:00:00+00:00,1413.633644095
2025-05-31 02:00:00+00:00,1519.375362262
2025-05-31 03:00:00+00:00,1510.901276715
2025-05-31 04:00:00+00:00,1528.052078876
2025-05-31 05:00:00+00:00,1512.769322286
2025-05-31 06:00:00+00:00,1642.244793656
2025-05-31 07:00:00+00:00,1662.309087879
2025-05-31 08:00:00+00:00,1606.889106246
2025-05-31 09:00:00+00:00,1652.833669094
2025-05-31 10:00:00+00:00,1657.226293044
2025-05-31 11:00:00+00:00,1628.759726171
2025-05-31 12:00:00+00:00,1646.111168074
2025-05-31 13:00:00+00:00,1634.328408780
2025-05-31 14:00:00+00:00,1641.863615286
2025-05-31 15:00:00+00:00,1669.705240935
2025-05-31 16:00:00+00:00,1639.576971035
2025-05-31 17:00:00+00:00,1621.026781358
2025-05-31 18:00:00+00:00,1692.679043399
2025-05-31 19:00:00+00:00,1645.340393809
2025-05-31 20:00:00+00:00,1599.342921249
2025-05-31 21:00:00+00:00,1625.559322576
2025-05-31 22:00:00+00:00,1533.720507982
2025-05-31 23:00:00+00:00,1473.553376072
2025-06-01 00:00:00+00:00,1558.657053756
2025-06-01 01:00:00+00:00,1471.362656584
2025-06-01 02:00:00+00:00,1513.705925656
2025-06-01 03:00:00+00:00,1476.759387605
2025-06-01 04:00:00+00:00,1501.688335657
2025-06-01 05:00:00+00:00,1535.680516837
2025-06-01 06:00:00+00:00,1526.189156790
2025-06-01 07:00:00+00:00,1730.492933889
2025-06-01 08:00:00+00:00,1682.755461090
2025-06-01 09:00:00+00:00,1660.084137272
2025-06-01 10:00:00+00:00,1683.522963394
2025-06-01 11:00:00+00:00,1629.704197846
2025-06-01 12:00:00+00:00,1581.363091031
2025-06-01 13:00:00+00:00,1644.267294716
2025-06-01 14:00:00+00:00,1566.033496963
2025-06-01 15:00:00+00:00,1639.035506476
2025-06-01 16:00:00+00:00,1574.868576614
2025-06-01 17:00:00+00:00,1652.125283077
2025-06-01 18:00:00+00:00,1609.941633182
2025-06-01 19:00:00+00:00,1599.277191353
2025-06-01 20:00:00+00:00,1678.793685584
2025-06-01 21:00:00+00:00,1659.956084351
2025-06-01 22:00:00+00:00,1509.527843870
2025-06-01 23:00:00+00:00,1505.225685557
2025-06-02 00:00:00+00:00,1630.070406333
2025-06-02 01:00:00+00:00,1606.092259261
2025-06-02 02:00:00+00:00,1592.252321308
2025-06-02 03:00:00+00:00,1630.056485134
2025-06-02 04:00:00+00:00,1635.801861562
2025-06-02 05:00:00+00:00,1593.122416085
2025-06-02 06:00:00+00:00,1776.638537892
2025-06-02 07:00:00+00:00,1822.858706646
2025-06-02 08:00:00+00:00,1717.513065776
2025-06-02 09:00:00+00:00,1806.193935167
2025-06-02 10:00:00+00:00,1724.990771971
2025-06-02 11:00:00+00:00,1722.792735797
2025-06-02 12:00:00+00:00,1659.171035367
2025-06-02 13:00:00+00:00,1729.799743632
2025-06-02 14:00:00+00:00,1778.450794025
2025-06-02 15:00:00+00:00,1674.310406915
2025-06-02 16:00:00+00:00,1778.378583252
2025-06-02 17:00:00+00:00,1708.726730955
2025-06-02 18:00:00+00:00,1765.238636617
2025-06-02 19:00:00+00:00,1715.338436262
2025-06-02 20:00:00+00:00,1795.159740851
2025-06-02 21:00:00+00:00,1726.439752199
2025-06-02 22:00:00+00:00,1702.435059684
2025-06-02 23:00:00+00:00,1679.994353261
2025-06-03 00:00:00+00:00,1613.256276687
2025-06-03 01:00:00+00:00,1620.499619175
2025-06-03 02:00:00+00:00,1607.583079269
2025-06-03 03:00:00+00:00,1620.876587405
2025-06-03 04:00:00+00:00,1628.965275068
2025-06-03 05:00:00+00:00,1649.762371471
2025-06-03 06:00:00+00:00,1820.246561326
2025-06-03 07:00:00+00:00,1759.687917691
2025-06-03 08:00:00+00:00,1775.132819867
2025-06-03 09:00:00+00:00,1752.599573594
2025-06-03 10:00:00+00:00,1753.634509193
2025-06-03 11:00:00+00:00,1774.933514653
2025-06-03 12:00:00+00:00,1729.173449396
2025-06-03 13:00:00+00:00,1735.987598730
2025-06-03 14:00:00+00:00,1708.215276854
2025-06-03 15:00:00+00:00,1733.833817591
2025-06-03 16:00:00+00:00,1860.425422553
2025-06-03 17:00:00+00:00,1814.769073576
2025-06-03 18:00:00+00:00,1794.661485178
2025-06-03 19:00:00+00:00,1827.794476618
2025-06-03 20:00:00+00:00,1769.288334117
2025-06-03 21:00:00+00:00,1752.562458384
2025-06-03 22:00:00+00:00,1594.590335649
2025-06-03 23:00:00+00:00,1590.807473064
2025-06-04 00:00:00+00:00,1655.619267294
2025-06-04 01:00:00+00:00,1557.704298053
2025-06-04 02:00:00+00:00,1618.483243437
2025-06-04 03:00:00+00:00,1649.134815632
2025-06-04 04:00:00+00:00,1629.357935171
2025-06-04 05:00:00+00:00,1564.421653765
2025-06-04 06:00:00+00:00,1793.006033125
2025-06-04 07:00:00+00:00,1750.840857065
2025-06-04 08:00:00+00:00,1806.005850242
2025-06-04 09:00:00+00:00,1748.895877879
2025-06-04 10:00:00+00:00,1781.348514301
2025-06-04 11:00:00+00:00,1837.417128810
2025-06-04 12:00:00+00:00,1796.130351595
2025-06-04 13:00:00+00:00,1689.317982384
2025-06-04 14:00:00+00:00,1838.563056562
2025-06-04 15:00:00+00:00,1752.417502840
2025-06-04 16:00:00+00:00,1791.211996544
2025-06-04 17:00:00+00:00,1770.358185493
2025-06-04 18:00:00+00:00,1810.574755465
2025-06-04 19:00:00+00:00,1813.685851910
2025-06-04 20:00:00+00:00,1775.786675055
2025-06-04 21:00:00+00:00,1781.794799044
2025-06-04 22:00:00+00:00,1600.805227379
2025-06-04 23:00:00+00:00,1591.940250064
2025-06-05 00:00:00+00:00,1642.492560473
2025-06-05 01:00:00+00:00,1576.024857589
2025-06-05 02:00:00+00:00,1545.971468668
2025-06-05 03:00:00+00:00,1655.361287833
2025-06-05 04:00:00+00:00,1587.072417308
2025-06-05 05:00:00+00:00,1672.266679984
2025-06-05 06:00:00+00:00,1738.738010747
2025-06-05 07:00:00+00:00,1758.129014579
2025-06-05 08:00:00+00:00,1748.572045153
2025-06-05 09:00:00+00:00,1803.841944329
2025-06-05 10:00:00+00:00,1743.930700316
2025-06-05 11:00:00+00:00,1744.724498177
2025-06-05 12:00:00+00:00,1783.336798413
2025-06-05 13:00:00+00:00,1791.061974280
2025-06-05 14:00:00+00:00,1776.902589068
2025-06-05 15:00:00+00:00,1799.879535138
2025-06-05 16:00:00+00:00,1753.179085185
2025-06-05 17:00:00+00:00,1819.292083371
2025-06-05 18:00:00+00:00,1793.018478656
2025-06-05 19:00:00+00:00,1807.732846174
2025-06-05 20:00:00+00:00,1745.740841201
2025-06-05 21:00:00+00:00,1757.768477899
2025-06-05 22:00:00+00:00,1683.232075974
2025-06-05 23:00:00+00:00,1635.840390791
2025-06-06 00:00:00+00:00,1604.904422171
2025-06-06 01:00:00+00:00,1609.773160978
2025-06-06 02:00:00+00:00,1586.392163138
2025-06-06 03:00:00+00:00,1669.599850661
2025-06-06 04:00:00+00:00,1658.022451767
2025-06-06 05:00:00+00:00,1588.304131750
2025-06-06 06:00:00+00:00,1742.259778315
2025-06-06 07:00:00+00:00,1761.027719684
2025-06-06 08:00:00+00:00,1803.289851782
2025-06-06 09:00:00+00:00,1777.785577592
2025-06-06 10:00:00+00:00,1755.742288400
2025-06-06 11:00:00+00:00,1790.977928463
2025-06-06 12:00:00+00:00,1772.288496906
2025-06-06 13:00:00+00:00,1741.518215800
2025-06-06 14:00:00+00:00,1808.214049240
2025-06-06 15:00:00+00:00,1761.942204036
2025-06-06 16:00:00+00:00,1780.200234194
2025-06-06 17:00:00+00:00,1750.296791411
2025-06-06 18:00:00+00:00,1763.337938652
2025-06-06 19:00:00+00:00,1720.519388024
2025-06-06 20:00:00+00:00,1764.149287253
2025-06-06 21:00:00+00:00,1697.389664000
2025-06-06 22:00:00+00:00,1530.354164083
2025-06-06 23:00:00+00:00,1620.704030878
2025-06-07 00:00:00+00:00,1509.284854461
2025-06-07 01:00:00+00:00,1598.775735396
2025-06-07 02:00:00+00:00,1454.530237973
2025-06-07 03:00:00+00:00,1534.838361335
2025-06-07 04:00:00+00:00,1525.115837043
2025-06-07 05:00:00+00:00,1542.869344847
2025-06-07 06:00:00+00:00,1617.665028750
2025-06-07 07:00:00+00:00,1634.361670458
2025-06-07 08:00:00+00:00,1593.843767936
2025-06-07 09:00:00+00:00,1588.562778663
2025-06-07 10:00:00+00:00,1629.631821110
2025-06-07 11:00:00+00:00,1658.866805555
2025-06-07 12:00:00+00:00,1629.600716973
2025-06-07 13:00:00+00:00,1748.789782676
2025-06-07 14:00:00+00:00,1627.967571870
2025-06-07 15:00:00+00:00,1641.827011560
2025-06-07 16:00:00+00:00,1665.765403100
2025-06-07 17:00:00+00:00,1667.588914100
2025-06-07 18:00:00+00:00,1600.221325760
2025-06-07 19:00:00+00:00,1634.920862480
2025-06-07 20:00:00+00:00,1573.891242187
2025-06-07 21:00:00+00:00,1659.211676721
2025-06-07 22:00:00+00:00,1439.614258406
2025-06-07 23:00:00+00:00,1459.233263955
2025-06-08 00:00:00+00:00,1480.837242293
2025-06-08 01:00:00+00:00,1441.730988711
2025-06-08 02:00:00+00:00,1554.122218721
2025-06-08 03:00:00+00:00,1476.581847180
2025-06-08 04:00:00+00:00,1446.618630430
2025-06-08 05:00:00+00:00,1533.569272602
2025-06-08 06:00:00+00:00,1605.487905529
2025-06-08 07:00:00+00:00,1707.423815695
2025-06-08 08:00:00+00:00,1609.954748286
2025-06-08 09:00:00+00:00,1604.925272567
2025-06-08 10:00:00+00:00,1632.435614956
2025-06-08 11:00:00+00:00,1645.089091535
2025-06-08 12:00:00+00:00,1694.034475026
2025-06-08 13:00:00+00:00,1612.522537793
2025-06-08 14:00:00+00:00,1599.843533258
2025-06-08 15:00:00+00:00,1635.802771787
2025-06-08 16:00:00+00:00,1651.527821752
2025-06-08 17:00:00+00:00,1624.766768261
2025-06-08 18:00:00+00:00,1670.034875378
2025-06-08 19:00:00+00:00,1599.386072440
2025-06-08 20:00:00+00:00,1651.924744706
2025-06-08 21:00:00+00:00,1584.767635022
2025-06-08 22:00:00+00:00,1443.355954901
2025-06-08 23:00:00+00:00,1521.437078462
2025-06-09 00:00:00+00:00,1588.815987476
2025-06-09 01:00:00+00:00,1605.157181038
2025-06-09 02:00:00+00:00,1669.896768060
2025-06-09 03:00:00+00:00,1685.936275873
2025-06-09 04:00:00+00:00,1698.729467550
2025-06-09 05:00:00+00:00,1608.035879776
2025-06-09 06:00:00+00:00,1756.800905701
2025-06-09 07:00:00+00:00,1785.109205102
2025-06-09 08:00:00+00:00,1751.840537758
2025-06-09 09:00:00+00:00,1782.694037996
2025-06-09 10:00:00+00:00,1825.696292174
2025-06-09 11:00:00+00:00,1736.543706723
2025-06-09 12:00:00+00:00,1819.682854842
2025-06-09 13:00:00+00:00,1732.359026616
2025-06-09 14:00:00+00:00,1721.096596139
2025-06-09 15:00:00+00:00,1859.415743121
2025-06-09 16:00:00+00:00,1818.636761610
2025-06-09 17:00:00+00:00,1888.334886732
2025-06-09 18:00:00+00:00,1774.783543540
2025-06-09 19:00:00+00:00,1736.408919753
2025-06-09 20:00:00+00:00,1806.538814304
2025-06-09 21:00:00+00:00,1791.237591970
2025-06-09 22:00:00+00:00,1635.145048214
2025-06-09 23:00:00+00:00,1542.853065921
2025-06-10 00:00:00+00:00,1651.582495056
2025-06-10 01:00:00+00:00,1527.366993853
2025-06-10 02:00:00+00:00,1577.988994142
2025-06-10 03:00:00+00:00,1607.660884178
2025-06-10 04:00:00+00:00,1576.084370458
2025-06-10 05:00:00+00:00,1515.879961838
2025-06-10 06:00:00+00:00,1739.651717077
2025-06-10 07:00:00+00:00,1752.683509518
2025-06-10 08:00:00+00:00,1783.277692495
2025-06-10 09:00:00+00:00,1744.288615088
2025-06-10 10:00:00+00:00,1762.676242279
2025-06-10 11:00:00+00:00,1788.412354708
2025-06-10 12:00:00+00:00,1760.037250280
2025-06-10 13:00:00+00:00,1805.103487001
2025-06-10 14:00:00+00:00,1798.775180098
2025-06-10 15:00:00+00:00,1712.502674069
2025-06-10 16:00:00+00:00,1737.427390792
2025-06-10 17:00:00+00:00,1742.469141606
2025-06-10 18:00:00+00:00,1748.608378177
2025-06-10 19:00:00+00:00,1759.011974437
2025-06-10 20:00:00+00:00,1797.284771786
2025-06-10 21:00:00+00:00,1696.714201937
2025-06-10 22:00:00+00:00,1585.490053025
2025-06-10 23:00:00+00:00,1604.274278096
2025-06-11 00:00:00+00:00,1547.651069311
2025-06-11 01:00:00+00:00,1676.553500747
2025-06-11 02:00:00+00:00,1646.157444890
2025-06-11 03:00:00+00:00,1680.867448526
2025-06-11 04:00:00+00:00,1737.544347174
2025-06-11 05:00:00+00:00,1623.980688480
2025-06-11 06:00:00+00:00,1787.643436241
2025-06-11 07:00:00+00:00,1884.751113473
2025-06-11 08:00:00+00:00,1816.685638780
2025-06-11 09:00:00+00:00,1742.149974581
2025-06-11 10:00:00+00:00,1799.735109053
2025-06-11 11:00:00+00:00,1711.807608387
2025-06-11 12:00:00+00:00,1804.001774268
2025-06-11 13:00:00+00:00,1755.091906904
2025-06-11 14:00:00+00:00,1785.899075574
2025-06-11 15:00:00+00:00,1786.746809660
2025-06-11 16:00:00+00:00,1836.973420301
2025-06-11 17:00:00+00:00,1810.659454802
2025-06-11 18:00:00+00:00,1769.489419515
2025-06-11 19:00:00+00:00,1737.496451057
2025-06-11 20:00:00+00:00,1810.057133424
2025-06-11 21:00:00+00:00,1690.923815113
2025-06-11 22:00:00+00:00,1545.325774513
2025-06-11 23:00:00+00:00,1605.462137555
2025-06-12 00:00:00+00:00,1577.894041705
2025-06-12 01:00:00+00:00,1541.961553837
2025-06-12 02:00:00+00:00,1621.503903670
2025-06-12 03:00:00+00:00,1623.011547262
2025-06-12 04:00:00+00:00,1604.538580844
2025-06-12 05:00:00+00:00,1629.616066106
2025-06-12 06:00:00+00:00,1797.058626813
2025-06-12 07:00:00+00:00,1810.382431030
2025-06-12 08:00:00+00:00,1726.225117706
2025-06-12 09:00:00+00:00,1757.248384268
2025-06-12 10:00:00+00:00,1753.980717651
2025-06-12 11:00:00+00:00,1811.033592769
2025-06-12 12:00:00+00:00,1836.900035718
2025-06-12 13:00:00+00:00,1721.473603457
2025-06-12 14:00:00+00:00,1704.371576712
2025-06-12 15:00:00+00:00,1771.702898817
2025-06-12 16:00:00+00:00,1724.408521974
2025-06-12 17:00:00+00:00,1719.254883405
2025-06-12 18:00:00+00:00,1754.377921800
2025-06-12 19:00:00+00:00,1730.186587587
2025-06-12 20:00:00+00:00,1653.403644985
2025-06-12 21:00:00+00:00,1808.368239583
2025-06-12 22:00:00+00:00,1570.503919808
2025-06-12 23:00:00+00:00,1640.871174445
2025-06-13 00:00:00+00:00,1678.359814823
2025-06-13 01:00:00+00:00,1608.266664002
2025-06-13 02:00:00+00:00,1626.933014088
2025-06-13 03:00:00+00:00,1651.787674580
2025-06-13 04:00:00+00:00,1592.002934757
2025-06-13 05:00:00+00:00,1586.384556264
2025-06-13 06:00:00+00:00,1725.732929646
2025-06-13 07:00:00+00:00,1785.207607105
2025-06-13 08:00:00+00:00,1763.187250458
2025-06-13 09:00:00+00:00,1788.277713593
2025-06-13 10:00:00+00:00,1829.801627895
2025-06-13 11:00:00+00:00,1834.588187479
2025-06-13 12:00:00+00:00,1777.079538045
2025-06-13 13:00:00+00:00,1746.189413453
2025-06-13 14:00:00+00:00,1819.861785801
2025-06-13 15:00:00+00:00,1702.975149945
2025-06-13 16:00:00+00:00,1711.736196561
2025-06-13 17:00:00+00:00,1759.052775329
2025-06-13 18:00:00+00:00,1793.462973073
2025-06-13 19:00:00+00:00,1819.857189046
2025-06-13 20:00:00+00:00,1816.756743302
2025-06-13 21:00:00+00:00,1771.049752653
2025-06-13 22:00:00+00:00,1629.159077480
2025-06-13 23:00:00+00:00,1617.954720946
2025-06-14 00:00:00+00:00,1458.251483529
2025-06-14 01:00:00+00:00,1498.024400967
2025-06-14 02:00:00+00:00,1518.102193005
2025-06-14 03:00:00+00:00,1503.341044277
2025-06-14 04:00:00+00:00,1488.020800045
2025-06-14 05:00:00+00:00,1453.719338720
2025-06-14 06:00:00+00:00,1666.992295565
2025-06-14 07:00:00+00:00,1658.997020912
2025-06-14 08:00:00+00:00,1708.985110806
2025-06-14 09:00:00+00:00,1677.488401972
2025-06-14 10:00:00+00:00,1668.703900448
2025-06-14 11:00:00+00:00,1700.271524603
2025-06-14 12:00:00+00:00,1728.033021242
2025-06-14 13:00:00+00:00,1570.810537667
2025-06-14 14:00:00+00:00,1601.382692526
2025-06-14 15:00:00+00:00,1610.028349908
2025-06-14 16:00:00+00:00,1678.851297796
2025-06-14 17:00:00+00:00,1571.754909344
2025-06-14 18:00:00+00:00,1607.489564946
2025-06-14 19:00:00+00:00,1645.051129959
2025-06-14 20:00:00+00:00,1617.379578499
2025-06-14 21:00:00+00:00,1663.857741216
2025-06-14 22:00:00+00:00,1411.941855948
2025-06-14 23:00:00+00:00,1445.042785249
2025-06-15 00:00:00+00:00,1521.842737465
2025-06-15 01:00:00+00:00,1505.672222374
2025-06-15 02:00:00+00:00,1480.423948565
2025-06-15 03:00:00+00:00,1485.937421197
2025-06-15 04:00:00+00:00,1449.154830776
2025-06-15 05:00:00+00:00,1491.165744399
2025-06-15 06:00:00+00:00,1536.345603473
2025-06-15 07:00:00+00:00,1539.584399899
2025-06-15 08:00:00+00:00,1600.655659938
2025-06-15 09:00:00+00:00,1575.666818990
2025-06-15 10:00:00+00:00,1590.558888486
2025-06-15 11:00:00+00:00,1677.252486357
2025-06-15 12:00:00+00:00,1647.339061129
2025-06-15 13:00:00+00:00,1698.594481181
2025-06-15 14:00:00+00:00,1665.136816685
2025-06-15 15:00:00+00:00,1623.930208390
2025-06-15 16:00:00+00:00,1568.829671509
2025-06-15 17:00:00+00:00,1632.124656057
2025-06-15 18:00:00+00:00,1674.581331021
2025-06-15 19:00:00+00:00,1681.348376616
2025-06-15 20:00:00+00:00,1596.591238149
2025-06-15 21:00:00+00:00,1644.731661684
2025-06-15 22:00:00+00:00,1498.515349237
2025-06-15 23:00:00+00:00,1465.181099082
2025-06-16 00:00:00+00:00,1601.943491831
2025-06-16 01:00:00+00:00,1614.162593048
2025-06-16 02:00:00+00:00,1568.367337737
2025-06-16 03:00:00+00:00,1620.572794325
2025-06-16 04:00:00+00:00,1618.369337774
2025-06-16 05:00:00+00:00,1670.927474791
2025-06-16 06:00:00+00:00,1733.748601487
2025-06-16 07:00:00+00:00,1760.854157204
2025-06-16 08:00:00+00:00,1691.588032268
2025-06-16 09:00:00+00:00,1743.012747630
2025-06-16 10:00:00+00:00,1756.263573071
2025-06-16 11:00:00+00:00,1790.486431087
2025-06-16 12:00:00+00:00,1693.694209270
2025-06-16 13:00:00+00:00,1669.943393128
2025-06-16 14:00:00+00:00,1756.593849389
2025-06-16 15:00:00+00:00,1713.661582047
2025-06-16 16:00:00+00:00,1705.624508579
2025-06-16 17:00:00+00:00,1756.889973468
2025-06-16 18:00:00+00:00,1785.194740117
2025-06-16 19:00:00+00:00,1706.679062592
2025-06-16 20:00:00+00:00,1632.679317098
2025-06-16 21:00:00+00:00,1807.761919516
2025-06-16 22:00:00+00:00,1599.628549670
2025-06-16 23:00:00+00:00,1562.001236434
2025-06-17 00:00:00+00:00,1681.924313181
2025-06-17 01:00:00+00:00,1566.264105069
2025-06-17 02:00:00+00:00,1595.325500333
2025-06-17 03:00:00+00:00,1547.171098990
2025-06-17 04:00:00+00:00,1493.210582772
2025-06-17 05:00:00+00:00,1584.543262710
2025-06-17 06:00:00+00:00,1784.132764870
2025-06-17 07:00:00+00:00,1756.354106673
2025-06-17 08:00:00+00:00,1750.805124020
2025-06-17 09:00:00+00:00,1825.252451899
2025-06-17 10:00:00+00:00,1768.705061968
2025-06-17 11:00:00+00:00,1815.947945210
2025-06-17 12:00:00+00:00,1768.354345754
2025-06-17 13:00:00+00:00,1857.695121595
2025-06-17 14:00:00+00:00,1732.907669207
2025-06-17 15:00:00+00:00,1841.760343318
2025-06-17 16:00:00+00:00,1758.086922655
2025-06-17 17:00:00+00:00,1733.406520051
2025-06-17 18:00:00+00:00,1825.581505891
2025-06-17 19:00:00+00:00,1725.921554602
2025-06-17 20:00:00+00:00,1741.454517690
2025-06-17 21:00:00+00:00,1749.142162031
2025-06-17 22:00:00+00:00,1597.953478921
2025-06-17 23:00:00+00:00,1584.047187171
2025-06-18 00:00:00+00:00,1566.137771037
2025-06-18 01:00:00+00:00,1646.028259572
2025-06-18 02:00:00+00:00,1511.532068078
2025-06-18 03:00:00+00:00,1621.040849428
2025-06-18 04:00:00+00:00,1569.736548828
2025-06-18 05:00:00+00:00,1639.198208246
2025-06-18 06:00:00+00:00,1804.836929720
2025-06-18 07:00:00+00:00,1772.931874244
2025-06-18 08:00:00+00:00,1874.916128950
2025-06-18 09:00:00+00:00,1782.470410087
2025-06-18 10:00:00+00:00,1792.283831352
2025-06-18 11:00:00+00:00,1791.467636438
2025-06-18 12:00:00+00:00,1719.777499576
2025-06-18 13:00:00+00:00,1799.384183214
2025-06-18 14:00:00+00:00,1798.872486506
2025-06-18 15:00:00+00:00,1855.372506300
2025-06-18 16:00:00+00:00,1779.157526637
2025-06-18 17:00:00+00:00,1820.860305130
2025-06-18 18:00:00+00:00,1765.503150883
2025-06-18 19:00:00+00:00,1835.716809573
2025-06-18 20:00:00+00:00,1742.147352091
2025-06-18 21:00:00+00:00,1778.062649486
2025-06-18 22:00:00+00:00,1679.977022136
2025-06-18 23:00:00+00:00,1645.577703817
2025-06-19 00:00:00+00:00,1732.467203153
2025-06-19 01:00:00+00:00,1575.359356515
2025-06-19 02:00:00+00:00,1620.594676830
2025-06-19 03:00:00+00:00,1589.722774278
2025-06-19 04:00:00+00:00,1608.577204059
2025-06-19 05:00:00+00:00,1638.586180932
2025-06-19 06:00:00+00:00,1742.540489847
2025-06-19 07:00:00+00:00,1786.143863054
2025-06-19 08:00:00+00:00,1775.887618833
2025-06-19 09:00:00+00:00,1762.685563181
2025-06-19 10:00:00+00:00,1705.434452157
2025-06-19 11:00:00+00:00,1791.444006937
2025-06-19 12:00:00+00:00,1822.747561865
2025-06-19 13:00:00+00:00,1777.509988701
2025-06-19 14:00:00+00:00,1804.684594537
2025-06-19 15:00:00+00:00,1762.765759952
2025-06-19 16:00:00+00:00,1779.403012559
2025-06-19 17:00:00+00:00,1768.928875279
2025-06-19 18:00:00+00:00,1812.952833388
2025-06-19 19:00:00+00:00,1750.552312682
2025-06-19 20:00:00+00:00,1754.434118980
2025-06-19 21:00:00+00:00,1763.004842853
2025-06-19 22:00:00+00:00,1584.930332805
2025-06-19 23:00:00+00:00,1692.928501823
2025-06-20 00:00:00+00:00,1604.529897841
2025-06-20 01:00:00+00:00,1606.468016642
2025-06-20 02:00:00+00:00,1582.161867505
2025-06-20 03:00:00+00:00,1608.586923829
2025-06-20 04:00:00+00:00,1675.391912250
2025-06-20 05:00:00+00:00,1599.794652493
2025-06-20 06:00:00+00:00,1807.670900246
2025-06-20 07:00:00+00:00,1757.426039269
2025-06-20 08:00:00+00:00,1795.784087550
2025-06-20 09:00:00+00:00,1712.719423073
2025-06-20 10:00:00+00:00,1803.926404031
2025-06-20 11:00:00+00:00,1752.978853049
2025-06-20 12:00:00+00:00,1811.577707366
2025-06-20 13:00:00+00:00,1865.747706183
2025-06-20 14:00:00+00:00,1740.848745801
2025-06-20 15:00:00+00:00,1787.689023972
2025-06-20 16:00:00+00:00,1669.114554780
2025-06-20 17:00:00+00:00,1790.133879577
2025-06-20 18:00:00+00:00,1754.460196517
2025-06-20 19:00:00+00:00,1788.229006474
2025-06-20 20:00:00+00:00,1799.304538870
2025-06-20 21:00:00+00:00,1711.254843071
2025-06-20 22:00:00+00:00,1604.115665940
2025-06-20 23:00:00+00:00,1583.655055467
2025-06-21 00:00:00+00:00,1422.582285020
2025-06-21 01:00:00+00:00,1470.305119659
2025-06-21 02:00:00+00:00,1433.569294939
2025-06-21 03:00:00+00:00,1558.369771945
2025-06-21 04:00:00+00:00,1436.245637075
2025-06-21 05:00:00+00:00,1469.601148820
2025-06-21 06:00:00+00:00,1670.844165342
2025-06-21 07:00:00+00:00,1639.150317777
2025-06-21 08:00:00+00:00,1664.066280358
2025-06-21 09:00:00+00:00,1598.686730485
2025-06-21 10:00:00+00:00,1657.211925116
2025-06-21 11:00:00+00:00,1665.805479660
2025-06-21 12:00:00+00:00,1664.357738071
2025-06-21 13:00:00+00:00,1657.324503245
2025-06-21 14:00:00+00:00,1603.245641778
2025-06-21 15:00:00+00:00,1659.754768132
2025-06-21 16:00:00+00:00,1626.837987478
2025-06-21 17:00:00+00:00,1675.922246151
2025-06-21 18:00:00+00:00,1595.493320635
2025-06-21 19:00:00+00:00,1613.725535132
2025-06-21 20:00:00+00:00,1609.264545440
2025-06-21 21:00:00+00:00,1636.107847294
2025-06-21 22:00:00+00:00,1548.743685963
2025-06-21 23:00:00+00:00,1407.559056864
2025-06-22 00:00:00+00:00,1479.766717571
2025-06-22 01:00:00+00:00,1558.999225178
2025-06-22 02:00:00+00:00,1475.620294311
2025-06-22 03:00:00+00:00,1515.260104915
2025-06-22 04:00:00+00:00,1466.972365436
2025-06-22 05:00:00+00:00,1476.224510515
2025-06-22 06:00:00+00:00,1684.770448108
2025-06-22 07:00:00+00:00,1626.206993682
2025-06-22 08:00:00+00:00,1616.819217467
2025-06-22 09:00:00+00:00,1658.308335710
2025-06-22 10:00:00+00:00,1656.850986584
2025-06-22 11:00:00+00:00,1656.390038353
2025-06-22 12:00:00+00:00,1681.128693299
2025-06-22 13:00:00+00:00,1659.997837555
2025-06-22 14:00:00+00:00,1554.166710481
2025-06-22 15:00:00+00:00,1663.306843711
2025-06-22 16:00:00+00:00,1623.984856394
2025-06-22 17:00:00+00:00,1638.419128800
2025-06-22 18:00:00+00:00,1601.625158169
2025-06-22 19:00:00+00:00,1613.231615826
2025-06-22 20:00:00+00:00,1678.238113525
2025-06-22 21:00:00+00:00,1596.053734988
2025-06-22 22:00:00+00:00,1470.902816376
2025-06-22 23:00:00+00:00,1456.268954416
2025-06-23 00:00:00+00:00,1567.986395323
2025-06-23 01:00:00+00:00,1537.191102456
2025-06-23 02:00:00+00:00,1613.047022626
2025-06-23 03:00:00+00:00,1477.193162644
2025-06-23 04:00:00+00:00,1646.990622558
2025-06-23 05:00:00+00:00,1644.251733258
2025-06-23 06:00:00+00:00,1776.351042381
2025-06-23 07:00:00+00:00,1755.592739719
2025-06-23 08:00:00+00:00,1784.909288006
2025-06-23 09:00:00+00:00,1728.213671018
2025-06-23 10:00:00+00:00,1745.689732693
2025-06-23 11:00:00+00:00,1718.171577629
2025-06-23 12:00:00+00:00,1752.293935846
2025-06-23 13:00:00+00:00,1676.623238087
2025-06-23 14:00:00+00:00,1831.070015810
2025-06-23 15:00:00+00:00,1825.440372364
2025-06-23 16:00:00+00:00,1637.916796780
2025-06-23 17:00:00+00:00,1748.111951050
2025-06-23 18:00:00+00:00,1777.358393174
2025-06-23 19:00:00+00:00,1763.194198587
2025-06-23 20:00:00+00:00,1771.792323192
2025-06-23 21:00:00+00:00,1782.755904633
2025-06-23 22:00:00+00:00,1592.558137777
2025-06-23 23:00:00+00:00,1674.122192829
2025-06-24 00:00:00+00:00,1552.218240589
2025-06-24 01:00:00+00:00,1672.173834526
2025-06-24 02:00:00+00:00,1614.022990369
2025-06-24 03:00:00+00:00,1591.550912346
2025-06-24 04:00:00+00:00,1663.362375650
2025-06-24 05:00:00+00:00,1512.808623376
2025-06-24 06:00:00+00:00,1746.302512206
2025-06-24 07:00:00+00:00,1709.468134989
2025-06-24 08:00:00+00:00,1783.632773532
2025-06-24 09:00:00+00:00,1769.880308487
2025-06-24 10:00:00+00:00,1771.493204784
2025-06-24 11:00:00+00:00,1733.943868218
2025-06-24 12:00:00+00:00,1680.981240597
2025-06-24 13:00:00+00:00,1770.011649118
2025-06-24 14:00:00+00:00,1748.818829000
2025-06-24 15:00:00+00:00,1679.434188437
2025-06-24 16:00:00+00:00,1728.690249467
2025-06-24 17:00:00+00:00,1742.160903166
2025-06-24 18:00:00+00:00,1767.255620609
2025-06-24 19:00:00+00:00,1750.722664346
2025-06-24 20:00:00+00:00,1762.635332601
2025-06-24 21:00:00+00:00,1862.144262604
2025-06-24 22:00:00+00:00,1656.577588402
2025-06-24 23:00:00+00:00,1564.626366255
2025-06-25 00:00:00+00:00,1561.798474745
2025-06-25 01:00:00+00:00,1618.376841870
2025-06-25 02:00:00+00:00,1611.834312838
2025-06-25 03:00:00+00:00,1662.118919973
2025-06-25 04:00:00+00:00,1689.557626066
2025-06-25 05:00:00+00:00,1624.534252579
2025-06-25 06:00:00+00:00,1702.392234363
2025-06-25 07:00:00+00:00,1693.249905562
2025-06-25 08:00:00+00:00,1866.376476162
2025-06-25 09:00:00+00:00,1712.969471067
2025-06-25 10:00:00+00:00,1714.575008818
2025-06-25 11:00:00+00:00,1833.585263804
2025-06-25 12:00:00+00:00,1773.925334467
2025-06-25 13:00:00+00:00,1763.606354827
2025-06-25 14:00:00+00:00,1773.959017399
2025-06-25 15:00:00+00:00,1779.550272081
2025-06-25 16:00:00+00:00,1752.828171448
2025-06-25 17:00:00+00:00,1810.430748704
2025-06-25 18:00:00+00:00,1701.769438533
2025-06-25 19:00:00+00:00,1696.961053223
2025-06-25 20:00:00+00:00,1824.981680255
2025-06-25 21:00:00+00:00,1727.924412493
2025-06-25 22:00:00+00:00,1649.281112201
2025-06-25 23:00:00+00:00,1614.031174113
2025-06-26 00:00:00+00:00,1583.999925035
2025-06-26 01:00:00+00:00,1569.013328526
2025-06-26 02:00:00+00:00,1625.975385432
2025-06-26 03:00:00+00:00,1595.571785856
2025-06-26 04:00:00+00:00,1578.388631772
2025-06-26 05:00:00+00:00,1540.786508662
2025-06-26 06:00:00+00:00,1761.958117018
2025-06-26 07:00:00+00:00,1735.509199543
2025-06-26 08:00:00+00:00,1687.573265691
2025-06-26 09:00:00+00:00,1814.365158606
2025-06-26 10:00:00+00:00,1850.246270466
2025-06-26 11:00:00+00:00,1709.386253155
2025-06-26 12:00:00+00:00,1735.247180134
2025-06-26 13:00:00+00:00,1780.879889729
2025-06-26 14:00:00+00:00,1805.835397163
2025-06-26 15:00:00+00:00,1798.531549623
2025-06-26 16:00:00+00:00,1809.697555341
2025-06-26 17:00:00+00:00,1738.050460362
2025-06-26 18:00:00+00:00,1781.072820645
2025-06-26 19:00:00+00:00,1896.794031055
2025-06-26 20:00:00+00:00,1782.247722715
2025-06-26 21:00:00+00:00,1745.214981455
2025-06-26 22:00:00+00:00,1570.181561749
2025-06-26 23:00:00+00:00,1620.898987575
2025-06-27 00:00:00+00:00,1535.752660295
2025-06-27 01:00:00+00:00,1582.451923810
2025-06-27 02:00:00+00:00,1583.013087372
2025-06-27 03:00:00+00:00,1591.121209443
2025-06-27 04:00:00+00:00,1573.468955702
2025-06-27 05:00:00+00:00,1593.319355215
2025-06-27 06:00:00+00:00,1634.817587346
2025-06-27 07:00:00+00:00,1786.978890074
2025-06-27 08:00:00+00:00,1775.867404123
2025-06-27 09:00:00+00:00,1715.873796891
2025-06-27 10:00:00+00:00,1743.428302171
2025-06-27 11:00:00+00:00,1753.202588532
2025-06-27 12:00:00+00:00,1826.901967201
2025-06-27 13:00:00+00:00,1776.070651551
2025-06-27 14:00:00+00:00,1654.386422218
2025-06-27 15:00:00+00:00,1815.004061548
2025-06-27 16:00:00+00:00,1827.779368100
2025-06-27 17:00:00+00:00,1777.750838590
2025-06-27 18:00:00+00:00,1841.216399752
2025-06-27 19:00:00+00:00,1783.014350121
2025-06-27 20:00:00+00:00,1701.200055252
2025-06-27 21:00:00+00:00,1744.747726155
2025-06-27 22:00:00+00:00,1636.790639373
2025-06-27 23:00:00+00:00,1616.598820368
2025-06-28 00:00:00+00:00,1463.473793135
2025-06-28 01:00:00+00:00,1405.860728973
2025-06-28 02:00:00+00:00,1497.703124644
2025-06-28 03:00:00+00:00,1491.763614147
2025-06-28 04:00:00+00:00,1503.963828764
2025-06-28 05:00:00+00:00,1402.613771051
2025-06-28 06:00:00+00:00,1633.870888616
2025-06-28 07:00:00+00:00,1557.617962524
2025-06-28 08:00:00+00:00,1652.306265802
2025-06-28 09:00:00+00:00,1623.021689233
2025-06-28 10:00:00+00:00,1607.806504697
2025-06-28 11:00:00+00:00,1567.530698056
2025-06-28 12:00:00+00:00,1654.168460404
2025-06-28 13:00:00+00:00,1576.417362852
2025-06-28 14:00:00+00:00,1631.453725712
2025-06-28 15:00:00+00:00,1600.300913563
2025-06-28 16:00:00+00:00,1658.147098261
2025-06-28 17:00:00+00:00,1607.156791864
2025-06-28 18:00:00+00:00,1633.815271548
2025-06-28 19:00:00+00:00,1722.478188129
2025-06-28 20:00:00+00:00,1676.817419902
2025-06-28 21:00:00+00:00,1569.351264308
2025-06-28 22:00:00+00:00,1444.668430975
2025-06-28 23:00:00+00:00,1490.942894613
2025-06-29 00:00:00+00:00,1478.140682102
2025-06-29 01:00:00+00:00,1478.581279164
2025-06-29 02:00:00+00:00,1520.920283494
2025-06-29 03:00:00+00:00,1497.179858788
2025-06-29 04:00:00+00:00,1518.356091784
2025-06-29 05:00:00+00:00,1468.005050395
2025-06-29 06:00:00+00:00,1635.143553588
2025-06-29 07:00:00+00:00,1645.061659780
2025-06-29 08:00:00+00:00,1580.470944095
2025-06-29 09:00:00+00:00,1606.704701854
2025-06-29 10:00:00+00:00,1621.467320507
2025-06-29 11:00:00+00:00,1630.207198044
2025-06-29 12:00:00+00:00,1620.630576294
2025-06-29 13:00:00+00:00,1596.434459537
2025-06-29 14:00:00+00:00,1617.491803204
2025-06-29 15:00:00+00:00,1654.783179653
2025-06-29 16:00:00+00:00,1631.665736604
2025-06-29 17:00:00+00:00,1619.643095293
2025-06-29 18:00:00+00:00,1630.168656753
2025-06-29 19:00:00+00:00,1647.183211169
2025-06-29 20:00:00+00:00,1597.329211633
2025-06-29 21:00:00+00:00,1596.687734957
2025-06-29 22:00:00+00:00,1443.571972233
2025-06-29 23:00:00+00:00,1441.175873785
2025-06-30 00:00:00+00:00,1592.127913243
2025-06-30 01:00:00+00:00,1639.202546939
2025-06-30 02:00:00+00:00,1513.800247981
2025-06-30 03:00:00+00:00,1626.187800680
2025-06-30 04:00:00+00:00,1646.610026556
2025-06-30 05:00:00+00:00,1651.759547933
2025-06-30 06:00:00+00:00,1827.913123483
2025-06-30 07:00:00+00:00,1751.780690386
2025-06-30 08:00:00+00:00,1766.175714201
2025-06-30 09:00:00+00:00,1878.296762013
2025-06-30 10:00:00+00:00,1717.601562874
2025-06-30 11:00:00+00:00,1779.232748079
2025-06-30 12:00:00+00:00,1723.799280229
2025-06-30 13:00:00+00:00,1825.720456728
2025-06-30 14:00:00+00:00,1762.554885874
2025-06-30 15:00:00+00:00,1766.107310577
2025-06-30 16:00:00+00:00,1744.485622972
2025-06-30 17:00:00+00:00,1822.479979864
2025-06-30 18:00:00+00:00,1788.691103588
2025-06-30 19:00:00+00:00,1711.012855107
2025-06-30 20:00:00+00:00,1838.760312432
2025-06-30 21:00:00+00:00,1741.544067698
2025-06-30 22:00:00+00:00,1586.548424164
2025-06-30 23:00:00+00:00,1520.005111672
2025-07-01 00:00:00+00:00,1552.882891835
2025-07-01 01:00:00+00:00,1568.458573300
2025-07-01 02:00:00+00:00,1621.904491053
2025-07-01 03:00:00+00:00,1621.649771483
2025-07-01 04:00:00+00:00,1604.558700220
2025-07-01 05:00:00+00:00,1585.585062064
2025-07-01 06:00:00+00:00,1834.065618092
2025-07-01 07:00:00+00:00,1735.574526676
2025-07-01 08:00:00+00:00,1742.943924204
2025-07-01 09:00:00+00:00,1766.586860961
2025-07-01 10:00:00+00:00,1853.197168060
2025-07-01 11:00:00+00:00,1733.800970746
2025-07-01 12:00:00+00:00,1761.993980454
2025-07-01 13:00:00+00:00,1770.406779207
2025-07-01 14:00:00+00:00,1797.273487236
2025-07-01 15:00:00+00:00,1705.515306441
2025-07-01 16:00:00+00:00,1761.784123041
2025-07-01 17:00:00+00:00,1738.405782919
2025-07-01 18:00:00+00:00,1806.545635207
2025-07-01 19:00:00+00:00,1761.732414289
2025-07-01 20:00:00+00:00,1760.840910166
2025-07-01 21:00:00+00:00,1773.729815313
2025-07-01 22:00:00+00:00,1592.447481634
2025-07-01 23:00:00+00:00,1637.423938988
2025-07-02 00:00:00+00:00,1583.102151214
2025-07-02 01:00:00+00:00,1572.228951482
2025-07-02 02:00:00+00:00,1596.206457589
2025-07-02 03:00:00+00:00,1610.189562545
2025-07-02 04:00:00+00:00,1632.346242857
2025-07-02 05:00:00+00:00,1630.667599859
2025-07-02 06:00:00+00:00,1781.361977343
2025-07-02 07:00:00+00:00,1693.003229162
2025-07-02 08:00:00+00:00,1814.349633175
2025-07-02 09:00:00+00:00,1790.294943150
2025-07-02 10:00:00+00:00,1752.112384249
2025-07-02 11:00:00+00:00,1827.360009577
2025-07-02 12:00:00+00:00,1822.669053800
2025-07-02 13:00:00+00:00,1752.245983141
2025-07-02 14:00:00+00:00,1767.181075292
2025-07-02 15:00:00+00:00,1807.294969045
2025-07-02 16:00:00+00:00,1798.981839660
2025-07-02 17:00:00+00:00,1742.921511778
2025-07-02 18:00:00+00:00,1761.670322241
2025-07-02 19:00:00+00:00,1704.327028403
2025-07-02 20:00:00+00:00,1774.943973657
2025-07-02 21:00:00+00:00,1840.120251149
2025-07-02 22:00:00+00:00,1616.398955006
2025-07-02 23:00:00+00:00,1532.491259943
2025-07-03 00:00:00+00:00,1660.654721964
2025-07-03 01:00:00+00:00,1698.433403805
2025-07-03 02:00:00+00:00,1573.798091212
2025-07-03 03:00:00+00:00,1601.289084111
2025-07-03 04:00:00+00:00,1546.271189957
2025-07-03 05:00:00+00:00,1590.615622412
2025-07-03 06:00:00+00:00,1801.279783293
2025-07-03 07:00:00+00:00,1727.862152080
2025-07-03 08:00:00+00:00,1786.273151507
2025-07-03 09:00:00+00:00,1750.887207398
2025-07-03 10:00:00+00:00,1805.072653167
2025-07-03 11:00:00+00:00,1713.822745547
2025-07-03 12:00:00+00:00,1726.653166077
2025-07-03 13:00:00+00:00,1764.168716330
2025-07-03 14:00:00+00:00,1716.243002918
2025-07-03 15:00:00+00:00,1826.399498927
2025-07-03 16:00:00+00:00,1718.867336759
2025-07-03 17:00:00+00:00,1729.857095266
2025-07-03 18:00:00+00:00,1769.140468843
2025-07-03 19:00:00+00:00,1731.151056703
2025-07-03 20:00:00+00:00,1772.709875019
2025-07-03 21:00:00+00:00,1788.800760104
2025-07-03 22:00:00+00:00,1566.983535913
2025-07-03 23:00:00+00:00,1652.449512771
2025-07-04 00:00:00+00:00,1629.466073776
2025-07-04 01:00:00+00:00,1624.001551171
2025-07-04 02:00:00+00:00,1599.637042687
2025-07-04 03:00:00+00:00,1645.100136617
2025-07-04 04:00:00+00:00,1631.202032785
2025-07-04 05:00:00+00:00,1605.070638719
2025-07-04 06:00:00+00:00,1805.658646018
2025-07-04 07:00:00+00:00,1744.129560269
2025-07-04 08:00:00+00:00,1827.448857883
2025-07-04 09:00:00+00:00,1768.209302156
2025-07-04 10:00:00+00:00,1753.399875777
2025-07-04 11:00:00+00:00,1770.381421851
2025-07-04 12:00:00+00:00,1836.965644941
2025-07-04 13:00:00+00:00,1772.351640163
2025-07-04 14:00:00+00:00,1688.383845892
2025-07-04 15:00:00+00:00,1846.715237426
2025-07-04 16:00:00+00:00,1688.138717552
2025-07-04 17:00:00+00:00,1723.705552695
2025-07-04 18:00:00+00:00,1757.719341630
2025-07-04 19:00:00+00:00,1780.951466522
2025-07-04 20:00:00+00:00,1763.193645038
2025-07-04 21:00:00+00:00,1707.040701789
2025-07-04 22:00:00+00:00,1546.039306472
2025-07-04 23:00:00+00:00,1559.263868989
2025-07-05 00:00:00+00:00,1488.360405831
2025-07-05 01:00:00+00:00,1494.544604377
2025-07-05 02:00:00+00:00,1438.207360679
2025-07-05 03:00:00+00:00,1441.728900269
2025-07-05 04:00:00+00:00,1538.079781574
2025-07-05 05:00:00+00:00,1457.446834671
2025-07-05 06:00:00+00:00,1545.757432867
2025-07-05 07:00:00+00:00,1633.224942331
2025-07-05 08:00:00+00:00,1591.310538916
2025-07-05 09:00:00+00:00,1601.956281884
2025-07-05 10:00:00+00:00,1654.619428075
2025-07-05 11:00:00+00:00,1594.067603532
2025-07-05 12:00:00+00:00,1658.677511299
2025-07-05 13:00:00+00:00,1538.469256525
2025-07-05 14:00:00+00:00,1675.632847330
2025-07-05 15:00:00+00:00,1576.710484940
2025-07-05 16:00:00+00:00,1605.025567925
2025-07-05 17:00:00+00:00,1612.533796111
2025-07-05 18:00:00+00:00,1552.954956671
2025-07-05 19:00:00+00:00,1646.247833217
2025-07-05 20:00:00+00:00,1697.974057974
2025-07-05 21:00:00+00:00,1630.071005245
2025-07-05 22:00:00+00:00,1435.022966258
2025-07-05 23:00:00+00:00,1486.795920883
2025-07-06 00:00:00+00:00,1462.957760319
2025-07-06 01:00:00+00:00,1500.478093046
2025-07-06 02:00:00+00:00,1521.519818383
2025-07-06 03:00:00+00:00,1479.736953981
2025-07-06 04:00:00+00:00,1524.098160715
2025-07-06 05:00:00+00:00,1513.140671591
2025-07-06 06:00:00+00:00,1611.133573480
2025-07-06 07:00:00+00:00,1592.174212780
2025-07-06 08:00:00+00:00,1653.718098034
2025-07-06 09:00:00+00:00,1656.973529333
2025-07-06 10:00:00+00:00,1609.709571755
2025-07-06 11:00:00+00:00,1593.884617540
2025-07-06 12:00:00+00:00,1712.671470381
2025-07-06 13:00:00+00:00,1598.531450984
2025-07-06 14:00:00+00:00,1702.799701520
2025-07-06 15:00:00+00:00,1610.251714350
2025-07-06 16:00:00+00:00,1674.068612316
2025-07-06 17:00:00+00:00,1633.209532902
2025-07-06 18:00:00+00:00,1609.569854259
2025-07-06 19:00:00+00:00,1614.897263425
2025-07-06 20:00:00+00:00,1566.907769506
2025-07-06 21:00:00+00:00,1599.217557338
2025-07-06 22:00:00+00:00,1475.707879051
2025-07-06 23:00:00+00:00,1532.368564463
2025-07-07 00:00:00+00:00,1583.179856909
2025-07-07 01:00:00+00:00,1531.869470703
2025-07-07 02:00:00+00:00,1621.452271796
2025-07-07 03:00:00+00:00,1534.554287984
2025-07-07 04:00:00+00:00,1587.032363800
2025-07-07 05:00:00+00:00,1657.600089029
2025-07-07 06:00:00+00:00,1772.458365911
2025-07-07 07:00:00+00:00,1755.446754091
2025-07-07 08:00:00+00:00,1747.970380752
2025-07-07 09:00:00+00:00,1803.064278453
2025-07-07 10:00:00+00:00,1839.306220974
2025-07-07 11:00:00+00:00,1759.219289378
2025-07-07 12:00:00+00:00,1822.174167815
2025-07-07 13:00:00+00:00,1762.282637158
2025-07-07 14:00:00+00:00,1774.472471973
2025-07-07 15:00:00+00:00,1762.125428997
2025-07-07 16:00:00+00:00,1701.956617953
2025-07-07 17:00:00+00:00,1762.739624031
2025-07-07 18:00:00+00:00,1729.240536790
2025-07-07 19:00:00+00:00,1792.973367932
2025-07-07 20:00:00+00:00,1796.522602450
2025-07-07 21:00:00+00:00,1787.521540915
2025-07-07 22:00:00+00:00,1554.729185321
2025-07-07 23:00:00+00:00,1588.418879383
2025-07-08 00:00:00+00:00,1629.330999936
2025-07-08 01:00:00+00:00,1598.830523645
2025-07-08 02:00:00+00:00,1523.158700073
2025-07-08 03:00:00+00:00,1611.386247916
2025-07-08 04:00:00+00:00,1639.634436765
2025-07-08 05:00:00+00:00,1582.428439923
2025-07-08 06:00:00+00:00,1747.458939199
2025-07-08 07:00:00+00:00,1829.324287573
2025-07-08 08:00:00+00:00,1810.638548416
2025-07-08 09:00:00+00:00,1674.828729816
2025-07-08 10:00:00+00:00,1799.677321221
2025-07-08 11:00:00+00:00,1797.706895579
2025-07-08 12:00:00+00:00,1746.112943118
2025-07-08 13:00:00+00:00,1724.796871207
2025-07-08 14:00:00+00:00,1730.491753175
2025-07-08 15:00:00+00:00,1714.600259168
2025-07-08 16:00:00+00:00,1740.325383940
2025-07-08 17:00:00+00:00,1777.168884147
2025-07-08 18:00:00+00:00,1768.032940340
2025-07-08 19:00:00+00:00,1724.532136815
2025-07-08 20:00:00+00:00,1721.043747428
2025-07-08 21:00:00+00:00,1809.599029094
2025-07-08 22:00:00+00:00,1666.150632315
2025-07-08 23:00:00+00:00,1609.092990435
2025-07-09 00:00:00+00:00,1621.084727624
2025-07-09 01:00:00+00:00,1644.693502944
2025-07-09 02:00:00+00:00,1599.620488268
2025-07-09 03:00:00+00:00,1524.378236493
2025-07-09 04:00:00+00:00,1609.443878121
2025-07-09 05:00:00+00:00,1595.848531394
2025-07-09 06:00:00+00:00,1820.831792780
2025-07-09 07:00:00+00:00,1706.277157197
2025-07-09 08:00:00+00:00,1790.488063966
2025-07-09 09:00:00+00:00,1745.491505371
2025-07-09 10:00:00+00:00,1713.371544135
2025-07-09 11:00:00+00:00,1753.334655581
2025-07-09 12:00:00+00:00,1836.436812024
2025-07-09 13:00:00+00:00,1744.236095726
2025-07-09 14:00:00+00:00,1725.441785248
2025-07-09 15:00:00+00:00,1747.588384722
2025-07-09 16:00:00+00:00,1772.101850270
2025-07-09 17:00:00+00:00,1724.677100721
2025-07-09 18:00:00+00:00,1764.489981965
2025-07-09 19:00:00+00:00,1702.192405954
2025-07-09 20:00:00+00:00,1756.754663450
2025-07-09 21:00:00+00:00,1765.742086745
2025-07-09 22:00:00+00:00,1527.822507253
2025-07-09 23:00:00+00:00,1564.855455798
2025-07-10 00:00:00+00:00,1568.231717942
2025-07-10 01:00:00+00:00,1682.891929535
2025-07-10 02:00:00+00:00,1636.037570719
2025-07-10 03:00:00+00:00,1665.312167290
2025-07-10 04:00:00+00:00,1592.628951293
2025-07-10 05:00:00+00:00,1606.628017311
2025-07-10 06:00:00+00:00,1743.332193786
2025-07-10 07:00:00+00:00,1706.182524498
2025-07-10 08:00:00+00:00,1836.694360489
2025-07-10 09:00:00+00:00,1735.264703432
2025-07-10 10:00:00+00:00,1681.170914291
2025-07-10 11:00:00+00:00,1857.715291711
2025-07-10 12:00:00+00:00,1687.633296505
2025-07-10 13:00:00+00:00,1747.988712889
2025-07-10 14:00:00+00:00,1829.541660436
2025-07-10 15:00:00+00:00,1784.509311895
2025-07-10 16:00:00+00:00,1817.744257135
2025-07-10 17:00:00+00:00,1815.350806233
2025-07-10 18:00:00+00:00,1719.011687404
2025-07-10 19:00:00+00:00,1757.640597021
2025-07-10 20:00:00+00:00,1751.873080347
2025-07-10 21:00:00+00:00,1737.359028210
2025-07-10 22:00:00+00:00,1607.270582710
2025-07-10 23:00:00+00:00,1645.022504701
2025-07-11 00:00:00+00:00,1573.225994574
2025-07-11 01:00:00+00:00,1587.086382126
2025-07-11 02:00:00+00:00,1626.014817524
2025-07-11 03:00:00+00:00,1575.770931441
2025-07-11 04:00:00+00:00,1580.753551161
2025-07-11 05:00:00+00:00,1590.650305920
2025-07-11 06:00:00+00:00,1733.925559908
2025-07-11 07:00:00+00:00,1743.401974213
2025-07-11 08:00:00+00:00,1727.693175217
2025-07-11 09:00:00+00:00,1742.722926573
2025-07-11 10:00:00+00:00,1775.113750465
2025-07-11 11:00:00+00:00,1782.131382391
2025-07-11 12:00:00+00:00,1773.679968813
2025-07-11 13:00:00+00:00,1741.179760644
2025-07-11 14:00:00+00:00,1731.125804254
2025-07-11 15:00:00+00:00,1696.848994136
2025-07-11 16:00:00+00:00,1809.345531262
2025-07-11 17:00:00+00:00,1836.175606433
2025-07-11 18:00:00+00:00,1805.400482991
2025-07-11 19:00:00+00:00,1746.368069747
2025-07-11 20:00:00+00:00,1755.811106365
2025-07-11 21:00:00+00:00,1751.435651586
2025-07-11 22:00:00+00:00,1605.710841267
2025-07-11 23:00:00+00:00,1665.097289271
2025-07-12 00:00:00+00:00,1453.512129725
2025-07-12 01:00:00+00:00,1404.148255278
2025-07-12 02:00:00+00:00,1490.687174831
2025-07-12 03:00:00+00:00,1460.427695924
2025-07-12 04:00:00+00:00,1476.134560100
2025-07-12 05:00:00+00:00,1416.618853008
2025-07-12 06:00:00+00:00,1680.313923652
2025-07-12 07:00:00+00:00,1638.000389640
2025-07-12 08:00:00+00:00,1531.036612180
2025-07-12 09:00:00+00:00,1643.995715689
2025-07-12 10:00:00+00:00,1639.829653757
2025-07-12 11:00:00+00:00,1592.607052941
2025-07-12 12:00:00+00:00,1569.979144910
2025-07-12 13:00:00+00:00,1670.561979808
2025-07-12 14:00:00+00:00,1647.131347867
2025-07-12 15:00:00+00:00,1572.710412206
2025-07-12 16:00:00+00:00,1624.434653447
2025-07-12 17:00:00+00:00,1492.444643602
2025-07-12 18:00:00+00:00,1586.324814762
2025-07-12 19:00:00+00:00,1715.705110816
2025-07-12 20:00:00+00:00,1616.760009487
2025-07-12 21:00:00+00:00,1639.709277479
2025-07-12 22:00:00+00:00,1444.385585114
2025-07-12 23:00:00+00:00,1444.633380239
2025-07-13 00:00:00+00:00,1457.973998930
2025-07-13 01:00:00+00:00,1538.206796848
2025-07-13 02:00:00+00:00,1486.751960732
2025-07-13 03:00:00+00:00,1442.530905943
2025-07-13 04:00:00+00:00,1476.187486872
2025-07-13 05:00:00+00:00,1504.050611429
2025-07-13 06:00:00+00:00,1578.528572519
2025-07-13 07:00:00+00:00,1656.155011310
2025-07-13 08:00:00+00:00,1643.258273272
2025-07-13 09:00:00+00:00,1619.408516373
2025-07-13 10:00:00+00:00,1549.281296458
2025-07-13 11:00:00+00:00,1708.696845068
2025-07-13 12:00:00+00:00,1604.347995790
2025-07-13 13:00:00+00:00,1599.367934415
2025-07-13 14:00:00+00:00,1633.801024416
2025-07-13 15:00:00+00:00,1667.292837425
2025-07-13 16:00:00+00:00,1636.490282756
2025-07-13 17:00:00+00:00,1579.203129128
2025-07-13 18:00:00+00:00,1668.418566071
2025-07-13 19:00:00+00:00,1585.901707640
2025-07-13 20:00:00+00:00,1661.805512275
2025-07-13 21:00:00+00:00,1706.431207246
2025-07-13 22:00:00+00:00,1474.415559959
2025-07-13 23:00:00+00:00,1474.905406990
2025-07-14 00:00:00+00:00,1683.372927182
2025-07-14 01:00:00+00:00,1567.205199093
2025-07-14 02:00:00+00:00,1602.838562819
2025-07-14 03:00:00+00:00,1588.255095878
2025-07-14 04:00:00+00:00,1583.934311217
2025-07-14 05:00:00+00:00,1535.937189782
2025-07-14 06:00:00+00:00,1792.414941488
2025-07-14 07:00:00+00:00,1685.645172889
2025-07-14 08:00:00+00:00,1727.297886497
2025-07-14 09:00:00+00:00,1712.054674524
2025-07-14 10:00:00+00:00,1700.782035968
2025-07-14 11:00:00+00:00,1809.344684053
2025-07-14 12:00:00+00:00,1738.772354050
2025-07-14 13:00:00+00:00,1816.459464156
2025-07-14 14:00:00+00:00,1770.885631416
2025-07-14 15:00:00+00:00,1794.606569479
2025-07-14 16:00:00+00:00,1812.014592610
2025-07-14 17:00:00+00:00,1723.552641894
2025-07-14 18:00:00+00:00,1684.495962407
2025-07-14 19:00:00+00:00,1799.976502323
2025-07-14 20:00:00+00:00,1836.709399985
2025-07-14 21:00:00+00:00,1686.248865185
2025-07-14 22:00:00+00:00,1617.818051012
2025-07-14 23:00:00+00:00,1605.179619968
2025-07-15 00:00:00+00:00,1585.809577032
2025-07-15 01:00:00+00:00,1598.767969724
2025-07-15 02:00:00+00:00,1613.956739358
2025-07-15 03:00:00+00:00,1603.308884831
2025-07-15 04:00:00+00:00,1612.740702821
2025-07-15 05:00:00+00:00,1662.108001347
2025-07-15 06:00:00+00:00,1802.821180351
2025-07-15 07:00:00+00:00,1795.286439092
2025-07-15 08:00:00+00:00,1856.209733411
2025-07-15 09:00:00+00:00,1735.508663195
2025-07-15 10:00:00+00:00,1783.571049774
2025-07-15 11:00:00+00:00,1724.072344779
2025-07-15 12:00:00+00:00,1707.170301952
2025-07-15 13:00:00+00:00,1752.721708191
2025-07-15 14:00:00+00:00,1718.827444086
2025-07-15 15:00:00+00:00,1729.928525990
2025-07-15 16:00:00+00:00,1737.880484880
2025-07-15 17:00:00+00:00,1748.965510385
2025-07-15 18:00:00+00:00,1746.433321590
2025-07-15 19:00:00+00:00,1769.653479054
2025-07-15 20:00:00+00:00,1756.118861497
2025-07-15 21:00:00+00:00,1795.980323152
2025-07-15 22:00:00+00:00,1553.984286010
2025-07-15 23:00:00+00:00,1620.940386764
2025-07-16 00:00:00+00:00,1547.304178640
2025-07-16 01:00:00+00:00,1565.101722026
2025-07-16 02:00:00+00:00,1584.858386243
2025-07-16 03:00:00+00:00,1605.044601928
2025-07-16 04:00:00+00:00,1548.068461411
2025-07-16 05:00:00+00:00,1646.225471820
2025-07-16 06:00:00+00:00,1821.759184084
2025-07-16 07:00:00+00:00,1801.811330300
2025-07-16 08:00:00+00:00,1687.836749697
2025-07-16 09:00:00+00:00,1712.526987428
2025-07-16 10:00:00+00:00,1723.045081991
2025-07-16 11:00:00+00:00,1760.435517487
2025-07-16 12:00:00+00:00,1819.332072131
2025-07-16 13:00:00+00:00,1661.369989243
2025-07-16 14:00:00+00:00,1744.484220095
2025-07-16 15:00:00+00:00,1677.672621208
2025-07-16 16:00:00+00:00,1728.361539796
2025-07-16 17:00:00+00:00,1738.497377115
2025-07-16 18:00:00+00:00,1803.711290420
2025-07-16 19:00:00+00:00,1714.884724911
2025-07-16 20:00:00+00:00,1770.272593588
2025-07-16 21:00:00+00:00,1727.832160474
2025-07-16 22:00:00+00:00,1593.095487049
2025-07-16 23:00:00+00:00,1593.089964315
2025-07-17 00:00:00+00:00,1628.238286822
2025-07-17 01:00:00+00:00,1599.171036708
2025-07-17 02:00:00+00:00,1606.037995810
2025-07-17 03:00:00+00:00,1603.136910486
2025-07-17 04:00:00+00:00,1577.992223035
2025-07-17 05:00:00+00:00,1647.357679798
2025-07-17 06:00:00+00:00,1759.978415412
2025-07-17 07:00:00+00:00,1800.264446984
2025-07-17 08:00:00+00:00,1793.207184702
2025-07-17 09:00:00+00:00,1733.893266670
2025-07-17 10:00:00+00:00,1803.849728522
2025-07-17 11:00:00+00:00,1746.438972811
2025-07-17 12:00:00+00:00,1805.812064773
2025-07-17 13:00:00+00:00,1777.231687408
2025-07-17 14:00:00+00:00,1695.421963716
2025-07-17 15:00:00+00:00,1783.354277632
2025-07-17 16:00:00+00:00,1741.475641625
2025-07-17 17:00:00+00:00,1712.040499668
2025-07-17 18:00:00+00:00,1804.642470325
2025-07-17 19:00:00+00:00,1748.434948041
2025-07-17 20:00:00+00:00,1765.771711895
2025-07-17 21:00:00+00:00,1716.434801406
2025-07-17 22:00:00+00:00,1577.603558709
2025-07-17 23:00:00+00:00,1589.069433571
2025-07-18 00:00:00+00:00,1634.513941390
2025-07-18 01:00:00+00:00,1543.100011618
2025-07-18 02:00:00+00:00,1607.088287135
2025-07-18 03:00:00+00:00,1612.708247044
2025-07-18 04:00:00+00:00,1636.358394819
2025-07-18 05:00:00+00:00,1658.916852922
2025-07-18 06:00:00+00:00,1751.789363669
2025-07-18 07:00:00+00:00,1718.185315911
2025-07-18 08:00:00+00:00,1780.895541408
2025-07-18 09:00:00+00:00,1737.370044089
2025-07-18 10:00:00+00:00,1800.567881231
2025-07-18 11:00:00+00:00,1745.798740612
2025-07-18 12:00:00+00:00,1760.029426688
2025-07-18 13:00:00+00:00,1775.223288129
2025-07-18 14:00:00+00:00,1714.788723984
2025-07-18 15:00:00+00:00,1792.575602375
2025-07-18 16:00:00+00:00,1658.372415168
2025-07-18 17:00:00+00:00,1749.436547536
2025-07-18 18:00:00+00:00,1853.914371604
2025-07-18 19:00:00+00:00,1854.996190843
2025-07-18 20:00:00+00:00,1797.212605115
2025-07-18 21:00:00+00:00,1797.359076064
2025-07-18 22:00:00+00:00,1579.974206829
2025-07-18 23:00:00+00:00,1582.997706548
2025-07-19 00:00:00+00:00,1527.322070682
2025-07-19 01:00:00+00:00,1485.293940951
2025-07-19 02:00:00+00:00,1446.647743259
2025-07-19 03:00:00+00:00,1468.230543541
2025-07-19 04:00:00+00:00,1466.895019436
2025-07-19 05:00:00+00:00,1524.420722780
2025-07-19 06:00:00+00:00,1598.211959834
2025-07-19 07:00:00+00:00,1642.012716088
2025-07-19 08:00:00+00:00,1617.338609906
2025-07-19 09:00:00+00:00,1540.028630732
2025-07-19 10:00:00+00:00,1601.235058129
2025-07-19 11:00:00+00:00,1592.551479047
2025-07-19 12:00:00+00:00,1601.770300716
2025-07-19 13:00:00+00:00,1643.024298030
2025-07-19 14:00:00+00:00,1640.951663773
2025-07-19 15:00:00+00:00,1580.601167372
2025-07-19 16:00:00+00:00,1677.969688142
2025-07-19 17:00:00+00:00,1677.444493918
2025-07-19 18:00:00+00:00,1552.480633386
2025-07-19 19:00:00+00:00,1625.976814052
2025-07-19 20:00:00+00:00,1631.291758067
2025-07-19 21:00:00+00:00,1596.570079554
2025-07-19 22:00:00+00:00,1497.292373296
2025-07-19 23:00:00+00:00,1472.963499807
2025-07-20 00:00:00+00:00,1483.182721241
2025-07-20 01:00:00+00:00,1427.870552053
2025-07-20 02:00:00+00:00,1464.778341913
2025-07-20 03:00:00+00:00,1481.449437202
2025-07-20 04:00:00+00:00,1467.950505344
2025-07-20 05:00:00+00:00,1446.497253431
2025-07-20 06:00:00+00:00,1704.185614878
2025-07-20 07:00:00+00:00,1591.994369334
2025-07-20 08:00:00+00:00,1619.494035267
2025-07-20 09:00:00+00:00,1615.533913191
2025-07-20 10:00:00+00:00,1675.978694770
2025-07-20 11:00:00+00:00,1664.482276092
2025-07-20 12:00:00+00:00,1641.737773306
2025-07-20 13:00:00+00:00,1648.818745221
2025-07-20 14:00:00+00:00,1605.341096828
2025-07-20 15:00:00+00:00,1579.867813226
2025-07-20 16:00:00+00:00,1617.794332367
2025-07-20 17:00:00+00:00,1580.494230176
2025-07-20 18:00:00+00:00,1515.407858996
2025-07-20 19:00:00+00:00,1613.064074566
2025-07-20 20:00:00+00:00,1655.059968275
2025-07-20 21:00:00+00:00,1597.608714574
2025-07-20 22:00:00+00:00,1481.737993668
2025-07-20 23:00:00+00:00,1479.180202514
2025-07-21 00:00:00+00:00,1526.715221865
2025-07-21 01:00:00+00:00,1601.913467064
2025-07-21 02:00:00+00:00,1591.468575113
2025-07-21 03:00:00+00:00,1546.368963369
2025-07-21 04:00:00+00:00,1583.853995411
2025-07-21 05:00:00+00:00,1638.516552444
2025-07-21 06:00:00+00:00,1693.946797528
2025-07-21 07:00:00+00:00,1735.677936722
2025-07-21 08:00:00+00:00,1749.552253537
2025-07-21 09:00:00+00:00,1711.761758165
2025-07-21 10:00:00+00:00,1674.582864838
2025-07-21 11:00:00+00:00,1843.235867075
2025-07-21 12:00:00+00:00,1795.311638494
2025-07-21 13:00:00+00:00,1705.727480288
2025-07-21 14:00:00+00:00,1718.755290477
2025-07-21 15:00:00+00:00,1773.397754042
2025-07-21 16:00:00+00:00,1726.852058589
2025-07-21 17:00:00+00:00,1743.572692133
2025-07-21 18:00:00+00:00,1812.191920642
2025-07-21 19:00:00+00:00,1711.335664388
2025-07-21 20:00:00+00:00,1755.451387879
2025-07-21 21:00:00+00:00,1717.209181881
2025-07-21 22:00:00+00:00,1553.321404918
2025-07-21 23:00:00+00:00,1606.513190341
2025-07-22 00:00:00+00:00,1618.776484905
2025-07-22 01:00:00+00:00,1644.161305598
2025-07-22 02:00:00+00:00,1580.569627615
2025-07-22 03:00:00+00:00,1630.996005762
2025-07-22 04:00:00+00:00,1591.079776433
2025-07-22 05:00:00+00:00,1653.771482079
2025-07-22 06:00:00+00:00,1766.201270334
2025-07-22 07:00:00+00:00,1694.776984806
2025-07-22 08:00:00+00:00,1846.231698662
2025-07-22 09:00:00+00:00,1741.960951876
2025-07-22 10:00:00+00:00,1669.239657346
2025-07-22 11:00:00+00:00,1780.113183933
2025-07-22 12:00:00+00:00,1795.673667138
2025-07-22 13:00:00+00:00,1774.280383241
2025-07-22 14:00:00+00:00,1781.382416610
2025-07-22 15:00:00+00:00,1820.905200849
2025-07-22 16:00:00+00:00,1703.676733523
2025-07-22 17:00:00+00:00,1758.222472578
2025-07-22 18:00:00+00:00,1736.115839513
2025-07-22 19:00:00+00:00,1763.104373401
2025-07-22 20:00:00+00:00,1738.327374415
2025-07-22 21:00:00+00:00,1775.743586626
2025-07-22 22:00:00+00:00,1634.466504733
2025-07-22 23:00:00+00:00,1551.662298108
2025-07-23 00:00:00+00:00,1550.349490254
2025-07-23 01:00:00+00:00,1515.889844845
2025-07-23 02:00:00+00:00,1564.520163606
2025-07-23 03:00:00+00:00,1614.273570306
2025-07-23 04:00:00+00:00,1554.238640911
2025-07-23 05:00:00+00:00,1596.086377782
2025-07-23 06:00:00+00:00,1749.906589256
2025-07-23 07:00:00+00:00,1782.447481867
2025-07-23 08:00:00+00:00,1774.859932036
2025-07-23 09:00:00+00:00,1771.088579685
2025-07-23 10:00:00+00:00,1775.616218665
2025-07-23 11:00:00+00:00,1798.225331009
2025-07-23 12:00:00+00:00,1731.267250675
2025-07-23 13:00:00+00:00,1742.974555339
2025-07-23 14:00:00+00:00,1820.104553628
2025-07-23 15:00:00+00:00,1771.838515124
2025-07-23 16:00:00+00:00,1708.728351873
2025-07-23 17:00:00+00:00,1780.399768936
2025-07-23 18:00:00+00:00,1802.989772933
2025-07-23 19:00:00+00:00,1806.986276245
2025-07-23 20:00:00+00:00,1766.507462055
2025-07-23 21:00:00+00:00,1776.521821905
2025-07-23 22:00:00+00:00,1610.142583456
2025-07-23 23:00:00+00:00,1564.797840053
2025-07-24 00:00:00+00:00,1596.058194004
2025-07-24 01:00:00+00:00,1666.065713752
2025-07-24 02:00:00+00:00,1577.516708437
2025-07-24 03:00:00+00:00,1614.239552235
2025-07-24 04:00:00+00:00,1622.815936265
2025-07-24 05:00:00+00:00,1576.740280434
2025-07-24 06:00:00+00:00,1745.119185696
2025-07-24 07:00:00+00:00,1806.152377465
2025-07-24 08:00:00+00:00,1762.721535484
2025-07-24 09:00:00+00:00,1765.948856202
2025-07-24 10:00:00+00:00,1704.740159848
2025-07-24 11:00:00+00:00,1681.247037781
2025-07-24 12:00:00+00:00,1875.199357363
2025-07-24 13:00:00+00:00,1743.401092469
2025-07-24 14:00:00+00:00,1827.010924543
2025-07-24 15:00:00+00:00,1744.096156978
2025-07-24 16:00:00+00:00,1757.767375903
2025-07-24 17:00:00+00:00,1768.221592487
2025-07-24 18:00:00+00:00,1805.728496400
2025-07-24 19:00:00+00:00,1903.633818803
2025-07-24 20:00:00+00:00,1758.775012911
2025-07-24 21:00:00+00:00,1815.345415717
2025-07-24 22:00:00+00:00,1702.205711601
2025-07-24 23:00:00+00:00,1612.701427501
2025-07-25 00:00:00+00:00,1638.774410923
2025-07-25 01:00:00+00:00,1605.166230313
2025-07-25 02:00:00+00:00,1550.419119002
2025-07-25 03:00:00+00:00,1547.186137175
2025-07-25 04:00:00+00:00,1603.175498401
2025-07-25 05:00:00+00:00,1618.267318416
2025-07-25 06:00:00+00:00,1728.535498757
2025-07-25 07:00:00+00:00,1676.891642026
2025-07-25 08:00:00+00:00,1822.819906558
2025-07-25 09:00:00+00:00,1767.675035930
2025-07-25 10:00:00+00:00,1796.798100436
2025-07-25 11:00:00+00:00,1820.087119776
2025-07-25 12:00:00+00:00,1790.644266912
2025-07-25 13:00:00+00:00,1736.225944040
2025-07-25 14:00:00+00:00,1742.812985971
2025-07-25 15:00:00+00:00,1746.004593118
2025-07-25 16:00:00+00:00,1753.570177873
2025-07-25 17:00:00+00:00,1758.747469870
2025-07-25 18:00:00+00:00,1736.608389106
2025-07-25 19:00:00+00:00,1710.429861945
2025-07-25 20:00:00+00:00,1738.532045328
2025-07-25 21:00:00+00:00,1736.917222737
2025-07-25 22:00:00+00:00,1557.290939301
2025-07-25 23:00:00+00:00,1552.435385055
2025-07-26 00:00:00+00:00,1413.593135972
2025-07-26 01:00:00+00:00,1445.997685197
2025-07-26 02:00:00+00:00,1451.738731205
2025-07-26 03:00:00+00:00,1467.591936669
2025-07-26 04:00:00+00:00,1496.857828224
2025-07-26 05:00:00+00:00,1499.083355436
2025-07-26 06:00:00+00:00,1705.046451997
2025-07-26 07:00:00+00:00,1645.462197132
2025-07-26 08:00:00+00:00,1586.488103793
2025-07-26 09:00:00+00:00,1584.608351299
2025-07-26 10:00:00+00:00,1638.424637952
2025-07-26 11:00:00+00:00,1664.197776555
2025-07-26 12:00:00+00:00,1637.319022193
2025-07-26 13:00:00+00:00,1617.754039274
2025-07-26 14:00:00+00:00,1631.793461198
2025-07-26 15:00:00+00:00,1585.425086190
2025-07-26 16:00:00+00:00,1635.923441918
2025-07-26 17:00:00+00:00,1595.478659211
2025-07-26 18:00:00+00:00,1671.698481713
2025-07-26 19:00:00+00:00,1644.273948428
2025-07-26 20:00:00+00:00,1647.805982786
2025-07-26 21:00:00+00:00,1710.906601945
2025-07-26 22:00:00+00:00,1502.712511808
2025-07-26 23:00:00+00:00,1462.028150908
2025-07-27 00:00:00+00:00,1436.313843067
2025-07-27 01:00:00+00:00,1400.444990203
2025-07-27 02:00:00+00:00,1486.555906286
2025-07-27 03:00:00+00:00,1523.454099417
2025-07-27 04:00:00+00:00,1461.850336029
2025-07-27 05:00:00+00:00,1503.857857297
2025-07-27 06:00:00+00:00,1580.247544793
2025-07-27 07:00:00+00:00,1613.805989910
2025-07-27 08:00:00+00:00,1658.380668774
2025-07-27 09:00:00+00:00,1680.876893115
2025-07-27 10:00:00+00:00,1519.892156630
2025-07-27 11:00:00+00:00,1650.835041370
2025-07-27 12:00:00+00:00,1625.934762120
2025-07-27 13:00:00+00:00,1596.503836778
2025-07-27 14:00:00+00:00,1667.739866044
2025-07-27 15:00:00+00:00,1644.836221381
2025-07-27 16:00:00+00:00,1658.259151919
2025-07-27 17:00:00+00:00,1592.834549291
2025-07-27 18:00:00+00:00,1606.603147416
2025-07-27 19:00:00+00:00,1703.673405204
2025-07-27 20:00:00+00:00,1583.232170617
2025-07-27 21:00:00+00:00,1622.663797607
2025-07-27 22:00:00+00:00,1503.030298392
2025-07-27 23:00:00+00:00,1431.824488422
2025-07-28 00:00:00+00:00,1607.036752570
2025-07-28 01:00:00+00:00,1554.112478682
2025-07-28 02:00:00+00:00,1664.748162656
2025-07-28 03:00:00+00:00,1644.204554615
2025-07-28 04:00:00+00:00,1542.669146879
2025-07-28 05:00:00+00:00,1626.785139031
2025-07-28 06:00:00+00:00,1774.482524545
2025-07-28 07:00:00+00:00,1621.927684071
2025-07-28 08:00:00+00:00,1835.494454565
2025-07-28 09:00:00+00:00,1719.277712757
2025-07-28 10:00:00+00:00,1752.158592137
2025-07-28 11:00:00+00:00,1795.806762100
2025-07-28 12:00:00+00:00,1808.351259018
2025-07-28 13:00:00+00:00,1781.061587633
2025-07-28 14:00:00+00:00,1798.240540715
2025-07-28 15:00:00+00:00,1766.377880208
2025-07-28 16:00:00+00:00,1848.143876080
2025-07-28 17:00:00+00:00,1754.931206583
2025-07-28 18:00:00+00:00,1800.163134101
2025-07-28 19:00:00+00:00,1746.618912128
2025-07-28 20:00:00+00:00,1795.495677945
2025-07-28 21:00:00+00:00,1747.805748918
2025-07-28 22:00:00+00:00,1568.799002777
2025-07-28 23:00:00+00:00,1665.417802992
2025-07-29 00:00:00+00:00,1523.287956376
2025-07-29 01:00:00+00:00,1605.976621393
2025-07-29 02:00:00+00:00,1666.739855276
2025-07-29 03:00:00+00:00,1597.013346477
2025-07-29 04:00:00+00:00,1627.125935934
2025-07-29 05:00:00+00:00,1608.726765225
2025-07-29 06:00:00+00:00,1811.864383036
2025-07-29 07:00:00+00:00,1764.391540472
2025-07-29 08:00:00+00:00,1761.267108616
2025-07-29 09:00:00+00:00,1753.064928320
2025-07-29 10:00:00+00:00,1696.129286904
2025-07-29 11:00:00+00:00,1679.238712617
2025-07-29 12:00:00+00:00,1738.511386228
2025-07-29 13:00:00+00:00,1711.282354508
2025-07-29 14:00:00+00:00,1739.799243041
2025-07-29 15:00:00+00:00,1813.098879942
2025-07-29 16:00:00+00:00,1784.725977196
2025-07-29 17:00:00+00:00,1749.007366836
2025-07-29 18:00:00+00:00,1772.720629202
2025-07-29 19:00:00+00:00,1824.240316655
2025-07-29 20:00:00+00:00,1769.280867573
2025-07-29 21:00:00+00:00,1695.511643872
2025-07-29 22:00:00+00:00,1606.808773059
2025-07-29 23:00:00+00:00,1675.007526663
2025-07-30 00:00:00+00:00,1729.341218476
2025-07-30 01:00:00+00:00,1645.613902195
2025-07-30 02:00:00+00:00,1697.088963132
2025-07-30 03:00:00+00:00,1598.069802840
2025-07-30 04:00:00+00:00,1619.951103009
2025-07-30 05:00:00+00:00,1660.767824663
2025-07-30 06:00:00+00:00,1764.767555389
2025-07-30 07:00:00+00:00,1822.962745006
2025-07-30 08:00:00+00:00,1755.870151716
2025-07-30 09:00:00+00:00,1796.101274292
2025-07-30 10:00:00+00:00,1738.268059402
2025-07-30 11:00:00+00:00,1751.233373003
2025-07-30 12:00:00+00:00,1707.908461455
2025-07-30 13:00:00+00:00,1736.266703485
2025-07-30 14:00:00+00:00,1777.899124753
2025-07-30 15:00:00+00:00,1750.231311229
2025-07-30 16:00:00+00:00,1729.128975150
2025-07-30 17:00:00+00:00,1744.978390084
2025-07-30 18:00:00+00:00,1803.156624469
2025-07-30 19:00:00+00:00,1736.519576589
2025-07-30 20:00:00+00:00,1714.851944271
2025-07-30 21:00:00+00:00,1765.061875245
2025-07-30 22:00:00+00:00,1592.215855236
2025-07-30 23:00:00+00:00,1595.541261437
2025-07-31 00:00:00+00:00,1598.535998530
2025-07-31 01:00:00+00:00,1495.102362981
2025-07-31 02:00:00+00:00,1620.373433216
2025-07-31 03:00:00+00:00,1628.953429898
2025-07-31 04:00:00+00:00,1615.115750477
2025-07-31 05:00:00+00:00,1637.017108459
2025-07-31 06:00:00+00:00,1768.464629831
2025-07-31 07:00:00+00:00,1706.138727711
2025-07-31 08:00:00+00:00,1817.191296300
2025-07-31 09:00:00+00:00,1739.460585355
2025-07-31 10:00:00+00:00,1796.249914563
2025-07-31 11:00:00+00:00,1654.052805572
2025-07-31 12:00:00+00:00,1789.686101870
2025-07-31 13:00:00+00:00,1783.218392777
2025-07-31 14:00:00+00:00,1759.053310862
2025-07-31 15:00:00+00:00,1821.012158073
2025-07-31 16:00:00+00:00,1757.600062803
2025-07-31 17:00:00+00:00,1782.827971949
2025-07-31 18:00:00+00:00,1787.330779304
2025-07-31 19:00:00+00:00,1763.155283503
2025-07-31 20:00:00+00:00,1760.916713227
2025-07-31 21:00:00+00:00,1696.880084673
2025-07-31 22:00:00+00:00,1609.093093657
2025-07-31 23:00:00+00:00,1531.652702848
2025-08-01 00:00:00+00:00,1656.526227486
2025-08-01 01:00:00+00:00,1681.545335834
2025-08-01 02:00:00+00:00,1539.394305600
2025-08-01 03:00:00+00:00,1614.372477238
2025-08-01 04:00:00+00:00,1588.298315424
2025-08-01 05:00:00+00:00,1561.662937904
2025-08-01 06:00:00+00:00,1836.250430550
2025-08-01 07:00:00+00:00,1731.958338378
2025-08-01 08:00:00+00:00,1758.053069107
2025-08-01 09:00:00+00:00,1693.927776474
2025-08-01 10:00:00+00:00,1797.138972150
2025-08-01 11:00:00+00:00,1688.126667716
2025-08-01 12:00:00+00:00,1775.887677251
2025-08-01 13:00:00+00:00,1763.560994715
2025-08-01 14:00:00+00:00,1753.729183275
2025-08-01 15:00:00+00:00,1795.058486812
2025-08-01 16:00:00+00:00,1660.932252251
2025-08-01 17:00:00+00:00,1784.127528486
2025-08-01 18:00:00+00:00,1851.678772916
2025-08-01 19:00:00+00:00,1771.003359468
2025-08-01 20:00:00+00:00,1763.705104765
2025-08-01 21:00:00+00:00,1844.939660380
2025-08-01 22:00:00+00:00,1623.585089387
2025-08-01 23:00:00+00:00,1597.463847320
2025-08-02 00:00:00+00:00,1489.485587988
2025-08-02 01:00:00+00:00,1493.424601826
2025-08-02 02:00:00+00:00,1503.464187323
2025-08-02 03:00:00+00:00,1474.794399148
2025-08-02 04:00:00+00:00,1483.450892984
2025-08-02 05:00:00+00:00,1497.138081162
2025-08-02 06:00:00+00:00,1601.769606182
2025-08-02 07:00:00+00:00,1621.731762278
2025-08-02 08:00:00+00:00,1608.702862239
2025-08-02 09:00:00+00:00,1668.158510469
2025-08-02 10:00:00+00:00,1706.357827895
2025-08-02 11:00:00+00:00,1632.190059446
2025-08-02 12:00:00+00:00,1607.299068496
2025-08-02 13:00:00+00:00,1656.547393754
2025-08-02 14:00:00+00:00,1599.356149159
2025-08-02 15:00:00+00:00,1601.279752694
2025-08-02 16:00:00+00:00,1595.408577386
2025-08-02 17:00:00+00:00,1683.606446835
2025-08-02 18:00:00+00:00,1595.320774924
2025-08-02 19:00:00+00:00,1633.959493097
2025-08-02 20:00:00+00:00,1604.840802207
2025-08-02 21:00:00+00:00,1642.154707484
2025-08-02 22:00:00+00:00,1463.737746441
2025-08-02 23:00:00+00:00,1403.333975087
2025-08-03 00:00:00+00:00,1355.721069094
2025-08-03 01:00:00+00:00,1458.662429437
2025-08-03 02:00:00+00:00,1500.752828988
2025-08-03 03:00:00+00:00,1424.448666133
2025-08-03 04:00:00+00:00,1485.655755105
2025-08-03 05:00:00+00:00,1508.845721247
2025-08-03 06:00:00+00:00,1626.356470243
2025-08-03 07:00:00+00:00,1598.701988795
2025-08-03 08:00:00+00:00,1603.940414711
2025-08-03 09:00:00+00:00,1600.891892457
2025-08-03 10:00:00+00:00,1631.043508858
2025-08-03 11:00:00+00:00,1567.792374817
2025-08-03 12:00:00+00:00,1648.982442246
2025-08-03 13:00:00+00:00,1581.028995187
2025-08-03 14:00:00+00:00,1590.566028609
2025-08-03 15:00:00+00:00,1632.703290834
2025-08-03 16:00:00+00:00,1564.826373962
2025-08-03 17:00:00+00:00,1643.862513481
2025-08-03 18:00:00+00:00,1536.400340933
2025-08-03 19:00:00+00:00,1624.367424212
2025-08-03 20:00:00+00:00,1658.169809269
2025-08-03 21:00:00+00:00,1604.160383161
2025-08-03 22:00:00+00:00,1465.993341276
2025-08-03 23:00:00+00:00,1485.007757211
2025-08-04 00:00:00+00:00,1655.507587529
2025-08-04 01:00:00+00:00,1589.805483624
2025-08-04 02:00:00+00:00,1581.269852544
2025-08-04 03:00:00+00:00,1580.147779950
2025-08-04 04:00:00+00:00,1580.470915305
2025-08-04 05:00:00+00:00,1586.629154075
2025-08-04 06:00:00+00:00,1820.925723851
2025-08-04 07:00:00+00:00,1760.827524964
2025-08-04 08:00:00+00:00,1772.787625784
2025-08-04 09:00:00+00:00,1734.500876258
2025-08-04 10:00:00+00:00,1763.967399315
2025-08-04 11:00:00+00:00,1799.129433602
2025-08-04 12:00:00+00:00,1798.814984775
2025-08-04 13:00:00+00:00,1760.186499216
2025-08-04 14:00:00+00:00,1805.773915654
2025-08-04 15:00:00+00:00,1746.088502915
2025-08-04 16:00:00+00:00,1824.991040727
2025-08-04 17:00:00+00:00,1749.924924662
2025-08-04 18:00:00+00:00,1765.711119349
2025-08-04 19:00:00+00:00,1782.732010223
2025-08-04 20:00:00+00:00,1814.218576970
2025-08-04 21:00:00+00:00,1713.650140157
2025-08-04 22:00:00+00:00,1621.921034769
2025-08-04 23:00:00+00:00,1558.257964240
2025-08-05 00:00:00+00:00,1592.633456738
2025-08-05 01:00:00+00:00,1641.435438630
2025-08-05 02:00:00+00:00,1613.999693664
2025-08-05 03:00:00+00:00,1662.421351928
2025-08-05 04:00:00+00:00,1644.469957946
2025-08-05 05:00:00+00:00,1604.242336819
2025-08-05 06:00:00+00:00,1702.574946874
2025-08-05 07:00:00+00:00,1769.393082130
2025-08-05 08:00:00+00:00,1757.093393184
2025-08-05 09:00:00+00:00,1738.878847457
2025-08-05 10:00:00+00:00,1759.613521074
2025-08-05 11:00:00+00:00,1816.274999786
2025-08-05 12:00:00+00:00,1703.277252214
2025-08-05 13:00:00+00:00,1782.983397452
2025-08-05 14:00:00+00:00,1724.424169571
2025-08-05 15:00:00+00:00,1811.700122706
2025-08-05 16:00:00+00:00,1794.511680936
2025-08-05 17:00:00+00:00,1747.683529922
2025-08-05 18:00:00+00:00,1718.761266079
2025-08-05 19:00:00+00:00,1811.944034257
2025-08-05 20:00:00+00:00,1784.532755838
2025-08-05 21:00:00+00:00,1818.129816465
2025-08-05 22:00:00+00:00,1632.244741229
2025-08-05 23:00:00+00:00,1646.911291248
2025-08-06 00:00:00+00:00,1562.624672880
2025-08-06 01:00:00+00:00,1649.701407210
2025-08-06 02:00:00+00:00,1633.957790643
2025-08-06 03:00:00+00:00,1584.902773631
2025-08-06 04:00:00+00:00,1650.584310198
2025-08-06 05:00:00+00:00,1573.330182825
2025-08-06 06:00:00+00:00,1723.104689147
2025-08-06 07:00:00+00:00,1731.847122246
2025-08-06 08:00:00+00:00,1794.882437159
2025-08-06 09:00:00+00:00,1734.695547813
2025-08-06 10:00:00+00:00,1712.059697409
2025-08-06 11:00:00+00:00,1759.434387680
2025-08-06 12:00:00+00:00,1801.653627554
2025-08-06 13:00:00+00:00,1718.430399070
2025-08-06 14:00:00+00:00,1797.267062384
2025-08-06 15:00:00+00:00,1744.250976997
2025-08-06 16:00:00+00:00,1740.993192783
2025-08-06 17:00:00+00:00,1780.004885508
2025-08-06 18:00:00+00:00,1758.497541034
2025-08-06 19:00:00+00:00,1745.884178948
2025-08-06 20:00:00+00:00,1815.868579618
2025-08-06 21:00:00+00:00,1740.752427713
2025-08-06 22:00:00+00:00,1594.781172700
2025-08-06 23:00:00+00:00,1648.423386742
2025-08-07 00:00:00+00:00,1646.566060775
2025-08-07 01:00:00+00:00,1626.136215106
2025-08-07 02:00:00+00:00,1625.343493344
2025-08-07 03:00:00+00:00,1568.003977427
2025-08-07 04:00:00+00:00,1570.015307336
2025-08-07 05:00:00+00:00,1558.970267123
2025-08-07 06:00:00+00:00,1798.918279358
2025-08-07 07:00:00+00:00,1784.877638766
2025-08-07 08:00:00+00:00,1769.973103094
2025-08-07 09:00:00+00:00,1736.198024547
2025-08-07 10:00:00+00:00,1802.677569097
2025-08-07 11:00:00+00:00,1725.352060318
2025-08-07 12:00:00+00:00,1655.890082576
2025-08-07 13:00:00+00:00,1714.860622005
2025-08-07 14:00:00+00:00,1812.802593546
2025-08-07 15:00:00+00:00,1715.398830374
2025-08-07 16:00:00+00:00,1768.756023859
2025-08-07 17:00:00+00:00,1693.689630480
2025-08-07 18:00:00+00:00,1751.686471159
2025-08-07 19:00:00+00:00,1762.557440582
2025-08-07 20:00:00+00:00,1724.994716207
2025-08-07 21:00:00+00:00,1802.519769186
2025-08-07 22:00:00+00:00,1614.163153195
2025-08-07 23:00:00+00:00,1546.813030559
2025-08-08 00:00:00+00:00,1600.467560575
2025-08-08 01:00:00+00:00,1591.705968172
2025-08-08 02:00:00+00:00,1541.732329454
2025-08-08 03:00:00+00:00,1589.388435916
2025-08-08 04:00:00+00:00,1605.377530884
2025-08-08 05:00:00+00:00,1588.072915196
2025-08-08 06:00:00+00:00,1743.574446617
2025-08-08 07:00:00+00:00,1835.665738376
2025-08-08 08:00:00+00:00,1758.737043905
2025-08-08 09:00:00+00:00,1803.935968238
2025-08-08 10:00:00+00:00,1790.265580828
2025-08-08 11:00:00+00:00,1685.913904145
2025-08-08 12:00:00+00:00,1711.002550098
2025-08-08 13:00:00+00:00,1700.910595957
2025-08-08 14:00:00+00:00,1807.820818134
2025-08-08 15:00:00+00:00,1747.231410937
2025-08-08 16:00:00+00:00,1819.948232039
2025-08-08 17:00:00+00:00,1781.325396936
2025-08-08 18:00:00+00:00,1851.732413634
2025-08-08 19:00:00+00:00,1737.531809153
2025-08-08 20:00:00+00:00,1745.382380294
2025-08-08 21:00:00+00:00,1778.349161819
2025-08-08 22:00:00+00:00,1602.187040813
2025-08-08 23:00:00+00:00,1489.595757624
2025-08-09 00:00:00+00:00,1468.915242954
2025-08-09 01:00:00+00:00,1452.805765197
2025-08-09 02:00:00+00:00,1473.522836407
2025-08-09 03:00:00+00:00,1445.186355924
2025-08-09 04:00:00+00:00,1539.195794462
2025-08-09 05:00:00+00:00,1467.287767572
2025-08-09 06:00:00+00:00,1631.615745294
2025-08-09 07:00:00+00:00,1564.418029422
2025-08-09 08:00:00+00:00,1618.164045691
2025-08-09 09:00:00+00:00,1604.638501352
2025-08-09 10:00:00+00:00,1603.050221685
2025-08-09 11:00:00+00:00,1688.564522821
2025-08-09 12:00:00+00:00,1657.749062348
2025-08-09 13:00:00+00:00,1631.511210127
2025-08-09 14:00:00+00:00,1624.969487414
2025-08-09 15:00:00+00:00,1596.471283743
2025-08-09 16:00:00+00:00,1599.651238136
2025-08-09 17:00:00+00:00,1657.884700773
2025-08-09 18:00:00+00:00,1644.599538882
2025-08-09 19:00:00+00:00,1656.796982636
2025-08-09 20:00:00+00:00,1649.127652999
2025-08-09 21:00:00+00:00,1611.856630066
2025-08-09 22:00:00+00:00,1438.580233279
2025-08-09 23:00:00+00:00,1457.662660505
2025-08-10 00:00:00+00:00,1450.561435942
2025-08-10 01:00:00+00:00,1592.834347439
2025-08-10 02:00:00+00:00,1427.608144901
2025-08-10 03:00:00+00:00,1449.255698926
2025-08-10 04:00:00+00:00,1486.373458262
2025-08-10 05:00:00+00:00,1474.564830048
2025-08-10 06:00:00+00:00,1575.349834114
2025-08-10 07:00:00+00:00,1609.823447204
2025-08-10 08:00:00+00:00,1566.908924484
2025-08-10 09:00:00+00:00,1606.408429856
2025-08-10 10:00:00+00:00,1604.856281244
2025-08-10 11:00:00+00:00,1597.411133616
2025-08-10 12:00:00+00:00,1719.418294213
2025-08-10 13:00:00+00:00,1563.179646467
2025-08-10 14:00:00+00:00,1586.489819228
2025-08-10 15:00:00+00:00,1640.546738306
2025-08-10 16:00:00+00:00,1639.251656155
2025-08-10 17:00:00+00:00,1555.119196585
2025-08-10 18:00:00+00:00,1572.153537788
2025-08-10 19:00:00+00:00,1648.375994547
2025-08-10 20:00:00+00:00,1643.372626919
2025-08-10 21:00:00+00:00,1629.859918518
2025-08-10 22:00:00+00:00,1463.815736549
2025-08-10 23:00:00+00:00,1444.084212956
2025-08-11 00:00:00+00:00,1556.512507504
2025-08-11 01:00:00+00:00,1569.401513300
2025-08-11 02:00:00+00:00,1565.657788781
2025-08-11 03:00:00+00:00,1648.697560003
2025-08-11 04:00:00+00:00,1534.598743912
2025-08-11 05:00:00+00:00,1586.029133076
2025-08-11 06:00:00+00:00,1688.741276494
2025-08-11 07:00:00+00:00,1784.708725844
2025-08-11 08:00:00+00:00,1765.779529172
2025-08-11 09:00:00+00:00,1813.475199164
2025-08-11 10:00:00+00:00,1677.288177962
2025-08-11 11:00:00+00:00,1755.427345103
2025-08-11 12:00:00+00:00,1792.038088462
2025-08-11 13:00:00+00:00,1800.421874318
2025-08-11 14:00:00+00:00,1737.841182601
2025-08-11 15:00:00+00:00,1700.302604487
2025-08-11 16:00:00+00:00,1749.426147762
2025-08-11 17:00:00+00:00,1704.098965342
2025-08-11 18:00:00+00:00,1683.250926509
2025-08-11 19:00:00+00:00,1809.201364924
2025-08-11 20:00:00+00:00,1766.760419731
2025-08-11 21:00:00+00:00,1803.261696787
2025-08-11 22:00:00+00:00,1642.907952342
2025-08-11 23:00:00+00:00,1642.419240401
2025-08-12 00:00:00+00:00,1601.723352182
2025-08-12 01:00:00+00:00,1590.017798853
2025-08-12 02:00:00+00:00,1670.591625515
2025-08-12 03:00:00+00:00,1568.465925018
2025-08-12 04:00:00+00:00,1658.573726945
2025-08-12 05:00:00+00:00,1597.376853744
2025-08-12 06:00:00+00:00,1851.513820055
2025-08-12 07:00:00+00:00,1792.081727934
2025-08-12 08:00:00+00:00,1790.663352423
2025-08-12 09:00:00+00:00,1835.831605287
2025-08-12 10:00:00+00:00,1753.162966121
2025-08-12 11:00:00+00:00,1769.265119660
2025-08-12 12:00:00+00:00,1751.270214583
2025-08-12 13:00:00+00:00,1755.787822306
2025-08-12 14:00:00+00:00,1801.804432139
2025-08-12 15:00:00+00:00,1729.550836978
2025-08-12 16:00:00+00:00,1655.167655608
2025-08-12 17:00:00+00:00,1752.021441880
2025-08-12 18:00:00+00:00,1823.276037855
2025-08-12 19:00:00+00:00,1707.763026425
2025-08-12 20:00:00+00:00,1754.219062028
2025-08-12 21:00:00+00:00,1681.484923187
2025-08-12 22:00:00+00:00,1558.178939021
2025-08-12 23:00:00+00:00,1608.737011184
2025-08-13 00:00:00+00:00,1621.732924087
2025-08-13 01:00:00+00:00,1628.620030383
2025-08-13 02:00:00+00:00,1578.787333108
2025-08-13 03:00:00+00:00,1582.981815671
2025-08-13 04:00:00+00:00,1625.550035428
2025-08-13 05:00:00+00:00,1589.323212295
2025-08-13 06:00:00+00:00,1793.556504214
2025-08-13 07:00:00+00:00,1752.923062904
2025-08-13 08:00:00+00:00,1801.700940878
2025-08-13 09:00:00+00:00,1782.877154042
2025-08-13 10:00:00+00:00,1788.829850286
2025-08-13 11:00:00+00:00,1824.151935384
2025-08-13 12:00:00+00:00,1777.803839806
2025-08-13 13:00:00+00:00,1768.343045619
2025-08-13 14:00:00+00:00,1796.649260142
2025-08-13 15:00:00+00:00,1784.446825033
2025-08-13 16:00:00+00:00,1806.921732422
2025-08-13 17:00:00+00:00,1713.582213422
2025-08-13 18:00:00+00:00,1747.771237839
2025-08-13 19:00:00+00:00,1843.464773524
2025-08-13 20:00:00+00:00,1826.808275452
2025-08-13 21:00:00+00:00,1722.635617713
2025-08-13 22:00:00+00:00,1573.261322875
2025-08-13 23:00:00+00:00,1560.746007881
2025-08-14 00:00:00+00:00,1682.220061691
2025-08-14 01:00:00+00:00,1626.010386259
2025-08-14 02:00:00+00:00,1649.907414038
2025-08-14 03:00:00+00:00,1632.696404431
2025-08-14 04:00:00+00:00,1605.636534967
2025-08-14 05:00:00+00:00,1606.526146329
2025-08-14 06:00:00+00:00,1789.168669553
2025-08-14 07:00:00+00:00,1747.864900597
2025-08-14 08:00:00+00:00,1772.634719781
2025-08-14 09:00:00+00:00,1769.552935946
2025-08-14 10:00:00+00:00,1735.148060080
2025-08-14 11:00:00+00:00,1879.858728807
2025-08-14 12:00:00+00:00,1708.724015781
2025-08-14 13:00:00+00:00,1802.627886467
2025-08-14 14:00:00+00:00,1754.754994661
2025-08-14 15:00:00+00:00,1692.753582289
2025-08-14 16:00:00+00:00,1758.275642739
2025-08-14 17:00:00+00:00,1752.923210392
2025-08-14 18:00:00+00:00,1765.325910048
2025-08-14 19:00:00+00:00,1715.230375739
2025-08-14 20:00:00+00:00,1799.870632098
2025-08-14 21:00:00+00:00,1742.307551503
2025-08-14 22:00:00+00:00,1596.602834322
2025-08-14 23:00:00+00:00,1585.896675521
2025-08-15 00:00:00+00:00,1615.202620203
2025-08-15 01:00:00+00:00,1560.810595138
2025-08-15 02:00:00+00:00,1593.246121750
2025-08-15 03:00:00+00:00,1666.298278550
2025-08-15 04:00:00+00:00,1597.336359915
2025-08-15 05:00:00+00:00,1619.566898872
2025-08-15 06:00:00+00:00,1679.818000067
2025-08-15 07:00:00+00:00,1754.902393116
2025-08-15 08:00:00+00:00,1733.033708093
2025-08-15 09:00:00+00:00,1693.730805643
2025-08-15 10:00:00+00:00,1714.049623561
2025-08-15 11:00:00+00:00,1728.604068937
2025-08-15 12:00:00+00:00,1782.036505574
2025-08-15 13:00:00+00:00,1766.456057465
2025-08-15 14:00:00+00:00,1674.264832056
2025-08-15 15:00:00+00:00,1762.729044102
2025-08-15 16:00:00+00:00,1765.124470988
2025-08-15 17:00:00+00:00,1689.410116153
2025-08-15 18:00:00+00:00,1795.769322329
2025-08-15 19:00:00+00:00,1751.358225488
2025-08-15 20:00:00+00:00,1762.681599171
2025-08-15 21:00:00+00:00,1779.922053036
2025-08-15 22:00:00+00:00,1547.272940651
2025-08-15 23:00:00+00:00,1585.120120468
2025-08-16 00:00:00+00:00,1510.209746972
2025-08-16 01:00:00+00:00,1549.812617037
2025-08-16 02:00:00+00:00,1519.579736474
2025-08-16 03:00:00+00:00,1570.641366753
2025-08-16 04:00:00+00:00,1437.907572094
2025-08-16 05:00:00+00:00,1469.111639915
2025-08-16 06:00:00+00:00,1645.562626946
2025-08-16 07:00:00+00:00,1615.998030396
2025-08-16 08:00:00+00:00,1661.264088814
2025-08-16 09:00:00+00:00,1599.445697529
2025-08-16 10:00:00+00:00,1620.262869394
2025-08-16 11:00:00+00:00,1658.141961157
2025-08-16 12:00:00+00:00,1566.932583007
2025-08-16 13:00:00+00:00,1605.861910782
2025-08-16 14:00:00+00:00,1647.242940742
2025-08-16 15:00:00+00:00,1663.527543603
2025-08-16 16:00:00+00:00,1602.872808575
2025-08-16 17:00:00+00:00,1634.300860451
2025-08-16 18:00:00+00:00,1673.937031902
2025-08-16 19:00:00+00:00,1644.127031771
2025-08-16 20:00:00+00:00,1666.635406091
2025-08-16 21:00:00+00:00,1644.582966883
2025-08-16 22:00:00+00:00,1496.894152657
2025-08-16 23:00:00+00:00,1458.332480532
2025-08-17 00:00:00+00:00,1444.818659866
2025-08-17 01:00:00+00:00,1549.504546514
2025-08-17 02:00:00+00:00,1485.628389990
2025-08-17 03:00:00+00:00,1439.989578900
2025-08-17 04:00:00+00:00,1510.542597641
2025-08-17 05:00:00+00:00,1547.989597614
2025-08-17 06:00:00+00:00,1650.539192249
2025-08-17 07:00:00+00:00,1573.958283926
2025-08-17 08:00:00+00:00,1634.441781082
2025-08-17 09:00:00+00:00,1646.206721995
2025-08-17 10:00:00+00:00,1622.666565585
2025-08-17 11:00:00+00:00,1567.128356221
2025-08-17 12:00:00+00:00,1666.281368227
2025-08-17 13:00:00+00:00,1715.396244613
2025-08-17 14:00:00+00:00,1654.540508135
2025-08-17 15:00:00+00:00,1602.701326157
2025-08-17 16:00:00+00:00,1630.822194450
2025-08-17 17:00:00+00:00,1577.640898126
2025-08-17 18:00:00+00:00,1732.673765757
2025-08-17 19:00:00+00:00,1674.895840906
2025-08-17 20:00:00+00:00,1585.553721417
2025-08-17 21:00:00+00:00,1533.737191698
2025-08-17 22:00:00+00:00,1433.950896864
2025-08-17 23:00:00+00:00,1471.670595896
2025-08-18 00:00:00+00:00,1589.634817860
2025-08-18 01:00:00+00:00,1537.734344247
2025-08-18 02:00:00+00:00,1621.619178034
2025-08-18 03:00:00+00:00,1634.140145792
2025-08-18 04:00:00+00:00,1606.319286734
2025-08-18 05:00:00+00:00,1609.616821754
2025-08-18 06:00:00+00:00,1771.239824601
2025-08-18 07:00:00+00:00,1791.805241471
2025-08-18 08:00:00+00:00,1716.318017885
2025-08-18 09:00:00+00:00,1691.653968700
2025-08-18 10:00:00+00:00,1772.863405504
2025-08-18 11:00:00+00:00,1751.252088878
2025-08-18 12:00:00+00:00,1744.240100860
2025-08-18 13:00:00+00:00,1691.512611764
2025-08-18 14:00:00+00:00,1803.951750979
2025-08-18 15:00:00+00:00,1823.525160569
2025-08-18 16:00:00+00:00,1723.131437380
2025-08-18 17:00:00+00:00,1704.318781942
2025-08-18 18:00:00+00:00,1699.064344792
2025-08-18 19:00:00+00:00,1795.333650188
2025-08-18 20:00:00+00:00,1757.392733413
2025-08-18 21:00:00+00:00,1839.232814304
2025-08-18 22:00:00+00:00,1546.911180447
2025-08-18 23:00:00+00:00,1663.950998725
2025-08-19 00:00:00+00:00,1640.001539370
2025-08-19 01:00:00+00:00,1567.373929754
2025-08-19 02:00:00+00:00,1603.112847381
2025-08-19 03:00:00+00:00,1532.940574565
2025-08-19 04:00:00+00:00,1660.398104604
2025-08-19 05:00:00+00:00,1559.545718390
2025-08-19 06:00:00+00:00,1713.747202375
2025-08-19 07:00:00+00:00,1690.984138176
2025-08-19 08:00:00+00:00,1805.743164810
2025-08-19 09:00:00+00:00,1742.757523094
2025-08-19 10:00:00+00:00,1755.555838050
2025-08-19 11:00:00+00:00,1704.110770357
2025-08-19 12:00:00+00:00,1773.292717208
2025-08-19 13:00:00+00:00,1813.272302957
2025-08-19 14:00:00+00:00,1817.563197172
2025-08-19 15:00:00+00:00,1859.056091251
2025-08-19 16:00:00+00:00,1722.106730466
2025-08-19 17:00:00+00:00,1803.359183100
2025-08-19 18:00:00+00:00,1700.745266892
2025-08-19 19:00:00+00:00,1762.285250515
2025-08-19 20:00:00+00:00,1670.343238834
2025-08-19 21:00:00+00:00,1790.525124653
2025-08-19 22:00:00+00:00,1625.566914141
2025-08-19 23:00:00+00:00,1652.130313216
2025-08-20 00:00:00+00:00,1655.857789397
2025-08-20 01:00:00+00:00,1638.083321904
2025-08-20 02:00:00+00:00,1599.780574238
2025-08-20 03:00:00+00:00,1514.868231840
2025-08-20 04:00:00+00:00,1582.957325157
2025-08-20 05:00:00+00:00,1650.124525724
2025-08-20 06:00:00+00:00,1749.867901514
2025-08-20 07:00:00+00:00,1750.922572433
2025-08-20 08:00:00+00:00,1748.573973540
2025-08-20 09:00:00+00:00,1762.369531064
2025-08-20 10:00:00+00:00,1728.900080792
2025-08-20 11:00:00+00:00,1778.084273617
2025-08-20 12:00:00+00:00,1781.679087577
2025-08-20 13:00:00+00:00,1757.969065288
2025-08-20 14:00:00+00:00,1709.155081028
2025-08-20 15:00:00+00:00,1811.000440757
2025-08-20 16:00:00+00:00,1803.543234748
2025-08-20 17:00:00+00:00,1748.120270569
2025-08-20 18:00:00+00:00,1754.071125824
2025-08-20 19:00:00+00:00,1787.011026698
2025-08-20 20:00:00+00:00,1808.283820042
2025-08-20 21:00:00+00:00,1829.322844161
2025-08-20 22:00:00+00:00,1672.874773002
2025-08-20 23:00:00+00:00,1635.037399739
2025-08-21 00:00:00+00:00,1610.512286711
2025-08-21 01:00:00+00:00,1539.776153637
2025-08-21 02:00:00+00:00,1638.111333455
2025-08-21 03:00:00+00:00,1605.554497262
2025-08-21 04:00:00+00:00,1584.304434656
2025-08-21 05:00:00+00:00,1554.049743292
2025-08-21 06:00:00+00:00,1724.019108342
2025-08-21 07:00:00+00:00,1720.318643452
2025-08-21 08:00:00+00:00,1781.679193382
2025-08-21 09:00:00+00:00,1762.881576822
2025-08-21 10:00:00+00:00,1807.637365400
2025-08-21 11:00:00+00:00,1757.113981835
2025-08-21 12:00:00+00:00,1739.195616346
2025-08-21 13:00:00+00:00,1803.774726052
2025-08-21 14:00:00+00:00,1752.503747928
2025-08-21 15:00:00+00:00,1736.890233448
2025-08-21 16:00:00+00:00,1825.615062664
2025-08-21 17:00:00+00:00,1692.571596443
2025-08-21 18:00:00+00:00,1754.506278940
2025-08-21 19:00:00+00:00,1673.101471915
2025-08-21 20:00:00+00:00,1759.540128799
2025-08-21 21:00:00+00:00,1734.286635796
2025-08-21 22:00:00+00:00,1604.779964580
2025-08-21 23:00:00+00:00,1604.814822886
2025-08-22 00:00:00+00:00,1601.838357436
2025-08-22 01:00:00+00:00,1587.075173881
2025-08-22 02:00:00+00:00,1638.151726006
2025-08-22 03:00:00+00:00,1657.469658135
2025-08-22 04:00:00+00:00,1598.514224145
2025-08-22 05:00:00+00:00,1626.273442919
2025-08-22 06:00:00+00:00,1755.487258011
2025-08-22 07:00:00+00:00,1700.320847523
2025-08-22 08:00:00+00:00,1731.846817685
2025-08-22 09:00:00+00:00,1813.336792329
2025-08-22 10:00:00+00:00,1746.211013375
2025-08-22 11:00:00+00:00,1743.992765759
2025-08-22 12:00:00+00:00,1725.718226250
2025-08-22 13:00:00+00:00,1750.946885767
2025-08-22 14:00:00+00:00,1777.258580965
2025-08-22 15:00:00+00:00,1822.358611889
2025-08-22 16:00:00+00:00,1795.367234096
2025-08-22 17:00:00+00:00,1784.745380399
2025-08-22 18:00:00+00:00,1778.924805675
2025-08-22 19:00:00+00:00,1731.699606326
2025-08-22 20:00:00+00:00,1800.803994330
2025-08-22 21:00:00+00:00,1788.310373243
2025-08-22 22:00:00+00:00,1694.011731776
2025-08-22 23:00:00+00:00,1594.817724821
2025-08-23 00:00:00+00:00,1507.269100390
2025-08-23 01:00:00+00:00,1493.693053777
2025-08-23 02:00:00+00:00,1503.208412000
2025-08-23 03:00:00+00:00,1475.126097041
2025-08-23 04:00:00+00:00,1511.164751355
2025-08-23 05:00:00+00:00,1452.206435556
2025-08-23 06:00:00+00:00,1621.597664944
2025-08-23 07:00:00+00:00,1566.144357001
2025-08-23 08:00:00+00:00,1597.989945898
2025-08-23 09:00:00+00:00,1667.886429709
2025-08-23 10:00:00+00:00,1571.230962719
2025-08-23 11:00:00+00:00,1590.161560069
2025-08-23 12:00:00+00:00,1655.623516230
2025-08-23 13:00:00+00:00,1698.826703114
2025-08-23 14:00:00+00:00,1604.877978959
2025-08-23 15:00:00+00:00,1684.737596141
2025-08-23 16:00:00+00:00,1577.630142030
2025-08-23 17:00:00+00:00,1572.746601478
2025-08-23 18:00:00+00:00,1655.406289545
2025-08-23 19:00:00+00:00,1608.727016020
2025-08-23 20:00:00+00:00,1593.233788261
2025-08-23 21:00:00+00:00,1678.685107716
2025-08-23 22:00:00+00:00,1433.144811327
2025-08-23 23:00:00+00:00,1496.950347820
2025-08-24 00:00:00+00:00,1519.853857873
2025-08-24 01:00:00+00:00,1496.443803985
2025-08-24 02:00:00+00:00,1446.277887016
2025-08-24 03:00:00+00:00,1487.373713569
2025-08-24 04:00:00+00:00,1480.206220807
2025-08-24 05:00:00+00:00,1452.920090658
2025-08-24 06:00:00+00:00,1648.776252757
2025-08-24 07:00:00+00:00,1663.752425744
2025-08-24 08:00:00+00:00,1666.243422437
2025-08-24 09:00:00+00:00,1628.743485272
2025-08-24 10:00:00+00:00,1601.003891993
2025-08-24 11:00:00+00:00,1668.899985659
2025-08-24 12:00:00+00:00,1597.435438200
2025-08-24 13:00:00+00:00,1651.346348122
2025-08-24 14:00:00+00:00,1672.537660523
2025-08-24 15:00:00+00:00,1595.245531491
2025-08-24 16:00:00+00:00,1654.887780110
2025-08-24 17:00:00+00:00,1632.552036038
2025-08-24 18:00:00+00:00,1632.308569550
2025-08-24 19:00:00+00:00,1560.737125444
2025-08-24 20:00:00+00:00,1700.246469306
2025-08-24 21:00:00+00:00,1601.803683674
2025-08-24 22:00:00+00:00,1444.044483727
2025-08-24 23:00:00+00:00,1517.964585327
2025-08-25 00:00:00+00:00,1602.489826450
2025-08-25 01:00:00+00:00,1641.332688679
2025-08-25 02:00:00+00:00,1607.039498133
2025-08-25 03:00:00+00:00,1602.942173151
2025-08-25 04:00:00+00:00,1617.113444767
2025-08-25 05:00:00+00:00,1600.293962564
2025-08-25 06:00:00+00:00,1842.965220573
2025-08-25 07:00:00+00:00,1793.124416943
2025-08-25 08:00:00+00:00,1757.924884962
2025-08-25 09:00:00+00:00,1815.481821021
2025-08-25 10:00:00+00:00,1809.066349307
2025-08-25 11:00:00+00:00,1741.306314948
2025-08-25 12:00:00+00:00,1782.220526559
2025-08-25 13:00:00+00:00,1712.552133037
2025-08-25 14:00:00+00:00,1742.021192048
2025-08-25 15:00:00+00:00,1805.288409733
2025-08-25 16:00:00+00:00,1833.300477623
2025-08-25 17:00:00+00:00,1857.027112682
2025-08-25 18:00:00+00:00,1706.432681078
2025-08-25 19:00:00+00:00,1746.971558824
2025-08-25 20:00:00+00:00,1702.625593681
2025-08-25 21:00:00+00:00,1795.939207671
2025-08-25 22:00:00+00:00,1634.558265347
2025-08-25 23:00:00+00:00,1666.950441099
2025-08-26 00:00:00+00:00,1597.604814174
2025-08-26 01:00:00+00:00,1572.660195381
2025-08-26 02:00:00+00:00,1709.065101969
2025-08-26 03:00:00+00:00,1736.890514905
2025-08-26 04:00:00+00:00,1595.069121347
2025-08-26 05:00:00+00:00,1617.093246714
2025-08-26 06:00:00+00:00,1777.203849784
2025-08-26 07:00:00+00:00,1827.856292308
2025-08-26 08:00:00+00:00,1709.660497029
2025-08-26 09:00:00+00:00,1826.458749882
2025-08-26 10:00:00+00:00,1765.231082515
2025-08-26 11:00:00+00:00,1715.537523748
2025-08-26 12:00:00+00:00,1824.230889846
2025-08-26 13:00:00+00:00,1811.730738327
2025-08-26 14:00:00+00:00,1843.744779823
2025-08-26 15:00:00+00:00,1763.039539178
2025-08-26 16:00:00+00:00,1826.096523892
2025-08-26 17:00:00+00:00,1776.880298474
2025-08-26 18:00:00+00:00,1853.317563860
2025-08-26 19:00:00+00:00,1884.882604615
2025-08-26 20:00:00+00:00,1764.298145198
2025-08-26 21:00:00+00:00,1832.030843130
2025-08-26 22:00:00+00:00,1632.724448859
2025-08-26 23:00:00+00:00,1621.173197835
2025-08-27 00:00:00+00:00,1595.538811172
2025-08-27 01:00:00+00:00,1615.535628080
2025-08-27 02:00:00+00:00,1578.870369764
2025-08-27 03:00:00+00:00,1696.276901616
2025-08-27 04:00:00+00:00,1670.770727554
2025-08-27 05:00:00+00:00,1617.662924816
2025-08-27 06:00:00+00:00,1729.952019723
2025-08-27 07:00:00+00:00,1709.976383899
2025-08-27 08:00:00+00:00,1770.423692788
2025-08-27 09:00:00+00:00,1856.472644903
2025-08-27 10:00:00+00:00,1770.969953166
2025-08-27 11:00:00+00:00,1721.858485007
2025-08-27 12:00:00+00:00,1781.442207210
2025-08-27 13:00:00+00:00,1822.197046320
2025-08-27 14:00:00+00:00,1767.057019607
2025-08-27 15:00:00+00:00,1788.384168879
2025-08-27 16:00:00+00:00,1775.968406175
2025-08-27 17:00:00+00:00,1739.016198405
2025-08-27 18:00:00+00:00,1722.352717795
2025-08-27 19:00:00+00:00,1751.771980331
2025-08-27 20:00:00+00:00,1713.230835613
2025-08-27 21:00:00+00:00,1696.358075588
2025-08-27 22:00:00+00:00,1580.012270151
2025-08-27 23:00:00+00:00,1592.346192192
2025-08-28 00:00:00+00:00,1612.706168531
2025-08-28 01:00:00+00:00,1585.309391200
2025-08-28 02:00:00+00:00,1611.621071772
2025-08-28 03:00:00+00:00,1661.996376410
2025-08-28 04:00:00+00:00,1586.015094178
2025-08-28 05:00:00+00:00,1574.665880636
2025-08-28 06:00:00+00:00,1750.357830171
2025-08-28 07:00:00+00:00,1834.210773871
2025-08-28 08:00:00+00:00,1716.019788376
2025-08-28 09:00:00+00:00,1793.585301973
2025-08-28 10:00:00+00:00,1847.895086149
2025-08-28 11:00:00+00:00,1766.323881456
2025-08-28 12:00:00+00:00,1731.408063453
2025-08-28 13:00:00+00:00,1751.981776268
2025-08-28 14:00:00+00:00,1751.676791564
2025-08-28 15:00:00+00:00,1754.709670216
2025-08-28 16:00:00+00:00,1821.973753872
2025-08-28 17:00:00+00:00,1716.291614865
2025-08-28 18:00:00+00:00,1753.184252164
2025-08-28 19:00:00+00:00,1757.882453024
2025-08-28 20:00:00+00:00,1812.848699632
2025-08-28 21:00:00+00:00,1789.648716855
2025-08-28 22:00:00+00:00,1538.733474030
2025-08-28 23:00:00+00:00,1603.082788320
2025-08-29 00:00:00+00:00,1543.196971251
2025-08-29 01:00:00+00:00,1606.661696695
2025-08-29 02:00:00+00:00,1596.409986454
2025-08-29 03:00:00+00:00,1588.668095934
2025-08-29 04:00:00+00:00,1628.528144394
2025-08-29 05:00:00+00:00,1647.466043285
2025-08-29 06:00:00+00:00,1667.062031496
2025-08-29 07:00:00+00:00,1799.798004921
2025-08-29 08:00:00+00:00,1739.042806758
2025-08-29 09:00:00+00:00,1783.322866792
2025-08-29 10:00:00+00:00,1793.638786417
2025-08-29 11:00:00+00:00,1762.240207338
2025-08-29 12:00:00+00:00,1828.328363604
2025-08-29 13:00:00+00:00,1829.636402054
2025-08-29 14:00:00+00:00,1804.448742964
2025-08-29 15:00:00+00:00,1735.164928383
2025-08-29 16:00:00+00:00,1798.073047875
2025-08-29 17:00:00+00:00,1780.222063378
2025-08-29 18:00:00+00:00,1769.179778330
2025-08-29 19:00:00+00:00,1801.285900399
2025-08-29 20:00:00+00:00,1706.475257328
2025-08-29 21:00:00+00:00,1838.714245780
2025-08-29 22:00:00+00:00,1595.807408916
2025-08-29 23:00:00+00:00,1602.234543691
2025-08-30 00:00:00+00:00,1429.987897946
2025-08-30 01:00:00+00:00,1431.970832626
2025-08-30 02:00:00+00:00,1438.897660569
2025-08-30 03:00:00+00:00,1447.791404084
2025-08-30 04:00:00+00:00,1515.829884894
2025-08-30 05:00:00+00:00,1515.250483123
2025-08-30 06:00:00+00:00,1658.193551005
2025-08-30 07:00:00+00:00,1640.258454043
2025-08-30 08:00:00+00:00,1628.181426451
2025-08-30 09:00:00+00:00,1612.648772497
2025-08-30 10:00:00+00:00,1626.795404164
2025-08-30 11:00:00+00:00,1663.588922686
2025-08-30 12:00:00+00:00,1644.610601101
2025-08-30 13:00:00+00:00,1627.942468889
2025-08-30 14:00:00+00:00,1615.145868568
2025-08-30 15:00:00+00:00,1642.910901237
2025-08-30 16:00:00+00:00,1668.870023457
2025-08-30 17:00:00+00:00,1652.902524179
2025-08-30 18:00:00+00:00,1679.834324847
2025-08-30 19:00:00+00:00,1636.555814010
2025-08-30 20:00:00+00:00,1617.080444114
2025-08-30 21:00:00+00:00,1660.478991965
2025-08-30 22:00:00+00:00,1475.055293246
2025-08-30 23:00:00+00:00,1514.028053648
2025-08-31 00:00:00+00:00,1425.160566318
2025-08-31 01:00:00+00:00,1452.495444415
2025-08-31 02:00:00+00:00,1506.016684396
2025-08-31 03:00:00+00:00,1486.853452621
2025-08-31 04:00:00+00:00,1482.395234348
2025-08-31 05:00:00+00:00,1515.446700917
2025-08-31 06:00:00+00:00,1618.571406696
2025-08-31 07:00:00+00:00,1616.588102070
2025-08-31 08:00:00+00:00,1662.599687018
2025-08-31 09:00:00+00:00,1610.505029027
2025-08-31 10:00:00+00:00,1664.262189288
2025-08-31 11:00:00+00:00,1603.701696815
2025-08-31 12:00:00+00:00,1695.078496634
2025-08-31 13:00:00+00:00,1627.321740362
2025-08-31 14:00:00+00:00,1621.934805921
2025-08-31 15:00:00+00:00,1700.482987422
2025-08-31 16:00:00+00:00,1602.160903426
2025-08-31 17:00:00+00:00,1581.520854834
2025-08-31 18:00:00+00:00,1671.168172990
2025-08-31 19:00:00+00:00,1688.742990006
2025-08-31 20:00:00+00:00,1640.344259810
2025-08-31 21:00:00+00:00,1622.207588195
2025-08-31 22:00:00+00:00,1477.866145513
2025-08-31 23:00:00+00:00,1504.730171499
2025-09-01 00:00:00+00:00,1656.896112696
2025-09-01 01:00:00+00:00,1599.183627380
2025-09-01 02:00:00+00:00,1564.611501201
2025-09-01 03:00:00+00:00,1547.599465590
2025-09-01 04:00:00+00:00,1655.654582402
2025-09-01 05:00:00+00:00,1616.133204043
2025-09-01 06:00:00+00:00,1849.575866707
2025-09-01 07:00:00+00:00,1809.749987405
2025-09-01 08:00:00+00:00,1843.947185576
2025-09-01 09:00:00+00:00,1800.775430978
2025-09-01 10:00:00+00:00,1756.367400908
2025-09-01 11:00:00+00:00,1798.450212944
2025-09-01 12:00:00+00:00,1817.304109184
2025-09-01 13:00:00+00:00,1805.319661465
2025-09-01 14:00:00+00:00,1722.838920839
2025-09-01 15:00:00+00:00,1718.593556514
2025-09-01 16:00:00+00:00,1758.324127619
2025-09-01 17:00:00+00:00,1785.536489560
2025-09-01 18:00:00+00:00,1702.386665608
2025-09-01 19:00:00+00:00,1729.587131356
2025-09-01 20:00:00+00:00,1767.645513747
2025-09-01 21:00:00+00:00,1824.425424155
2025-09-01 22:00:00+00:00,1596.061617077
2025-09-01 23:00:00+00:00,1570.001073160
2025-09-02 00:00:00+00:00,1588.772688679
2025-09-02 01:00:00+00:00,1613.274034760
2025-09-02 02:00:00+00:00,1641.575336766
2025-09-02 03:00:00+00:00,1527.984042894
2025-09-02 04:00:00+00:00,1621.302386240
2025-09-02 05:00:00+00:00,1622.087921297
2025-09-02 06:00:00+00:00,1853.609919741
2025-09-02 07:00:00+00:00,1671.663036410
2025-09-02 08:00:00+00:00,1819.869072455
2025-09-02 09:00:00+00:00,1786.560538980
2025-09-02 10:00:00+00:00,1685.043588820
2025-09-02 11:00:00+00:00,1746.862089672
2025-09-02 12:00:00+00:00,1775.232944014
2025-09-02 13:00:00+00:00,1841.284617503
2025-09-02 14:00:00+00:00,1719.652334670
2025-09-02 15:00:00+00:00,1801.660392248
2025-09-02 16:00:00+00:00,1789.509840382
2025-09-02 17:00:00+00:00,1842.670801862
2025-09-02 18:00:00+00:00,1827.065672615
2025-09-02 19:00:00+00:00,1749.573041440
2025-09-02 20:00:00+00:00,1782.619950056
2025-09-02 21:00:00+00:00,1782.283607985
2025-09-02 22:00:00+00:00,1656.005652198
2025-09-02 23:00:00+00:00,1602.997988089
2025-09-03 00:00:00+00:00,1667.171985807
2025-09-03 01:00:00+00:00,1602.995011963
2025-09-03 02:00:00+00:00,1563.885965100
2025-09-03 03:00:00+00:00,1584.278714931
2025-09-03 04:00:00+00:00,1594.429701064
2025-09-03 05:00:00+00:00,1589.226323696
2025-09-03 06:00:00+00:00,1751.288993335
2025-09-03 07:00:00+00:00,1802.120422366
2025-09-03 08:00:00+00:00,1646.201004985
2025-09-03 09:00:00+00:00,1791.268422306
2025-09-03 10:00:00+00:00,1789.350288113
2025-09-03 11:00:00+00:00,1758.493013621
2025-09-03 12:00:00+00:00,1820.877875542
2025-09-03 13:00:00+00:00,1767.154125467
2025-09-03 14:00:00+00:00,1795.749046708
2025-09-03 15:00:00+00:00,1717.823065192
2025-09-03 16:00:00+00:00,1783.940142322
2025-09-03 17:00:00+00:00,1806.760202818
2025-09-03 18:00:00+00:00,1790.408827844
2025-09-03 19:00:00+00:00,1755.210614428
2025-09-03 20:00:00+00:00,1806.463994744
2025-09-03 21:00:00+00:00,1741.071456614
2025-09-03 22:00:00+00:00,1654.837783686
2025-09-03 23:00:00+00:00,1566.462266813
2025-09-04 00:00:00+00:00,1570.269288097
2025-09-04 01:00:00+00:00,1610.075745416
2025-09-04 02:00:00+00:00,1668.199000105
2025-09-04 03:00:00+00:00,1606.372318284
2025-09-04 04:00:00+00:00,1588.397941917
2025-09-04 05:00:00+00:00,1543.734053366
2025-09-04 06:00:00+00:00,1793.187424932
2025-09-04 07:00:00+00:00,1757.081437815
2025-09-04 08:00:00+00:00,1807.005923668
2025-09-04 09:00:00+00:00,1710.869745282
2025-09-04 10:00:00+00:00,1761.092913322
2025-09-04 11:00:00+00:00,1755.550541434
2025-09-04 12:00:00+00:00,1774.784652580
2025-09-04 13:00:00+00:00,1778.008619923
2025-09-04 14:00:00+00:00,1800.528311634
2025-09-04 15:00:00+00:00,1721.470986962
2025-09-04 16:00:00+00:00,1776.958035072
2025-09-04 17:00:00+00:00,1828.206892253
2025-09-04 18:00:00+00:00,1786.716305333
2025-09-04 19:00:00+00:00,1765.940128720
2025-09-04 20:00:00+00:00,1745.462799537
2025-09-04 21:00:00+00:00,1777.125132730
2025-09-04 22:00:00+00:00,1612.377765098
2025-09-04 23:00:00+00:00,1634.430950668
2025-09-05 00:00:00+00:00,1632.309911960
2025-09-05 01:00:00+00:00,1643.707763472
2025-09-05 02:00:00+00:00,1654.819834506
2025-09-05 03:00:00+00:00,1632.180258258
2025-09-05 04:00:00+00:00,1560.572201457
2025-09-05 05:00:00+00:00,1586.925013062
2025-09-05 06:00:00+00:00,1777.140849941
2025-09-05 07:00:00+00:00,1753.532806710
2025-09-05 08:00:00+00:00,1704.716295768
2025-09-05 09:00:00+00:00,1806.886854314
2025-09-05 10:00:00+00:00,1778.362719442
2025-09-05 11:00:00+00:00,1766.764530024
2025-09-05 12:00:00+00:00,1783.792308317
2025-09-05 13:00:00+00:00,1751.263972405
2025-09-05 14:00:00+00:00,1742.466307144
2025-09-05 15:00:00+00:00,1806.907415635
2025-09-05 16:00:00+00:00,1746.681740863
2025-09-05 17:00:00+00:00,1785.829264085
2025-09-05 18:00:00+00:00,1707.185422212
2025-09-05 19:00:00+00:00,1787.769005560
2025-09-05 20:00:00+00:00,1782.140227590
2025-09-05 21:00:00+00:00,1705.712592564
2025-09-05 22:00:00+00:00,1658.683505460
2025-09-05 23:00:00+00:00,1635.109717986
2025-09-06 00:00:00+00:00,1465.347170134
2025-09-06 01:00:00+00:00,1522.760574391
2025-09-06 02:00:00+00:00,1525.901088674
2025-09-06 03:00:00+00:00,1494.215062223
2025-09-06 04:00:00+00:00,1469.780716143
2025-09-06 05:00:00+00:00,1487.281665948
2025-09-06 06:00:00+00:00,1662.909705885
2025-09-06 07:00:00+00:00,1628.764536838
2025-09-06 08:00:00+00:00,1656.512941817
2025-09-06 09:00:00+00:00,1573.610717647
2025-09-06 10:00:00+00:00,1655.311398482
2025-09-06 11:00:00+00:00,1647.550065301
2025-09-06 12:00:00+00:00,1656.222883060
2025-09-06 13:00:00+00:00,1606.815961427
2025-09-06 14:00:00+00:00,1545.760097958
2025-09-06 15:00:00+00:00,1578.498729078
2025-09-06 16:00:00+00:00,1585.000504041
2025-09-06 17:00:00+00:00,1656.643015377
2025-09-06 18:00:00+00:00,1559.833137392
2025-09-06 19:00:00+00:00,1565.555945398
2025-09-06 20:00:00+00:00,1667.031162233
2025-09-06 21:00:00+00:00,1675.633284092
2025-09-06 22:00:00+00:00,1461.468893679
2025-09-06 23:00:00+00:00,1482.268251902
2025-09-07 00:00:00+00:00,1494.207493914
2025-09-07 01:00:00+00:00,1434.743227573
2025-09-07 02:00:00+00:00,1485.897789593
2025-09-07 03:00:00+00:00,1464.727318586
2025-09-07 04:00:00+00:00,1514.944260921
2025-09-07 05:00:00+00:00,1467.944756194
2025-09-07 06:00:00+00:00,1630.551646617
2025-09-07 07:00:00+00:00,1708.954410656
2025-09-07 08:00:00+00:00,1658.705381467
2025-09-07 09:00:00+00:00,1598.113328119
2025-09-07 10:00:00+00:00,1627.933097426
2025-09-07 11:00:00+00:00,1596.001185647
2025-09-07 12:00:00+00:00,1609.520168942
2025-09-07 13:00:00+00:00,1599.395873423
2025-09-07 14:00:00+00:00,1635.214787585
2025-09-07 15:00:00+00:00,1678.258493973
2025-09-07 16:00:00+00:00,1668.011070207
2025-09-07 17:00:00+00:00,1660.961824482
2025-09-07 18:00:00+00:00,1588.753801934
2025-09-07 19:00:00+00:00,1579.667572539
2025-09-07 20:00:00+00:00,1591.278291705
2025-09-07 21:00:00+00:00,1699.609893993
2025-09-07 22:00:00+00:00,1565.817558764
2025-09-07 23:00:00+00:00,1488.448219247
2025-09-08 00:00:00+00:00,1647.527700258
2025-09-08 01:00:00+00:00,1571.801139942
2025-09-08 02:00:00+00:00,1669.158278555
2025-09-08 03:00:00+00:00,1590.203461990
2025-09-08 04:00:00+00:00,1617.263134917
2025-09-08 05:00:00+00:00,1632.893887745
2025-09-08 06:00:00+00:00,1765.142760636
2025-09-08 07:00:00+00:00,1734.316236869
2025-09-08 08:00:00+00:00,1700.953785147
2025-09-08 09:00:00+00:00,1802.004221180
2025-09-08 10:00:00+00:00,1902.990421808
2025-09-08 11:00:00+00:00,1738.934640281
2025-09-08 12:00:00+00:00,1760.973253670
2025-09-08 13:00:00+00:00,1717.412184600
2025-09-08 14:00:00+00:00,1804.409619383
2025-09-08 15:00:00+00:00,1793.576252749
2025-09-08 16:00:00+00:00,1801.315111780
2025-09-08 17:00:00+00:00,1770.451742673
2025-09-08 18:00:00+00:00,1774.384287503
2025-09-08 19:00:00+00:00,1786.510485834
2025-09-08 20:00:00+00:00,1833.352136423
2025-09-08 21:00:00+00:00,1759.003430331
2025-09-08 22:00:00+00:00,1695.703182751
2025-09-08 23:00:00+00:00,1619.287488695
2025-09-09 00:00:00+00:00,1595.087701241
2025-09-09 01:00:00+00:00,1632.449356238
2025-09-09 02:00:00+00:00,1544.221444977
2025-09-09 03:00:00+00:00,1643.187841180
2025-09-09 04:00:00+00:00,1602.591348097
2025-09-09 05:00:00+00:00,1684.746404566
2025-09-09 06:00:00+00:00,1811.210306043
2025-09-09 07:00:00+00:00,1667.385196067
2025-09-09 08:00:00+00:00,1747.007396788
2025-09-09 09:00:00+00:00,1733.368760901
2025-09-09 10:00:00+00:00,1747.772806365
2025-09-09 11:00:00+00:00,1812.314986813
2025-09-09 12:00:00+00:00,1816.282641382
2025-09-09 13:00:00+00:00,1774.189802578
2025-09-09 14:00:00+00:00,1741.793393452
2025-09-09 15:00:00+00:00,1803.462052420
2025-09-09 16:00:00+00:00,1756.915290039
2025-09-09 17:00:00+00:00,1805.890395723
2025-09-09 18:00:00+00:00,1719.664943857
2025-09-09 19:00:00+00:00,1835.347712118
2025-09-09 20:00:00+00:00,1746.170625092
2025-09-09 21:00:00+00:00,1731.444649929
2025-09-09 22:00:00+00:00,1556.924587703
2025-09-09 23:00:00+00:00,1603.445447422
2025-09-10 00:00:00+00:00,1627.205340825
2025-09-10 01:00:00+00:00,1648.220091574
2025-09-10 02:00:00+00:00,1673.364901237
2025-09-10 03:00:00+00:00,1579.600721722
2025-09-10 04:00:00+00:00,1658.918524196
2025-09-10 05:00:00+00:00,1715.378797123
2025-09-10 06:00:00+00:00,1777.199503493
2025-09-10 07:00:00+00:00,1848.720689030
2025-09-10 08:00:00+00:00,1756.287824646
2025-09-10 09:00:00+00:00,1796.799813310
2025-09-10 10:00:00+00:00,1781.642897046
2025-09-10 11:00:00+00:00,1836.050841157
2025-09-10 12:00:00+00:00,1769.943448277
2025-09-10 13:00:00+00:00,1844.248814319
2025-09-10 14:00:00+00:00,1695.207516151
2025-09-10 15:00:00+00:00,1855.161408236
2025-09-10 16:00:00+00:00,1790.019158633
2025-09-10 17:00:00+00:00,1760.758897196
2025-09-10 18:00:00+00:00,1836.674702711
2025-09-10 19:00:00+00:00,1797.300743810
2025-09-10 20:00:00+00:00,1812.436136766
2025-09-10 21:00:00+00:00,1779.182271829
2025-09-10 22:00:00+00:00,1704.198659634
2025-09-10 23:00:00+00:00,1692.497926650
2025-09-11 00:00:00+00:00,1642.727464503
2025-09-11 01:00:00+00:00,1596.326354860
2025-09-11 02:00:00+00:00,1589.912261217
2025-09-11 03:00:00+00:00,1636.679690626
2025-09-11 04:00:00+00:00,1648.990921985
2025-09-11 05:00:00+00:00,1574.132093313
2025-09-11 06:00:00+00:00,1781.390266224
2025-09-11 07:00:00+00:00,1717.755193220
2025-09-11 08:00:00+00:00,1783.625087540
2025-09-11 09:00:00+00:00,1772.864481313
2025-09-11 10:00:00+00:00,1812.206046343
2025-09-11 11:00:00+00:00,1818.050338674
2025-09-11 12:00:00+00:00,1779.043843495
2025-09-11 13:00:00+00:00,1839.515224589
2025-09-11 14:00:00+00:00,1781.690213380
2025-09-11 15:00:00+00:00,1740.870302335
2025-09-11 16:00:00+00:00,1741.616449285
2025-09-11 17:00:00+00:00,1789.165224445
2025-09-11 18:00:00+00:00,1865.914854760
2025-09-11 19:00:00+00:00,1781.493551545
2025-09-11 20:00:00+00:00,1737.466854107
2025-09-11 21:00:00+00:00,1783.317360729
2025-09-11 22:00:00+00:00,1663.732700638
2025-09-11 23:00:00+00:00,1599.360796145
2025-09-12 00:00:00+00:00,1605.822370343
2025-09-12 01:00:00+00:00,1578.382575229
2025-09-12 02:00:00+00:00,1616.816092608
2025-09-12 03:00:00+00:00,1670.075711894
2025-09-12 04:00:00+00:00,1667.215978022
2025-09-12 05:00:00+00:00,1611.317200306
2025-09-12 06:00:00+00:00,1772.413249983
2025-09-12 07:00:00+00:00,1787.733792887
2025-09-12 08:00:00+00:00,1792.964610808
2025-09-12 09:00:00+00:00,1716.607374636
2025-09-12 10:00:00+00:00,1741.363800872
2025-09-12 11:00:00+00:00,1794.796982731
2025-09-12 12:00:00+00:00,1748.078234069
2025-09-12 13:00:00+00:00,1766.499293786
2025-09-12 14:00:00+00:00,1780.617774870
2025-09-12 15:00:00+00:00,1745.230992312
2025-09-12 16:00:00+00:00,1787.184725807
2025-09-12 17:00:00+00:00,1798.565858759
2025-09-12 18:00:00+00:00,1776.046201224
2025-09-12 19:00:00+00:00,1764.220928075
2025-09-12 20:00:00+00:00,1808.401098281
2025-09-12 21:00:00+00:00,1767.588447575
2025-09-12 22:00:00+00:00,1618.739725860
2025-09-12 23:00:00+00:00,1648.960352177
2025-09-13 00:00:00+00:00,1427.404469287
2025-09-13 01:00:00+00:00,1525.522137697
2025-09-13 02:00:00+00:00,1451.109343378
2025-09-13 03:00:00+00:00,1559.818056549
2025-09-13 04:00:00+00:00,1502.215216871
2025-09-13 05:00:00+00:00,1532.577088522
2025-09-13 06:00:00+00:00,1583.895779958
2025-09-13 07:00:00+00:00,1635.150594743
2025-09-13 08:00:00+00:00,1633.717575932
2025-09-13 09:00:00+00:00,1605.448481029
2025-09-13 10:00:00+00:00,1682.434317625
2025-09-13 11:00:00+00:00,1615.203076373
2025-09-13 12:00:00+00:00,1592.857329244
2025-09-13 13:00:00+00:00,1643.016697176
2025-09-13 14:00:00+00:00,1638.671361120
2025-09-13 15:00:00+00:00,1638.692543747
2025-09-13 16:00:00+00:00,1593.150943552
2025-09-13 17:00:00+00:00,1579.841675962
2025-09-13 18:00:00+00:00,1679.060043984
2025-09-13 19:00:00+00:00,1702.594042685
2025-09-13 20:00:00+00:00,1600.330946502
2025-09-13 21:00:00+00:00,1622.981702196
2025-09-13 22:00:00+00:00,1482.075988488
2025-09-13 23:00:00+00:00,1487.139377913
2025-09-14 00:00:00+00:00,1470.956169244
2025-09-14 01:00:00+00:00,1420.241504834
2025-09-14 02:00:00+00:00,1541.069868282
2025-09-14 03:00:00+00:00,1552.594521359
2025-09-14 04:00:00+00:00,1501.380299162
2025-09-14 05:00:00+00:00,1495.145223166
2025-09-14 06:00:00+00:00,1666.210600361
2025-09-14 07:00:00+00:00,1627.280576391
2025-09-14 08:00:00+00:00,1687.928263852
2025-09-14 09:00:00+00:00,1602.627927760
2025-09-14 10:00:00+00:00,1620.507646454
2025-09-14 11:00:00+00:00,1676.413978098
2025-09-14 12:00:00+00:00,1653.204426454
2025-09-14 13:00:00+00:00,1623.500787923
2025-09-14 14:00:00+00:00,1670.127519483
2025-09-14 15:00:00+00:00,1625.975426716
2025-09-14 16:00:00+00:00,1619.564396385
2025-09-14 17:00:00+00:00,1648.292192644
2025-09-14 18:00:00+00:00,1596.813816477
2025-09-14 19:00:00+00:00,1663.516730622
2025-09-14 20:00:00+00:00,1684.505968185
2025-09-14 21:00:00+00:00,1652.536047636
2025-09-14 22:00:00+00:00,1481.579262360
2025-09-14 23:00:00+00:00,1515.627498859
2025-09-15 00:00:00+00:00,1592.512535798
2025-09-15 01:00:00+00:00,1628.333359568
2025-09-15 02:00:00+00:00,1655.040918020
2025-09-15 03:00:00+00:00,1657.272400846
2025-09-15 04:00:00+00:00,1596.284829427
2025-09-15 05:00:00+00:00,1680.265179639
2025-09-15 06:00:00+00:00,1921.867759853
2025-09-15 07:00:00+00:00,1814.259373351
2025-09-15 08:00:00+00:00,1765.546743751
2025-09-15 09:00:00+00:00,1811.632698115
2025-09-15 10:00:00+00:00,1766.782963478
2025-09-15 11:00:00+00:00,1774.107879620
2025-09-15 12:00:00+00:00,1779.839285054
2025-09-15 13:00:00+00:00,1879.835346293
2025-09-15 14:00:00+00:00,1775.179539235
2025-09-15 15:00:00+00:00,1814.162437958
2025-09-15 16:00:00+00:00,1800.171556398
2025-09-15 17:00:00+00:00,1707.372762621
2025-09-15 18:00:00+00:00,1766.383326143
2025-09-15 19:00:00+00:00,1885.494598726
2025-09-15 20:00:00+00:00,1745.948467667
2025-09-15 21:00:00+00:00,1892.746665370
2025-09-15 22:00:00+00:00,1610.346650130
2025-09-15 23:00:00+00:00,1571.722500140
2025-09-16 00:00:00+00:00,1544.382901041
2025-09-16 01:00:00+00:00,1611.985203998
2025-09-16 02:00:00+00:00,1674.783803956
2025-09-16 03:00:00+00:00,1659.089797661
2025-09-16 04:00:00+00:00,1639.885222338
2025-09-16 05:00:00+00:00,1584.612102973
2025-09-16 06:00:00+00:00,1718.617584536
2025-09-16 07:00:00+00:00,1746.487629184
2025-09-16 08:00:00+00:00,1809.318272593
2025-09-16 09:00:00+00:00,1779.251226919
2025-09-16 10:00:00+00:00,1807.129778945
2025-09-16 11:00:00+00:00,1797.350321849
2025-09-16 12:00:00+00:00,1883.728173438
2025-09-16 13:00:00+00:00,1757.067064444
2025-09-16 14:00:00+00:00,1801.714648648
2025-09-16 15:00:00+00:00,1723.337657721
2025-09-16 16:00:00+00:00,1773.677124906
2025-09-16 17:00:00+00:00,1719.032749562
2025-09-16 18:00:00+00:00,1770.548190298
2025-09-16 19:00:00+00:00,1824.724933161
2025-09-16 20:00:00+00:00,1798.634235412
2025-09-16 21:00:00+00:00,1773.528173221
2025-09-16 22:00:00+00:00,1631.078021571
2025-09-16 23:00:00+00:00,1562.428221115
2025-09-17 00:00:00+00:00,1603.970788970
2025-09-17 01:00:00+00:00,1665.757148762
2025-09-17 02:00:00+00:00,1557.309835883
2025-09-17 03:00:00+00:00,1509.350334575
2025-09-17 04:00:00+00:00,1593.253975671
2025-09-17 05:00:00+00:00,1566.458569149
2025-09-17 06:00:00+00:00,1752.128375486
2025-09-17 07:00:00+00:00,1735.629356040
2025-09-17 08:00:00+00:00,1823.469484317
2025-09-17 09:00:00+00:00,1770.080077181
2025-09-17 10:00:00+00:00,1726.128165919
2025-09-17 11:00:00+00:00,1720.572962260
2025-09-17 12:00:00+00:00,1823.425265861
2025-09-17 13:00:00+00:00,1771.135492422
2025-09-17 14:00:00+00:00,1772.733654106
2025-09-17 15:00:00+00:00,1779.676176226
2025-09-17 16:00:00+00:00,1801.897103591
2025-09-17 17:00:00+00:00,1747.823602062
2025-09-17 18:00:00+00:00,1864.481746921
2025-09-17 19:00:00+00:00,1859.702059118
2025-09-17 20:00:00+00:00,1784.488350269
2025-09-17 21:00:00+00:00,1819.415131066
2025-09-17 22:00:00+00:00,1699.532263797
2025-09-17 23:00:00+00:00,1566.608071276
2025-09-18 00:00:00+00:00,1664.442011186
2025-09-18 01:00:00+00:00,1663.768696021
2025-09-18 02:00:00+00:00,1627.635650250
2025-09-18 03:00:00+00:00,1594.078332217
2025-09-18 04:00:00+00:00,1591.079549736
2025-09-18 05:00:00+00:00,1625.349296221
2025-09-18 06:00:00+00:00,1785.747374043
2025-09-18 07:00:00+00:00,1729.592649566
2025-09-18 08:00:00+00:00,1692.795600440
2025-09-18 09:00:00+00:00,1758.154259001
2025-09-18 10:00:00+00:00,1784.483700718
2025-09-18 11:00:00+00:00,1762.712017039
2025-09-18 12:00:00+00:00,1741.402629751
2025-09-18 13:00:00+00:00,1775.325084083
2025-09-18 14:00:00+00:00,1739.103160361
2025-09-18 15:00:00+00:00,1751.454303028
2025-09-18 16:00:00+00:00,1774.524977322
2025-09-18 17:00:00+00:00,1833.355808022
2025-09-18 18:00:00+00:00,1766.450135389
2025-09-18 19:00:00+00:00,1843.279965494
2025-09-18 20:00:00+00:00,1767.372101208
2025-09-18 21:00:00+00:00,1739.831525794
2025-09-18 22:00:00+00:00,1620.174254726
2025-09-18 23:00:00+00:00,1666.459362115
2025-09-19 00:00:00+00:00,1667.099430969
2025-09-19 01:00:00+00:00,1613.449580500
2025-09-19 02:00:00+00:00,1605.935548026
2025-09-19 03:00:00+00:00,1604.583480055
2025-09-19 04:00:00+00:00,1532.340924093
2025-09-19 05:00:00+00:00,1583.048212420
2025-09-19 06:00:00+00:00,1795.841723789
2025-09-19 07:00:00+00:00,1764.512885532
2025-09-19 08:00:00+00:00,1715.405476871
2025-09-19 09:00:00+00:00,1791.630107733
2025-09-19 10:00:00+00:00,1803.201753051
2025-09-19 11:00:00+00:00,1743.974801188
2025-09-19 12:00:00+00:00,1797.926344747
2025-09-19 13:00:00+00:00,1837.119576080
2025-09-19 14:00:00+00:00,1753.840686888
2025-09-19 15:00:00+00:00,1829.205802369
2025-09-19 16:00:00+00:00,1859.049626032
2025-09-19 17:00:00+00:00,1770.090856931
2025-09-19 18:00:00+00:00,1834.356413709
2025-09-19 19:00:00+00:00,1783.209500939
2025-09-19 20:00:00+00:00,1874.579445180
2025-09-19 21:00:00+00:00,1799.806288840
2025-09-19 22:00:00+00:00,1590.483763019
2025-09-19 23:00:00+00:00,1615.569321904
2025-09-20 00:00:00+00:00,1528.547896683
2025-09-20 01:00:00+00:00,1459.370979757
2025-09-20 02:00:00+00:00,1477.342094481
2025-09-20 03:00:00+00:00,1551.028204604
2025-09-20 04:00:00+00:00,1494.646816246
2025-09-20 05:00:00+00:00,1472.324871481
2025-09-20 06:00:00+00:00,1674.784096932
2025-09-20 07:00:00+00:00,1624.007401140
2025-09-20 08:00:00+00:00,1592.098593659
2025-09-20 09:00:00+00:00,1647.349682014
2025-09-20 10:00:00+00:00,1650.184469014
2025-09-20 11:00:00+00:00,1643.194677680
2025-09-20 12:00:00+00:00,1700.270615267
2025-09-20 13:00:00+00:00,1723.198155148
2025-09-20 14:00:00+00:00,1741.123887115
2025-09-20 15:00:00+00:00,1618.594840594
2025-09-20 16:00:00+00:00,1629.853852585
2025-09-20 17:00:00+00:00,1606.586450678
2025-09-20 18:00:00+00:00,1600.227458400
2025-09-20 19:00:00+00:00,1594.700340710
2025-09-20 20:00:00+00:00,1662.346127611
2025-09-20 21:00:00+00:00,1628.351425046
2025-09-20 22:00:00+00:00,1488.709892338
2025-09-20 23:00:00+00:00,1464.825986613
2025-09-21 00:00:00+00:00,1530.707074118
2025-09-21 01:00:00+00:00,1460.287552193
2025-09-21 02:00:00+00:00,1473.061166739
2025-09-21 03:00:00+00:00,1468.480980386
2025-09-21 04:00:00+00:00,1516.592964887
2025-09-21 05:00:00+00:00,1415.882655231
2025-09-21 06:00:00+00:00,1623.569779063
2025-09-21 07:00:00+00:00,1662.338825748
2025-09-21 08:00:00+00:00,1631.622668407
2025-09-21 09:00:00+00:00,1654.157617312
2025-09-21 10:00:00+00:00,1647.917665530
2025-09-21 11:00:00+00:00,1661.799402630
2025-09-21 12:00:00+00:00,1634.587049559
2025-09-21 13:00:00+00:00,1655.753539391
2025-09-21 14:00:00+00:00,1662.804394688
2025-09-21 15:00:00+00:00,1601.953016390
2025-09-21 16:00:00+00:00,1556.391314258
2025-09-21 17:00:00+00:00,1691.797533106
2025-09-21 18:00:00+00:00,1687.190012078
2025-09-21 19:00:00+00:00,1626.833247216
2025-09-21 20:00:00+00:00,1665.826134633
2025-09-21 21:00:00+00:00,1672.834477163
2025-09-21 22:00:00+00:00,1526.455765176
2025-09-21 23:00:00+00:00,1530.784560894
2025-09-22 00:00:00+00:00,1568.993775044
2025-09-22 01:00:00+00:00,1633.913653833
2025-09-22 02:00:00+00:00,1593.044126819
2025-09-22 03:00:00+00:00,1663.922054988
2025-09-22 04:00:00+00:00,1642.760903985
2025-09-22 05:00:00+00:00,1670.842686968
2025-09-22 06:00:00+00:00,1864.729812114
2025-09-22 07:00:00+00:00,1803.284130043
2025-09-22 08:00:00+00:00,1711.507898078
2025-09-22 09:00:00+00:00,1718.280164921
2025-09-22 10:00:00+00:00,1821.098440293
2025-09-22 11:00:00+00:00,1795.350788564
2025-09-22 12:00:00+00:00,1726.204802031
2025-09-22 13:00:00+00:00,1919.458552114
2025-09-22 14:00:00+00:00,1821.989914036
2025-09-22 15:00:00+00:00,1748.337262064
2025-09-22 16:00:00+00:00,1841.783218624
2025-09-22 17:00:00+00:00,1729.094370235
2025-09-22 18:00:00+00:00,1818.231249860
2025-09-22 19:00:00+00:00,1800.648432910
2025-09-22 20:00:00+00:00,1853.754216235
2025-09-22 21:00:00+00:00,1782.706889848
2025-09-22 22:00:00+00:00,1605.653671566
2025-09-22 23:00:00+00:00,1697.193623598
2025-09-23 00:00:00+00:00,1623.036963401
2025-09-23 01:00:00+00:00,1663.990703004
2025-09-23 02:00:00+00:00,1558.834944149
2025-09-23 03:00:00+00:00,1612.520993997
2025-09-23 04:00:00+00:00,1640.437749264
2025-09-23 05:00:00+00:00,1639.478965850
2025-09-23 06:00:00+00:00,1820.500525765
2025-09-23 07:00:00+00:00,1808.421481796
2025-09-23 08:00:00+00:00,1822.181037114
2025-09-23 09:00:00+00:00,1796.447596614
2025-09-23 10:00:00+00:00,1773.372186359
2025-09-23 11:00:00+00:00,1772.327343618
2025-09-23 12:00:00+00:00,1799.409924082
2025-09-23 13:00:00+00:00,1794.539401568
2025-09-23 14:00:00+00:00,1764.373401519
2025-09-23 15:00:00+00:00,1726.137419719
2025-09-23 16:00:00+00:00,1750.008487835
2025-09-23 17:00:00+00:00,1790.808637541
2025-09-23 18:00:00+00:00,1748.572764801
2025-09-23 19:00:00+00:00,1780.818194382
2025-09-23 20:00:00+00:00,1859.903202773
2025-09-23 21:00:00+00:00,1746.793204826
2025-09-23 22:00:00+00:00,1568.352233971
2025-09-23 23:00:00+00:00,1612.134548560
2025-09-24 00:00:00+00:00,1574.591038916
2025-09-24 01:00:00+00:00,1613.157346117
2025-09-24 02:00:00+00:00,1673.734712591
2025-09-24 03:00:00+00:00,1611.277686608
2025-09-24 04:00:00+00:00,1567.271523046
2025-09-24 05:00:00+00:00,1617.065446934
2025-09-24 06:00:00+00:00,1799.901874034
2025-09-24 07:00:00+00:00,1815.743156524
2025-09-24 08:00:00+00:00,1714.890615282
2025-09-24 09:00:00+00:00,1723.278730217
2025-09-24 10:00:00+00:00,1748.316652197
2025-09-24 11:00:00+00:00,1819.758891864
2025-09-24 12:00:00+00:00,1756.005295424
2025-09-24 13:00:00+00:00,1828.317522120
2025-09-24 14:00:00+00:00,1798.545970565
2025-09-24 15:00:00+00:00,1709.911556667
2025-09-24 16:00:00+00:00,1765.738206024
2025-09-24 17:00:00+00:00,1807.479674325
2025-09-24 18:00:00+00:00,1813.359806927
2025-09-24 19:00:00+00:00,1780.663450032
2025-09-24 20:00:00+00:00,1846.273176741
2025-09-24 21:00:00+00:00,1865.623013944
2025-09-24 22:00:00+00:00,1543.810792572
2025-09-24 23:00:00+00:00,1579.062757083
2025-09-25 00:00:00+00:00,1653.022342884
2025-09-25 01:00:00+00:00,1600.737844594
2025-09-25 02:00:00+00:00,1585.940607519
2025-09-25 03:00:00+00:00,1646.876417529
2025-09-25 04:00:00+00:00,1595.703400282
2025-09-25 05:00:00+00:00,1665.038530368
2025-09-25 06:00:00+00:00,1758.710963471
2025-09-25 07:00:00+00:00,1737.110422965
2025-09-25 08:00:00+00:00,1802.749144680
2025-09-25 09:00:00+00:00,1775.403507161
2025-09-25 10:00:00+00:00,1754.826930006
2025-09-25 11:00:00+00:00,1700.200272614
2025-09-25 12:00:00+00:00,1712.010645999
2025-09-25 13:00:00+00:00,1839.467867550
2025-09-25 14:00:00+00:00,1798.971818711
2025-09-25 15:00:00+00:00,1811.271915253
2025-09-25 16:00:00+00:00,1764.848022705
2025-09-25 17:00:00+00:00,1811.180200436
2025-09-25 18:00:00+00:00,1746.832367549
2025-09-25 19:00:00+00:00,1764.100498368
2025-09-25 20:00:00+00:00,1827.525244847
2025-09-25 21:00:00+00:00,1777.466733042
2025-09-25 22:00:00+00:00,1636.748784529
2025-09-25 23:00:00+00:00,1621.926473120
2025-09-26 00:00:00+00:00,1654.535114767
2025-09-26 01:00:00+00:00,1582.965818024
2025-09-26 02:00:00+00:00,1591.532529154
2025-09-26 03:00:00+00:00,1691.428503364
2025-09-26 04:00:00+00:00,1643.928466095
2025-09-26 05:00:00+00:00,1642.066416531
2025-09-26 06:00:00+00:00,1764.328753283
2025-09-26 07:00:00+00:00,1730.689899951
2025-09-26 08:00:00+00:00,1841.208558119
2025-09-26 09:00:00+00:00,1858.779649796
2025-09-26 10:00:00+00:00,1765.330918986
2025-09-26 11:00:00+00:00,1822.828547080
2025-09-26 12:00:00+00:00,1776.358622603
2025-09-26 13:00:00+00:00,1772.755761977
2025-09-26 14:00:00+00:00,1741.430545091
2025-09-26 15:00:00+00:00,1793.016071126
2025-09-26 16:00:00+00:00,1766.329898225
2025-09-26 17:00:00+00:00,1842.893506591
2025-09-26 18:00:00+00:00,1716.200629215
2025-09-26 19:00:00+00:00,1748.838296123
2025-09-26 20:00:00+00:00,1797.718154753
2025-09-26 21:00:00+00:00,1766.562080374
2025-09-26 22:00:00+00:00,1647.565718502
2025-09-26 23:00:00+00:00,1657.962750513
2025-09-27 00:00:00+00:00,1476.795183320
2025-09-27 01:00:00+00:00,1476.089361409
2025-09-27 02:00:00+00:00,1460.610689411
2025-09-27 03:00:00+00:00,1506.811138702
2025-09-27 04:00:00+00:00,1479.948147698
2025-09-27 05:00:00+00:00,1476.423976040
2025-09-27 06:00:00+00:00,1646.484891529
2025-09-27 07:00:00+00:00,1718.740290015
2025-09-27 08:00:00+00:00,1702.696329747
2025-09-27 09:00:00+00:00,1631.124846158
2025-09-27 10:00:00+00:00,1656.740389965
2025-09-27 11:00:00+00:00,1668.178114383
2025-09-27 12:00:00+00:00,1617.601097760
2025-09-27 13:00:00+00:00,1706.177660221
2025-09-27 14:00:00+00:00,1617.330602030
2025-09-27 15:00:00+00:00,1651.134014035
2025-09-27 16:00:00+00:00,1670.296334107
2025-09-27 17:00:00+00:00,1597.233282278
2025-09-27 18:00:00+00:00,1631.668714972
2025-09-27 19:00:00+00:00,1672.175614482
2025-09-27 20:00:00+00:00,1564.291163099
2025-09-27 21:00:00+00:00,1686.846268549
2025-09-27 22:00:00+00:00,1474.148848131
2025-09-27 23:00:00+00:00,1532.663776277
2025-09-28 00:00:00+00:00,1515.551590098
2025-09-28 01:00:00+00:00,1495.601998255
2025-09-28 02:00:00+00:00,1470.710171867
2025-09-28 03:00:00+00:00,1474.054346600
2025-09-28 04:00:00+00:00,1554.198486942
2025-09-28 05:00:00+00:00,1490.867711288
2025-09-28 06:00:00+00:00,1685.308827672
2025-09-28 07:00:00+00:00,1634.990990597
2025-09-28 08:00:00+00:00,1645.355866162
2025-09-28 09:00:00+00:00,1642.728066775
2025-09-28 10:00:00+00:00,1640.060590199
2025-09-28 11:00:00+00:00,1681.231240610
2025-09-28 12:00:00+00:00,1634.434548516
2025-09-28 13:00:00+00:00,1646.209939517
2025-09-28 14:00:00+00:00,1626.925874186
2025-09-28 15:00:00+00:00,1636.186282991
2025-09-28 16:00:00+00:00,1591.031544528
2025-09-28 17:00:00+00:00,1576.179499371
2025-09-28 18:00:00+00:00,1616.730163348
2025-09-28 19:00:00+00:00,1579.630174551
2025-09-28 20:00:00+00:00,1677.446424212
2025-09-28 21:00:00+00:00,1620.111981402
2025-09-28 22:00:00+00:00,1558.126182946
2025-09-28 23:00:00+00:00,1460.870005031
2025-09-29 00:00:00+00:00,1635.722230020
2025-09-29 01:00:00+00:00,1615.655846625
2025-09-29 02:00:00+00:00,1588.322287430
2025-09-29 03:00:00+00:00,1630.338321335
2025-09-29 04:00:00+00:00,1654.596120985
2025-09-29 05:00:00+00:00,1558.027297132
2025-09-29 06:00:00+00:00,1878.948596192
2025-09-29 07:00:00+00:00,1808.222951150
2025-09-29 08:00:00+00:00,1793.411273849
2025-09-29 09:00:00+00:00,1839.148979720
2025-09-29 10:00:00+00:00,1769.532155321
2025-09-29 11:00:00+00:00,1809.518434270
2025-09-29 12:00:00+00:00,1812.720612689
2025-09-29 13:00:00+00:00,1758.288047317
2025-09-29 14:00:00+00:00,1807.497293238
2025-09-29 15:00:00+00:00,1806.598837554
2025-09-29 16:00:00+00:00,1775.980943999
2025-09-29 17:00:00+00:00,1712.027434453
2025-09-29 18:00:00+00:00,1717.330083844
2025-09-29 19:00:00+00:00,1775.590327976
2025-09-29 20:00:00+00:00,1762.937891024
2025-09-29 21:00:00+00:00,1857.240366496
2025-09-29 22:00:00+00:00,1615.864258244
2025-09-29 23:00:00+00:00,1739.540024609
2025-09-30 00:00:00+00:00,1657.890469173
2025-09-30 01:00:00+00:00,1643.668514667
2025-09-30 02:00:00+00:00,1660.180982527
2025-09-30 03:00:00+00:00,1518.730301608
2025-09-30 04:00:00+00:00,1613.825421844
2025-09-30 05:00:00+00:00,1657.508384334
2025-09-30 06:00:00+00:00,1766.521403029
2025-09-30 07:00:00+00:00,1748.535183621
2025-09-30 08:00:00+00:00,1753.725255701
2025-09-30 09:00:00+00:00,1794.921396650
2025-09-30 10:00:00+00:00,1748.713132769
2025-09-30 11:00:00+00:00,1775.578099342
2025-09-30 12:00:00+00:00,1805.093800594
2025-09-30 13:00:00+00:00,1823.757163758
2025-09-30 14:00:00+00:00,1766.533566472
2025-09-30 15:00:00+00:00,1808.007841518
2025-09-30 16:00:00+00:00,1816.657649519
2025-09-30 17:00:00+00:00,1731.586356795
2025-09-30 18:00:00+00:00,1725.804958430
2025-09-30 19:00:00+00:00,1834.754471280
2025-09-30 20:00:00+00:00,1801.027925229
2025-09-30 21:00:00+00:00,1747.509294551
2025-09-30 22:00:00+00:00,1597.242753258
2025-09-30 23:00:00+00:00,1642.779596021
2025-10-01 00:00:00+00:00,1685.714349919
2025-10-01 01:00:00+00:00,1644.659961344
2025-10-01 02:00:00+00:00,1598.399137543
2025-10-01 03:00:00+00:00,1660.282425195
2025-10-01 04:00:00+00:00,1603.340588477
2025-10-01 05:00:00+00:00,1680.423230893
2025-10-01 06:00:00+00:00,1888.673597337
2025-10-01 07:00:00+00:00,1866.496727458
2025-10-01 08:00:00+00:00,1734.555806662
2025-10-01 09:00:00+00:00,1782.203388100
2025-10-01 10:00:00+00:00,1738.716544652
2025-10-01 11:00:00+00:00,1785.949632044
2025-10-01 12:00:00+00:00,1741.375207403
2025-10-01 13:00:00+00:00,1779.113817662
2025-10-01 14:00:00+00:00,1817.376524048
2025-10-01 15:00:00+00:00,1794.656295522
2025-10-01 16:00:00+00:00,1827.790741513
2025-10-01 17:00:00+00:00,1747.945858159
2025-10-01 18:00:00+00:00,1758.110255961
2025-10-01 19:00:00+00:00,1799.183487210
2025-10-01 20:00:00+00:00,1832.840257459
2025-10-01 21:00:00+00:00,1841.693822987
2025-10-01 22:00:00+00:00,1583.952185606
2025-10-01 23:00:00+00:00,1611.282104586
2025-10-02 00:00:00+00:00,1631.940162475
2025-10-02 01:00:00+00:00,1624.383534990
2025-10-02 02:00:00+00:00,1652.260125367
2025-10-02 03:00:00+00:00,1666.039755597
2025-10-02 04:00:00+00:00,1632.165377439
2025-10-02 05:00:00+00:00,1620.457367466
2025-10-02 06:00:00+00:00,1800.750371255
2025-10-02 07:00:00+00:00,1763.193022469
2025-10-02 08:00:00+00:00,1826.602174871
2025-10-02 09:00:00+00:00,1736.181391808
2025-10-02 10:00:00+00:00,1798.718138331
2025-10-02 11:00:00+00:00,1844.222639096
2025-10-02 12:00:00+00:00,1756.943837135
2025-10-02 13:00:00+00:00,1787.389677065
2025-10-02 14:00:00+00:00,1737.652170688
2025-10-02 15:00:00+00:00,1748.641166110
2025-10-02 16:00:00+00:00,1913.010741945
2025-10-02 17:00:00+00:00,1803.125024124
2025-10-02 18:00:00+00:00,1803.690509876
2025-10-02 19:00:00+00:00,1900.412116371
2025-10-02 20:00:00+00:00,1752.615954309
2025-10-02 21:00:00+00:00,1895.715121951
2025-10-02 22:00:00+00:00,1623.076924128
2025-10-02 23:00:00+00:00,1658.770829750
2025-10-03 00:00:00+00:00,1610.214793543
2025-10-03 01:00:00+00:00,1683.526813271
2025-10-03 02:00:00+00:00,1639.771180526
2025-10-03 03:00:00+00:00,1642.238176841
2025-10-03 04:00:00+00:00,1592.482927960
2025-10-03 05:00:00+00:00,1634.469037982
2025-10-03 06:00:00+00:00,1680.621987206
2025-10-03 07:00:00+00:00,1753.681720687
2025-10-03 08:00:00+00:00,1802.967704157
2025-10-03 09:00:00+00:00,1786.442671442
2025-10-03 10:00:00+00:00,1738.920127750
2025-10-03 11:00:00+00:00,1802.219070442
2025-10-03 12:00:00+00:00,1763.766158243
2025-10-03 13:00:00+00:00,1749.949794883
2025-10-03 14:00:00+00:00,1825.720847157
2025-10-03 15:00:00+00:00,1793.805290980
2025-10-03 16:00:00+00:00,1827.992112526
2025-10-03 17:00:00+00:00,1786.354856687
2025-10-03 18:00:00+00:00,1807.364592729
2025-10-03 19:00:00+00:00,1908.061033697
2025-10-03 20:00:00+00:00,1783.352141579
2025-10-03 21:00:00+00:00,1821.550188196
2025-10-03 22:00:00+00:00,1681.377714581
2025-10-03 23:00:00+00:00,1621.330549259
2025-10-04 00:00:00+00:00,1538.681466915
2025-10-04 01:00:00+00:00,1496.577116515
2025-10-04 02:00:00+00:00,1496.529473984
2025-10-04 03:00:00+00:00,1545.279719895
2025-10-04 04:00:00+00:00,1437.634084570
2025-10-04 05:00:00+00:00,1523.180578932
2025-10-04 06:00:00+00:00,1656.529738644
2025-10-04 07:00:00+00:00,1668.710081992
2025-10-04 08:00:00+00:00,1643.371969715
2025-10-04 09:00:00+00:00,1618.670937110
2025-10-04 10:00:00+00:00,1633.219335940
2025-10-04 11:00:00+00:00,1624.290959547
2025-10-04 12:00:00+00:00,1633.139854460
2025-10-04 13:00:00+00:00,1631.752881483
2025-10-04 14:00:00+00:00,1670.422728254
2025-10-04 15:00:00+00:00,1635.464019694
2025-10-04 16:00:00+00:00,1628.266355042
2025-10-04 17:00:00+00:00,1604.740957822
2025-10-04 18:00:00+00:00,1641.240795256
2025-10-04 19:00:00+00:00,1616.130665742
2025-10-04 20:00:00+00:00,1641.845617834
2025-10-04 21:00:00+00:00,1694.694992017
2025-10-04 22:00:00+00:00,1481.505044280
2025-10-04 23:00:00+00:00,1484.426435599
2025-10-05 00:00:00+00:00,1498.393108913
2025-10-05 01:00:00+00:00,1491.631307741
2025-10-05 02:00:00+00:00,1494.338890318
2025-10-05 03:00:00+00:00,1451.622033754
2025-10-05 04:00:00+00:00,1484.613155447
2025-10-05 05:00:00+00:00,1499.802462441
2025-10-05 06:00:00+00:00,1625.816214306
2025-10-05 07:00:00+00:00,1622.488464491
2025-10-05 08:00:00+00:00,1649.422831462
2025-10-05 09:00:00+00:00,1629.322492510
2025-10-05 10:00:00+00:00,1769.163073875
2025-10-05 11:00:00+00:00,1666.324671372
2025-10-05 12:00:00+00:00,1604.343014297
2025-10-05 13:00:00+00:00,1689.847962871
2025-10-05 14:00:00+00:00,1576.301872144
2025-10-05 15:00:00+00:00,1693.146961022
2025-10-05 16:00:00+00:00,1679.740626492
2025-10-05 17:00:00+00:00,1658.716851316
2025-10-05 18:00:00+00:00,1697.917147430
2025-10-05 19:00:00+00:00,1655.728334052
2025-10-05 20:00:00+00:00,1659.809081365
2025-10-05 21:00:00+00:00,1611.621354917
2025-10-05 22:00:00+00:00,1492.863010273
2025-10-05 23:00:00+00:00,1563.704839063
2025-10-06 00:00:00+00:00,1615.666955519
2025-10-06 01:00:00+00:00,1664.882656950
2025-10-06 02:00:00+00:00,1702.113051995
2025-10-06 03:00:00+00:00,1675.233672094
2025-10-06 04:00:00+00:00,1528.041706306
2025-10-06 05:00:00+00:00,1610.948766745
2025-10-06 06:00:00+00:00,1865.740581816
2025-10-06 07:00:00+00:00,1868.504294589
2025-10-06 08:00:00+00:00,1736.731343533
2025-10-06 09:00:00+00:00,1735.784395328
2025-10-06 10:00:00+00:00,1779.967504821
2025-10-06 11:00:00+00:00,1885.622472233
2025-10-06 12:00:00+00:00,1849.698417367
2025-10-06 13:00:00+00:00,1815.687677539
2025-10-06 14:00:00+00:00,1805.008341006
2025-10-06 15:00:00+00:00,1838.571281486
2025-10-06 16:00:00+00:00,1790.765858962
2025-10-06 17:00:00+00:00,1788.183565075
2025-10-06 18:00:00+00:00,1809.513180702
2025-10-06 19:00:00+00:00,1772.949417777
2025-10-06 20:00:00+00:00,1815.082519249
2025-10-06 21:00:00+00:00,1812.330786725
2025-10-06 22:00:00+00:00,1668.503118494
2025-10-06 23:00:00+00:00,1641.582518089
2025-10-07 00:00:00+00:00,1644.386877063
2025-10-07 01:00:00+00:00,1674.659416956
2025-10-07 02:00:00+00:00,1596.961303252
2025-10-07 03:00:00+00:00,1606.142977653
2025-10-07 04:00:00+00:00,1712.721401150
2025-10-07 05:00:00+00:00,1610.660875470
2025-10-07 06:00:00+00:00,1730.727736447
2025-10-07 07:00:00+00:00,1881.612591877
2025-10-07 08:00:00+00:00,1794.104195612
2025-10-07 09:00:00+00:00,1767.401288117
2025-10-07 10:00:00+00:00,1884.402602853
2025-10-07 11:00:00+00:00,1739.779286708
2025-10-07 12:00:00+00:00,1744.092357209
2025-10-07 13:00:00+00:00,1764.260939160
2025-10-07 14:00:00+00:00,1750.386591774
2025-10-07 15:00:00+00:00,1741.459025671
2025-10-07 16:00:00+00:00,1775.355799167
2025-10-07 17:00:00+00:00,1796.442347267
2025-10-07 18:00:00+00:00,1823.485769205
2025-10-07 19:00:00+00:00,1810.705549350
2025-10-07 20:00:00+00:00,1821.263252652
2025-10-07 21:00:00+00:00,1722.186251551
2025-10-07 22:00:00+00:00,1650.995787346
2025-10-07 23:00:00+00:00,1577.452252395
2025-10-08 00:00:00+00:00,1648.300435987
2025-10-08 01:00:00+00:00,1647.878528170
2025-10-08 02:00:00+00:00,1582.214204478
2025-10-08 03:00:00+00:00,1616.989032995
2025-10-08 04:00:00+00:00,1621.661266669
2025-10-08 05:00:00+00:00,1610.239110404
2025-10-08 06:00:00+00:00,1695.051483251
2025-10-08 07:00:00+00:00,1797.406935615
2025-10-08 08:00:00+00:00,1818.698032750
2025-10-08 09:00:00+00:00,1787.446487679
2025-10-08 10:00:00+00:00,1818.139876496
2025-10-08 11:00:00+00:00,1820.364252935
2025-10-08 12:00:00+00:00,1804.944455325
2025-10-08 13:00:00+00:00,1752.487835004
2025-10-08 14:00:00+00:00,1850.866227891
2025-10-08 15:00:00+00:00,1751.034376052
2025-10-08 16:00:00+00:00,1842.465574458
2025-10-08 17:00:00+00:00,1890.220753232
2025-10-08 18:00:00+00:00,1799.542804172
2025-10-08 19:00:00+00:00,1804.355944873
2025-10-08 20:00:00+00:00,1858.781946562
2025-10-08 21:00:00+00:00,1765.563918506
2025-10-08 22:00:00+00:00,1614.362137526
2025-10-08 23:00:00+00:00,1686.878144268
2025-10-09 00:00:00+00:00,1535.586436507
2025-10-09 01:00:00+00:00,1589.636884253
2025-10-09 02:00:00+00:00,1683.588186083
2025-10-09 03:00:00+00:00,1729.415555730
2025-10-09 04:00:00+00:00,1647.351269145
2025-10-09 05:00:00+00:00,1680.636857446
2025-10-09 06:00:00+00:00,1748.654082035
2025-10-09 07:00:00+00:00,1860.241656615
2025-10-09 08:00:00+00:00,1900.372900076
2025-10-09 09:00:00+00:00,1740.407330969
2025-10-09 10:00:00+00:00,1782.875351024
2025-10-09 11:00:00+00:00,1806.374106706
2025-10-09 12:00:00+00:00,1794.532911166
2025-10-09 13:00:00+00:00,1729.269757250
2025-10-09 14:00:00+00:00,1799.108175520
2025-10-09 15:00:00+00:00,1730.136424654
2025-10-09 16:00:00+00:00,1814.401401607
2025-10-09 17:00:00+00:00,1768.738873289
2025-10-09 18:00:00+00:00,1811.132170743
2025-10-09 19:00:00+00:00,1755.049098839
2025-10-09 20:00:00+00:00,1873.465802816
2025-10-09 21:00:00+00:00,1787.072501444
2025-10-09 22:00:00+00:00,1613.019718287
2025-10-09 23:00:00+00:00,1596.270600123
2025-10-10 00:00:00+00:00,1603.317394017
2025-10-10 01:00:00+00:00,1618.684529813
2025-10-10 02:00:00+00:00,1629.018932124
2025-10-10 03:00:00+00:00,1682.529930720
2025-10-10 04:00:00+00:00,1654.577411037
2025-10-10 05:00:00+00:00,1603.162107126
2025-10-10 06:00:00+00:00,1803.342193350
2025-10-10 07:00:00+00:00,1790.931453629
2025-10-10 08:00:00+00:00,1806.742100375
2025-10-10 09:00:00+00:00,1732.855806159
2025-10-10 10:00:00+00:00,1779.544233774
2025-10-10 11:00:00+00:00,1757.121133878
2025-10-10 12:00:00+00:00,1796.072443822
2025-10-10 13:00:00+00:00,1839.509827492
2025-10-10 14:00:00+00:00,1735.224764411
2025-10-10 15:00:00+00:00,1813.672184642
2025-10-10 16:00:00+00:00,1843.855421148
2025-10-10 17:00:00+00:00,1826.892656339
2025-10-10 18:00:00+00:00,1869.933135167
2025-10-10 19:00:00+00:00,1772.529769129
2025-10-10 20:00:00+00:00,1867.444013727
2025-10-10 21:00:00+00:00,1814.514582911
2025-10-10 22:00:00+00:00,1703.045185006
2025-10-10 23:00:00+00:00,1673.715557516
2025-10-11 00:00:00+00:00,1499.922610973
2025-10-11 01:00:00+00:00,1489.497696016
2025-10-11 02:00:00+00:00,1500.646224931
2025-10-11 03:00:00+00:00,1454.366675336
2025-10-11 04:00:00+00:00,1501.615692155
2025-10-11 05:00:00+00:00,1482.218244880
2025-10-11 06:00:00+00:00,1663.578404234
2025-10-11 07:00:00+00:00,1663.078508509
2025-10-11 08:00:00+00:00,1723.417875425
2025-10-11 09:00:00+00:00,1665.288019312
2025-10-11 10:00:00+00:00,1714.402312701
2025-10-11 11:00:00+00:00,1645.088219379
2025-10-11 12:00:00+00:00,1602.727394181
2025-10-11 13:00:00+00:00,1623.789059467
2025-10-11 14:00:00+00:00,1641.961405123
2025-10-11 15:00:00+00:00,1701.290464119
2025-10-11 16:00:00+00:00,1604.469807074
2025-10-11 17:00:00+00:00,1717.784336196
2025-10-11 18:00:00+00:00,1590.169942733
2025-10-11 19:00:00+00:00,1638.915483958
2025-10-11 20:00:00+00:00,1620.767081759
2025-10-11 21:00:00+00:00,1647.427384759
2025-10-11 22:00:00+00:00,1516.791676149
2025-10-11 23:00:00+00:00,1501.079608278
2025-10-12 00:00:00+00:00,1517.708061970
2025-10-12 01:00:00+00:00,1535.602984291
2025-10-12 02:00:00+00:00,1502.013626995
2025-10-12 03:00:00+00:00,1486.719716658
2025-10-12 04:00:00+00:00,1461.391735169
2025-10-12 05:00:00+00:00,1539.430227905
2025-10-12 06:00:00+00:00,1675.860825647
2025-10-12 07:00:00+00:00,1678.730725318
2025-10-12 08:00:00+00:00,1772.656374246
2025-10-12 09:00:00+00:00,1674.249744398
2025-10-12 10:00:00+00:00,1570.558693638
2025-10-12 11:00:00+00:00,1647.229758116
2025-10-12 12:00:00+00:00,1655.466071757
2025-10-12 13:00:00+00:00,1667.616268924
2025-10-12 14:00:00+00:00,1730.742037975
2025-10-12 15:00:00+00:00,1623.328965835
2025-10-12 16:00:00+00:00,1652.833154555
2025-10-12 17:00:00+00:00,1701.860731689
2025-10-12 18:00:00+00:00,1624.714377007
2025-10-12 19:00:00+00:00,1675.208396441
2025-10-12 20:00:00+00:00,1709.975672592
2025-10-12 21:00:00+00:00,1666.241758102
2025-10-12 22:00:00+00:00,1401.303057159
2025-10-12 23:00:00+00:00,1474.162803634
2025-10-13 00:00:00+00:00,1700.957445592
2025-10-13 01:00:00+00:00,1564.697162690
2025-10-13 02:00:00+00:00,1573.341295073
2025-10-13 03:00:00+00:00,1609.384945399
2025-10-13 04:00:00+00:00,1595.956357264
2025-10-13 05:00:00+00:00,1630.499846319
2025-10-13 06:00:00+00:00,1757.012822605
2025-10-13 07:00:00+00:00,1827.933754238
2025-10-13 08:00:00+00:00,1782.747556124
2025-10-13 09:00:00+00:00,1847.431485433
2025-10-13 10:00:00+00:00,1860.007161706
2025-10-13 11:00:00+00:00,1790.384621819
2025-10-13 12:00:00+00:00,1793.854093762
2025-10-13 13:00:00+00:00,1785.740812585
2025-10-13 14:00:00+00:00,1881.637059768
2025-10-13 15:00:00+00:00,1720.409025120
2025-10-13 16:00:00+00:00,1877.242310561
2025-10-13 17:00:00+00:00,1810.583952894
2025-10-13 18:00:00+00:00,1795.682229598
2025-10-13 19:00:00+00:00,1742.616278302
2025-10-13 20:00:00+00:00,1856.882146191
2025-10-13 21:00:00+00:00,1819.614962350
2025-10-13 22:00:00+00:00,1645.321756030
2025-10-13 23:00:00+00:00,1649.492050077
2025-10-14 00:00:00+00:00,1653.873624939
2025-10-14 01:00:00+00:00,1660.570722691
2025-10-14 02:00:00+00:00,1623.720945525
2025-10-14 03:00:00+00:00,1605.836013834
2025-10-14 04:00:00+00:00,1630.329836794
2025-10-14 05:00:00+00:00,1666.411288946
2025-10-14 06:00:00+00:00,1787.224962062
2025-10-14 07:00:00+00:00,1851.542817491
2025-10-14 08:00:00+00:00,1817.629908373
2025-10-14 09:00:00+00:00,1763.597754014
2025-10-14 10:00:00+00:00,1803.259287696
2025-10-14 11:00:00+00:00,1772.425340791
2025-10-14 12:00:00+00:00,1824.412595931
2025-10-14 13:00:00+00:00,1785.205393833
2025-10-14 14:00:00+00:00,1851.957315623
2025-10-14 15:00:00+00:00,1771.121761727
2025-10-14 16:00:00+00:00,1854.271339894
2025-10-14 17:00:00+00:00,1798.403517884
2025-10-14 18:00:00+00:00,1739.976205772
2025-10-14 19:00:00+00:00,1774.034227501
2025-10-14 20:00:00+00:00,1865.833610249
2025-10-14 21:00:00+00:00,1760.951161992
2025-10-14 22:00:00+00:00,1630.587959680
2025-10-14 23:00:00+00:00,1566.992267577
2025-10-15 00:00:00+00:00,1642.066370187
2025-10-15 01:00:00+00:00,1655.556352413
2025-10-15 02:00:00+00:00,1658.489557194
2025-10-15 03:00:00+00:00,1617.848790427
2025-10-15 04:00:00+00:00,1679.614703968
2025-10-15 05:00:00+00:00,1665.388321418
2025-10-15 06:00:00+00:00,1823.588634218
2025-10-15 07:00:00+00:00,1847.239782720
2025-10-15 08:00:00+00:00,1791.080481450
2025-10-15 09:00:00+00:00,1797.648810812
2025-10-15 10:00:00+00:00,1832.213816161
2025-10-15 11:00:00+00:00,1780.306598422
2025-10-15 12:00:00+00:00,1820.990311056
2025-10-15 13:00:00+00:00,1820.333133921
2025-10-15 14:00:00+00:00,1879.180050325
2025-10-15 15:00:00+00:00,1759.560974826
2025-10-15 16:00:00+00:00,1793.325484715
2025-10-15 17:00:00+00:00,1809.396358466
2025-10-15 18:00:00+00:00,1830.882043431
2025-10-15 19:00:00+00:00,1857.794640778
2025-10-15 20:00:00+00:00,1915.129787530
2025-10-15 21:00:00+00:00,1822.084886194
2025-10-15 22:00:00+00:00,1613.774353370
2025-10-15 23:00:00+00:00,1613.870215646
2025-10-16 00:00:00+00:00,1687.626703119
2025-10-16 01:00:00+00:00,1655.798535169
2025-10-16 02:00:00+00:00,1684.212066876
2025-10-16 03:00:00+00:00,1596.028168935
2025-10-16 04:00:00+00:00,1604.072504010
2025-10-16 05:00:00+00:00,1651.785993129
2025-10-16 06:00:00+00:00,1869.117783075
2025-10-16 07:00:00+00:00,1762.555566095
2025-10-16 08:00:00+00:00,1812.823727688
2025-10-16 09:00:00+00:00,1822.120426822
2025-10-16 10:00:00+00:00,1801.686570423
2025-10-16 11:00:00+00:00,1809.460339387
2025-10-16 12:00:00+00:00,1735.296030971
2025-10-16 13:00:00+00:00,1772.231256191
2025-10-16 14:00:00+00:00,1838.651520043
2025-10-16 15:00:00+00:00,1845.131041773
2025-10-16 16:00:00+00:00,1760.560604098
2025-10-16 17:00:00+00:00,1745.804570751
2025-10-16 18:00:00+00:00,1802.564111558
2025-10-16 19:00:00+00:00,1842.921886099
2025-10-16 20:00:00+00:00,1805.892621765
2025-10-16 21:00:00+00:00,1753.364648779
2025-10-16 22:00:00+00:00,1608.579979386
2025-10-16 23:00:00+00:00,1713.424080989
2025-10-17 00:00:00+00:00,1658.957410516
2025-10-17 01:00:00+00:00,1612.815569477
2025-10-17 02:00:00+00:00,1652.899315016
2025-10-17 03:00:00+00:00,1746.360805924
2025-10-17 04:00:00+00:00,1603.202536925
2025-10-17 05:00:00+00:00,1559.604193680
2025-10-17 06:00:00+00:00,1788.655674591
2025-10-17 07:00:00+00:00,1846.414170852
2025-10-17 08:00:00+00:00,1803.850085748
2025-10-17 09:00:00+00:00,1785.710798627
2025-10-17 10:00:00+00:00,1770.683420352
2025-10-17 11:00:00+00:00,1756.938267630
2025-10-17 12:00:00+00:00,1759.314328760
2025-10-17 13:00:00+00:00,1814.564688578
2025-10-17 14:00:00+00:00,1734.023806547
2025-10-17 15:00:00+00:00,1744.723638522
2025-10-17 16:00:00+00:00,1783.009373978
2025-10-17 17:00:00+00:00,1836.565554554
2025-10-17 18:00:00+00:00,1828.958659766
2025-10-17 19:00:00+00:00,1760.990922519
2025-10-17 20:00:00+00:00,1815.839835907
2025-10-17 21:00:00+00:00,1777.120274126
2025-10-17 22:00:00+00:00,1703.556339663
2025-10-17 23:00:00+00:00,1616.887281183
2025-10-18 00:00:00+00:00,1459.732233431
2025-10-18 01:00:00+00:00,1510.114916777
2025-10-18 02:00:00+00:00,1487.845922179
2025-10-18 03:00:00+00:00,1451.645382786
2025-10-18 04:00:00+00:00,1624.075193826
2025-10-18 05:00:00+00:00,1496.074321973
2025-10-18 06:00:00+00:00,1585.131919363
2025-10-18 07:00:00+00:00,1548.670194955
2025-10-18 08:00:00+00:00,1701.624539266
2025-10-18 09:00:00+00:00,1743.134180731
2025-10-18 10:00:00+00:00,1681.706138427
2025-10-18 11:00:00+00:00,1632.100506313
2025-10-18 12:00:00+00:00,1686.464145163
2025-10-18 13:00:00+00:00,1624.918335016
2025-10-18 14:00:00+00:00,1730.107064274
2025-10-18 15:00:00+00:00,1606.197980418
2025-10-18 16:00:00+00:00,1674.460213601
2025-10-18 17:00:00+00:00,1733.211573547
2025-10-18 18:00:00+00:00,1701.420069417
2025-10-18 19:00:00+00:00,1669.971828822
2025-10-18 20:00:00+00:00,1651.468525333
2025-10-18 21:00:00+00:00,1680.958616466
2025-10-18 22:00:00+00:00,1474.564458951
2025-10-18 23:00:00+00:00,1505.057601049
2025-10-19 00:00:00+00:00,1521.161732328
2025-10-19 01:00:00+00:00,1396.120255050
2025-10-19 02:00:00+00:00,1468.185334857
2025-10-19 03:00:00+00:00,1540.557803088
2025-10-19 04:00:00+00:00,1593.435273305
2025-10-19 05:00:00+00:00,1458.544280970
2025-10-19 06:00:00+00:00,1642.920761805
2025-10-19 07:00:00+00:00,1722.838474883
2025-10-19 08:00:00+00:00,1608.045943675
2025-10-19 09:00:00+00:00,1688.395370467
2025-10-19 10:00:00+00:00,1743.502931963
2025-10-19 11:00:00+00:00,1712.954642788
2025-10-19 12:00:00+00:00,1655.112318152
2025-10-19 13:00:00+00:00,1685.179463842
2025-10-19 14:00:00+00:00,1634.729627563
2025-10-19 15:00:00+00:00,1684.464334986
2025-10-19 16:00:00+00:00,1638.658714350
2025-10-19 17:00:00+00:00,1753.003133757
2025-10-19 18:00:00+00:00,1726.287587403
2025-10-19 19:00:00+00:00,1727.934475250
2025-10-19 20:00:00+00:00,1659.466859033
2025-10-19 21:00:00+00:00,1625.225057099
2025-10-19 22:00:00+00:00,1463.263269253
2025-10-19 23:00:00+00:00,1559.200732489
2025-10-20 00:00:00+00:00,1614.424033665
2025-10-20 01:00:00+00:00,1639.173336039
2025-10-20 02:00:00+00:00,1636.642406471
2025-10-20 03:00:00+00:00,1657.458305994
2025-10-20 04:00:00+00:00,1554.923197248
2025-10-20 05:00:00+00:00,1568.895847909
2025-10-20 06:00:00+00:00,1897.030081107
2025-10-20 07:00:00+00:00,1862.109752771
2025-10-20 08:00:00+00:00,1847.400482775
2025-10-20 09:00:00+00:00,1854.913810687
2025-10-20 10:00:00+00:00,1779.896459117
2025-10-20 11:00:00+00:00,1752.687085010
2025-10-20 12:00:00+00:00,1811.900949004
2025-10-20 13:00:00+00:00,1780.288761805
2025-10-20 14:00:00+00:00,1804.698043419
2025-10-20 15:00:00+00:00,1832.429824852
2025-10-20 16:00:00+00:00,1811.915040371
2025-10-20 17:00:00+00:00,1787.366412874
2025-10-20 18:00:00+00:00,1779.555765126
2025-10-20 19:00:00+00:00,1778.205745676
2025-10-20 20:00:00+00:00,1915.578404542
2025-10-20 21:00:00+00:00,1902.694986881
2025-10-20 22:00:00+00:00,1618.700424918
2025-10-20 23:00:00+00:00,1604.382348436
2025-10-21 00:00:00+00:00,1665.083321056
2025-10-21 01:00:00+00:00,1627.420711831
2025-10-21 02:00:00+00:00,1619.139485248
2025-10-21 03:00:00+00:00,1647.605605771
2025-10-21 04:00:00+00:00,1634.748652237
2025-10-21 05:00:00+00:00,1640.226639747
2025-10-21 06:00:00+00:00,1860.017131967
2025-10-21 07:00:00+00:00,1801.209893308
2025-10-21 08:00:00+00:00,1738.180774890
2025-10-21 09:00:00+00:00,1876.417131286
2025-10-21 10:00:00+00:00,1892.496001772
2025-10-21 11:00:00+00:00,1795.041393125
2025-10-21 12:00:00+00:00,1738.644387788
2025-10-21 13:00:00+00:00,1871.640937560
2025-10-21 14:00:00+00:00,1783.984628610
2025-10-21 15:00:00+00:00,1846.277732809
2025-10-21 16:00:00+00:00,1837.820337355
2025-10-21 17:00:00+00:00,1796.633701375
2025-10-21 18:00:00+00:00,1843.686206022
2025-10-21 19:00:00+00:00,1821.719523108
2025-10-21 20:00:00+00:00,1752.729596546
2025-10-21 21:00:00+00:00,1815.062491629
2025-10-21 22:00:00+00:00,1673.278726243
2025-10-21 23:00:00+00:00,1640.563888814
2025-10-22 00:00:00+00:00,1629.036469674
2025-10-22 01:00:00+00:00,1632.356564000
2025-10-22 02:00:00+00:00,1603.208748107
2025-10-22 03:00:00+00:00,1647.094184636
2025-10-22 04:00:00+00:00,1637.233808986
2025-10-22 05:00:00+00:00,1636.004952051
2025-10-22 06:00:00+00:00,1809.760366588
2025-10-22 07:00:00+00:00,1829.613028936
2025-10-22 08:00:00+00:00,1857.322465633
2025-10-22 09:00:00+00:00,1873.656133852
2025-10-22 10:00:00+00:00,1810.369716079
2025-10-22 11:00:00+00:00,1877.540348202
2025-10-22 12:00:00+00:00,1779.801778082
2025-10-22 13:00:00+00:00,1773.737358445
2025-10-22 14:00:00+00:00,1841.208705520
2025-10-22 15:00:00+00:00,1833.010723749
2025-10-22 16:00:00+00:00,1787.825489236
2025-10-22 17:00:00+00:00,1812.266167959
2025-10-22 18:00:00+00:00,1788.749417150
2025-10-22 19:00:00+00:00,1753.090745848
2025-10-22 20:00:00+00:00,1824.441769904
2025-10-22 21:00:00+00:00,1831.945194297
2025-10-22 22:00:00+00:00,1646.739427253
2025-10-22 23:00:00+00:00,1555.433644587
2025-10-23 00:00:00+00:00,1726.905245685
2025-10-23 01:00:00+00:00,1637.485741537
2025-10-23 02:00:00+00:00,1565.823346752
2025-10-23 03:00:00+00:00,1652.706504978
2025-10-23 04:00:00+00:00,1652.890638561
2025-10-23 05:00:00+00:00,1640.590586007
2025-10-23 06:00:00+00:00,1904.970622602
2025-10-23 07:00:00+00:00,1795.492255857
2025-10-23 08:00:00+00:00,1823.312284309
2025-10-23 09:00:00+00:00,1736.310817117
2025-10-23 10:00:00+00:00,1790.262519968
2025-10-23 11:00:00+00:00,1851.697078530
2025-10-23 12:00:00+00:00,1728.607826788
2025-10-23 13:00:00+00:00,1759.743053823
2025-10-23 14:00:00+00:00,1744.020022782
2025-10-23 15:00:00+00:00,1847.533614269
2025-10-23 16:00:00+00:00,1826.515517144
2025-10-23 17:00:00+00:00,1800.285078954
2025-10-23 18:00:00+00:00,1790.453974871
2025-10-23 19:00:00+00:00,1757.919031164
2025-10-23 20:00:00+00:00,1803.605476744
2025-10-23 21:00:00+00:00,1756.177397709
2025-10-23 22:00:00+00:00,1648.866182359
2025-10-23 23:00:00+00:00,1657.361087434
2025-10-24 00:00:00+00:00,1649.735161608
2025-10-24 01:00:00+00:00,1669.607629585
2025-10-24 02:00:00+00:00,1644.607983860
2025-10-24 03:00:00+00:00,1632.559858320
2025-10-24 04:00:00+00:00,1678.353157147
2025-10-24 05:00:00+00:00,1581.446281241
2025-10-24 06:00:00+00:00,1895.276539910
2025-10-24 07:00:00+00:00,1805.101068836
2025-10-24 08:00:00+00:00,1822.088438308
2025-10-24 09:00:00+00:00,1749.753037399
2025-10-24 10:00:00+00:00,1810.124058628
2025-10-24 11:00:00+00:00,1778.604787347
2025-10-24 12:00:00+00:00,1796.776169561
2025-10-24 13:00:00+00:00,1792.907811839
2025-10-24 14:00:00+00:00,1796.846976126
2025-10-24 15:00:00+00:00,1823.543692673
2025-10-24 16:00:00+00:00,1813.198693161
2025-10-24 17:00:00+00:00,1734.018843330
2025-10-24 18:00:00+00:00,1798.447601369
2025-10-24 19:00:00+00:00,1903.968565368
2025-10-24 20:00:00+00:00,1831.300145295
2025-10-24 21:00:00+00:00,1837.222632584
2025-10-24 22:00:00+00:00,1607.953219996
2025-10-24 23:00:00+00:00,1638.619430590
2025-10-25 00:00:00+00:00,1524.192320873
2025-10-25 01:00:00+00:00,1513.934399361
2025-10-25 02:00:00+00:00,1492.825690045
2025-10-25 03:00:00+00:00,1494.220046288
2025-10-25 04:00:00+00:00,1551.532509887
2025-10-25 05:00:00+00:00,1499.576033983
2025-10-25 06:00:00+00:00,1684.003108603
2025-10-25 07:00:00+00:00,1664.277107615
2025-10-25 08:00:00+00:00,1729.829342546
2025-10-25 09:00:00+00:00,1675.184790600
2025-10-25 10:00:00+00:00,1646.498851001
2025-10-25 11:00:00+00:00,1659.185843314
2025-10-25 12:00:00+00:00,1710.307646164
2025-10-25 13:00:00+00:00,1697.273225635
2025-10-25 14:00:00+00:00,1576.297395292
2025-10-25 15:00:00+00:00,1651.586863642
2025-10-25 16:00:00+00:00,1583.796494370
2025-10-25 17:00:00+00:00,1631.400466188
2025-10-25 18:00:00+00:00,1647.729280265
2025-10-25 19:00:00+00:00,1656.372671905
2025-10-25 20:00:00+00:00,1669.180190382
2025-10-25 21:00:00+00:00,1658.617579234
2025-10-25 22:00:00+00:00,1496.582830668
2025-10-25 23:00:00+00:00,1432.639905055
2025-10-26 00:00:00+00:00,1461.594167144
2025-10-26 01:00:00+00:00,1528.886193457
2025-10-26 02:00:00+00:00,1551.432077864
2025-10-26 03:00:00+00:00,1461.269440352
2025-10-26 04:00:00+00:00,1571.110827026
2025-10-26 05:00:00+00:00,1501.679339956
2025-10-26 06:00:00+00:00,1616.708016285
2025-10-26 07:00:00+00:00,1606.175881954
2025-10-26 08:00:00+00:00,1602.523466818
2025-10-26 09:00:00+00:00,1698.112685926
2025-10-26 10:00:00+00:00,1653.238838758
2025-10-26 11:00:00+00:00,1727.066492955
2025-10-26 12:00:00+00:00,1621.944668877
2025-10-26 13:00:00+00:00,1683.274380007
2025-10-26 14:00:00+00:00,1634.127021992
2025-10-26 15:00:00+00:00,1611.819297514
2025-10-26 16:00:00+00:00,1626.739543441
2025-10-26 17:00:00+00:00,1704.956375422
2025-10-26 18:00:00+00:00,1656.818283913
2025-10-26 19:00:00+00:00,1676.796192410
2025-10-26 20:00:00+00:00,1642.108983831
2025-10-26 21:00:00+00:00,1656.058797994
2025-10-26 22:00:00+00:00,1537.883088061
2025-10-26 23:00:00+00:00,1534.152706250
2025-10-27 00:00:00+00:00,1663.008219502
2025-10-27 01:00:00+00:00,1662.070961359
2025-10-27 02:00:00+00:00,1631.019672581
2025-10-27 03:00:00+00:00,1622.317378017
2025-10-27 04:00:00+00:00,1624.924405325
2025-10-27 05:00:00+00:00,1671.789728262
2025-10-27 06:00:00+00:00,1724.864657401
2025-10-27 07:00:00+00:00,1855.483429710
2025-10-27 08:00:00+00:00,1852.267738144
2025-10-27 09:00:00+00:00,1797.175947796
2025-10-27 10:00:00+00:00,1926.145654152
2025-10-27 11:00:00+00:00,1794.566088346
2025-10-27 12:00:00+00:00,1798.811348732
2025-10-27 13:00:00+00:00,1805.247695060
2025-10-27 14:00:00+00:00,1842.926497315
2025-10-27 15:00:00+00:00,1786.069166123
2025-10-27 16:00:00+00:00,1887.264628854
2025-10-27 17:00:00+00:00,1833.512978428
2025-10-27 18:00:00+00:00,1829.210994534
2025-10-27 19:00:00+00:00,1828.657104514
2025-10-27 20:00:00+00:00,1787.296938021
2025-10-27 21:00:00+00:00,1846.944304402
2025-10-27 22:00:00+00:00,1643.187594046
2025-10-27 23:00:00+00:00,1659.253009621
2025-10-28 00:00:00+00:00,1669.611284475
2025-10-28 01:00:00+00:00,1640.096283391
2025-10-28 02:00:00+00:00,1696.232868734
2025-10-28 03:00:00+00:00,1715.796749518
2025-10-28 04:00:00+00:00,1758.997140555
2025-10-28 05:00:00+00:00,1737.690329180
2025-10-28 06:00:00+00:00,1843.090100537
2025-10-28 07:00:00+00:00,1773.156063085
2025-10-28 08:00:00+00:00,1846.451532113
2025-10-28 09:00:00+00:00,1802.226350076
2025-10-28 10:00:00+00:00,1844.431460516
2025-10-28 11:00:00+00:00,1882.324984385
2025-10-28 12:00:00+00:00,1830.332206199
2025-10-28 13:00:00+00:00,1828.644082800
2025-10-28 14:00:00+00:00,1807.101844026
2025-10-28 15:00:00+00:00,1825.168568987
2025-10-28 16:00:00+00:00,1885.170483796
2025-10-28 17:00:00+00:00,1766.820522813
2025-10-28 18:00:00+00:00,1698.218501192
2025-10-28 19:00:00+00:00,1888.498885796
2025-10-28 20:00:00+00:00,1850.266764589
2025-10-28 21:00:00+00:00,1804.021279692
2025-10-28 22:00:00+00:00,1678.705785947
2025-10-28 23:00:00+00:00,1542.822031530
2025-10-29 00:00:00+00:00,1669.959295913
2025-10-29 01:00:00+00:00,1652.765623543
2025-10-29 02:00:00+00:00,1647.407354605
2025-10-29 03:00:00+00:00,1638.814324158
2025-10-29 04:00:00+00:00,1702.708459728
2025-10-29 05:00:00+00:00,1659.685750148
2025-10-29 06:00:00+00:00,1746.091681875
2025-10-29 07:00:00+00:00,1959.418525755
2025-10-29 08:00:00+00:00,1732.101103832
2025-10-29 09:00:00+00:00,1836.410636984
2025-10-29 10:00:00+00:00,1810.677122135
2025-10-29 11:00:00+00:00,1888.062757378
2025-10-29 12:00:00+00:00,1756.038264931
2025-10-29 13:00:00+00:00,1792.807817742
2025-10-29 14:00:00+00:00,1797.724131563
2025-10-29 15:00:00+00:00,1790.251978013
2025-10-29 16:00:00+00:00,1802.349077220
2025-10-29 17:00:00+00:00,1838.166846371
2025-10-29 18:00:00+00:00,1879.730434260
2025-10-29 19:00:00+00:00,1770.576213442
2025-10-29 20:00:00+00:00,1745.717186930
2025-10-29 21:00:00+00:00,1764.538893106
2025-10-29 22:00:00+00:00,1609.311830632
2025-10-29 23:00:00+00:00,1659.649096646
2025-10-30 00:00:00+00:00,1647.817562662
2025-10-30 01:00:00+00:00,1637.717014072
2025-10-30 02:00:00+00:00,1660.817850395
2025-10-30 03:00:00+00:00,1688.829243123
2025-10-30 04:00:00+00:00,1613.069275475
2025-10-30 05:00:00+00:00,1737.992166916
2025-10-30 06:00:00+00:00,1845.718278788
2025-10-30 07:00:00+00:00,1758.016165027
2025-10-30 08:00:00+00:00,1715.215867327
2025-10-30 09:00:00+00:00,1783.585150346
2025-10-30 10:00:00+00:00,1857.643236430
2025-10-30 11:00:00+00:00,1820.739972836
2025-10-30 12:00:00+00:00,1778.815802200
2025-10-30 13:00:00+00:00,1872.697568687
2025-10-30 14:00:00+00:00,1872.964095592
2025-10-30 15:00:00+00:00,1815.152283903
2025-10-30 16:00:00+00:00,1889.670336851
2025-10-30 17:00:00+00:00,1879.269352312
2025-10-30 18:00:00+00:00,1774.973407007
2025-10-30 19:00:00+00:00,1759.625848895
2025-10-30 20:00:00+00:00,1778.512217010
2025-10-30 21:00:00+00:00,1794.695326895
2025-10-30 22:00:00+00:00,1662.437258208
2025-10-30 23:00:00+00:00,1594.367314888
2025-10-31 00:00:00+00:00,1646.866503826
2025-10-31 01:00:00+00:00,1546.314591056
2025-10-31 02:00:00+00:00,1708.872452326
2025-10-31 03:00:00+00:00,1641.697091270
2025-10-31 04:00:00+00:00,1695.407075981
2025-10-31 05:00:00+00:00,1609.621442500
2025-10-31 06:00:00+00:00,1727.378821816
2025-10-31 07:00:00+00:00,1829.975287244
2025-10-31 08:00:00+00:00,1810.605733157
2025-10-31 09:00:00+00:00,1813.314506221
2025-10-31 10:00:00+00:00,1829.327452778
2025-10-31 11:00:00+00:00,1730.432542865
2025-10-31 12:00:00+00:00,1761.170161911
2025-10-31 13:00:00+00:00,1774.830400510
2025-10-31 14:00:00+00:00,1742.518972079
2025-10-31 15:00:00+00:00,1790.184403018
2025-10-31 16:00:00+00:00,1830.808300812
2025-10-31 17:00:00+00:00,1794.025448569
2025-10-31 18:00:00+00:00,1747.940851524
2025-10-31 19:00:00+00:00,1807.576417441
2025-10-31 20:00:00+00:00,1830.686160402
2025-10-31 21:00:00+00:00,1841.386970353
2025-10-31 22:00:00+00:00,1702.789344139
2025-10-31 23:00:00+00:00,1685.275914973
2025-11-01 00:00:00+00:00,1466.130288455
2025-11-01 01:00:00+00:00,1541.556691858
2025-11-01 02:00:00+00:00,1572.379627845
2025-11-01 03:00:00+00:00,1539.589041863
2025-11-01 04:00:00+00:00,1506.468657384
2025-11-01 05:00:00+00:00,1540.260235308
2025-11-01 06:00:00+00:00,1660.842100196
2025-11-01 07:00:00+00:00,1692.055720628
2025-11-01 08:00:00+00:00,1633.737602182
2025-11-01 09:00:00+00:00,1659.482621895
2025-11-01 10:00:00+00:00,1692.391301067
2025-11-01 11:00:00+00:00,1617.805908299
2025-11-01 12:00:00+00:00,1694.323286479
2025-11-01 13:00:00+00:00,1692.385001287
2025-11-01 14:00:00+00:00,1738.787914330
2025-11-01 15:00:00+00:00,1649.115113978
2025-11-01 16:00:00+00:00,1671.852650020
2025-11-01 17:00:00+00:00,1709.408860268
2025-11-01 18:00:00+00:00,1700.536299702
2025-11-01 19:00:00+00:00,1701.371625714
2025-11-01 20:00:00+00:00,1654.452923239
2025-11-01 21:00:00+00:00,1605.275353463
2025-11-01 22:00:00+00:00,1524.364847890
2025-11-01 23:00:00+00:00,1507.467924896
2025-11-02 00:00:00+00:00,1505.732756616
2025-11-02 01:00:00+00:00,1601.972073673
2025-11-02 02:00:00+00:00,1490.333486139
2025-11-02 03:00:00+00:00,1500.363032035
2025-11-02 04:00:00+00:00,1481.775132655
2025-11-02 05:00:00+00:00,1474.206765430
2025-11-02 06:00:00+00:00,1657.216951296
2025-11-02 07:00:00+00:00,1684.040329668
2025-11-02 08:00:00+00:00,1690.010208746
2025-11-02 09:00:00+00:00,1710.152082353
2025-11-02 10:00:00+00:00,1649.925782495
2025-11-02 11:00:00+00:00,1680.991512415
2025-11-02 12:00:00+00:00,1694.463398235
2025-11-02 13:00:00+00:00,1697.368613338
2025-11-02 14:00:00+00:00,1692.440592445
2025-11-02 15:00:00+00:00,1669.076874126
2025-11-02 16:00:00+00:00,1707.542999355
2025-11-02 17:00:00+00:00,1719.183211569
2025-11-02 18:00:00+00:00,1706.395983315
2025-11-02 19:00:00+00:00,1714.337191257
2025-11-02 20:00:00+00:00,1621.257256678
2025-11-02 21:00:00+00:00,1670.588591429
2025-11-02 22:00:00+00:00,1537.938700830
2025-11-02 23:00:00+00:00,1510.920886918
2025-11-03 00:00:00+00:00,1624.882570962
2025-11-03 01:00:00+00:00,1608.722583265
2025-11-03 02:00:00+00:00,1631.244548730
2025-11-03 03:00:00+00:00,1635.400363173
2025-11-03 04:00:00+00:00,1688.975912660
2025-11-03 05:00:00+00:00,1676.040052317
2025-11-03 06:00:00+00:00,1771.351033264
2025-11-03 07:00:00+00:00,1905.766407444
2025-11-03 08:00:00+00:00,1794.620581510
2025-11-03 09:00:00+00:00,1843.448814751
2025-11-03 10:00:00+00:00,1782.990533810
2025-11-03 11:00:00+00:00,1748.990757124
2025-11-03 12:00:00+00:00,1759.650329704
2025-11-03 13:00:00+00:00,1754.988519743
2025-11-03 14:00:00+00:00,1818.020919141
2025-11-03 15:00:00+00:00,1809.234495367
2025-11-03 16:00:00+00:00,1874.818255490
2025-11-03 17:00:00+00:00,1836.098609002
2025-11-03 18:00:00+00:00,1817.547811840
2025-11-03 19:00:00+00:00,1853.984892624
2025-11-03 20:00:00+00:00,1825.936028309
2025-11-03 21:00:00+00:00,1867.365963797
2025-11-03 22:00:00+00:00,1618.672342846
2025-11-03 23:00:00+00:00,1662.365015829
2025-11-04 00:00:00+00:00,1610.672771246
2025-11-04 01:00:00+00:00,1639.591730993
2025-11-04 02:00:00+00:00,1589.933778643
2025-11-04 03:00:00+00:00,1722.359087324
2025-11-04 04:00:00+00:00,1601.006263123
2025-11-04 05:00:00+00:00,1639.791046096
2025-11-04 06:00:00+00:00,1822.924918214
2025-11-04 07:00:00+00:00,1818.675743132
2025-11-04 08:00:00+00:00,1807.334242447
2025-11-04 09:00:00+00:00,1949.218452467
2025-11-04 10:00:00+00:00,1817.491180743
2025-11-04 11:00:00+00:00,1848.557347517
2025-11-04 12:00:00+00:00,1810.327390427
2025-11-04 13:00:00+00:00,1787.341605506
2025-11-04 14:00:00+00:00,1828.446912312
2025-11-04 15:00:00+00:00,1749.379496983
2025-11-04 16:00:00+00:00,1866.208478790
2025-11-04 17:00:00+00:00,1845.379411344
2025-11-04 18:00:00+00:00,1788.280259553
2025-11-04 19:00:00+00:00,1793.472224515
2025-11-04 20:00:00+00:00,1793.566503037
2025-11-04 21:00:00+00:00,1785.741474336
2025-11-04 22:00:00+00:00,1704.139903382
2025-11-04 23:00:00+00:00,1643.801749217
2025-11-05 00:00:00+00:00,1641.439402846
2025-11-05 01:00:00+00:00,1582.878620590
2025-11-05 02:00:00+00:00,1606.652872358
2025-11-05 03:00:00+00:00,1586.511058779
2025-11-05 04:00:00+00:00,1659.447184009
2025-11-05 05:00:00+00:00,1700.102261550
2025-11-05 06:00:00+00:00,1792.891367885
2025-11-05 07:00:00+00:00,1870.739484192
2025-11-05 08:00:00+00:00,1786.234300296
2025-11-05 09:00:00+00:00,1828.906388181
2025-11-05 10:00:00+00:00,1836.561399776
2025-11-05 11:00:00+00:00,1870.086075732
2025-11-05 12:00:00+00:00,1809.920743610
2025-11-05 13:00:00+00:00,1870.443440203
2025-11-05 14:00:00+00:00,1826.794107744
2025-11-05 15:00:00+00:00,1791.622013181
2025-11-05 16:00:00+00:00,1778.797043420
2025-11-05 17:00:00+00:00,1825.518572838
2025-11-05 18:00:00+00:00,1915.508064779
2025-11-05 19:00:00+00:00,1871.808080377
2025-11-05 20:00:00+00:00,1822.794626389
2025-11-05 21:00:00+00:00,1786.140118525
2025-11-05 22:00:00+00:00,1654.569766939
2025-11-05 23:00:00+00:00,1670.638475685
2025-11-06 00:00:00+00:00,1660.773497574
2025-11-06 01:00:00+00:00,1671.262061575
2025-11-06 02:00:00+00:00,1688.133169560
2025-11-06 03:00:00+00:00,1711.431083805
2025-11-06 04:00:00+00:00,1673.874887464
2025-11-06 05:00:00+00:00,1602.512898451
2025-11-06 06:00:00+00:00,1809.865612304
2025-11-06 07:00:00+00:00,1874.854689534
2025-11-06 08:00:00+00:00,1793.336473214
2025-11-06 09:00:00+00:00,1888.128761474
2025-11-06 10:00:00+00:00,1834.549338218
2025-11-06 11:00:00+00:00,1781.163565617
2025-11-06 12:00:00+00:00,1833.915160390
2025-11-06 13:00:00+00:00,1846.933668812
2025-11-06 14:00:00+00:00,1770.325263948
2025-11-06 15:00:00+00:00,1785.774282355
2025-11-06 16:00:00+00:00,1823.983710248
2025-11-06 17:00:00+00:00,1876.729521217
2025-11-06 18:00:00+00:00,1869.691027044
2025-11-06 19:00:00+00:00,1879.948417774
2025-11-06 20:00:00+00:00,1815.348413524
2025-11-06 21:00:00+00:00,1787.162439565
2025-11-06 22:00:00+00:00,1596.817094389
2025-11-06 23:00:00+00:00,1666.832871915
2025-11-07 00:00:00+00:00,1638.287849975
2025-11-07 01:00:00+00:00,1589.486166346
2025-11-07 02:00:00+00:00,1620.967251628
2025-11-07 03:00:00+00:00,1624.464871623
2025-11-07 04:00:00+00:00,1619.634270881
2025-11-07 05:00:00+00:00,1617.864663169
2025-11-07 06:00:00+00:00,1811.341222773
2025-11-07 07:00:00+00:00,1869.569932829
2025-11-07 08:00:00+00:00,1841.583107125
2025-11-07 09:00:00+00:00,1829.611849115
2025-11-07 10:00:00+00:00,1860.379669561
2025-11-07 11:00:00+00:00,1727.893087509
2025-11-07 12:00:00+00:00,1924.657107190
2025-11-07 13:00:00+00:00,1820.314415274
2025-11-07 14:00:00+00:00,1727.882998951
2025-11-07 15:00:00+00:00,1793.133451793
2025-11-07 16:00:00+00:00,1765.728752976
2025-11-07 17:00:00+00:00,1831.100152371
2025-11-07 18:00:00+00:00,1778.775316304
2025-11-07 19:00:00+00:00,1761.346352168
2025-11-07 20:00:00+00:00,1856.794022080
2025-11-07 21:00:00+00:00,1850.307131160
2025-11-07 22:00:00+00:00,1585.890667598
2025-11-07 23:00:00+00:00,1630.463960388
2025-11-08 00:00:00+00:00,1591.640993828
2025-11-08 01:00:00+00:00,1519.281373352
2025-11-08 02:00:00+00:00,1499.494787701
2025-11-08 03:00:00+00:00,1521.091150308
2025-11-08 04:00:00+00:00,1507.931105074
2025-11-08 05:00:00+00:00,1468.804204481
2025-11-08 06:00:00+00:00,1707.670678705
2025-11-08 07:00:00+00:00,1684.056806797
2025-11-08 08:00:00+00:00,1631.297041083
2025-11-08 09:00:00+00:00,1736.425536111
2025-11-08 10:00:00+00:00,1681.675019966
2025-11-08 11:00:00+00:00,1645.648044681
2025-11-08 12:00:00+00:00,1685.630454374
2025-11-08 13:00:00+00:00,1725.699155730
2025-11-08 14:00:00+00:00,1636.608176906
2025-11-08 15:00:00+00:00,1727.370779948
2025-11-08 16:00:00+00:00,1627.701500050
2025-11-08 17:00:00+00:00,1720.045092930
2025-11-08 18:00:00+00:00,1616.011020097
2025-11-08 19:00:00+00:00,1755.135815928
2025-11-08 20:00:00+00:00,1662.412387435
2025-11-08 21:00:00+00:00,1596.783669682
2025-11-08 22:00:00+00:00,1495.428047615
2025-11-08 23:00:00+00:00,1526.518687148
2025-11-09 00:00:00+00:00,1539.394889026
2025-11-09 01:00:00+00:00,1479.414208922
2025-11-09 02:00:00+00:00,1457.443286969
2025-11-09 03:00:00+00:00,1531.830778310
2025-11-09 04:00:00+00:00,1515.070955784
2025-11-09 05:00:00+00:00,1576.885578260
2025-11-09 06:00:00+00:00,1636.937592391
2025-11-09 07:00:00+00:00,1707.021489357
2025-11-09 08:00:00+00:00,1691.099012080
2025-11-09 09:00:00+00:00,1649.599306354
2025-11-09 10:00:00+00:00,1672.002473952
2025-11-09 11:00:00+00:00,1601.937863784
2025-11-09 12:00:00+00:00,1679.567686458
2025-11-09 13:00:00+00:00,1698.896429044
2025-11-09 14:00:00+00:00,1658.132463801
2025-11-09 15:00:00+00:00,1663.276668560
2025-11-09 16:00:00+00:00,1573.351427808
2025-11-09 17:00:00+00:00,1659.186298961
2025-11-09 18:00:00+00:00,1695.648311482
2025-11-09 19:00:00+00:00,1698.421857634
2025-11-09 20:00:00+00:00,1688.895936831
2025-11-09 21:00:00+00:00,1645.022107539
2025-11-09 22:00:00+00:00,1497.240646560
2025-11-09 23:00:00+00:00,1575.664184791
2025-11-10 00:00:00+00:00,1758.914808580
2025-11-10 01:00:00+00:00,1691.500314217
2025-11-10 02:00:00+00:00,1592.495482859
2025-11-10 03:00:00+00:00,1648.259100576
2025-11-10 04:00:00+00:00,1641.958986529
2025-11-10 05:00:00+00:00,1546.080846433
2025-11-10 06:00:00+00:00,1887.413231535
2025-11-10 07:00:00+00:00,1853.711028368
2025-11-10 08:00:00+00:00,1741.819521842
2025-11-10 09:00:00+00:00,1818.811642127
2025-11-10 10:00:00+00:00,1776.204078888
2025-11-10 11:00:00+00:00,1795.125421561
2025-11-10 12:00:00+00:00,1763.841654837
2025-11-10 13:00:00+00:00,1853.414784948
2025-11-10 14:00:00+00:00,1904.062193320
2025-11-10 15:00:00+00:00,1806.540257968
2025-11-10 16:00:00+00:00,1819.224456847
2025-11-10 17:00:00+00:00,1880.088997755
2025-11-10 18:00:00+00:00,1822.857234091
2025-11-10 19:00:00+00:00,1912.480330036
2025-11-10 20:00:00+00:00,1742.434756395
2025-11-10 21:00:00+00:00,1805.962709876
2025-11-10 22:00:00+00:00,1686.194152533
2025-11-10 23:00:00+00:00,1715.472870075
2025-11-11 00:00:00+00:00,1697.298187247
2025-11-11 01:00:00+00:00,1652.204353365
2025-11-11 02:00:00+00:00,1661.415200884
2025-11-11 03:00:00+00:00,1636.071985095
2025-11-11 04:00:00+00:00,1662.191753790
2025-11-11 05:00:00+00:00,1667.698730437
2025-11-11 06:00:00+00:00,1783.402828498
2025-11-11 07:00:00+00:00,1813.670798449
2025-11-11 08:00:00+00:00,1779.315950727
2025-11-11 09:00:00+00:00,1840.294763054
2025-11-11 10:00:00+00:00,1890.293034694
2025-11-11 11:00:00+00:00,1883.915758279
2025-11-11 12:00:00+00:00,1831.759270174
2025-11-11 13:00:00+00:00,1777.377814826
2025-11-11 14:00:00+00:00,1846.665563665
2025-11-11 15:00:00+00:00,1735.767178903
2025-11-11 16:00:00+00:00,1837.331753630
2025-11-11 17:00:00+00:00,1790.536380031
2025-11-11 18:00:00+00:00,1862.758975141
2025-11-11 19:00:00+00:00,1755.791283350
2025-11-11 20:00:00+00:00,1808.896597568
2025-11-11 21:00:00+00:00,1796.761392009
2025-11-11 22:00:00+00:00,1687.269326015
2025-11-11 23:00:00+00:00,1638.104257492
2025-11-12 00:00:00+00:00,1674.984043009
2025-11-12 01:00:00+00:00,1659.992501711
2025-11-12 02:00:00+00:00,1662.359404008
2025-11-12 03:00:00+00:00,1620.139405412
2025-11-12 04:00:00+00:00,1676.121931161
2025-11-12 05:00:00+00:00,1646.143110126
2025-11-12 06:00:00+00:00,1779.652313558
2025-11-12 07:00:00+00:00,1820.205103116
2025-11-12 08:00:00+00:00,1852.224331806
2025-11-12 09:00:00+00:00,1822.999383040
2025-11-12 10:00:00+00:00,1788.749031955
2025-11-12 11:00:00+00:00,1853.629442392
2025-11-12 12:00:00+00:00,1773.127782613
2025-11-12 13:00:00+00:00,1759.525163809
2025-11-12 14:00:00+00:00,1800.954030685
2025-11-12 15:00:00+00:00,1879.512953866
2025-11-12 16:00:00+00:00,1855.439381274
2025-11-12 17:00:00+00:00,1810.266920609
2025-11-12 18:00:00+00:00,1882.925955920
2025-11-12 19:00:00+00:00,1840.175550542
2025-11-12 20:00:00+00:00,1806.931307156
2025-11-12 21:00:00+00:00,1888.746173345
2025-11-12 22:00:00+00:00,1683.385868583
2025-11-12 23:00:00+00:00,1680.828428939
2025-11-13 00:00:00+00:00,1706.750257122
2025-11-13 01:00:00+00:00,1653.269038508
2025-11-13 02:00:00+00:00,1642.814443700
2025-11-13 03:00:00+00:00,1658.123792748
2025-11-13 04:00:00+00:00,1730.777214812
2025-11-13 05:00:00+00:00,1617.698753311
2025-11-13 06:00:00+00:00,1802.863883473
2025-11-13 07:00:00+00:00,1809.357967605
2025-11-13 08:00:00+00:00,1909.346410613
2025-11-13 09:00:00+00:00,1873.570989848
2025-11-13 10:00:00+00:00,1826.896140767
2025-11-13 11:00:00+00:00,1846.662600033
2025-11-13 12:00:00+00:00,1867.692496535
2025-11-13 13:00:00+00:00,1871.726229308
2025-11-13 14:00:00+00:00,1869.592177851
2025-11-13 15:00:00+00:00,1899.760275724
2025-11-13 16:00:00+00:00,1803.228853742
2025-11-13 17:00:00+00:00,1887.451410367
2025-11-13 18:00:00+00:00,1836.990843991
2025-11-13 19:00:00+00:00,1847.689929185
2025-11-13 20:00:00+00:00,1834.728480337
2025-11-13 21:00:00+00:00,1815.220677570
2025-11-13 22:00:00+00:00,1623.687417354
2025-11-13 23:00:00+00:00,1657.727884115
2025-11-14 00:00:00+00:00,1723.489262289
2025-11-14 01:00:00+00:00,1673.686033266
2025-11-14 02:00:00+00:00,1704.341652310
2025-11-14 03:00:00+00:00,1639.195061186
2025-11-14 04:00:00+00:00,1674.241506980
2025-11-14 05:00:00+00:00,1610.047063252
2025-11-14 06:00:00+00:00,1868.848450190
2025-11-14 07:00:00+00:00,1740.618575731
2025-11-14 08:00:00+00:00,1822.999878035
2025-11-14 09:00:00+00:00,1804.321607096
2025-11-14 10:00:00+00:00,1784.746638532
2025-11-14 11:00:00+00:00,1801.612805388
2025-11-14 12:00:00+00:00,1914.537709491
2025-11-14 13:00:00+00:00,1833.611364034
2025-11-14 14:00:00+00:00,1799.134742503
2025-11-14 15:00:00+00:00,1696.952246165
2025-11-14 16:00:00+00:00,1817.723252321
2025-11-14 17:00:00+00:00,1757.893336343
2025-11-14 18:00:00+00:00,1802.400786154
2025-11-14 19:00:00+00:00,1893.067181470
2025-11-14 20:00:00+00:00,1872.607488409
2025-11-14 21:00:00+00:00,1865.246346059
2025-11-14 22:00:00+00:00,1659.258834710
2025-11-14 23:00:00+00:00,1666.628543442
2025-11-15 00:00:00+00:00,1515.828061837
2025-11-15 01:00:00+00:00,1575.685486490
2025-11-15 02:00:00+00:00,1498.519131035
2025-11-15 03:00:00+00:00,1591.878659746
2025-11-15 04:00:00+00:00,1513.549163647
2025-11-15 05:00:00+00:00,1566.526155677
2025-11-15 06:00:00+00:00,1675.210194220
2025-11-15 07:00:00+00:00,1674.697194461
2025-11-15 08:00:00+00:00,1701.413194339
2025-11-15 09:00:00+00:00,1738.818646232
2025-11-15 10:00:00+00:00,1735.838900383
2025-11-15 11:00:00+00:00,1588.503355246
2025-11-15 12:00:00+00:00,1642.387611863
2025-11-15 13:00:00+00:00,1694.355054927
2025-11-15 14:00:00+00:00,1694.203194005
2025-11-15 15:00:00+00:00,1674.650749117
2025-11-15 16:00:00+00:00,1646.109283632
2025-11-15 17:00:00+00:00,1639.536088294
2025-11-15 18:00:00+00:00,1748.063874319
2025-11-15 19:00:00+00:00,1771.419244815
2025-11-15 20:00:00+00:00,1692.302889988
2025-11-15 21:00:00+00:00,1691.381320865
2025-11-15 22:00:00+00:00,1519.266401559
2025-11-15 23:00:00+00:00,1559.697495470
2025-11-16 00:00:00+00:00,1520.978640973
2025-11-16 01:00:00+00:00,1532.129706505
2025-11-16 02:00:00+00:00,1568.380553043
2025-11-16 03:00:00+00:00,1468.319112153
2025-11-16 04:00:00+00:00,1509.822843083
2025-11-16 05:00:00+00:00,1488.785325275
2025-11-16 06:00:00+00:00,1725.028589221
2025-11-16 07:00:00+00:00,1676.847260370
2025-11-16 08:00:00+00:00,1721.661342489
2025-11-16 09:00:00+00:00,1648.638230156
2025-11-16 10:00:00+00:00,1670.999492504
2025-11-16 11:00:00+00:00,1716.396501642
2025-11-16 12:00:00+00:00,1641.606212423
2025-11-16 13:00:00+00:00,1687.083865213
2025-11-16 14:00:00+00:00,1730.189032504
2025-11-16 15:00:00+00:00,1647.167553409
2025-11-16 16:00:00+00:00,1641.380790578
2025-11-16 17:00:00+00:00,1684.535975262
2025-11-16 18:00:00+00:00,1681.727940577
2025-11-16 19:00:00+00:00,1735.660861161
2025-11-16 20:00:00+00:00,1657.009999094
2025-11-16 21:00:00+00:00,1711.426603948
2025-11-16 22:00:00+00:00,1524.770676527
2025-11-16 23:00:00+00:00,1528.864877166
2025-11-17 00:00:00+00:00,1666.608368590
2025-11-17 01:00:00+00:00,1578.459483241
2025-11-17 02:00:00+00:00,1614.535261376
2025-11-17 03:00:00+00:00,1651.893411508
2025-11-17 04:00:00+00:00,1728.644585239
2025-11-17 05:00:00+00:00,1629.994976169
2025-11-17 06:00:00+00:00,1792.959136862
2025-11-17 07:00:00+00:00,1862.069358172
2025-11-17 08:00:00+00:00,1797.042714476
2025-11-17 09:00:00+00:00,1853.394461277
2025-11-17 10:00:00+00:00,1887.387391006
2025-11-17 11:00:00+00:00,1882.589954220
2025-11-17 12:00:00+00:00,1822.523911218
2025-11-17 13:00:00+00:00,1778.817378093
2025-11-17 14:00:00+00:00,1844.194837614
2025-11-17 15:00:00+00:00,1790.379576740
2025-11-17 16:00:00+00:00,1909.530204029
2025-11-17 17:00:00+00:00,1776.780301070
2025-11-17 18:00:00+00:00,1806.661368580
2025-11-17 19:00:00+00:00,1796.263940539
2025-11-17 20:00:00+00:00,1869.793828652
2025-11-17 21:00:00+00:00,1892.344499328
2025-11-17 22:00:00+00:00,1656.542546108
2025-11-17 23:00:00+00:00,1657.724163621
2025-11-18 00:00:00+00:00,1663.063980160
2025-11-18 01:00:00+00:00,1617.859766143
2025-11-18 02:00:00+00:00,1675.512604302
2025-11-18 03:00:00+00:00,1671.214260306
2025-11-18 04:00:00+00:00,1618.243584562
2025-11-18 05:00:00+00:00,1610.268324355
2025-11-18 06:00:00+00:00,1854.252175979
2025-11-18 07:00:00+00:00,1870.383401069
2025-11-18 08:00:00+00:00,1772.066021960
2025-11-18 09:00:00+00:00,1818.156523218
2025-11-18 10:00:00+00:00,1837.405286644
2025-11-18 11:00:00+00:00,1898.446599499
2025-11-18 12:00:00+00:00,1807.527434593
2025-11-18 13:00:00+00:00,1815.026904637
2025-11-18 14:00:00+00:00,1864.493907060
2025-11-18 15:00:00+00:00,1862.039191883
2025-11-18 16:00:00+00:00,1795.061836834
2025-11-18 17:00:00+00:00,1826.864435802
2025-11-18 18:00:00+00:00,1817.453203206
2025-11-18 19:00:00+00:00,1828.875452364
2025-11-18 20:00:00+00:00,1821.413339327
2025-11-18 21:00:00+00:00,1897.649086481
2025-11-18 22:00:00+00:00,1667.645392336
2025-11-18 23:00:00+00:00,1625.280815284
2025-11-19 00:00:00+00:00,1652.674736068
2025-11-19 01:00:00+00:00,1689.548839288
2025-11-19 02:00:00+00:00,1707.911820714
2025-11-19 03:00:00+00:00,1648.618483733
2025-11-19 04:00:00+00:00,1706.397198367
2025-11-19 05:00:00+00:00,1693.880487660
2025-11-19 06:00:00+00:00,1797.611626640
2025-11-19 07:00:00+00:00,1855.853609192
2025-11-19 08:00:00+00:00,1928.328772783
2025-11-19 09:00:00+00:00,1817.894016364
2025-11-19 10:00:00+00:00,1805.726988369
2025-11-19 11:00:00+00:00,1720.456897456
2025-11-19 12:00:00+00:00,1777.558570808
2025-11-19 13:00:00+00:00,1842.228615195
2025-11-19 14:00:00+00:00,1856.855551028
2025-11-19 15:00:00+00:00,1801.748105069
2025-11-19 16:00:00+00:00,1848.694669004
2025-11-19 17:00:00+00:00,1893.880953736
2025-11-19 18:00:00+00:00,1772.131511794
2025-11-19 19:00:00+00:00,1840.473731338
2025-11-19 20:00:00+00:00,1850.599158786
2025-11-19 21:00:00+00:00,1846.380862920
2025-11-19 22:00:00+00:00,1664.921238855
2025-11-19 23:00:00+00:00,1613.529636568
2025-11-20 00:00:00+00:00,1657.153589093
2025-11-20 01:00:00+00:00,1666.599855693
2025-11-20 02:00:00+00:00,1715.791797324
2025-11-20 03:00:00+00:00,1720.579451034
2025-11-20 04:00:00+00:00,1714.492317157
2025-11-20 05:00:00+00:00,1646.298424868
2025-11-20 06:00:00+00:00,1802.333673316
2025-11-20 07:00:00+00:00,1840.625772181
2025-11-20 08:00:00+00:00,1857.894493801
2025-11-20 09:00:00+00:00,1838.010895882
2025-11-20 10:00:00+00:00,1858.400230628
2025-11-20 11:00:00+00:00,1787.429043597
2025-11-20 12:00:00+00:00,1766.487056019
2025-11-20 13:00:00+00:00,1756.268033092
2025-11-20 14:00:00+00:00,1826.602175637
2025-11-20 15:00:00+00:00,1905.924967990
2025-11-20 16:00:00+00:00,1737.538727029
2025-11-20 17:00:00+00:00,1860.010657386
2025-11-20 18:00:00+00:00,1833.950276861
2025-11-20 19:00:00+00:00,1774.509224132
2025-11-20 20:00:00+00:00,1815.902120385
2025-11-20 21:00:00+00:00,1822.409504841
2025-11-20 22:00:00+00:00,1659.096682355
2025-11-20 23:00:00+00:00,1754.245080280
2025-11-21 00:00:00+00:00,1653.783887020
2025-11-21 01:00:00+00:00,1652.365784603
2025-11-21 02:00:00+00:00,1658.471600156
2025-11-21 03:00:00+00:00,1609.055314599
2025-11-21 04:00:00+00:00,1616.723205713
2025-11-21 05:00:00+00:00,1710.229077779
2025-11-21 06:00:00+00:00,1781.409706300
2025-11-21 07:00:00+00:00,1850.431193962
2025-11-21 08:00:00+00:00,1784.028592591
2025-11-21 09:00:00+00:00,1851.751912283
2025-11-21 10:00:00+00:00,1825.963079057
2025-11-21 11:00:00+00:00,1810.820449300
2025-11-21 12:00:00+00:00,1819.538710649
2025-11-21 13:00:00+00:00,1870.511181447
2025-11-21 14:00:00+00:00,1865.942754452
2025-11-21 15:00:00+00:00,1806.401714493
2025-11-21 16:00:00+00:00,1888.681817970
2025-11-21 17:00:00+00:00,1866.745026629
2025-11-21 18:00:00+00:00,1835.390963673
2025-11-21 19:00:00+00:00,1835.964171554
2025-11-21 20:00:00+00:00,1799.637658792
2025-11-21 21:00:00+00:00,1814.971299339
2025-11-21 22:00:00+00:00,1613.642823853
2025-11-21 23:00:00+00:00,1708.217156562
2025-11-22 00:00:00+00:00,1519.786646158
2025-11-22 01:00:00+00:00,1575.192395989
2025-11-22 02:00:00+00:00,1487.308560976
2025-11-22 03:00:00+00:00,1512.609259336
2025-11-22 04:00:00+00:00,1494.727857031
2025-11-22 05:00:00+00:00,1498.239907381
2025-11-22 06:00:00+00:00,1732.761097498
2025-11-22 07:00:00+00:00,1672.380548446
2025-11-22 08:00:00+00:00,1711.525798817
2025-11-22 09:00:00+00:00,1722.498811901
2025-11-22 10:00:00+00:00,1635.451845162
2025-11-22 11:00:00+00:00,1722.508475680
2025-11-22 12:00:00+00:00,1631.148078444
2025-11-22 13:00:00+00:00,1641.425063640
2025-11-22 14:00:00+00:00,1654.595158183
2025-11-22 15:00:00+00:00,1640.226711912
2025-11-22 16:00:00+00:00,1702.614026974
2025-11-22 17:00:00+00:00,1642.519529904
2025-11-22 18:00:00+00:00,1686.986605875
2025-11-22 19:00:00+00:00,1552.164713091
2025-11-22 20:00:00+00:00,1650.249637392
2025-11-22 21:00:00+00:00,1740.632234880
2025-11-22 22:00:00+00:00,1465.087248331
2025-11-22 23:00:00+00:00,1456.297610046
2025-11-23 00:00:00+00:00,1462.470115257
2025-11-23 01:00:00+00:00,1544.831149895
2025-11-23 02:00:00+00:00,1528.522466750
2025-11-23 03:00:00+00:00,1539.454681700
2025-11-23 04:00:00+00:00,1501.198327250
2025-11-23 05:00:00+00:00,1526.299301065
2025-11-23 06:00:00+00:00,1693.652807521
2025-11-23 07:00:00+00:00,1686.682541084
2025-11-23 08:00:00+00:00,1682.671399634
2025-11-23 09:00:00+00:00,1695.953812346
2025-11-23 10:00:00+00:00,1579.318965535
2025-11-23 11:00:00+00:00,1687.727456573
2025-11-23 12:00:00+00:00,1685.366150478
2025-11-23 13:00:00+00:00,1698.302224108
2025-11-23 14:00:00+00:00,1702.043804802
2025-11-23 15:00:00+00:00,1658.861610740
2025-11-23 16:00:00+00:00,1677.240308245
2025-11-23 17:00:00+00:00,1723.429753820
2025-11-23 18:00:00+00:00,1696.241853966
2025-11-23 19:00:00+00:00,1675.802000652
2025-11-23 20:00:00+00:00,1678.590168217
2025-11-23 21:00:00+00:00,1645.587692020
2025-11-23 22:00:00+00:00,1547.700208205
2025-11-23 23:00:00+00:00,1452.487778338
2025-11-24 00:00:00+00:00,1633.118623703
2025-11-24 01:00:00+00:00,1641.085318408
2025-11-24 02:00:00+00:00,1671.112641605
2025-11-24 03:00:00+00:00,1693.934714463
2025-11-24 04:00:00+00:00,1665.336654530
2025-11-24 05:00:00+00:00,1648.899609488
2025-11-24 06:00:00+00:00,1895.646339763
2025-11-24 07:00:00+00:00,1843.570078698
2025-11-24 08:00:00+00:00,1848.643994281
2025-11-24 09:00:00+00:00,1820.512942115
2025-11-24 10:00:00+00:00,1844.182344970
2025-11-24 11:00:00+00:00,1909.719364573
2025-11-24 12:00:00+00:00,1826.365956184
2025-11-24 13:00:00+00:00,1884.184730983
2025-11-24 14:00:00+00:00,1802.002971927
2025-11-24 15:00:00+00:00,1855.659307627
2025-11-24 16:00:00+00:00,1925.880082402
2025-11-24 17:00:00+00:00,1819.824424354
2025-11-24 18:00:00+00:00,1840.737328087
2025-11-24 19:00:00+00:00,1863.754171726
2025-11-24 20:00:00+00:00,1801.463813774
2025-11-24 21:00:00+00:00,1864.989116914
2025-11-24 22:00:00+00:00,1621.482377021
2025-11-24 23:00:00+00:00,1598.495117719
2025-11-25 00:00:00+00:00,1648.359700146
2025-11-25 01:00:00+00:00,1698.547431936
2025-11-25 02:00:00+00:00,1612.422312034
2025-11-25 03:00:00+00:00,1620.006856186
2025-11-25 04:00:00+00:00,1635.043101036
2025-11-25 05:00:00+00:00,1631.855042568
2025-11-25 06:00:00+00:00,1848.765676015
2025-11-25 07:00:00+00:00,1854.908193584
2025-11-25 08:00:00+00:00,1889.550611806
2025-11-25 09:00:00+00:00,1906.028545867
2025-11-25 10:00:00+00:00,1867.019507335
2025-11-25 11:00:00+00:00,1875.406873783
2025-11-25 12:00:00+00:00,1812.986854247
2025-11-25 13:00:00+00:00,1813.733044984
2025-11-25 14:00:00+00:00,1879.528394042
2025-11-25 15:00:00+00:00,1931.331168343
2025-11-25 16:00:00+00:00,1795.587532317
2025-11-25 17:00:00+00:00,1770.464430644
2025-11-25 18:00:00+00:00,1857.352950713
2025-11-25 19:00:00+00:00,1797.961026971
2025-11-25 20:00:00+00:00,1833.265240683
2025-11-25 21:00:00+00:00,1819.328442841
2025-11-25 22:00:00+00:00,1709.299388539
2025-11-25 23:00:00+00:00,1674.706789316
2025-11-26 00:00:00+00:00,1669.348652862
2025-11-26 01:00:00+00:00,1588.513789925
2025-11-26 02:00:00+00:00,1673.231376304
2025-11-26 03:00:00+00:00,1658.915787134
2025-11-26 04:00:00+00:00,1744.138808249
2025-11-26 05:00:00+00:00,1664.093944428
2025-11-26 06:00:00+00:00,1745.355920607
2025-11-26 07:00:00+00:00,1895.747055650
2025-11-26 08:00:00+00:00,1804.161031950
2025-11-26 09:00:00+00:00,1800.723926707
2025-11-26 10:00:00+00:00,1799.573831253
2025-11-26 11:00:00+00:00,1888.665468677
2025-11-26 12:00:00+00:00,1832.734948498
2025-11-26 13:00:00+00:00,1872.236829047
2025-11-26 14:00:00+00:00,1884.120691825
2025-11-26 15:00:00+00:00,1873.369975024
2025-11-26 16:00:00+00:00,1885.117530970
2025-11-26 17:00:00+00:00,1832.796244544
2025-11-26 18:00:00+00:00,1779.372282706
2025-11-26 19:00:00+00:00,1813.405284583
2025-11-26 20:00:00+00:00,1814.481841814
2025-11-26 21:00:00+00:00,1859.511817099
2025-11-26 22:00:00+00:00,1655.904841413
2025-11-26 23:00:00+00:00,1651.345164010
2025-11-27 00:00:00+00:00,1698.460019313
2025-11-27 01:00:00+00:00,1689.160258197
2025-11-27 02:00:00+00:00,1665.259313596
2025-11-27 03:00:00+00:00,1667.470866585
2025-11-27 04:00:00+00:00,1625.234286649
2025-11-27 05:00:00+00:00,1708.452482414
2025-11-27 06:00:00+00:00,1862.435019106
2025-11-27 07:00:00+00:00,1806.461430777
2025-11-27 08:00:00+00:00,1864.005533779
2025-11-27 09:00:00+00:00,1813.548811975
2025-11-27 10:00:00+00:00,1853.588245824
2025-11-27 11:00:00+00:00,1830.891673731
2025-11-27 12:00:00+00:00,1783.434279414
2025-11-27 13:00:00+00:00,1833.990521557
2025-11-27 14:00:00+00:00,1882.106991616
2025-11-27 15:00:00+00:00,1795.491111858
2025-11-27 16:00:00+00:00,1848.068772898
2025-11-27 17:00:00+00:00,1765.961809284
2025-11-27 18:00:00+00:00,1826.369750626
2025-11-27 19:00:00+00:00,1820.624240698
2025-11-27 20:00:00+00:00,1855.432258677
2025-11-27 21:00:00+00:00,1788.822565868
2025-11-27 22:00:00+00:00,1676.467031685
2025-11-27 23:00:00+00:00,1598.861477723
2025-11-28 00:00:00+00:00,1642.195435761
2025-11-28 01:00:00+00:00,1658.119022537
2025-11-28 02:00:00+00:00,1673.279813821
2025-11-28 03:00:00+00:00,1605.597535051
2025-11-28 04:00:00+00:00,1674.343449795
2025-11-28 05:00:00+00:00,1664.624868248
2025-11-28 06:00:00+00:00,1826.116318451
2025-11-28 07:00:00+00:00,1858.454787559
2025-11-28 08:00:00+00:00,1801.080204221
2025-11-28 09:00:00+00:00,1931.758659245
2025-11-28 10:00:00+00:00,1843.284259788
2025-11-28 11:00:00+00:00,1909.445372050
2025-11-28 12:00:00+00:00,1866.227765406
2025-11-28 13:00:00+00:00,1797.804009630
2025-11-28 14:00:00+00:00,1788.456736466
2025-11-28 15:00:00+00:00,1820.020775190
2025-11-28 16:00:00+00:00,1867.120091594
2025-11-28 17:00:00+00:00,1736.835565995
2025-11-28 18:00:00+00:00,1786.303668288
2025-11-28 19:00:00+00:00,1821.234983474
2025-11-28 20:00:00+00:00,1823.681585652
2025-11-28 21:00:00+00:00,1840.208609148
2025-11-28 22:00:00+00:00,1688.295641345
2025-11-28 23:00:00+00:00,1709.326471427
2025-11-29 00:00:00+00:00,1534.867282463
2025-11-29 01:00:00+00:00,1574.604425775
2025-11-29 02:00:00+00:00,1551.646922085
2025-11-29 03:00:00+00:00,1515.893139491
2025-11-29 04:00:00+00:00,1558.691511969
2025-11-29 05:00:00+00:00,1556.334905075
2025-11-29 06:00:00+00:00,1741.398257068
2025-11-29 07:00:00+00:00,1734.122938900
2025-11-29 08:00:00+00:00,1711.321071109
2025-11-29 09:00:00+00:00,1661.923282288
2025-11-29 10:00:00+00:00,1735.248680121
2025-11-29 11:00:00+00:00,1645.850101236
2025-11-29 12:00:00+00:00,1669.445231359
2025-11-29 13:00:00+00:00,1703.570272818
2025-11-29 14:00:00+00:00,1652.973112006
2025-11-29 15:00:00+00:00,1733.171245345
2025-11-29 16:00:00+00:00,1691.602432216
2025-11-29 17:00:00+00:00,1669.154465882
2025-11-29 18:00:00+00:00,1615.193989820
2025-11-29 19:00:00+00:00,1699.113429246
2025-11-29 20:00:00+00:00,1655.474964908
2025-11-29 21:00:00+00:00,1704.937349392
2025-11-29 22:00:00+00:00,1485.950014133
2025-11-29 23:00:00+00:00,1462.078087242
2025-11-30 00:00:00+00:00,1496.922268701
2025-11-30 01:00:00+00:00,1501.533912110
2025-11-30 02:00:00+00:00,1530.786608359
2025-11-30 03:00:00+00:00,1493.622429548
2025-11-30 04:00:00+00:00,1452.586252901
2025-11-30 05:00:00+00:00,1571.891511571
2025-11-30 06:00:00+00:00,1659.118177475
2025-11-30 07:00:00+00:00,1696.868650651
2025-11-30 08:00:00+00:00,1619.700567350
2025-11-30 09:00:00+00:00,1761.430907492
2025-11-30 10:00:00+00:00,1716.286284802
2025-11-30 11:00:00+00:00,1678.515552748
2025-11-30 12:00:00+00:00,1708.104072711
2025-11-30 13:00:00+00:00,1718.112436238
2025-11-30 14:00:00+00:00,1716.812598159
2025-11-30 15:00:00+00:00,1731.752738104
2025-11-30 16:00:00+00:00,1748.280279791
2025-11-30 17:00:00+00:00,1676.819143595
2025-11-30 18:00:00+00:00,1716.743131229
2025-11-30 19:00:00+00:00,1757.859232605
2025-11-30 20:00:00+00:00,1672.112176156
2025-11-30 21:00:00+00:00,1632.496405086
2025-11-30 22:00:00+00:00,1513.227452308
2025-11-30 23:00:00+00:00,1456.604339657
2025-12-01 00:00:00+00:00,1601.395877121
2025-12-01 01:00:00+00:00,1639.659980349
2025-12-01 02:00:00+00:00,1708.904712336
2025-12-01 03:00:00+00:00,1602.639060793
2025-12-01 04:00:00+00:00,1589.723492764
2025-12-01 05:00:00+00:00,1623.034311840
2025-12-01 06:00:00+00:00,1887.191377954
2025-12-01 07:00:00+00:00,1847.558369899
2025-12-01 08:00:00+00:00,1882.760550350
2025-12-01 09:00:00+00:00,1823.011115091
2025-12-01 10:00:00+00:00,1873.253787769
2025-12-01 11:00:00+00:00,1788.582091469
2025-12-01 12:00:00+00:00,1911.808932540
2025-12-01 13:00:00+00:00,1838.144159546
2025-12-01 14:00:00+00:00,1783.647792988
2025-12-01 15:00:00+00:00,1786.752786320
2025-12-01 16:00:00+00:00,1831.952645775
2025-12-01 17:00:00+00:00,1842.952966985
2025-12-01 18:00:00+00:00,1806.507158676
2025-12-01 19:00:00+00:00,1774.773757450
2025-12-01 20:00:00+00:00,1900.296717886
2025-12-01 21:00:00+00:00,1851.056949189
2025-12-01 22:00:00+00:00,1682.359883704
2025-12-01 23:00:00+00:00,1654.688017848
2025-12-02 00:00:00+00:00,1694.295126176
2025-12-02 01:00:00+00:00,1703.776828477
2025-12-02 02:00:00+00:00,1604.221839430
2025-12-02 03:00:00+00:00,1652.920681986
2025-12-02 04:00:00+00:00,1717.051001519
2025-12-02 05:00:00+00:00,1692.554948357
2025-12-02 06:00:00+00:00,1800.947816394
2025-12-02 07:00:00+00:00,1875.715957339
2025-12-02 08:00:00+00:00,1820.407656117
2025-12-02 09:00:00+00:00,1852.934111325
2025-12-02 10:00:00+00:00,1812.485449682
2025-12-02 11:00:00+00:00,1879.927612772
2025-12-02 12:00:00+00:00,1850.482478361
2025-12-02 13:00:00+00:00,1806.749914766
2025-12-02 14:00:00+00:00,1876.750437506
2025-12-02 15:00:00+00:00,1908.909803014
2025-12-02 16:00:00+00:00,1755.969118911
2025-12-02 17:00:00+00:00,1840.355459294
2025-12-02 18:00:00+00:00,1876.531361183
2025-12-02 19:00:00+00:00,1823.542306267
2025-12-02 20:00:00+00:00,1805.709001357
2025-12-02 21:00:00+00:00,1744.556736727
2025-12-02 22:00:00+00:00,1716.279266130
2025-12-02 23:00:00+00:00,1675.886783609
2025-12-03 00:00:00+00:00,1610.458276942
2025-12-03 01:00:00+00:00,1654.366427454
2025-12-03 02:00:00+00:00,1677.331145710
2025-12-03 03:00:00+00:00,1603.163654946
2025-12-03 04:00:00+00:00,1643.364269039
2025-12-03 05:00:00+00:00,1619.576066603
2025-12-03 06:00:00+00:00,1937.385099974
2025-12-03 07:00:00+00:00,1883.977795044
2025-12-03 08:00:00+00:00,1799.544456753
2025-12-03 09:00:00+00:00,1880.835330675
2025-12-03 10:00:00+00:00,1770.039483430
2025-12-03 11:00:00+00:00,1759.413780354
2025-12-03 12:00:00+00:00,1866.563017368
2025-12-03 13:00:00+00:00,1854.230162313
2025-12-03 14:00:00+00:00,1873.023734490
2025-12-03 15:00:00+00:00,1832.002549771
2025-12-03 16:00:00+00:00,1856.500393720
2025-12-03 17:00:00+00:00,1869.830866546
2025-12-03 18:00:00+00:00,1901.305658483
2025-12-03 19:00:00+00:00,1818.844580898
2025-12-03 20:00:00+00:00,1789.551036711
2025-12-03 21:00:00+00:00,1772.952503245
2025-12-03 22:00:00+00:00,1622.085783871
2025-12-03 23:00:00+00:00,1702.734727086
2025-12-04 00:00:00+00:00,1672.086012963
2025-12-04 01:00:00+00:00,1637.481667216
2025-12-04 02:00:00+00:00,1715.764309210
2025-12-04 03:00:00+00:00,1724.921215756
2025-12-04 04:00:00+00:00,1649.678672559
2025-12-04 05:00:00+00:00,1752.434722799
2025-12-04 06:00:00+00:00,1758.929244002
2025-12-04 07:00:00+00:00,1843.648247598
2025-12-04 08:00:00+00:00,1879.080801670
2025-12-04 09:00:00+00:00,1799.335568317
2025-12-04 10:00:00+00:00,1773.744884397
2025-12-04 11:00:00+00:00,1799.512596975
2025-12-04 12:00:00+00:00,1837.952497950
2025-12-04 13:00:00+00:00,1921.112562383
2025-12-04 14:00:00+00:00,1843.226037597
2025-12-04 15:00:00+00:00,1728.790977268
2025-12-04 16:00:00+00:00,1816.627333391
2025-12-04 17:00:00+00:00,1851.793701388
2025-12-04 18:00:00+00:00,1810.763063974
2025-12-04 19:00:00+00:00,1788.031758666
2025-12-04 20:00:00+00:00,1907.289251612
2025-12-04 21:00:00+00:00,1787.582698437
2025-12-04 22:00:00+00:00,1657.394211390
2025-12-04 23:00:00+00:00,1706.114835155
2025-12-05 00:00:00+00:00,1662.607501018
2025-12-05 01:00:00+00:00,1721.213341830
2025-12-05 02:00:00+00:00,1693.529436929
2025-12-05 03:00:00+00:00,1627.337946040
2025-12-05 04:00:00+00:00,1702.234914568
2025-12-05 05:00:00+00:00,1723.654513380
2025-12-05 06:00:00+00:00,1860.098889695
2025-12-05 07:00:00+00:00,1889.834696622
2025-12-05 08:00:00+00:00,1802.433671896
2025-12-05 09:00:00+00:00,1784.666931425
2025-12-05 10:00:00+00:00,1812.727796759
2025-12-05 11:00:00+00:00,1812.004001332
2025-12-05 12:00:00+00:00,1861.862937172
2025-12-05 13:00:00+00:00,1868.772676332
2025-12-05 14:00:00+00:00,1820.516537485
2025-12-05 15:00:00+00:00,1810.907084713
2025-12-05 16:00:00+00:00,1803.114718003
2025-12-05 17:00:00+00:00,1862.885036230
2025-12-05 18:00:00+00:00,1901.616503817
2025-12-05 19:00:00+00:00,1755.516985489
2025-12-05 20:00:00+00:00,1810.943239353
2025-12-05 21:00:00+00:00,1887.084274453
2025-12-05 22:00:00+00:00,1681.937693590
2025-12-05 23:00:00+00:00,1664.428154022
2025-12-06 00:00:00+00:00,1586.873752961
2025-12-06 01:00:00+00:00,1575.803703186
2025-12-06 02:00:00+00:00,1505.630466447
2025-12-06 03:00:00+00:00,1558.891339891
2025-12-06 04:00:00+00:00,1480.096281886
2025-12-06 05:00:00+00:00,1599.114715306
2025-12-06 06:00:00+00:00,1565.259451451
2025-12-06 07:00:00+00:00,1672.519637992
2025-12-06 08:00:00+00:00,1569.232316809
2025-12-06 09:00:00+00:00,1668.678784150
2025-12-06 10:00:00+00:00,1714.728795022
2025-12-06 11:00:00+00:00,1665.916887136
2025-12-06 12:00:00+00:00,1734.806843648
2025-12-06 13:00:00+00:00,1708.667314823
2025-12-06 14:00:00+00:00,1669.083755796
2025-12-06 15:00:00+00:00,1656.989404861
2025-12-06 16:00:00+00:00,1669.310469983
2025-12-06 17:00:00+00:00,1697.128057354
2025-12-06 18:00:00+00:00,1705.215121364
2025-12-06 19:00:00+00:00,1694.931418073
2025-12-06 20:00:00+00:00,1657.218341397
2025-12-06 21:00:00+00:00,1782.162571628
2025-12-06 22:00:00+00:00,1610.750863566
2025-12-06 23:00:00+00:00,1510.677792197
2025-12-07 00:00:00+00:00,1520.853066364
2025-12-07 01:00:00+00:00,1461.519041776
2025-12-07 02:00:00+00:00,1541.378992498
2025-12-07 03:00:00+00:00,1610.922632641
2025-12-07 04:00:00+00:00,1538.989833468
2025-12-07 05:00:00+00:00,1505.185603186
2025-12-07 06:00:00+00:00,1761.124723180
2025-12-07 07:00:00+00:00,1670.898414722
2025-12-07 08:00:00+00:00,1641.065419016
2025-12-07 09:00:00+00:00,1676.952306198
2025-12-07 10:00:00+00:00,1732.369241033
2025-12-07 11:00:00+00:00,1726.242098841
2025-12-07 12:00:00+00:00,1636.370692415
2025-12-07 13:00:00+00:00,1751.017923067
2025-12-07 14:00:00+00:00,1697.665744637
2025-12-07 15:00:00+00:00,1692.514362666
2025-12-07 16:00:00+00:00,1670.964651647
2025-12-07 17:00:00+00:00,1604.090323188
2025-12-07 18:00:00+00:00,1675.085304707
2025-12-07 19:00:00+00:00,1792.402470399
2025-12-07 20:00:00+00:00,1689.452973668
2025-12-07 21:00:00+00:00,1717.783264032
2025-12-07 22:00:00+00:00,1540.139630823
2025-12-07 23:00:00+00:00,1534.270938437
2025-12-08 00:00:00+00:00,1643.876406141
2025-12-08 01:00:00+00:00,1635.221132355
2025-12-08 02:00:00+00:00,1721.829465689
2025-12-08 03:00:00+00:00,1749.502623321
2025-12-08 04:00:00+00:00,1753.099385106
2025-12-08 05:00:00+00:00,1625.238132863
2025-12-08 06:00:00+00:00,1863.694733692
2025-12-08 07:00:00+00:00,1869.071878691
2025-12-08 08:00:00+00:00,1849.609130777
2025-12-08 09:00:00+00:00,1882.878083222
2025-12-08 10:00:00+00:00,1860.347793454
2025-12-08 11:00:00+00:00,1739.630163116
2025-12-08 12:00:00+00:00,1810.367175304
2025-12-08 13:00:00+00:00,1819.178194492
2025-12-08 14:00:00+00:00,1844.105708272
2025-12-08 15:00:00+00:00,1854.148607713
2025-12-08 16:00:00+00:00,1832.245648639
2025-12-08 17:00:00+00:00,1843.977667955
2025-12-08 18:00:00+00:00,1887.240572541
2025-12-08 19:00:00+00:00,1870.822739513
2025-12-08 20:00:00+00:00,1832.611311074
2025-12-08 21:00:00+00:00,1817.736004159
2025-12-08 22:00:00+00:00,1695.510065603
2025-12-08 23:00:00+00:00,1674.865129363
2025-12-09 00:00:00+00:00,1711.236661193
2025-12-09 01:00:00+00:00,1678.633599850
2025-12-09 02:00:00+00:00,1718.598919284
2025-12-09 03:00:00+00:00,1670.409457272
2025-12-09 04:00:00+00:00,1621.082280654
2025-12-09 05:00:00+00:00,1787.825380419
2025-12-09 06:00:00+00:00,1844.769873189
2025-12-09 07:00:00+00:00,1864.466118828
2025-12-09 08:00:00+00:00,1820.577999833
2025-12-09 09:00:00+00:00,1942.540543563
2025-12-09 10:00:00+00:00,1840.573052350
2025-12-09 11:00:00+00:00,1789.011190591
2025-12-09 12:00:00+00:00,1864.551744031
2025-12-09 13:00:00+00:00,1846.741355915
2025-12-09 14:00:00+00:00,1846.218614134
2025-12-09 15:00:00+00:00,1849.732254547
2025-12-09 16:00:00+00:00,1884.847377864
2025-12-09 17:00:00+00:00,1861.734449581
2025-12-09 18:00:00+00:00,1871.911087483
2025-12-09 19:00:00+00:00,1803.804499913
2025-12-09 20:00:00+00:00,1880.616641788
2025-12-09 21:00:00+00:00,1747.903433895
2025-12-09 22:00:00+00:00,1657.597367776
2025-12-09 23:00:00+00:00,1626.191361653
2025-12-10 00:00:00+00:00,1710.409061160
2025-12-10 01:00:00+00:00,1691.385301518
2025-12-10 02:00:00+00:00,1643.427223868
2025-12-10 03:00:00+00:00,1691.114750640
2025-12-10 04:00:00+00:00,1639.144340774
2025-12-10 05:00:00+00:00,1676.820558774
2025-12-10 06:00:00+00:00,1853.313295592
2025-12-10 07:00:00+00:00,1896.744630999
2025-12-10 08:00:00+00:00,1906.128273432
2025-12-10 09:00:00+00:00,1878.986911842
2025-12-10 10:00:00+00:00,1888.689550851
2025-12-10 11:00:00+00:00,1842.253036179
2025-12-10 12:00:00+00:00,1861.480504260
2025-12-10 13:00:00+00:00,1857.867287084
2025-12-10 14:00:00+00:00,1817.273052624
2025-12-10 15:00:00+00:00,1816.406314437
2025-12-10 16:00:00+00:00,1860.637506880
2025-12-10 17:00:00+00:00,1781.163249020
2025-12-10 18:00:00+00:00,1883.064002000
2025-12-10 19:00:00+00:00,1809.131613465
2025-12-10 20:00:00+00:00,1864.436111774
2025-12-10 21:00:00+00:00,1741.234334233
2025-12-10 22:00:00+00:00,1590.230100801
2025-12-10 23:00:00+00:00,1682.171471044
2025-12-11 00:00:00+00:00,1602.171248683
2025-12-11 01:00:00+00:00,1741.801584317
2025-12-11 02:00:00+00:00,1653.678992448
2025-12-11 03:00:00+00:00,1642.997451186
2025-12-11 04:00:00+00:00,1644.214513042
2025-12-11 05:00:00+00:00,1645.581636467
2025-12-11 06:00:00+00:00,1791.504252426
2025-12-11 07:00:00+00:00,1888.695191768
2025-12-11 08:00:00+00:00,1867.431524105
2025-12-11 09:00:00+00:00,1873.991864618
2025-12-11 10:00:00+00:00,1879.562897771
2025-12-11 11:00:00+00:00,1850.353984434
2025-12-11 12:00:00+00:00,1818.031055158
2025-12-11 13:00:00+00:00,1895.849238845
2025-12-11 14:00:00+00:00,1804.641767577
2025-12-11 15:00:00+00:00,1924.046257714
2025-12-11 16:00:00+00:00,1923.030775124
2025-12-11 17:00:00+00:00,1850.595747358
2025-12-11 18:00:00+00:00,1854.634326583
2025-12-11 19:00:00+00:00,1820.059135061
2025-12-11 20:00:00+00:00,1803.434447781
2025-12-11 21:00:00+00:00,1817.028167889
2025-12-11 22:00:00+00:00,1744.332249470
2025-12-11 23:00:00+00:00,1765.436705971
2025-12-12 00:00:00+00:00,1697.214387102
2025-12-12 01:00:00+00:00,1586.251916094
2025-12-12 02:00:00+00:00,1658.696059859
2025-12-12 03:00:00+00:00,1598.192607496
2025-12-12 04:00:00+00:00,1635.291088013
2025-12-12 05:00:00+00:00,1720.900751904
2025-12-12 06:00:00+00:00,1858.833255454
2025-12-12 07:00:00+00:00,1830.164883524
2025-12-12 08:00:00+00:00,1798.537522610
2025-12-12 09:00:00+00:00,1841.767891764
2025-12-12 10:00:00+00:00,1881.438561852
2025-12-12 11:00:00+00:00,1866.956736736
2025-12-12 12:00:00+00:00,1889.996623418
2025-12-12 13:00:00+00:00,1839.546426687
2025-12-12 14:00:00+00:00,1751.502087846
2025-12-12 15:00:00+00:00,1829.066279378
2025-12-12 16:00:00+00:00,1849.213357601
2025-12-12 17:00:00+00:00,1858.053521330
2025-12-12 18:00:00+00:00,1838.051897262
2025-12-12 19:00:00+00:00,1765.399575465
2025-12-12 20:00:00+00:00,1835.140565073
2025-12-12 21:00:00+00:00,1763.821744537
2025-12-12 22:00:00+00:00,1655.819522247
2025-12-12 23:00:00+00:00,1645.201176968
2025-12-13 00:00:00+00:00,1543.150054636
2025-12-13 01:00:00+00:00,1530.366252434
2025-12-13 02:00:00+00:00,1572.667266206
2025-12-13 03:00:00+00:00,1542.727045460
2025-12-13 04:00:00+00:00,1527.687849209
2025-12-13 05:00:00+00:00,1585.760787085
2025-12-13 06:00:00+00:00,1649.185621145
2025-12-13 07:00:00+00:00,1737.559815028
2025-12-13 08:00:00+00:00,1724.495715295
2025-12-13 09:00:00+00:00,1647.763760328
2025-12-13 10:00:00+00:00,1733.039570940
2025-12-13 11:00:00+00:00,1708.854700836
2025-12-13 12:00:00+00:00,1643.082183413
2025-12-13 13:00:00+00:00,1684.074542248
2025-12-13 14:00:00+00:00,1726.235941570
2025-12-13 15:00:00+00:00,1735.880727035
2025-12-13 16:00:00+00:00,1735.432642463
2025-12-13 17:00:00+00:00,1672.378463800
2025-12-13 18:00:00+00:00,1701.891077731
2025-12-13 19:00:00+00:00,1788.505898687
2025-12-13 20:00:00+00:00,1725.655144572
2025-12-13 21:00:00+00:00,1749.027351824
2025-12-13 22:00:00+00:00,1553.205121033
2025-12-13 23:00:00+00:00,1580.369470516
2025-12-14 00:00:00+00:00,1571.278568485
2025-12-14 01:00:00+00:00,1502.395998832
2025-12-14 02:00:00+00:00,1563.215528968
2025-12-14 03:00:00+00:00,1551.837092615
2025-12-14 04:00:00+00:00,1549.745666600
2025-12-14 05:00:00+00:00,1495.500143885
2025-12-14 06:00:00+00:00,1626.487692403
2025-12-14 07:00:00+00:00,1698.980614918
2025-12-14 08:00:00+00:00,1697.576509850
2025-12-14 09:00:00+00:00,1578.225668505
2025-12-14 10:00:00+00:00,1699.786215352
2025-12-14 11:00:00+00:00,1722.377158066
2025-12-14 12:00:00+00:00,1644.736532625
2025-12-14 13:00:00+00:00,1687.877538852
2025-12-14 14:00:00+00:00,1725.388385371
2025-12-14 15:00:00+00:00,1652.383345782
2025-12-14 16:00:00+00:00,1608.527666766
2025-12-14 17:00:00+00:00,1709.121444509
2025-12-14 18:00:00+00:00,1718.843517616
2025-12-14 19:00:00+00:00,1704.143551966
2025-12-14 20:00:00+00:00,1673.281961096
2025-12-14 21:00:00+00:00,1720.963748791
2025-12-14 22:00:00+00:00,1514.108844650
2025-12-14 23:00:00+00:00,1456.997629379
2025-12-15 00:00:00+00:00,1731.866779011
2025-12-15 01:00:00+00:00,1589.758337649
2025-12-15 02:00:00+00:00,1645.853277476
2025-12-15 03:00:00+00:00,1658.963952475
2025-12-15 04:00:00+00:00,1638.329095360
2025-12-15 05:00:00+00:00,1680.391495771
2025-12-15 06:00:00+00:00,1842.251253984
2025-12-15 07:00:00+00:00,1787.865288486
2025-12-15 08:00:00+00:00,1929.200436218
2025-12-15 09:00:00+00:00,1799.584144646
2025-12-15 10:00:00+00:00,1855.436397464
2025-12-15 11:00:00+00:00,1884.455173888
2025-12-15 12:00:00+00:00,1866.779514161
2025-12-15 13:00:00+00:00,1907.822907049
2025-12-15 14:00:00+00:00,1837.347157686
2025-12-15 15:00:00+00:00,1865.597654864
2025-12-15 16:00:00+00:00,1809.385623028
2025-12-15 17:00:00+00:00,1950.378266645
2025-12-15 18:00:00+00:00,1842.836135066
2025-12-15 19:00:00+00:00,1865.952779499
2025-12-15 20:00:00+00:00,1872.842259373
2025-12-15 21:00:00+00:00,1882.772415335
2025-12-15 22:00:00+00:00,1676.065542235
2025-12-15 23:00:00+00:00,1704.942445954
2025-12-16 00:00:00+00:00,1635.585530720
2025-12-16 01:00:00+00:00,1753.408021443
2025-12-16 02:00:00+00:00,1687.328965094
2025-12-16 03:00:00+00:00,1669.511130413
2025-12-16 04:00:00+00:00,1686.361637416
2025-12-16 05:00:00+00:00,1615.284885740
2025-12-16 06:00:00+00:00,1880.678357189
2025-12-16 07:00:00+00:00,1809.708067587
2025-12-16 08:00:00+00:00,1892.449126291
2025-12-16 09:00:00+00:00,1813.401246495
2025-12-16 10:00:00+00:00,1863.681164063
2025-12-16 11:00:00+00:00,1875.618255657
2025-12-16 12:00:00+00:00,1827.579965159
2025-12-16 13:00:00+00:00,1769.234034396
2025-12-16 14:00:00+00:00,1908.575029606
2025-12-16 15:00:00+00:00,1826.649846513
2025-12-16 16:00:00+00:00,1867.991366597
2025-12-16 17:00:00+00:00,1827.019539114
2025-12-16 18:00:00+00:00,1733.389746231
2025-12-16 19:00:00+00:00,1801.792037313
2025-12-16 20:00:00+00:00,1867.216990512
2025-12-16 21:00:00+00:00,1801.201209930
2025-12-16 22:00:00+00:00,1748.849389793
2025-12-16 23:00:00+00:00,1677.862672073
2025-12-17 00:00:00+00:00,1668.897061097
2025-12-17 01:00:00+00:00,1610.697711477
2025-12-17 02:00:00+00:00,1660.688018276
2025-12-17 03:00:00+00:00,1643.537957861
2025-12-17 04:00:00+00:00,1682.236724761
2025-12-17 05:00:00+00:00,1654.699647778
2025-12-17 06:00:00+00:00,1829.305636090
2025-12-17 07:00:00+00:00,1807.039555052
2025-12-17 08:00:00+00:00,1894.425697184
2025-12-17 09:00:00+00:00,1922.813131940
2025-12-17 10:00:00+00:00,1840.055302626
2025-12-17 11:00:00+00:00,1785.492701753
2025-12-17 12:00:00+00:00,1853.123752926
2025-12-17 13:00:00+00:00,1937.665632578
2025-12-17 14:00:00+00:00,1814.569920159
2025-12-17 15:00:00+00:00,1825.561290579
2025-12-17 16:00:00+00:00,1751.564009579
2025-12-17 17:00:00+00:00,1872.297827788
2025-12-17 18:00:00+00:00,1768.940131270
2025-12-17 19:00:00+00:00,1805.310453806
2025-12-17 20:00:00+00:00,1901.475258390
2025-12-17 21:00:00+00:00,1903.725616435
2025-12-17 22:00:00+00:00,1673.237794117
2025-12-17 23:00:00+00:00,1680.442633658
2025-12-18 00:00:00+00:00,1661.313904277
2025-12-18 01:00:00+00:00,1709.261236520
2025-12-18 02:00:00+00:00,1672.513106953
2025-12-18 03:00:00+00:00,1645.025605102
2025-12-18 04:00:00+00:00,1722.654017427
2025-12-18 05:00:00+00:00,1648.504002883
2025-12-18 06:00:00+00:00,1867.992426898
2025-12-18 07:00:00+00:00,1911.291957253
2025-12-18 08:00:00+00:00,1828.803744550
2025-12-18 09:00:00+00:00,1845.932114185
2025-12-18 10:00:00+00:00,1868.546312108
2025-12-18 11:00:00+00:00,1843.753353262
2025-12-18 12:00:00+00:00,1774.265188416
2025-12-18 13:00:00+00:00,1825.166835268
2025-12-18 14:00:00+00:00,1921.942065824
2025-12-18 15:00:00+00:00,1836.770923872
2025-12-18 16:00:00+00:00,1809.258737067
2025-12-18 17:00:00+00:00,1880.049150130
2025-12-18 18:00:00+00:00,1896.577921639
2025-12-18 19:00:00+00:00,1847.608343306
2025-12-18 20:00:00+00:00,1887.224917348
2025-12-18 21:00:00+00:00,1791.431355212
2025-12-18 22:00:00+00:00,1682.769385327
2025-12-18 23:00:00+00:00,1663.266514090
2025-12-19 00:00:00+00:00,1672.372209082
2025-12-19 01:00:00+00:00,1721.134842780
2025-12-19 02:00:00+00:00,1728.341960976
2025-12-19 03:00:00+00:00,1691.144360647
2025-12-19 04:00:00+00:00,1678.043853290
2025-12-19 05:00:00+00:00,1677.702403724
2025-12-19 06:00:00+00:00,1851.836655158
2025-12-19 07:00:00+00:00,1831.448278483
2025-12-19 08:00:00+00:00,1828.677796306
2025-12-19 09:00:00+00:00,1874.630145025
2025-12-19 10:00:00+00:00,1778.668643221
2025-12-19 11:00:00+00:00,1876.688477333
2025-12-19 12:00:00+00:00,1897.092060325
2025-12-19 13:00:00+00:00,1845.305584356
2025-12-19 14:00:00+00:00,1863.880625048
2025-12-19 15:00:00+00:00,1814.858740274
2025-12-19 16:00:00+00:00,1804.179933322
2025-12-19 17:00:00+00:00,1891.672815437
2025-12-19 18:00:00+00:00,1843.675420208
2025-12-19 19:00:00+00:00,1815.226296888
2025-12-19 20:00:00+00:00,1824.533356051
2025-12-19 21:00:00+00:00,1785.068439330
2025-12-19 22:00:00+00:00,1649.941356661
2025-12-19 23:00:00+00:00,1633.291186142
2025-12-20 00:00:00+00:00,1579.611643872
2025-12-20 01:00:00+00:00,1542.403877881
2025-12-20 02:00:00+00:00,1588.914325798
2025-12-20 03:00:00+00:00,1509.319594719
2025-12-20 04:00:00+00:00,1524.615770593
2025-12-20 05:00:00+00:00,1604.851093952
2025-12-20 06:00:00+00:00,1658.643561606
2025-12-20 07:00:00+00:00,1692.003654653
2025-12-20 08:00:00+00:00,1708.083462273
2025-12-20 09:00:00+00:00,1709.279611815
2025-12-20 10:00:00+00:00,1753.578316007
2025-12-20 11:00:00+00:00,1792.148149042
2025-12-20 12:00:00+00:00,1655.109000331
2025-12-20 13:00:00+00:00,1694.338318586
2025-12-20 14:00:00+00:00,1694.733247150
2025-12-20 15:00:00+00:00,1637.066980131
2025-12-20 16:00:00+00:00,1710.891906427
2025-12-20 17:00:00+00:00,1703.123080948
2025-12-20 18:00:00+00:00,1749.711064762
2025-12-20 19:00:00+00:00,1704.371115127
2025-12-20 20:00:00+00:00,1688.769931412
2025-12-20 21:00:00+00:00,1753.635291277
2025-12-20 22:00:00+00:00,1579.521680189
2025-12-20 23:00:00+00:00,1562.108337853
2025-12-21 00:00:00+00:00,1548.937373620
2025-12-21 01:00:00+00:00,1512.070423839
2025-12-21 02:00:00+00:00,1507.409319775
2025-12-21 03:00:00+00:00,1581.327671947
2025-12-21 04:00:00+00:00,1549.091648495
2025-12-21 05:00:00+00:00,1459.962141135
2025-12-21 06:00:00+00:00,1772.378911920
2025-12-21 07:00:00+00:00,1767.901510209
2025-12-21 08:00:00+00:00,1679.165963197
2025-12-21 09:00:00+00:00,1716.245792297
2025-12-21 10:00:00+00:00,1633.673254420
2025-12-21 11:00:00+00:00,1602.594251757
2025-12-21 12:00:00+00:00,1764.230893612
2025-12-21 13:00:00+00:00,1671.447663421
2025-12-21 14:00:00+00:00,1665.849087426
2025-12-21 15:00:00+00:00,1667.203847981
2025-12-21 16:00:00+00:00,1704.113396710
2025-12-21 17:00:00+00:00,1733.319774999
2025-12-21 18:00:00+00:00,1679.924198653
2025-12-21 19:00:00+00:00,1648.498105328
2025-12-21 20:00:00+00:00,1696.564507932
2025-12-21 21:00:00+00:00,1717.487063833
2025-12-21 22:00:00+00:00,1503.366510040
2025-12-21 23:00:00+00:00,1556.952470560
2025-12-22 00:00:00+00:00,1709.666638865
2025-12-22 01:00:00+00:00,1686.738811181
2025-12-22 02:00:00+00:00,1622.418250748
2025-12-22 03:00:00+00:00,1681.781020393
2025-12-22 04:00:00+00:00,1749.673523369
2025-12-22 05:00:00+00:00,1672.485348485
2025-12-22 06:00:00+00:00,1871.678840796
2025-12-22 07:00:00+00:00,1889.179919284
2025-12-22 08:00:00+00:00,1808.648763226
2025-12-22 09:00:00+00:00,1933.566191306
2025-12-22 10:00:00+00:00,1948.344675474
2025-12-22 11:00:00+00:00,1801.897409805
2025-12-22 12:00:00+00:00,1908.092558166
2025-12-22 13:00:00+00:00,1877.748473076
2025-12-22 14:00:00+00:00,1872.165085029
2025-12-22 15:00:00+00:00,1790.542263576
2025-12-22 16:00:00+00:00,1827.673357636
2025-12-22 17:00:00+00:00,1850.075609017
2025-12-22 18:00:00+00:00,1850.346299726
2025-12-22 19:00:00+00:00,1889.709648101
2025-12-22 20:00:00+00:00,1896.830823065
2025-12-22 21:00:00+00:00,1832.374778789
2025-12-22 22:00:00+00:00,1684.573843607
2025-12-22 23:00:00+00:00,1637.213438656
2025-12-23 00:00:00+00:00,1757.819344545
2025-12-23 01:00:00+00:00,1629.538838126
2025-12-23 02:00:00+00:00,1683.257224198
2025-12-23 03:00:00+00:00,1762.637591372
2025-12-23 04:00:00+00:00,1644.841484364
2025-12-23 05:00:00+00:00,1745.005922792
2025-12-23 06:00:00+00:00,1861.899806234
2025-12-23 07:00:00+00:00,1861.283141683
2025-12-23 08:00:00+00:00,1903.340071398
2025-12-23 09:00:00+00:00,1864.375222188
2025-12-23 10:00:00+00:00,1863.513862110
2025-12-23 11:00:00+00:00,1862.173435874
2025-12-23 12:00:00+00:00,1773.391488514
2025-12-23 13:00:00+00:00,1807.530017569
2025-12-23 14:00:00+00:00,1860.680335471
2025-12-23 15:00:00+00:00,1898.367807382
2025-12-23 16:00:00+00:00,1923.169014666
2025-12-23 17:00:00+00:00,1849.356153835
2025-12-23 18:00:00+00:00,1874.285110275
2025-12-23 19:00:00+00:00,1866.808719907
2025-12-23 20:00:00+00:00,1870.532827828
2025-12-23 21:00:00+00:00,1812.594330004
2025-12-23 22:00:00+00:00,1588.457498531
2025-12-23 23:00:00+00:00,1716.158010102
2025-12-24 00:00:00+00:00,1672.904610561
2025-12-24 01:00:00+00:00,1766.842054214
2025-12-24 02:00:00+00:00,1800.403846574
2025-12-24 03:00:00+00:00,1715.161234964
2025-12-24 04:00:00+00:00,1701.321964776
2025-12-24 05:00:00+00:00,1682.906617381
2025-12-24 06:00:00+00:00,1875.801773548
2025-12-24 07:00:00+00:00,1836.180005011
2025-12-24 08:00:00+00:00,1886.321002755
2025-12-24 09:00:00+00:00,1808.005716599
2025-12-24 10:00:00+00:00,1835.351825101
2025-12-24 11:00:00+00:00,1849.687667108
2025-12-24 12:00:00+00:00,1888.399550334
2025-12-24 13:00:00+00:00,1827.448153670
2025-12-24 14:00:00+00:00,1830.859197044
2025-12-24 15:00:00+00:00,1870.279751355
2025-12-24 16:00:00+00:00,1883.474975416
2025-12-24 17:00:00+00:00,1814.101752458
2025-12-24 18:00:00+00:00,1926.441446730
2025-12-24 19:00:00+00:00,1807.473463010
2025-12-24 20:00:00+00:00,1864.902284660
2025-12-24 21:00:00+00:00,1899.613387260
2025-12-24 22:00:00+00:00,1672.324104305
2025-12-24 23:00:00+00:00,1706.274995561
2025-12-25 00:00:00+00:00,1697.333745057
2025-12-25 01:00:00+00:00,1725.126726313
2025-12-25 02:00:00+00:00,1656.062166959
2025-12-25 03:00:00+00:00,1720.062481991
2025-12-25 04:00:00+00:00,1638.148836427
2025-12-25 05:00:00+00:00,1654.733614580
2025-12-25 06:00:00+00:00,1841.891611127
2025-12-25 07:00:00+00:00,1786.755635253
2025-12-25 08:00:00+00:00,1807.265619831
2025-12-25 09:00:00+00:00,1785.812232028
2025-12-25 10:00:00+00:00,1824.010161455
2025-12-25 11:00:00+00:00,1883.317686400
2025-12-25 12:00:00+00:00,1819.266716722
2025-12-25 13:00:00+00:00,1970.792981848
2025-12-25 14:00:00+00:00,1876.020505961
2025-12-25 15:00:00+00:00,1857.764045494
2025-12-25 16:00:00+00:00,1791.673913172
2025-12-25 17:00:00+00:00,1814.916555673
2025-12-25 18:00:00+00:00,1801.971350267
2025-12-25 19:00:00+00:00,1898.446638813
2025-12-25 20:00:00+00:00,1902.044450927
2025-12-25 21:00:00+00:00,1829.337437963
2025-12-25 22:00:00+00:00,1667.858175165
2025-12-25 23:00:00+00:00,1672.773662546
2025-12-26 00:00:00+00:00,1653.151174020
2025-12-26 01:00:00+00:00,1638.928673382
2025-12-26 02:00:00+00:00,1619.684105024
2025-12-26 03:00:00+00:00,1613.563759757
2025-12-26 04:00:00+00:00,1714.152688014
2025-12-26 05:00:00+00:00,1641.239539209
2025-12-26 06:00:00+00:00,1824.049508307
2025-12-26 07:00:00+00:00,1782.868030377
2025-12-26 08:00:00+00:00,1918.205126245
2025-12-26 09:00:00+00:00,1878.073280144
2025-12-26 10:00:00+00:00,1882.305577917
2025-12-26 11:00:00+00:00,1891.164722595
2025-12-26 12:00:00+00:00,1842.060150014
2025-12-26 13:00:00+00:00,1887.570335402
2025-12-26 14:00:00+00:00,1806.217762794
2025-12-26 15:00:00+00:00,1860.565384682
2025-12-26 16:00:00+00:00,1820.347606784
2025-12-26 17:00:00+00:00,1896.912062404
2025-12-26 18:00:00+00:00,1770.249859256
2025-12-26 19:00:00+00:00,1870.620157578
2025-12-26 20:00:00+00:00,1869.996285202
2025-12-26 21:00:00+00:00,1996.871434325
2025-12-26 22:00:00+00:00,1757.320313318
2025-12-26 23:00:00+00:00,1695.983224028
2025-12-27 00:00:00+00:00,1571.941582695
2025-12-27 01:00:00+00:00,1537.159242464
2025-12-27 02:00:00+00:00,1536.956624741
2025-12-27 03:00:00+00:00,1564.939007367
2025-12-27 04:00:00+00:00,1527.145510207
2025-12-27 05:00:00+00:00,1539.787900145
2025-12-27 06:00:00+00:00,1724.245697346
2025-12-27 07:00:00+00:00,1751.191578701
2025-12-27 08:00:00+00:00,1745.153223249
2025-12-27 09:00:00+00:00,1635.429094206
2025-12-27 10:00:00+00:00,1714.479758469
2025-12-27 11:00:00+00:00,1768.594345986
2025-12-27 12:00:00+00:00,1749.633982931
2025-12-27 13:00:00+00:00,1662.218000906
2025-12-27 14:00:00+00:00,1677.798575447
2025-12-27 15:00:00+00:00,1750.037054223
2025-12-27 16:00:00+00:00,1596.064995411
2025-12-27 17:00:00+00:00,1733.070455376
2025-12-27 18:00:00+00:00,1720.657345386
2025-12-27 19:00:00+00:00,1728.620973534
2025-12-27 20:00:00+00:00,1707.311345579
2025-12-27 21:00:00+00:00,1740.955285640
2025-12-27 22:00:00+00:00,1458.380528187
2025-12-27 23:00:00+00:00,1520.754399582
2025-12-28 00:00:00+00:00,1551.177713001
2025-12-28 01:00:00+00:00,1577.371849601
2025-12-28 02:00:00+00:00,1557.658837188
2025-12-28 03:00:00+00:00,1544.281948131
2025-12-28 04:00:00+00:00,1601.828405907
2025-12-28 05:00:00+00:00,1640.362199342
2025-12-28 06:00:00+00:00,1739.716734826
2025-12-28 07:00:00+00:00,1652.620835865
2025-12-28 08:00:00+00:00,1747.999162882
2025-12-28 09:00:00+00:00,1710.322294290
2025-12-28 10:00:00+00:00,1723.055690645
2025-12-28 11:00:00+00:00,1689.090379095
2025-12-28 12:00:00+00:00,1640.275420506
2025-12-28 13:00:00+00:00,1702.409341093
2025-12-28 14:00:00+00:00,1678.117196934
2025-12-28 15:00:00+00:00,1707.482210245
2025-12-28 16:00:00+00:00,1719.797220349
2025-12-28 17:00:00+00:00,1699.351818316
2025-12-28 18:00:00+00:00,1697.305062352
2025-12-28 19:00:00+00:00,1692.589194031
2025-12-28 20:00:00+00:00,1654.204098421
2025-12-28 21:00:00+00:00,1641.632991548
2025-12-28 22:00:00+00:00,1538.879192901
2025-12-28 23:00:00+00:00,1526.438185681
2025-12-29 00:00:00+00:00,1560.881197939
2025-12-29 01:00:00+00:00,1659.533791649
2025-12-29 02:00:00+00:00,1703.663398922
2025-12-29 03:00:00+00:00,1688.802255910
2025-12-29 04:00:00+00:00,1672.849674190
2025-12-29 05:00:00+00:00,1634.510860962
2025-12-29 06:00:00+00:00,1814.030864601
2025-12-29 07:00:00+00:00,1847.896590674
2025-12-29 08:00:00+00:00,1923.798975090
2025-12-29 09:00:00+00:00,1831.423354207
2025-12-29 10:00:00+00:00,1922.206139556
2025-12-29 11:00:00+00:00,1885.689872089
2025-12-29 12:00:00+00:00,1862.229117856
2025-12-29 13:00:00+00:00,1851.792067990
2025-12-29 14:00:00+00:00,1926.067486411
2025-12-29 15:00:00+00:00,1837.948968029
2025-12-29 16:00:00+00:00,1997.863493402
2025-12-29 17:00:00+00:00,1823.088119322
2025-12-29 18:00:00+00:00,1919.405201015
2025-12-29 19:00:00+00:00,1801.522314812
2025-12-29 20:00:00+00:00,1904.680285405
2025-12-29 21:00:00+00:00,1848.165707023
2025-12-29 22:00:00+00:00,1676.611354223
2025-12-29 23:00:00+00:00,1700.184836900
2025-12-30 00:00:00+00:00,1637.456715330
2025-12-30 01:00:00+00:00,1648.021592102
2025-12-30 02:00:00+00:00,1667.727132780
2025-12-30 03:00:00+00:00,1671.677934158
2025-12-30 04:00:00+00:00,1694.214331561
2025-12-30 05:00:00+00:00,1667.186561456
2025-12-30 06:00:00+00:00,1851.440863884
2025-12-30 07:00:00+00:00,1960.162632302
2025-12-30 08:00:00+00:00,1887.019005891
2025-12-30 09:00:00+00:00,1767.802648878
2025-12-30 10:00:00+00:00,1892.083452854
2025-12-30 11:00:00+00:00,1903.721338366
2025-12-30 12:00:00+00:00,1871.241483565
2025-12-30 13:00:00+00:00,1868.982517046
2025-12-30 14:00:00+00:00,1863.954360246
2025-12-30 15:00:00+00:00,1779.672941283
2025-12-30 16:00:00+00:00,1873.218929126
2025-12-30 17:00:00+00:00,1870.678390200
2025-12-30 18:00:00+00:00,1852.168470202
2025-12-30 19:00:00+00:00,1927.037304250
2025-12-30 20:00:00+00:00,1878.434705840
2025-12-30 21:00:00+00:00,1854.550666241
2025-12-30 22:00:00+00:00,1735.452180323
2025-12-30 23:00:00+00:00,1651.880155160
2025-12-31 00:00:00+00:00,1732.680047640
2025-12-31 01:00:00+00:00,1720.593376917
2025-12-31 02:00:00+00:00,1656.952660688
2025-12-31 03:00:00+00:00,1699.300954982
2025-12-31 04:00:00+00:00,1685.266228789
2025-12-31 05:00:00+00:00,1701.170760944
2025-12-31 06:00:00+00:00,1783.482830860
2025-12-31 07:00:00+00:00,1882.327612564
2025-12-31 08:00:00+00:00,1858.708748104
2025-12-31 09:00:00+00:00,1837.608496350
2025-12-31 10:00:00+00:00,1824.196238992
2025-12-31 11:00:00+00:00,1807.524515880
2025-12-31 12:00:00+00:00,1953.135959701
2025-12-31 13:00:00+00:00,1943.813388158
2025-12-31 14:00:00+00:00,1890.501022068
2025-12-31 15:00:00+00:00,1846.063701834
2025-12-31 16:00:00+00:00,1873.968615144
2025-12-31 17:00:00+00:00,1893.106252791
2025-12-31 18:00:00+00:00,1849.539038410
2025-12-31 19:00:00+00:00,1902.130944052
2025-12-31 20:00:00+00:00,1920.697609588
2025-12-31 21:00:00+00:00,1859.152903976
2025-12-31 22:00:00+00:00,1741.474435832
2025-12-31 23:00:00+00:00,1711.775030591
