timestamp_utc,capacity_factor
2025-01-01 00:00:00+00:00,0.000000000
2025-01-01 01:00:00+00:00,0.000000000
2025-01-01 02:00:00+00:00,0.000000000
2025-01-01 03:00:00+00:00,0.000000000
2025-01-01 04:00:00+00:00,0.000000000
2025-01-01 05:00:00+00:00,0.000000000
2025-01-01 06:00:00+00:00,0.000000000
2025-01-01 07:00:00+00:00,0.003354421
2025-01-01 08:00:00+00:00,0.116980393
2025-01-01 09:00:00+00:00,0.286898327
2025-01-01 10:00:00+00:00,0.443473200
2025-01-01 11:00:00+00:00,0.535930069
2025-01-01 12:00:00+00:00,0.535930069
2025-01-01 13:00:00+00:00,0.443473200
2025-01-01 14:00:00+00:00,0.286898327
2025-01-01 15:00:00+00:00,0.116980393
2025-01-01 16:00:00+00:00,0.003354421
2025-01-01 17:00:00+00:00,0.000000000
2025-01-01 18:00:00+00:00,0.000000000
2025-01-01 19:00:00+00:00,0.000000000
2025-01-01 20:00:00+00:00,0.000000000
2025-01-01 21:00:00+00:00,0.000000000
2025-01-01 22:00:00+00:00,0.000000000
2025-01-01 23:00:00+00:00,0.000000000
2025-01-02 00:00:00+00:00,0.000000000
2025-01-02 01:00:00+00:00,0.000000000
2025-01-02 02:00:00+00:00,0.000000000
2025-01-02 03:00:00+00:00,0.000000000
2025-01-02 04:00:00+00:00,0.000000000
2025-01-02 05:00:00+00:00,0.000000000
2025-01-02 06:00:00+00:00,0.000000000
2025-01-02 07:00:00+00:00,0.004785342
2025-01-02 08:00:00+00:00,0.155421488
2025-01-02 09:00:00+00:00,0.379697776
2025-01-02 10:00:00+00:00,0.586145182
2025-01-02 11:00:00+00:00,0.707997013
2025-01-02 12:00:00+00:00,0.707997013
2025-01-02 13:00:00+00:00,0.586145182
2025-01-02 14:00:00+00:00,0.379697776
2025-01-02 15:00:00+00:00,0.155421488
2025-01-02 16:00:00+00:00,0.004785342
2025-01-02 17:00:00+00:00,0.000000000
2025-01-02 18:00:00+00:00,0.000000000
2025-01-02 19:00:00+00:00,0.000000000
2025-01-02 20:00:00+00:00,0.000000000
2025-01-02 21:00:00+00:00,0.000000000
2025-01-02 22:00:00+00:00,0.000000000
2025-01-02 23:00:00+00:00,0.000000000
2025-01-03 00:00:00+00:00,0.000000000
2025-01-03 01:00:00+00:00,0.000000000
2025-01-03 02:00:00+00:00,0.000000000
2025-01-03 03:00:00+00:00,0.000000000
2025-01-03 04:00:00+00:00,0.000000000
2025-01-03 05:00:00+00:00,0.000000000
2025-01-03 06:00:00+00:00,0.000000000
2025-01-03 07:00:00+00:00,0.004750453
2025-01-03 08:00:00+00:00,0.143466812
2025-01-03 09:00:00+00:00,0.349033564
2025-01-03 10:00:00+00:00,0.538044808
2025-01-03 11:00:00+00:00,0.649551462
2025-01-03 12:00:00+00:00,0.649551462
2025-01-03 13:00:00+00:00,0.538044808
2025-01-03 14:00:00+00:00,0.349033564
2025-01-03 15:00:00+00:00,0.143466812
2025-01-03 16:00:00+00:00,0.004750453
2025-01-03 17:00:00+00:00,0.000000000
2025-01-03 18:00:00+00:00,0.000000000
2025-01-03 19:00:00+00:00,0.000000000
2025-01-03 20:00:00+00:00,0.000000000
2025-01-03 21:00:00+00:00,0.000000000
2025-01-03 22:00:00+00:00,0.000000000
2025-01-03 23:00:00+00:00,0.000000000
2025-01-04 00:00:00+00:00,0.000000000
2025-01-04 01:00:00+00:00,0.000000000
2025-01-04 02:00:00+00:00,0.000000000
2025-01-04 03:00:00+00:00,0.000000000
2025-01-04 04:00:00+00:00,0.000000000
2025-01-04 05:00:00+00:00,0.000000000
2025-01-04 06:00:00+00:00,0.000000000
2025-01-04 07:00:00+00:00,0.005654399
2025-01-04 08:00:00+00:00,0.158627591
2025-01-04 09:00:00+00:00,0.384206306
2025-01-04 10:00:00+00:00,0.591367326
2025-01-04 11:00:00+00:00,0.713518338
2025-01-04 12:00:00+00:00,0.713518338
2025-01-04 13:00:00+00:00,0.591367326
2025-01-04 14:00:00+00:00,0.384206306
2025-01-04 15:00:00+00:00,0.158627591
2025-01-04 16:00:00+00:00,0.005654399
2025-01-04 17:00:00+00:00,0.000000000
2025-01-04 18:00:00+00:00,0.000000000
2025-01-04 19:00:00+00:00,0.000000000
2025-01-04 20:00:00+00:00,0.000000000
2025-01-04 21:00:00+00:00,0.000000000
2025-01-04 22:00:00+00:00,0.000000000
2025-01-04 23:00:00+00:00,0.000000000
2025-01-05 00:00:00+00:00,0.000000000
2025-01-05 01:00:00+00:00,0.000000000
2025-01-05 02:00:00+00:00,0.000000000
2025-01-05 03:00:00+00:00,0.000000000
2025-01-05 04:00:00+00:00,0.000000000
2025-01-05 05:00:00+00:00,0.000000000
2025-01-05 06:00:00+00:00,0.000000000
2025-01-05 07:00:00+00:00,0.005871722
2025-01-05 08:00:00+00:00,0.152933839
2025-01-05 09:00:00+00:00,0.368676442
2025-01-05 10:00:00+00:00,0.566550336
2025-01-05 11:00:00+00:00,0.683161238
2025-01-05 12:00:00+00:00,0.683161238
2025-01-05 13:00:00+00:00,0.566550336
2025-01-05 14:00:00+00:00,0.368676442
2025-01-05 15:00:00+00:00,0.152933839
2025-01-05 16:00:00+00:00,0.005871722
2025-01-05 17:00:00+00:00,0.000000000
2025-01-05 18:00:00+00:00,0.000000000
2025-01-05 19:00:00+00:00,0.000000000
2025-01-05 20:00:00+00:00,0.000000000
2025-01-05 21:00:00+00:00,0.000000000
2025-01-05 22:00:00+00:00,0.000000000
2025-01-05 23:00:00+00:00,0.000000000
2025-01-06 00:00:00+00:00,0.000000000
2025-01-06 01:00:00+00:00,0.000000000
2025-01-06 02:00:00+00:00,0.000000000
2025-01-06 03:00:00+00:00,0.000000000
2025-01-06 04:00:00+00:00,0.000000000
2025-01-06 05:00:00+00:00,0.000000000
2025-01-06 06:00:00+00:00,0.000000000
2025-01-06 07:00:00+00:00,0.007545548
2025-01-06 08:00:00+00:00,0.182443836
2025-01-06 09:00:00+00:00,0.437640987
2025-01-06 10:00:00+00:00,0.671384557
2025-01-06 11:00:00+00:00,0.809054168
2025-01-06 12:00:00+00:00,0.809054168
2025-01-06 13:00:00+00:00,0.671384557
2025-01-06 14:00:00+00:00,0.437640987
2025-01-06 15:00:00+00:00,0.182443836
2025-01-06 16:00:00+00:00,0.007545548
2025-01-06 17:00:00+00:00,0.000000000
2025-01-06 18:00:00+00:00,0.000000000
2025-01-06 19:00:00+00:00,0.000000000
2025-01-06 20:00:00+00:00,0.000000000
2025-01-06 21:00:00+00:00,0.000000000
2025-01-06 22:00:00+00:00,0.000000000
2025-01-06 23:00:00+00:00,0.000000000
2025-01-07 00:00:00+00:00,0.000000000
2025-01-07 01:00:00+00:00,0.000000000
2025-01-07 02:00:00+00:00,0.000000000
2025-01-07 03:00:00+00:00,0.000000000
2025-01-07 04:00:00+00:00,0.000000000
2025-01-07 05:00:00+00:00,0.000000000
2025-01-07 06:00:00+00:00,0.000000000
2025-01-07 07:00:00+00:00,0.005985604
2025-01-07 08:00:00+00:00,0.134387540
2025-01-07 09:00:00+00:00,0.320694005
2025-01-07 10:00:00+00:00,0.491095250
2025-01-07 11:00:00+00:00,0.591396304
2025-01-07 12:00:00+00:00,0.591396304
2025-01-07 13:00:00+00:00,0.491095250
2025-01-07 14:00:00+00:00,0.320694005
2025-01-07 15:00:00+00:00,0.134387540
2025-01-07 16:00:00+00:00,0.005985604
2025-01-07 17:00:00+00:00,0.000000000
2025-01-07 18:00:00+00:00,0.000000000
2025-01-07 19:00:00+00:00,0.000000000
2025-01-07 20:00:00+00:00,0.000000000
2025-01-07 21:00:00+00:00,0.000000000
2025-01-07 22:00:00+00:00,0.000000000
2025-01-07 23:00:00+00:00,0.000000000
2025-01-08 00:00:00+00:00,0.000000000
2025-01-08 01:00:00+00:00,0.000000000
2025-01-08 02:00:00+00:00,0.000000000
2025-01-08 03:00:00+00:00,0.000000000
2025-01-08 04:00:00+00:00,0.000000000
2025-01-08 05:00:00+00:00,0.000000000
2025-01-08 06:00:00+00:00,0.000000000
2025-01-08 07:00:00+00:00,0.007562858
2025-01-08 08:00:00+00:00,0.157759477
2025-01-08 09:00:00+00:00,0.374430817
2025-01-08 10:00:00+00:00,0.572309123
2025-01-08 11:00:00+00:00,0.688708921
2025-01-08 12:00:00+00:00,0.688708921
2025-01-08 13:00:00+00:00,0.572309123
2025-01-08 14:00:00+00:00,0.374430817
2025-01-08 15:00:00+00:00,0.157759477
2025-01-08 16:00:00+00:00,0.007562858
2025-01-08 17:00:00+00:00,0.000000000
2025-01-08 18:00:00+00:00,0.000000000
2025-01-08 19:00:00+00:00,0.000000000
2025-01-08 20:00:00+00:00,0.000000000
2025-01-08 21:00:00+00:00,0.000000000
2025-01-08 22:00:00+00:00,0.000000000
2025-01-08 23:00:00+00:00,0.000000000
2025-01-09 00:00:00+00:00,0.000000000
2025-01-09 01:00:00+00:00,0.000000000
2025-01-09 02:00:00+00:00,0.000000000
2025-01-09 03:00:00+00:00,0.000000000
2025-01-09 04:00:00+00:00,0.000000000
2025-01-09 05:00:00+00:00,0.000000000
2025-01-09 06:00:00+00:00,0.000000000
2025-01-09 07:00:00+00:00,0.008267448
2025-01-09 08:00:00+00:00,0.160360284
2025-01-09 09:00:00+00:00,0.378463304
2025-01-09 10:00:00+00:00,0.577339294
2025-01-09 11:00:00+00:00,0.694247537
2025-01-09 12:00:00+00:00,0.694247537
2025-01-09 13:00:00+00:00,0.577339294
2025-01-09 14:00:00+00:00,0.378463304
2025-01-09 15:00:00+00:00,0.160360284
2025-01-09 16:00:00+00:00,0.008267448
2025-01-09 17:00:00+00:00,0.000000000
2025-01-09 18:00:00+00:00,0.000000000
2025-01-09 19:00:00+00:00,0.000000000
2025-01-09 20:00:00+00:00,0.000000000
2025-01-09 21:00:00+00:00,0.000000000
2025-01-09 22:00:00+00:00,0.000000000
2025-01-09 23:00:00+00:00,0.000000000
2025-01-10 00:00:00+00:00,0.000000000
2025-01-10 01:00:00+00:00,0.000000000
2025-01-10 02:00:00+00:00,0.000000000
2025-01-10 03:00:00+00:00,0.000000000
2025-01-10 04:00:00+00:00,0.000000000
2025-01-10 05:00:00+00:00,0.000000000
2025-01-10 06:00:00+00:00,0.000000000
2025-01-10 07:00:00+00:00,0.010508821
2025-01-10 08:00:00+00:00,0.189733650
2025-01-10 09:00:00+00:00,0.445178366
2025-01-10 10:00:00+00:00,0.677727577
2025-01-10 11:00:00+00:00,0.814334989
2025-01-10 12:00:00+00:00,0.814334989
2025-01-10 13:00:00+00:00,0.677727577
2025-01-10 14:00:00+00:00,0.445178366
2025-01-10 15:00:00+00:00,0.189733650
2025-01-10 16:00:00+00:00,0.010508821
2025-01-10 17:00:00+00:00,0.000000000
2025-01-10 18:00:00+00:00,0.000000000
2025-01-10 19:00:00+00:00,0.000000000
2025-01-10 20:00:00+00:00,0.000000000
2025-01-10 21:00:00+00:00,0.000000000
2025-01-10 22:00:00+00:00,0.000000000
2025-01-10 23:00:00+00:00,0.000000000
2025-01-11 00:00:00+00:00,0.000000000
2025-01-11 01:00:00+00:00,0.000000000
2025-01-11 02:00:00+00:00,0.000000000
2025-01-11 03:00:00+00:00,0.000000000
2025-01-11 04:00:00+00:00,0.000000000
2025-01-11 05:00:00+00:00,0.000000000
2025-01-11 06:00:00+00:00,0.000000000
2025-01-11 07:00:00+00:00,0.008122819
2025-01-11 08:00:00+00:00,0.136673983
2025-01-11 09:00:00+00:00,0.318753944
2025-01-11 10:00:00+00:00,0.484236382
2025-01-11 11:00:00+00:00,0.581375973
2025-01-11 12:00:00+00:00,0.581375973
2025-01-11 13:00:00+00:00,0.484236382
2025-01-11 14:00:00+00:00,0.318753944
2025-01-11 15:00:00+00:00,0.136673983
2025-01-11 16:00:00+00:00,0.008122819
2025-01-11 17:00:00+00:00,0.000000000
2025-01-11 18:00:00+00:00,0.000000000
2025-01-11 19:00:00+00:00,0.000000000
2025-01-11 20:00:00+00:00,0.000000000
2025-01-11 21:00:00+00:00,0.000000000
2025-01-11 22:00:00+00:00,0.000000000
2025-01-11 23:00:00+00:00,0.000000000
2025-01-12 00:00:00+00:00,0.000000000
2025-01-12 01:00:00+00:00,0.000000000
2025-01-12 02:00:00+00:00,0.000000000
2025-01-12 03:00:00+00:00,0.000000000
2025-01-12 04:00:00+00:00,0.000000000
2025-01-12 05:00:00+00:00,0.000000000
2025-01-12 06:00:00+00:00,0.000000000
2025-01-12 07:00:00+00:00,0.011743080
2025-01-12 08:00:00+00:00,0.184388091
2025-01-12 09:00:00+00:00,0.427371260
2025-01-12 10:00:00+00:00,0.647823015
2025-01-12 11:00:00+00:00,0.777132897
2025-01-12 12:00:00+00:00,0.777132897
2025-01-12 13:00:00+00:00,0.647823015
2025-01-12 14:00:00+00:00,0.427371260
2025-01-12 15:00:00+00:00,0.184388091
2025-01-12 16:00:00+00:00,0.011743080
2025-01-12 17:00:00+00:00,0.000000000
2025-01-12 18:00:00+00:00,0.000000000
2025-01-12 19:00:00+00:00,0.000000000
2025-01-12 20:00:00+00:00,0.000000000
2025-01-12 21:00:00+00:00,0.000000000
2025-01-12 22:00:00+00:00,0.000000000
2025-01-12 23:00:00+00:00,0.000000000
2025-01-13 00:00:00+00:00,0.000000000
2025-01-13 01:00:00+00:00,0.000000000
2025-01-13 02:00:00+00:00,0.000000000
2025-01-13 03:00:00+00:00,0.000000000
2025-01-13 04:00:00+00:00,0.000000000
2025-01-13 05:00:00+00:00,0.000000000
2025-01-13 06:00:00+00:00,0.000000000
2025-01-13 07:00:00+00:00,0.010244209
2025-01-13 08:00:00+00:00,0.150324773
2025-01-13 09:00:00+00:00,0.346205399
2025-01-13 10:00:00+00:00,0.523605361
2025-01-13 11:00:00+00:00,0.627581761
2025-01-13 12:00:00+00:00,0.627581761
2025-01-13 13:00:00+00:00,0.523605361
2025-01-13 14:00:00+00:00,0.346205399
2025-01-13 15:00:00+00:00,0.150324773
2025-01-13 16:00:00+00:00,0.010244209
2025-01-13 17:00:00+00:00,0.000000000
2025-01-13 18:00:00+00:00,0.000000000
2025-01-13 19:00:00+00:00,0.000000000
2025-01-13 20:00:00+00:00,0.000000000
2025-01-13 21:00:00+00:00,0.000000000
2025-01-13 22:00:00+00:00,0.000000000
2025-01-13 23:00:00+00:00,0.000000000
2025-01-14 00:00:00+00:00,0.000000000
2025-01-14 01:00:00+00:00,0.000000000
2025-01-14 02:00:00+00:00,0.000000000
2025-01-14 03:00:00+00:00,0.000000000
2025-01-14 04:00:00+00:00,0.000000000
2025-01-14 05:00:00+00:00,0.000000000
2025-01-14 06:00:00+00:00,0.000000000
2025-01-14 07:00:00+00:00,0.014134734
2025-01-14 08:00:00+00:00,0.194135765
2025-01-14 09:00:00+00:00,0.444194450
2025-01-14 10:00:00+00:00,0.670245740
2025-01-14 11:00:00+00:00,0.802631456
2025-01-14 12:00:00+00:00,0.802631456
2025-01-14 13:00:00+00:00,0.670245740
2025-01-14 14:00:00+00:00,0.444194450
2025-01-14 15:00:00+00:00,0.194135765
2025-01-14 16:00:00+00:00,0.014134734
2025-01-14 17:00:00+00:00,0.000000000
2025-01-14 18:00:00+00:00,0.000000000
2025-01-14 19:00:00+00:00,0.000000000
2025-01-14 20:00:00+00:00,0.000000000
2025-01-14 21:00:00+00:00,0.000000000
2025-01-14 22:00:00+00:00,0.000000000
2025-01-14 23:00:00+00:00,0.000000000
2025-01-15 00:00:00+00:00,0.000000000
2025-01-15 01:00:00+00:00,0.000000000
2025-01-15 02:00:00+00:00,0.000000000
2025-01-15 03:00:00+00:00,0.000000000
2025-01-15 04:00:00+00:00,0.000000000
2025-01-15 05:00:00+00:00,0.000000000
2025-01-15 06:00:00+00:00,0.000000000
2025-01-15 07:00:00+00:00,0.013406685
2025-01-15 08:00:00+00:00,0.172621639
2025-01-15 09:00:00+00:00,0.392342985
2025-01-15 10:00:00+00:00,0.590596047
2025-01-15 11:00:00+00:00,0.706606522
2025-01-15 12:00:00+00:00,0.706606522
2025-01-15 13:00:00+00:00,0.590596047
2025-01-15 14:00:00+00:00,0.392342985
2025-01-15 15:00:00+00:00,0.172621639
2025-01-15 16:00:00+00:00,0.013406685
2025-01-15 17:00:00+00:00,0.000000000
2025-01-15 18:00:00+00:00,0.000000000
2025-01-15 19:00:00+00:00,0.000000000
2025-01-15 20:00:00+00:00,0.000000000
2025-01-15 21:00:00+00:00,0.000000000
2025-01-15 22:00:00+00:00,0.000000000
2025-01-15 23:00:00+00:00,0.000000000
2025-01-16 00:00:00+00:00,0.000000000
2025-01-16 01:00:00+00:00,0.000000000
2025-01-16 02:00:00+00:00,0.000000000
2025-01-16 03:00:00+00:00,0.000000000
2025-01-16 04:00:00+00:00,0.000000000
2025-01-16 05:00:00+00:00,0.000000000
2025-01-16 06:00:00+00:00,0.000000000
2025-01-16 07:00:00+00:00,0.014438558
2025-01-16 08:00:00+00:00,0.174566591
2025-01-16 09:00:00+00:00,0.394074998
2025-01-16 10:00:00+00:00,0.591754795
2025-01-16 11:00:00+00:00,0.707332356
2025-01-16 12:00:00+00:00,0.707332356
2025-01-16 13:00:00+00:00,0.591754795
2025-01-16 14:00:00+00:00,0.394074998
2025-01-16 15:00:00+00:00,0.174566591
2025-01-16 16:00:00+00:00,0.014438558
2025-01-16 17:00:00+00:00,0.000000000
2025-01-16 18:00:00+00:00,0.000000000
2025-01-16 19:00:00+00:00,0.000000000
2025-01-16 20:00:00+00:00,0.000000000
2025-01-16 21:00:00+00:00,0.000000000
2025-01-16 22:00:00+00:00,0.000000000
2025-01-16 23:00:00+00:00,0.000000000
2025-01-17 00:00:00+00:00,0.000000000
2025-01-17 01:00:00+00:00,0.000000000
2025-01-17 02:00:00+00:00,0.000000000
2025-01-17 03:00:00+00:00,0.000000000
2025-01-17 04:00:00+00:00,0.000000000
2025-01-17 05:00:00+00:00,0.000000000
2025-01-17 06:00:00+00:00,0.000000000
2025-01-17 07:00:00+00:00,0.014001119
2025-01-17 08:00:00+00:00,0.159214153
2025-01-17 09:00:00+00:00,0.356940383
2025-01-17 10:00:00+00:00,0.534654126
2025-01-17 11:00:00+00:00,0.638468490
2025-01-17 12:00:00+00:00,0.638468490
2025-01-17 13:00:00+00:00,0.534654126
2025-01-17 14:00:00+00:00,0.356940383
2025-01-17 15:00:00+00:00,0.159214153
2025-01-17 16:00:00+00:00,0.014001119
2025-01-17 17:00:00+00:00,0.000000000
2025-01-17 18:00:00+00:00,0.000000000
2025-01-17 19:00:00+00:00,0.000000000
2025-01-17 20:00:00+00:00,0.000000000
2025-01-17 21:00:00+00:00,0.000000000
2025-01-17 22:00:00+00:00,0.000000000
2025-01-17 23:00:00+00:00,0.000000000
2025-01-18 00:00:00+00:00,0.000000000
2025-01-18 01:00:00+00:00,0.000000000
2025-01-18 02:00:00+00:00,0.000000000
2025-01-18 03:00:00+00:00,0.000000000
2025-01-18 04:00:00+00:00,0.000000000
2025-01-18 05:00:00+00:00,0.000000000
2025-01-18 06:00:00+00:00,0.000000000
2025-01-18 07:00:00+00:00,0.014785160
2025-01-18 08:00:00+00:00,0.158397979
2025-01-18 09:00:00+00:00,0.352625833
2025-01-18 10:00:00+00:00,0.526845514
2025-01-18 11:00:00+00:00,0.628529040
2025-01-18 12:00:00+00:00,0.628529040
2025-01-18 13:00:00+00:00,0.526845514
2025-01-18 14:00:00+00:00,0.352625833
2025-01-18 15:00:00+00:00,0.158397979
2025-01-18 16:00:00+00:00,0.014785160
2025-01-18 17:00:00+00:00,0.000000000
2025-01-18 18:00:00+00:00,0.000000000
2025-01-18 19:00:00+00:00,0.000000000
2025-01-18 20:00:00+00:00,0.000000000
2025-01-18 21:00:00+00:00,0.000000000
2025-01-18 22:00:00+00:00,0.000000000
2025-01-18 23:00:00+00:00,0.000000000
2025-01-19 00:00:00+00:00,0.000000000
2025-01-19 01:00:00+00:00,0.000000000
2025-01-19 02:00:00+00:00,0.000000000
2025-01-19 03:00:00+00:00,0.000000000
2025-01-19 04:00:00+00:00,0.000000000
2025-01-19 05:00:00+00:00,0.000000000
2025-01-19 06:00:00+00:00,0.000000000
2025-01-19 07:00:00+00:00,0.015813233
2025-01-19 08:00:00+00:00,0.159871892
2025-01-19 09:00:00+00:00,0.353383451
2025-01-19 10:00:00+00:00,0.526606708
2025-01-19 11:00:00+00:00,0.627617731
2025-01-19 12:00:00+00:00,0.627617731
2025-01-19 13:00:00+00:00,0.526606708
2025-01-19 14:00:00+00:00,0.353383451
2025-01-19 15:00:00+00:00,0.159871892
2025-01-19 16:00:00+00:00,0.015813233
2025-01-19 17:00:00+00:00,0.000000000
2025-01-19 18:00:00+00:00,0.000000000
2025-01-19 19:00:00+00:00,0.000000000
2025-01-19 20:00:00+00:00,0.000000000
2025-01-19 21:00:00+00:00,0.000000000
2025-01-19 22:00:00+00:00,0.000000000
2025-01-19 23:00:00+00:00,0.000000000
2025-01-20 00:00:00+00:00,0.000000000
2025-01-20 01:00:00+00:00,0.000000000
2025-01-20 02:00:00+00:00,0.000000000
2025-01-20 03:00:00+00:00,0.000000000
2025-01-20 04:00:00+00:00,0.000000000
2025-01-20 05:00:00+00:00,0.000000000
2025-01-20 06:00:00+00:00,0.000000000
2025-01-20 07:00:00+00:00,0.020412244
2025-01-20 08:00:00+00:00,0.195069500
2025-01-20 09:00:00+00:00,0.428091883
2025-01-20 10:00:00+00:00,0.636251426
2025-01-20 11:00:00+00:00,0.757523504
2025-01-20 12:00:00+00:00,0.757523504
2025-01-20 13:00:00+00:00,0.636251426
2025-01-20 14:00:00+00:00,0.428091883
2025-01-20 15:00:00+00:00,0.195069500
2025-01-20 16:00:00+00:00,0.020412244
2025-01-20 17:00:00+00:00,0.000000000
2025-01-20 18:00:00+00:00,0.000000000
2025-01-20 19:00:00+00:00,0.000000000
2025-01-20 20:00:00+00:00,0.000000000
2025-01-20 21:00:00+00:00,0.000000000
2025-01-20 22:00:00+00:00,0.000000000
2025-01-20 23:00:00+00:00,0.000000000
2025-01-21 00:00:00+00:00,0.000000000
2025-01-21 01:00:00+00:00,0.000000000
2025-01-21 02:00:00+00:00,0.000000000
2025-01-21 03:00:00+00:00,0.000000000
2025-01-21 04:00:00+00:00,0.000000000
2025-01-21 05:00:00+00:00,0.000000000
2025-01-21 06:00:00+00:00,0.000000000
2025-01-21 07:00:00+00:00,0.018874680
2025-01-21 08:00:00+00:00,0.170780282
2025-01-21 09:00:00+00:00,0.372072392
2025-01-21 10:00:00+00:00,0.551509333
2025-01-21 11:00:00+00:00,0.655950442
2025-01-21 12:00:00+00:00,0.655950442
2025-01-21 13:00:00+00:00,0.551509333
2025-01-21 14:00:00+00:00,0.372072392
2025-01-21 15:00:00+00:00,0.170780282
2025-01-21 16:00:00+00:00,0.018874680
2025-01-21 17:00:00+00:00,0.000000000
2025-01-21 18:00:00+00:00,0.000000000
2025-01-21 19:00:00+00:00,0.000000000
2025-01-21 20:00:00+00:00,0.000000000
2025-01-21 21:00:00+00:00,0.000000000
2025-01-21 22:00:00+00:00,0.000000000
2025-01-21 23:00:00+00:00,0.000000000
2025-01-22 00:00:00+00:00,0.000000000
2025-01-22 01:00:00+00:00,0.000000000
2025-01-22 02:00:00+00:00,0.000000000
2025-01-22 03:00:00+00:00,0.000000000
2025-01-22 04:00:00+00:00,0.000000000
2025-01-22 05:00:00+00:00,0.000000000
2025-01-22 06:00:00+00:00,0.000000000
2025-01-22 07:00:00+00:00,0.015547831
2025-01-22 08:00:00+00:00,0.133410537
2025-01-22 09:00:00+00:00,0.288532682
2025-01-22 10:00:00+00:00,0.426518199
2025-01-22 11:00:00+00:00,0.506756537
2025-01-22 12:00:00+00:00,0.506756537
2025-01-22 13:00:00+00:00,0.426518199
2025-01-22 14:00:00+00:00,0.288532682
2025-01-22 15:00:00+00:00,0.133410537
2025-01-22 16:00:00+00:00,0.015547831
2025-01-22 17:00:00+00:00,0.000000000
2025-01-22 18:00:00+00:00,0.000000000
2025-01-22 19:00:00+00:00,0.000000000
2025-01-22 20:00:00+00:00,0.000000000
2025-01-22 21:00:00+00:00,0.000000000
2025-01-22 22:00:00+00:00,0.000000000
2025-01-22 23:00:00+00:00,0.000000000
2025-01-23 00:00:00+00:00,0.000000000
2025-01-23 01:00:00+00:00,0.000000000
2025-01-23 02:00:00+00:00,0.000000000
2025-01-23 03:00:00+00:00,0.000000000
2025-01-23 04:00:00+00:00,0.000000000
2025-01-23 05:00:00+00:00,0.000000000
2025-01-23 06:00:00+00:00,0.000000000
2025-01-23 07:00:00+00:00,0.026638011
2025-01-23 08:00:00+00:00,0.217107687
2025-01-23 09:00:00+00:00,0.466093065
2025-01-23 10:00:00+00:00,0.687095709
2025-01-23 11:00:00+00:00,0.815485013
2025-01-23 12:00:00+00:00,0.815485013
2025-01-23 13:00:00+00:00,0.687095709
2025-01-23 14:00:00+00:00,0.466093065
2025-01-23 15:00:00+00:00,0.217107687
2025-01-23 16:00:00+00:00,0.026638011
2025-01-23 17:00:00+00:00,0.000000000
2025-01-23 18:00:00+00:00,0.000000000
2025-01-23 19:00:00+00:00,0.000000000
2025-01-23 20:00:00+00:00,0.000000000
2025-01-23 21:00:00+00:00,0.000000000
2025-01-23 22:00:00+00:00,0.000000000
2025-01-23 23:00:00+00:00,0.000000000
2025-01-24 00:00:00+00:00,0.000000000
2025-01-24 01:00:00+00:00,0.000000000
2025-01-24 02:00:00+00:00,0.000000000
2025-01-24 03:00:00+00:00,0.000000000
2025-01-24 04:00:00+00:00,0.000000000
2025-01-24 05:00:00+00:00,0.000000000
2025-01-24 06:00:00+00:00,0.000000000
2025-01-24 07:00:00+00:00,0.027640586
2025-01-24 08:00:00+00:00,0.214314328
2025-01-24 09:00:00+00:00,0.456691335
2025-01-24 10:00:00+00:00,0.671360370
2025-01-24 11:00:00+00:00,0.795948982
2025-01-24 12:00:00+00:00,0.795948982
2025-01-24 13:00:00+00:00,0.671360370
2025-01-24 14:00:00+00:00,0.456691335
2025-01-24 15:00:00+00:00,0.214314328
2025-01-24 16:00:00+00:00,0.027640586
2025-01-24 17:00:00+00:00,0.000000000
2025-01-24 18:00:00+00:00,0.000000000
2025-01-24 19:00:00+00:00,0.000000000
2025-01-24 20:00:00+00:00,0.000000000
2025-01-24 21:00:00+00:00,0.000000000
2025-01-24 22:00:00+00:00,0.000000000
2025-01-24 23:00:00+00:00,0.000000000
2025-01-25 00:00:00+00:00,0.000000000
2025-01-25 01:00:00+00:00,0.000000000
2025-01-25 02:00:00+00:00,0.000000000
2025-01-25 03:00:00+00:00,0.000000000
2025-01-25 04:00:00+00:00,0.000000000
2025-01-25 05:00:00+00:00,0.000000000
2025-01-25 06:00:00+00:00,0.000000000
2025-01-25 07:00:00+00:00,0.030069935
2025-01-25 08:00:00+00:00,0.222141523
2025-01-25 09:00:00+00:00,0.469851909
2025-01-25 10:00:00+00:00,0.688763163
2025-01-25 11:00:00+00:00,0.815688889
2025-01-25 12:00:00+00:00,0.815688889
2025-01-25 13:00:00+00:00,0.688763163
2025-01-25 14:00:00+00:00,0.469851909
2025-01-25 15:00:00+00:00,0.222141523
2025-01-25 16:00:00+00:00,0.030069935
2025-01-25 17:00:00+00:00,0.000000000
2025-01-25 18:00:00+00:00,0.000000000
2025-01-25 19:00:00+00:00,0.000000000
2025-01-25 20:00:00+00:00,0.000000000
2025-01-25 21:00:00+00:00,0.000000000
2025-01-25 22:00:00+00:00,0.000000000
2025-01-25 23:00:00+00:00,0.000000000
2025-01-26 00:00:00+00:00,0.000000000
2025-01-26 01:00:00+00:00,0.000000000
2025-01-26 02:00:00+00:00,0.000000000
2025-01-26 03:00:00+00:00,0.000000000
2025-01-26 04:00:00+00:00,0.000000000
2025-01-26 05:00:00+00:00,0.000000000
2025-01-26 06:00:00+00:00,0.000000000
2025-01-26 07:00:00+00:00,0.028389498
2025-01-26 08:00:00+00:00,0.200122212
2025-01-26 09:00:00+00:00,0.420122182
2025-01-26 10:00:00+00:00,0.614114689
2025-01-26 11:00:00+00:00,0.726480620
2025-01-26 12:00:00+00:00,0.726480620
2025-01-26 13:00:00+00:00,0.614114689
2025-01-26 14:00:00+00:00,0.420122182
2025-01-26 15:00:00+00:00,0.200122212
2025-01-26 16:00:00+00:00,0.028389498
2025-01-26 17:00:00+00:00,0.000000000
2025-01-26 18:00:00+00:00,0.000000000
2025-01-26 19:00:00+00:00,0.000000000
2025-01-26 20:00:00+00:00,0.000000000
2025-01-26 21:00:00+00:00,0.000000000
2025-01-26 22:00:00+00:00,0.000000000
2025-01-26 23:00:00+00:00,0.000000000
2025-01-27 00:00:00+00:00,0.000000000
2025-01-27 01:00:00+00:00,0.000000000
2025-01-27 02:00:00+00:00,0.000000000
2025-01-27 03:00:00+00:00,0.000000000
2025-01-27 04:00:00+00:00,0.000000000
2025-01-27 05:00:00+00:00,0.000000000
2025-01-27 06:00:00+00:00,0.000000000
2025-01-27 07:00:00+00:00,0.030395313
2025-01-27 08:00:00+00:00,0.204745854
2025-01-27 09:00:00+00:00,0.426616382
2025-01-27 10:00:00+00:00,0.621822759
2025-01-27 11:00:00+00:00,0.734778360
2025-01-27 12:00:00+00:00,0.734778360
2025-01-27 13:00:00+00:00,0.621822759
2025-01-27 14:00:00+00:00,0.426616382
2025-01-27 15:00:00+00:00,0.204745854
2025-01-27 16:00:00+00:00,0.030395313
2025-01-27 17:00:00+00:00,0.000000000
2025-01-27 18:00:00+00:00,0.000000000
2025-01-27 19:00:00+00:00,0.000000000
2025-01-27 20:00:00+00:00,0.000000000
2025-01-27 21:00:00+00:00,0.000000000
2025-01-27 22:00:00+00:00,0.000000000
2025-01-27 23:00:00+00:00,0.000000000
2025-01-28 00:00:00+00:00,0.000000000
2025-01-28 01:00:00+00:00,0.000000000
2025-01-28 02:00:00+00:00,0.000000000
2025-01-28 03:00:00+00:00,0.000000000
2025-01-28 04:00:00+00:00,0.000000000
2025-01-28 05:00:00+00:00,0.000000000
2025-01-28 06:00:00+00:00,0.000000000
2025-01-28 07:00:00+00:00,0.027097390
2025-01-28 08:00:00+00:00,0.174670877
2025-01-28 09:00:00+00:00,0.361228075
2025-01-28 10:00:00+00:00,0.524997578
2025-01-28 11:00:00+00:00,0.619666454
2025-01-28 12:00:00+00:00,0.619666454
2025-01-28 13:00:00+00:00,0.524997578
2025-01-28 14:00:00+00:00,0.361228075
2025-01-28 15:00:00+00:00,0.174670877
2025-01-28 16:00:00+00:00,0.027097390
2025-01-28 17:00:00+00:00,0.000000000
2025-01-28 18:00:00+00:00,0.000000000
2025-01-28 19:00:00+00:00,0.000000000
2025-01-28 20:00:00+00:00,0.000000000
2025-01-28 21:00:00+00:00,0.000000000
2025-01-28 22:00:00+00:00,0.000000000
2025-01-28 23:00:00+00:00,0.000000000
2025-01-29 00:00:00+00:00,0.000000000
2025-01-29 01:00:00+00:00,0.000000000
2025-01-29 02:00:00+00:00,0.000000000
2025-01-29 03:00:00+00:00,0.000000000
2025-01-29 04:00:00+00:00,0.000000000
2025-01-29 05:00:00+00:00,0.000000000
2025-01-29 06:00:00+00:00,0.000000000
2025-01-29 07:00:00+00:00,0.026407236
2025-01-29 08:00:00+00:00,0.163116125
2025-01-29 09:00:00+00:00,0.334808333
2025-01-29 10:00:00+00:00,0.485189608
2025-01-29 11:00:00+00:00,0.572030674
2025-01-29 12:00:00+00:00,0.572030674
2025-01-29 13:00:00+00:00,0.485189608
2025-01-29 14:00:00+00:00,0.334808333
2025-01-29 15:00:00+00:00,0.163116125
2025-01-29 16:00:00+00:00,0.026407236
2025-01-29 17:00:00+00:00,0.000000000
2025-01-29 18:00:00+00:00,0.000000000
2025-01-29 19:00:00+00:00,0.000000000
2025-01-29 20:00:00+00:00,0.000000000
2025-01-29 21:00:00+00:00,0.000000000
2025-01-29 22:00:00+00:00,0.000000000
2025-01-29 23:00:00+00:00,0.000000000
2025-01-30 00:00:00+00:00,0.000000000
2025-01-30 01:00:00+00:00,0.000000000
2025-01-30 02:00:00+00:00,0.000000000
2025-01-30 03:00:00+00:00,0.000000000
2025-01-30 04:00:00+00:00,0.000000000
2025-01-30 05:00:00+00:00,0.000000000
2025-01-30 06:00:00+00:00,0.000000000
2025-01-30 07:00:00+00:00,0.029155593
2025-01-30 08:00:00+00:00,0.172804751
2025-01-30 09:00:00+00:00,0.352043472
2025-01-30 10:00:00+00:00,0.508680203
2025-01-30 11:00:00+00:00,0.599040854
2025-01-30 12:00:00+00:00,0.599040854
2025-01-30 13:00:00+00:00,0.508680203
2025-01-30 14:00:00+00:00,0.352043472
2025-01-30 15:00:00+00:00,0.172804751
2025-01-30 16:00:00+00:00,0.029155593
2025-01-30 17:00:00+00:00,0.000000000
2025-01-30 18:00:00+00:00,0.000000000
2025-01-30 19:00:00+00:00,0.000000000
2025-01-30 20:00:00+00:00,0.000000000
2025-01-30 21:00:00+00:00,0.000000000
2025-01-30 22:00:00+00:00,0.000000000
2025-01-30 23:00:00+00:00,0.000000000
2025-01-31 00:00:00+00:00,0.000000000
2025-01-31 01:00:00+00:00,0.000000000
2025-01-31 02:00:00+00:00,0.000000000
2025-01-31 03:00:00+00:00,0.000000000
2025-01-31 04:00:00+00:00,0.000000000
2025-01-31 05:00:00+00:00,0.000000000
2025-01-31 06:00:00+00:00,0.000000000
2025-01-31 07:00:00+00:00,0.033661589
2025-01-31 08:00:00+00:00,0.191685698
2025-01-31 09:00:00+00:00,0.387594320
2025-01-31 10:00:00+00:00,0.558411377
2025-01-31 11:00:00+00:00,0.656850761
2025-01-31 12:00:00+00:00,0.656850761
2025-01-31 13:00:00+00:00,0.558411377
2025-01-31 14:00:00+00:00,0.387594320
2025-01-31 15:00:00+00:00,0.191685698
2025-01-31 16:00:00+00:00,0.033661589
2025-01-31 17:00:00+00:00,0.000000000
2025-01-31 18:00:00+00:00,0.000000000
2025-01-31 19:00:00+00:00,0.000000000
2025-01-31 20:00:00+00:00,0.000000000
2025-01-31 21:00:00+00:00,0.000000000
2025-01-31 22:00:00+00:00,0.000000000
2025-01-31 23:00:00+00:00,0.000000000
2025-02-01 00:00:00+00:00,0.000000000
2025-02-01 01:00:00+00:00,0.000000000
2025-02-01 02:00:00+00:00,0.000000000
2025-02-01 03:00:00+00:00,0.000000000
2025-02-01 04:00:00+00:00,0.000000000
2025-02-01 05:00:00+00:00,0.000000000
2025-02-01 06:00:00+00:00,0.000000000
2025-02-01 07:00:00+00:00,0.037049689
2025-02-01 08:00:00+00:00,0.202957466
2025-02-01 09:00:00+00:00,0.407331864
2025-02-01 10:00:00+00:00,0.585126333
2025-02-01 11:00:00+00:00,0.687480547
2025-02-01 12:00:00+00:00,0.687480547
2025-02-01 13:00:00+00:00,0.585126333
2025-02-01 14:00:00+00:00,0.407331864
2025-02-01 15:00:00+00:00,0.202957466
2025-02-01 16:00:00+00:00,0.037049689
2025-02-01 17:00:00+00:00,0.000000000
2025-02-01 18:00:00+00:00,0.000000000
2025-02-01 19:00:00+00:00,0.000000000
2025-02-01 20:00:00+00:00,0.000000000
2025-02-01 21:00:00+00:00,0.000000000
2025-02-01 22:00:00+00:00,0.000000000
2025-02-01 23:00:00+00:00,0.000000000
2025-02-02 00:00:00+00:00,0.000000000
2025-02-02 01:00:00+00:00,0.000000000
2025-02-02 02:00:00+00:00,0.000000000
2025-02-02 03:00:00+00:00,0.000000000
2025-02-02 04:00:00+00:00,0.000000000
2025-02-02 05:00:00+00:00,0.000000000
2025-02-02 06:00:00+00:00,0.000000000
2025-02-02 07:00:00+00:00,0.043528432
2025-02-02 08:00:00+00:00,0.229660147
2025-02-02 09:00:00+00:00,0.457504976
2025-02-02 10:00:00+00:00,0.655267481
2025-02-02 11:00:00+00:00,0.768998666
2025-02-02 12:00:00+00:00,0.768998666
2025-02-02 13:00:00+00:00,0.655267481
2025-02-02 14:00:00+00:00,0.457504976
2025-02-02 15:00:00+00:00,0.229660147
2025-02-02 16:00:00+00:00,0.043528432
2025-02-02 17:00:00+00:00,0.000000000
2025-02-02 18:00:00+00:00,0.000000000
2025-02-02 19:00:00+00:00,0.000000000
2025-02-02 20:00:00+00:00,0.000000000
2025-02-02 21:00:00+00:00,0.000000000
2025-02-02 22:00:00+00:00,0.000000000
2025-02-02 23:00:00+00:00,0.000000000
2025-02-03 00:00:00+00:00,0.000000000
2025-02-03 01:00:00+00:00,0.000000000
2025-02-03 02:00:00+00:00,0.000000000
2025-02-03 03:00:00+00:00,0.000000000
2025-02-03 04:00:00+00:00,0.000000000
2025-02-03 05:00:00+00:00,0.000000000
2025-02-03 06:00:00+00:00,0.000000000
2025-02-03 07:00:00+00:00,0.040399289
2025-02-03 08:00:00+00:00,0.205536172
2025-02-03 09:00:00+00:00,0.406423558
2025-02-03 10:00:00+00:00,0.580391888
2025-02-03 11:00:00+00:00,0.680334928
2025-02-03 12:00:00+00:00,0.680334928
2025-02-03 13:00:00+00:00,0.580391888
2025-02-03 14:00:00+00:00,0.406423558
2025-02-03 15:00:00+00:00,0.205536172
2025-02-03 16:00:00+00:00,0.040399289
2025-02-03 17:00:00+00:00,0.000000000
2025-02-03 18:00:00+00:00,0.000000000
2025-02-03 19:00:00+00:00,0.000000000
2025-02-03 20:00:00+00:00,0.000000000
2025-02-03 21:00:00+00:00,0.000000000
2025-02-03 22:00:00+00:00,0.000000000
2025-02-03 23:00:00+00:00,0.000000000
2025-02-04 00:00:00+00:00,0.000000000
2025-02-04 01:00:00+00:00,0.000000000
2025-02-04 02:00:00+00:00,0.000000000
2025-02-04 03:00:00+00:00,0.000000000
2025-02-04 04:00:00+00:00,0.000000000
2025-02-04 05:00:00+00:00,0.000000000
2025-02-04 06:00:00+00:00,0.000000000
2025-02-04 07:00:00+00:00,0.034377881
2025-02-04 08:00:00+00:00,0.168845144
2025-02-04 09:00:00+00:00,0.331417522
2025-02-04 10:00:00+00:00,0.471885550
2025-02-04 11:00:00+00:00,0.552498640
2025-02-04 12:00:00+00:00,0.552498640
2025-02-04 13:00:00+00:00,0.471885550
2025-02-04 14:00:00+00:00,0.331417522
2025-02-04 15:00:00+00:00,0.168845144
2025-02-04 16:00:00+00:00,0.034377881
2025-02-04 17:00:00+00:00,0.000000000
2025-02-04 18:00:00+00:00,0.000000000
2025-02-04 19:00:00+00:00,0.000000000
2025-02-04 20:00:00+00:00,0.000000000
2025-02-04 21:00:00+00:00,0.000000000
2025-02-04 22:00:00+00:00,0.000000000
2025-02-04 23:00:00+00:00,0.000000000
2025-02-05 00:00:00+00:00,0.000000000
2025-02-05 01:00:00+00:00,0.000000000
2025-02-05 02:00:00+00:00,0.000000000
2025-02-05 03:00:00+00:00,0.000000000
2025-02-05 04:00:00+00:00,0.000000000
2025-02-05 05:00:00+00:00,0.000000000
2025-02-05 06:00:00+00:00,0.000000000
2025-02-05 07:00:00+00:00,0.044151802
2025-02-05 08:00:00+00:00,0.209570154
2025-02-05 09:00:00+00:00,0.408348120
2025-02-05 10:00:00+00:00,0.579709644
2025-02-05 11:00:00+00:00,0.677949205
2025-02-05 12:00:00+00:00,0.677949205
2025-02-05 13:00:00+00:00,0.579709644
2025-02-05 14:00:00+00:00,0.408348120
2025-02-05 15:00:00+00:00,0.209570154
2025-02-05 16:00:00+00:00,0.044151802
2025-02-05 17:00:00+00:00,0.000000000
2025-02-05 18:00:00+00:00,0.000000000
2025-02-05 19:00:00+00:00,0.000000000
2025-02-05 20:00:00+00:00,0.000000000
2025-02-05 21:00:00+00:00,0.000000000
2025-02-05 22:00:00+00:00,0.000000000
2025-02-05 23:00:00+00:00,0.000000000
2025-02-06 00:00:00+00:00,0.000000000
2025-02-06 01:00:00+00:00,0.000000000
2025-02-06 02:00:00+00:00,0.000000000
2025-02-06 03:00:00+00:00,0.000000000
2025-02-06 04:00:00+00:00,0.000000000
2025-02-06 05:00:00+00:00,0.000000000
2025-02-06 06:00:00+00:00,0.000000000
2025-02-06 07:00:00+00:00,0.048448526
2025-02-06 08:00:00+00:00,0.222481357
2025-02-06 09:00:00+00:00,0.430357024
2025-02-06 10:00:00+00:00,0.609155935
2025-02-06 11:00:00+00:00,0.711551840
2025-02-06 12:00:00+00:00,0.711551840
2025-02-06 13:00:00+00:00,0.609155935
2025-02-06 14:00:00+00:00,0.430357024
2025-02-06 15:00:00+00:00,0.222481357
2025-02-06 16:00:00+00:00,0.048448526
2025-02-06 17:00:00+00:00,0.000000000
2025-02-06 18:00:00+00:00,0.000000000
2025-02-06 19:00:00+00:00,0.000000000
2025-02-06 20:00:00+00:00,0.000000000
2025-02-06 21:00:00+00:00,0.000000000
2025-02-06 22:00:00+00:00,0.000000000
2025-02-06 23:00:00+00:00,0.000000000
2025-02-07 00:00:00+00:00,0.000000000
2025-02-07 01:00:00+00:00,0.000000000
2025-02-07 02:00:00+00:00,0.000000000
2025-02-07 03:00:00+00:00,0.000000000
2025-02-07 04:00:00+00:00,0.000000000
2025-02-07 05:00:00+00:00,0.000000000
2025-02-07 06:00:00+00:00,0.000000000
2025-02-07 07:00:00+00:00,0.045627658
2025-02-07 08:00:00+00:00,0.202916857
2025-02-07 09:00:00+00:00,0.389681014
2025-02-07 10:00:00+00:00,0.549958792
2025-02-07 11:00:00+00:00,0.641651657
2025-02-07 12:00:00+00:00,0.641651657
2025-02-07 13:00:00+00:00,0.549958792
2025-02-07 14:00:00+00:00,0.389681014
2025-02-07 15:00:00+00:00,0.202916857
2025-02-07 16:00:00+00:00,0.045627658
2025-02-07 17:00:00+00:00,0.000000000
2025-02-07 18:00:00+00:00,0.000000000
2025-02-07 19:00:00+00:00,0.000000000
2025-02-07 20:00:00+00:00,0.000000000
2025-02-07 21:00:00+00:00,0.000000000
2025-02-07 22:00:00+00:00,0.000000000
2025-02-07 23:00:00+00:00,0.000000000
2025-02-08 00:00:00+00:00,0.000000000
2025-02-08 01:00:00+00:00,0.000000000
2025-02-08 02:00:00+00:00,0.000000000
2025-02-08 03:00:00+00:00,0.000000000
2025-02-08 04:00:00+00:00,0.000000000
2025-02-08 05:00:00+00:00,0.000000000
2025-02-08 06:00:00+00:00,0.000000000
2025-02-08 07:00:00+00:00,0.051609367
2025-02-08 08:00:00+00:00,0.222497412
2025-02-08 09:00:00+00:00,0.424224059
2025-02-08 10:00:00+00:00,0.596952807
2025-02-08 11:00:00+00:00,0.695665168
2025-02-08 12:00:00+00:00,0.695665168
2025-02-08 13:00:00+00:00,0.596952807
2025-02-08 14:00:00+00:00,0.424224059
2025-02-08 15:00:00+00:00,0.222497412
2025-02-08 16:00:00+00:00,0.051609367
2025-02-08 17:00:00+00:00,0.000000000
2025-02-08 18:00:00+00:00,0.000000000
2025-02-08 19:00:00+00:00,0.000000000
2025-02-08 20:00:00+00:00,0.000000000
2025-02-08 21:00:00+00:00,0.000000000
2025-02-08 22:00:00+00:00,0.000000000
2025-02-08 23:00:00+00:00,0.000000000
2025-02-09 00:00:00+00:00,0.000000000
2025-02-09 01:00:00+00:00,0.000000000
2025-02-09 02:00:00+00:00,0.000000000
2025-02-09 03:00:00+00:00,0.000000000
2025-02-09 04:00:00+00:00,0.000000000
2025-02-09 05:00:00+00:00,0.000000000
2025-02-09 06:00:00+00:00,0.000000000
2025-02-09 07:00:00+00:00,0.064594414
2025-02-09 08:00:00+00:00,0.270216956
2025-02-09 09:00:00+00:00,0.511548745
2025-02-09 10:00:00+00:00,0.717726128
2025-02-09 11:00:00+00:00,0.835430631
2025-02-09 12:00:00+00:00,0.835430631
2025-02-09 13:00:00+00:00,0.717726128
2025-02-09 14:00:00+00:00,0.511548745
2025-02-09 15:00:00+00:00,0.270216956
2025-02-09 16:00:00+00:00,0.064594414
2025-02-09 17:00:00+00:00,0.000000000
2025-02-09 18:00:00+00:00,0.000000000
2025-02-09 19:00:00+00:00,0.000000000
2025-02-09 20:00:00+00:00,0.000000000
2025-02-09 21:00:00+00:00,0.000000000
2025-02-09 22:00:00+00:00,0.000000000
2025-02-09 23:00:00+00:00,0.000000000
2025-02-10 00:00:00+00:00,0.000000000
2025-02-10 01:00:00+00:00,0.000000000
2025-02-10 02:00:00+00:00,0.000000000
2025-02-10 03:00:00+00:00,0.000000000
2025-02-10 04:00:00+00:00,0.000000000
2025-02-10 05:00:00+00:00,0.000000000
2025-02-10 06:00:00+00:00,0.000000000
2025-02-10 07:00:00+00:00,0.054473283
2025-02-10 08:00:00+00:00,0.221321045
2025-02-10 09:00:00+00:00,0.416032738
2025-02-10 10:00:00+00:00,0.582009673
2025-02-10 11:00:00+00:00,0.676665124
2025-02-10 12:00:00+00:00,0.676665124
2025-02-10 13:00:00+00:00,0.582009673
2025-02-10 14:00:00+00:00,0.416032738
2025-02-10 15:00:00+00:00,0.221321045
2025-02-10 16:00:00+00:00,0.054473283
2025-02-10 17:00:00+00:00,0.000000000
2025-02-10 18:00:00+00:00,0.000000000
2025-02-10 19:00:00+00:00,0.000000000
2025-02-10 20:00:00+00:00,0.000000000
2025-02-10 21:00:00+00:00,0.000000000
2025-02-10 22:00:00+00:00,0.000000000
2025-02-10 23:00:00+00:00,0.000000000
2025-02-11 00:00:00+00:00,0.000000000
2025-02-11 01:00:00+00:00,0.000000000
2025-02-11 02:00:00+00:00,0.000000000
2025-02-11 03:00:00+00:00,0.000000000
2025-02-11 04:00:00+00:00,0.000000000
2025-02-11 05:00:00+00:00,0.000000000
2025-02-11 06:00:00+00:00,0.000000000
2025-02-11 07:00:00+00:00,0.052749116
2025-02-11 08:00:00+00:00,0.208334988
2025-02-11 09:00:00+00:00,0.388888332
2025-02-11 10:00:00+00:00,0.542454316
2025-02-11 11:00:00+00:00,0.629940547
2025-02-11 12:00:00+00:00,0.629940547
2025-02-11 13:00:00+00:00,0.542454316
2025-02-11 14:00:00+00:00,0.388888332
2025-02-11 15:00:00+00:00,0.208334988
2025-02-11 16:00:00+00:00,0.052749116
2025-02-11 17:00:00+00:00,0.000000000
2025-02-11 18:00:00+00:00,0.000000000
2025-02-11 19:00:00+00:00,0.000000000
2025-02-11 20:00:00+00:00,0.000000000
2025-02-11 21:00:00+00:00,0.000000000
2025-02-11 22:00:00+00:00,0.000000000
2025-02-11 23:00:00+00:00,0.000000000
2025-02-12 00:00:00+00:00,0.000000000
2025-02-12 01:00:00+00:00,0.000000000
2025-02-12 02:00:00+00:00,0.000000000
2025-02-12 03:00:00+00:00,0.000000000
2025-02-12 04:00:00+00:00,0.000000000
2025-02-12 05:00:00+00:00,0.000000000
2025-02-12 06:00:00+00:00,0.000000000
2025-02-12 07:00:00+00:00,0.058158874
2025-02-12 08:00:00+00:00,0.223482587
2025-02-12 09:00:00+00:00,0.414279057
2025-02-12 10:00:00+00:00,0.576198363
2025-02-12 11:00:00+00:00,0.668347501
2025-02-12 12:00:00+00:00,0.668347501
2025-02-12 13:00:00+00:00,0.576198363
2025-02-12 14:00:00+00:00,0.414279057
2025-02-12 15:00:00+00:00,0.223482587
2025-02-12 16:00:00+00:00,0.058158874
2025-02-12 17:00:00+00:00,0.000000000
2025-02-12 18:00:00+00:00,0.000000000
2025-02-12 19:00:00+00:00,0.000000000
2025-02-12 20:00:00+00:00,0.000000000
2025-02-12 21:00:00+00:00,0.000000000
2025-02-12 22:00:00+00:00,0.000000000
2025-02-12 23:00:00+00:00,0.000000000
2025-02-13 00:00:00+00:00,0.000000000
2025-02-13 01:00:00+00:00,0.000000000
2025-02-13 02:00:00+00:00,0.000000000
2025-02-13 03:00:00+00:00,0.000000000
2025-02-13 04:00:00+00:00,0.000000000
2025-02-13 05:00:00+00:00,0.000000000
2025-02-13 06:00:00+00:00,0.000000000
2025-02-13 07:00:00+00:00,0.053474987
2025-02-13 08:00:00+00:00,0.200086953
2025-02-13 09:00:00+00:00,0.368370092
2025-02-13 10:00:00+00:00,0.510869531
2025-02-13 11:00:00+00:00,0.591882615
2025-02-13 12:00:00+00:00,0.591882615
2025-02-13 13:00:00+00:00,0.510869531
2025-02-13 14:00:00+00:00,0.368370092
2025-02-13 15:00:00+00:00,0.200086953
2025-02-13 16:00:00+00:00,0.053474987
2025-02-13 17:00:00+00:00,0.000000000
2025-02-13 18:00:00+00:00,0.000000000
2025-02-13 19:00:00+00:00,0.000000000
2025-02-13 20:00:00+00:00,0.000000000
2025-02-13 21:00:00+00:00,0.000000000
2025-02-13 22:00:00+00:00,0.000000000
2025-02-13 23:00:00+00:00,0.000000000
2025-02-14 00:00:00+00:00,0.000000000
2025-02-14 01:00:00+00:00,0.000000000
2025-02-14 02:00:00+00:00,0.000000000
2025-02-14 03:00:00+00:00,0.000000000
2025-02-14 04:00:00+00:00,0.000000000
2025-02-14 05:00:00+00:00,0.000000000
2025-02-14 06:00:00+00:00,0.000000000
2025-02-14 07:00:00+00:00,0.060530179
2025-02-14 08:00:00+00:00,0.220712772
2025-02-14 09:00:00+00:00,0.403589623
2025-02-14 10:00:00+00:00,0.558108445
2025-02-14 11:00:00+00:00,0.645863951
2025-02-14 12:00:00+00:00,0.645863951
2025-02-14 13:00:00+00:00,0.558108445
2025-02-14 14:00:00+00:00,0.403589623
2025-02-14 15:00:00+00:00,0.220712772
2025-02-14 16:00:00+00:00,0.060530179
2025-02-14 17:00:00+00:00,0.000000000
2025-02-14 18:00:00+00:00,0.000000000
2025-02-14 19:00:00+00:00,0.000000000
2025-02-14 20:00:00+00:00,0.000000000
2025-02-14 21:00:00+00:00,0.000000000
2025-02-14 22:00:00+00:00,0.000000000
2025-02-14 23:00:00+00:00,0.000000000
2025-02-15 00:00:00+00:00,0.000000000
2025-02-15 01:00:00+00:00,0.000000000
2025-02-15 02:00:00+00:00,0.000000000
2025-02-15 03:00:00+00:00,0.000000000
2025-02-15 04:00:00+00:00,0.000000000
2025-02-15 05:00:00+00:00,0.000000000
2025-02-15 06:00:00+00:00,0.000000000
2025-02-15 07:00:00+00:00,0.069877678
2025-02-15 08:00:00+00:00,0.248494179
2025-02-15 09:00:00+00:00,0.451343442
2025-02-15 10:00:00+00:00,0.622365606
2025-02-15 11:00:00+00:00,0.719393846
2025-02-15 12:00:00+00:00,0.719393846
2025-02-15 13:00:00+00:00,0.622365606
2025-02-15 14:00:00+00:00,0.451343442
2025-02-15 15:00:00+00:00,0.248494179
2025-02-15 16:00:00+00:00,0.069877678
2025-02-15 17:00:00+00:00,0.000000000
2025-02-15 18:00:00+00:00,0.000000000
2025-02-15 19:00:00+00:00,0.000000000
2025-02-15 20:00:00+00:00,0.000000000
2025-02-15 21:00:00+00:00,0.000000000
2025-02-15 22:00:00+00:00,0.000000000
2025-02-15 23:00:00+00:00,0.000000000
2025-02-16 00:00:00+00:00,0.000000000
2025-02-16 01:00:00+00:00,0.000000000
2025-02-16 02:00:00+00:00,0.000000000
2025-02-16 03:00:00+00:00,0.000000000
2025-02-16 04:00:00+00:00,0.000000000
2025-02-16 05:00:00+00:00,0.000000000
2025-02-16 06:00:00+00:00,0.000000000
2025-02-16 07:00:00+00:00,0.069678927
2025-02-16 08:00:00+00:00,0.241837961
2025-02-16 09:00:00+00:00,0.436340935
2025-02-16 10:00:00+00:00,0.599972873
2025-02-16 11:00:00+00:00,0.692713194
2025-02-16 12:00:00+00:00,0.692713194
2025-02-16 13:00:00+00:00,0.599972873
2025-02-16 14:00:00+00:00,0.436340935
2025-02-16 15:00:00+00:00,0.241837961
2025-02-16 16:00:00+00:00,0.069678927
2025-02-16 17:00:00+00:00,0.000000000
2025-02-16 18:00:00+00:00,0.000000000
2025-02-16 19:00:00+00:00,0.000000000
2025-02-16 20:00:00+00:00,0.000000000
2025-02-16 21:00:00+00:00,0.000000000
2025-02-16 22:00:00+00:00,0.000000000
2025-02-16 23:00:00+00:00,0.000000000
2025-02-17 00:00:00+00:00,0.000000000
2025-02-17 01:00:00+00:00,0.000000000
2025-02-17 02:00:00+00:00,0.000000000
2025-02-17 03:00:00+00:00,0.000000000
2025-02-17 04:00:00+00:00,0.000000000
2025-02-17 05:00:00+00:00,0.000000000
2025-02-17 06:00:00+00:00,0.000000000
2025-02-17 07:00:00+00:00,0.069811821
2025-02-17 08:00:00+00:00,0.236651286
2025-02-17 09:00:00+00:00,0.424183462
2025-02-17 10:00:00+00:00,0.581613411
2025-02-17 11:00:00+00:00,0.670747697
2025-02-17 12:00:00+00:00,0.670747697
2025-02-17 13:00:00+00:00,0.581613411
2025-02-17 14:00:00+00:00,0.424183462
2025-02-17 15:00:00+00:00,0.236651286
2025-02-17 16:00:00+00:00,0.069811821
2025-02-17 17:00:00+00:00,0.000000000
2025-02-17 18:00:00+00:00,0.000000000
2025-02-17 19:00:00+00:00,0.000000000
2025-02-17 20:00:00+00:00,0.000000000
2025-02-17 21:00:00+00:00,0.000000000
2025-02-17 22:00:00+00:00,0.000000000
2025-02-17 23:00:00+00:00,0.000000000
2025-02-18 00:00:00+00:00,0.000000000
2025-02-18 01:00:00+00:00,0.000000000
2025-02-18 02:00:00+00:00,0.000000000
2025-02-18 03:00:00+00:00,0.000000000
2025-02-18 04:00:00+00:00,0.000000000
2025-02-18 05:00:00+00:00,0.000000000
2025-02-18 06:00:00+00:00,0.000000000
2025-02-18 07:00:00+00:00,0.087228483
2025-02-18 08:00:00+00:00,0.288998611
2025-02-18 09:00:00+00:00,0.514656370
2025-02-18 10:00:00+00:00,0.703689848
2025-02-18 11:00:00+00:00,0.810608975
2025-02-18 12:00:00+00:00,0.810608975
2025-02-18 13:00:00+00:00,0.703689848
2025-02-18 14:00:00+00:00,0.514656370
2025-02-18 15:00:00+00:00,0.288998611
2025-02-18 16:00:00+00:00,0.087228483
2025-02-18 17:00:00+00:00,0.000000000
2025-02-18 18:00:00+00:00,0.000000000
2025-02-18 19:00:00+00:00,0.000000000
2025-02-18 20:00:00+00:00,0.000000000
2025-02-18 21:00:00+00:00,0.000000000
2025-02-18 22:00:00+00:00,0.000000000
2025-02-18 23:00:00+00:00,0.000000000
2025-02-19 00:00:00+00:00,0.000000000
2025-02-19 01:00:00+00:00,0.000000000
2025-02-19 02:00:00+00:00,0.000000000
2025-02-19 03:00:00+00:00,0.000000000
2025-02-19 04:00:00+00:00,0.000000000
2025-02-19 05:00:00+00:00,0.000000000
2025-02-19 06:00:00+00:00,0.000000000
2025-02-19 07:00:00+00:00,0.086086710
2025-02-19 08:00:00+00:00,0.278946643
2025-02-19 09:00:00+00:00,0.493575155
2025-02-19 10:00:00+00:00,0.672990745
2025-02-19 11:00:00+00:00,0.774367545
2025-02-19 12:00:00+00:00,0.774367545
2025-02-19 13:00:00+00:00,0.672990745
2025-02-19 14:00:00+00:00,0.493575155
2025-02-19 15:00:00+00:00,0.278946643
2025-02-19 16:00:00+00:00,0.086086710
2025-02-19 17:00:00+00:00,0.000000000
2025-02-19 18:00:00+00:00,0.000000000
2025-02-19 19:00:00+00:00,0.000000000
2025-02-19 20:00:00+00:00,0.000000000
2025-02-19 21:00:00+00:00,0.000000000
2025-02-19 22:00:00+00:00,0.000000000
2025-02-19 23:00:00+00:00,0.000000000
2025-02-20 00:00:00+00:00,0.000000000
2025-02-20 01:00:00+00:00,0.000000000
2025-02-20 02:00:00+00:00,0.000000000
2025-02-20 03:00:00+00:00,0.000000000
2025-02-20 04:00:00+00:00,0.000000000
2025-02-20 05:00:00+00:00,0.000000000
2025-02-20 06:00:00+00:00,0.000000000
2025-02-20 07:00:00+00:00,0.087695751
2025-02-20 08:00:00+00:00,0.278093629
2025-02-20 09:00:00+00:00,0.488953946
2025-02-20 10:00:00+00:00,0.664851416
2025-02-20 11:00:00+00:00,0.764140689
2025-02-20 12:00:00+00:00,0.764140689
2025-02-20 13:00:00+00:00,0.664851416
2025-02-20 14:00:00+00:00,0.488953946
2025-02-20 15:00:00+00:00,0.278093629
2025-02-20 16:00:00+00:00,0.087695751
2025-02-20 17:00:00+00:00,0.000000000
2025-02-20 18:00:00+00:00,0.000000000
2025-02-20 19:00:00+00:00,0.000000000
2025-02-20 20:00:00+00:00,0.000000000
2025-02-20 21:00:00+00:00,0.000000000
2025-02-20 22:00:00+00:00,0.000000000
2025-02-20 23:00:00+00:00,0.000000000
2025-02-21 00:00:00+00:00,0.000000000
2025-02-21 01:00:00+00:00,0.000000000
2025-02-21 02:00:00+00:00,0.000000000
2025-02-21 03:00:00+00:00,0.000000000
2025-02-21 04:00:00+00:00,0.000000000
2025-02-21 05:00:00+00:00,0.000000000
2025-02-21 06:00:00+00:00,0.000000000
2025-02-21 07:00:00+00:00,0.094079477
2025-02-21 08:00:00+00:00,0.292149326
2025-02-21 09:00:00+00:00,0.510459272
2025-02-21 10:00:00+00:00,0.692194083
2025-02-21 11:00:00+00:00,0.794676167
2025-02-21 12:00:00+00:00,0.794676167
2025-02-21 13:00:00+00:00,0.692194083
2025-02-21 14:00:00+00:00,0.510459272
2025-02-21 15:00:00+00:00,0.292149326
2025-02-21 16:00:00+00:00,0.094079477
2025-02-21 17:00:00+00:00,0.000000000
2025-02-21 18:00:00+00:00,0.000000000
2025-02-21 19:00:00+00:00,0.000000000
2025-02-21 20:00:00+00:00,0.000000000
2025-02-21 21:00:00+00:00,0.000000000
2025-02-21 22:00:00+00:00,0.000000000
2025-02-21 23:00:00+00:00,0.000000000
2025-02-22 00:00:00+00:00,0.000000000
2025-02-22 01:00:00+00:00,0.000000000
2025-02-22 02:00:00+00:00,0.000000000
2025-02-22 03:00:00+00:00,0.000000000
2025-02-22 04:00:00+00:00,0.000000000
2025-02-22 05:00:00+00:00,0.000000000
2025-02-22 06:00:00+00:00,0.000000000
2025-02-22 07:00:00+00:00,0.086265584
2025-02-22 08:00:00+00:00,0.262485711
2025-02-22 09:00:00+00:00,0.455801709
2025-02-22 10:00:00+00:00,0.616399787
2025-02-22 11:00:00+00:00,0.706873024
2025-02-22 12:00:00+00:00,0.706873024
2025-02-22 13:00:00+00:00,0.616399787
2025-02-22 14:00:00+00:00,0.455801709
2025-02-22 15:00:00+00:00,0.262485711
2025-02-22 16:00:00+00:00,0.086265584
2025-02-22 17:00:00+00:00,0.000000000
2025-02-22 18:00:00+00:00,0.000000000
2025-02-22 19:00:00+00:00,0.000000000
2025-02-22 20:00:00+00:00,0.000000000
2025-02-22 21:00:00+00:00,0.000000000
2025-02-22 22:00:00+00:00,0.000000000
2025-02-22 23:00:00+00:00,0.000000000
2025-02-23 00:00:00+00:00,0.000000000
2025-02-23 01:00:00+00:00,0.000000000
2025-02-23 02:00:00+00:00,0.000000000
2025-02-23 03:00:00+00:00,0.000000000
2025-02-23 04:00:00+00:00,0.000000000
2025-02-23 05:00:00+00:00,0.000000000
2025-02-23 06:00:00+00:00,0.000000000
2025-02-23 07:00:00+00:00,0.089632035
2025-02-23 08:00:00+00:00,0.267387417
2025-02-23 09:00:00+00:00,0.461487875
2025-02-23 10:00:00+00:00,0.622409835
2025-02-23 11:00:00+00:00,0.712976432
2025-02-23 12:00:00+00:00,0.712976432
2025-02-23 13:00:00+00:00,0.622409835
2025-02-23 14:00:00+00:00,0.461487875
2025-02-23 15:00:00+00:00,0.267387417
2025-02-23 16:00:00+00:00,0.089632035
2025-02-23 17:00:00+00:00,0.000000000
2025-02-23 18:00:00+00:00,0.000000000
2025-02-23 19:00:00+00:00,0.000000000
2025-02-23 20:00:00+00:00,0.000000000
2025-02-23 21:00:00+00:00,0.000000000
2025-02-23 22:00:00+00:00,0.000000000
2025-02-23 23:00:00+00:00,0.000000000
2025-02-24 00:00:00+00:00,0.000000000
2025-02-24 01:00:00+00:00,0.000000000
2025-02-24 02:00:00+00:00,0.000000000
2025-02-24 03:00:00+00:00,0.000000000
2025-02-24 04:00:00+00:00,0.000000000
2025-02-24 05:00:00+00:00,0.000000000
2025-02-24 06:00:00+00:00,0.000000000
2025-02-24 07:00:00+00:00,0.103271523
2025-02-24 08:00:00+00:00,0.302211262
2025-02-24 09:00:00+00:00,0.518458650
2025-02-24 10:00:00+00:00,0.697380864
2025-02-24 11:00:00+00:00,0.797979720
2025-02-24 12:00:00+00:00,0.797979720
2025-02-24 13:00:00+00:00,0.697380864
2025-02-24 14:00:00+00:00,0.518458650
2025-02-24 15:00:00+00:00,0.302211262
2025-02-24 16:00:00+00:00,0.103271523
2025-02-24 17:00:00+00:00,0.000000000
2025-02-24 18:00:00+00:00,0.000000000
2025-02-24 19:00:00+00:00,0.000000000
2025-02-24 20:00:00+00:00,0.000000000
2025-02-24 21:00:00+00:00,0.000000000
2025-02-24 22:00:00+00:00,0.000000000
2025-02-24 23:00:00+00:00,0.000000000
2025-02-25 00:00:00+00:00,0.000000000
2025-02-25 01:00:00+00:00,0.000000000
2025-02-25 02:00:00+00:00,0.000000000
2025-02-25 03:00:00+00:00,0.000000000
2025-02-25 04:00:00+00:00,0.000000000
2025-02-25 05:00:00+00:00,0.000000000
2025-02-25 06:00:00+00:00,0.000000000
2025-02-25 07:00:00+00:00,0.100366245
2025-02-25 08:00:00+00:00,0.288273306
2025-02-25 09:00:00+00:00,0.491617403
2025-02-25 10:00:00+00:00,0.659528022
2025-02-25 11:00:00+00:00,0.753844198
2025-02-25 12:00:00+00:00,0.753844198
2025-02-25 13:00:00+00:00,0.659528022
2025-02-25 14:00:00+00:00,0.491617403
2025-02-25 15:00:00+00:00,0.288273306
2025-02-25 16:00:00+00:00,0.100366245
2025-02-25 17:00:00+00:00,0.000000000
2025-02-25 18:00:00+00:00,0.000000000
2025-02-25 19:00:00+00:00,0.000000000
2025-02-25 20:00:00+00:00,0.000000000
2025-02-25 21:00:00+00:00,0.000000000
2025-02-25 22:00:00+00:00,0.000000000
2025-02-25 23:00:00+00:00,0.000000000
2025-02-26 00:00:00+00:00,0.000000000
2025-02-26 01:00:00+00:00,0.000000000
2025-02-26 02:00:00+00:00,0.000000000
2025-02-26 03:00:00+00:00,0.000000000
2025-02-26 04:00:00+00:00,0.000000000
2025-02-26 05:00:00+00:00,0.000000000
2025-02-26 06:00:00+00:00,0.000000000
2025-02-26 07:00:00+00:00,0.085033850
2025-02-26 08:00:00+00:00,0.239839943
2025-02-26 09:00:00+00:00,0.406629505
2025-02-26 10:00:00+00:00,0.544083498
2025-02-26 11:00:00+00:00,0.621217862
2025-02-26 12:00:00+00:00,0.621217862
2025-02-26 13:00:00+00:00,0.544083498
2025-02-26 14:00:00+00:00,0.406629505
2025-02-26 15:00:00+00:00,0.239839943
2025-02-26 16:00:00+00:00,0.085033850
2025-02-26 17:00:00+00:00,0.000000000
2025-02-26 18:00:00+00:00,0.000000000
2025-02-26 19:00:00+00:00,0.000000000
2025-02-26 20:00:00+00:00,0.000000000
2025-02-26 21:00:00+00:00,0.000000000
2025-02-26 22:00:00+00:00,0.000000000
2025-02-26 23:00:00+00:00,0.000000000
2025-02-27 00:00:00+00:00,0.000000000
2025-02-27 01:00:00+00:00,0.000000000
2025-02-27 02:00:00+00:00,0.000000000
2025-02-27 03:00:00+00:00,0.000000000
2025-02-27 04:00:00+00:00,0.000000000
2025-02-27 05:00:00+00:00,0.000000000
2025-02-27 06:00:00+00:00,0.000000000
2025-02-27 07:00:00+00:00,0.099341445
2025-02-27 08:00:00+00:00,0.275290678
2025-02-27 09:00:00+00:00,0.464043446
2025-02-27 10:00:00+00:00,0.619293772
2025-02-27 11:00:00+00:00,0.706331781
2025-02-27 12:00:00+00:00,0.706331781
2025-02-27 13:00:00+00:00,0.619293772
2025-02-27 14:00:00+00:00,0.464043446
2025-02-27 15:00:00+00:00,0.275290678
2025-02-27 16:00:00+00:00,0.099341445
2025-02-27 17:00:00+00:00,0.000000000
2025-02-27 18:00:00+00:00,0.000000000
2025-02-27 19:00:00+00:00,0.000000000
2025-02-27 20:00:00+00:00,0.000000000
2025-02-27 21:00:00+00:00,0.000000000
2025-02-27 22:00:00+00:00,0.000000000
2025-02-27 23:00:00+00:00,0.000000000
2025-02-28 00:00:00+00:00,0.000000000
2025-02-28 01:00:00+00:00,0.000000000
2025-02-28 02:00:00+00:00,0.000000000
2025-02-28 03:00:00+00:00,0.000000000
2025-02-28 04:00:00+00:00,0.000000000
2025-02-28 05:00:00+00:00,0.000000000
2025-02-28 06:00:00+00:00,0.000103164
2025-02-28 07:00:00+00:00,0.121873041
2025-02-28 08:00:00+00:00,0.331979293
2025-02-28 09:00:00+00:00,0.556420399
2025-02-28 10:00:00+00:00,0.740667726
2025-02-28 11:00:00+00:00,0.843864698
2025-02-28 12:00:00+00:00,0.843864698
2025-02-28 13:00:00+00:00,0.740667726
2025-02-28 14:00:00+00:00,0.556420399
2025-02-28 15:00:00+00:00,0.331979293
2025-02-28 16:00:00+00:00,0.121873041
2025-02-28 17:00:00+00:00,0.000103164
2025-02-28 18:00:00+00:00,0.000000000
2025-02-28 19:00:00+00:00,0.000000000
2025-02-28 20:00:00+00:00,0.000000000
2025-02-28 21:00:00+00:00,0.000000000
2025-02-28 22:00:00+00:00,0.000000000
2025-02-28 23:00:00+00:00,0.000000000
2025-03-01 00:00:00+00:00,0.000000000
2025-03-01 01:00:00+00:00,0.000000000
2025-03-01 02:00:00+00:00,0.000000000
2025-03-01 03:00:00+00:00,0.000000000
2025-03-01 04:00:00+00:00,0.000000000
2025-03-01 05:00:00+00:00,0.000000000
2025-03-01 06:00:00+00:00,0.000483429
2025-03-01 07:00:00+00:00,0.102763728
2025-03-01 08:00:00+00:00,0.275289261
2025-03-01 09:00:00+00:00,0.458818883
2025-03-01 10:00:00+00:00,0.609193160
2025-03-01 11:00:00+00:00,0.693338902
2025-03-01 12:00:00+00:00,0.693338902
2025-03-01 13:00:00+00:00,0.609193160
2025-03-01 14:00:00+00:00,0.458818883
2025-03-01 15:00:00+00:00,0.275289261
2025-03-01 16:00:00+00:00,0.102763728
2025-03-01 17:00:00+00:00,0.000483429
2025-03-01 18:00:00+00:00,0.000000000
2025-03-01 19:00:00+00:00,0.000000000
2025-03-01 20:00:00+00:00,0.000000000
2025-03-01 21:00:00+00:00,0.000000000
2025-03-01 22:00:00+00:00,0.000000000
2025-03-01 23:00:00+00:00,0.000000000
2025-03-02 00:00:00+00:00,0.000000000
2025-03-02 01:00:00+00:00,0.000000000
2025-03-02 02:00:00+00:00,0.000000000
2025-03-02 03:00:00+00:00,0.000000000
2025-03-02 04:00:00+00:00,0.000000000
2025-03-02 05:00:00+00:00,0.000000000
2025-03-02 06:00:00+00:00,0.000794777
2025-03-02 07:00:00+00:00,0.078119571
2025-03-02 08:00:00+00:00,0.205898025
2025-03-02 09:00:00+00:00,0.341270764
2025-03-02 10:00:00+00:00,0.451978058
2025-03-02 11:00:00+00:00,0.513869591
2025-03-02 12:00:00+00:00,0.513869591
2025-03-02 13:00:00+00:00,0.451978058
2025-03-02 14:00:00+00:00,0.341270764
2025-03-02 15:00:00+00:00,0.205898025
2025-03-02 16:00:00+00:00,0.078119571
2025-03-02 17:00:00+00:00,0.000794777
2025-03-02 18:00:00+00:00,0.000000000
2025-03-02 19:00:00+00:00,0.000000000
2025-03-02 20:00:00+00:00,0.000000000
2025-03-02 21:00:00+00:00,0.000000000
2025-03-02 22:00:00+00:00,0.000000000
2025-03-02 23:00:00+00:00,0.000000000
2025-03-03 00:00:00+00:00,0.000000000
2025-03-03 01:00:00+00:00,0.000000000
2025-03-03 02:00:00+00:00,0.000000000
2025-03-03 03:00:00+00:00,0.000000000
2025-03-03 04:00:00+00:00,0.000000000
2025-03-03 05:00:00+00:00,0.000000000
2025-03-03 06:00:00+00:00,0.001334548
2025-03-03 07:00:00+00:00,0.079811074
2025-03-03 08:00:00+00:00,0.207056360
2025-03-03 09:00:00+00:00,0.341322671
2025-03-03 10:00:00+00:00,0.450919710
2025-03-03 11:00:00+00:00,0.512134147
2025-03-03 12:00:00+00:00,0.512134147
2025-03-03 13:00:00+00:00,0.450919710
2025-03-03 14:00:00+00:00,0.341322671
2025-03-03 15:00:00+00:00,0.207056360
2025-03-03 16:00:00+00:00,0.079811074
2025-03-03 17:00:00+00:00,0.001334548
2025-03-03 18:00:00+00:00,0.000000000
2025-03-03 19:00:00+00:00,0.000000000
2025-03-03 20:00:00+00:00,0.000000000
2025-03-03 21:00:00+00:00,0.000000000
2025-03-03 22:00:00+00:00,0.000000000
2025-03-03 23:00:00+00:00,0.000000000
2025-03-04 00:00:00+00:00,0.000000000
2025-03-04 01:00:00+00:00,0.000000000
2025-03-04 02:00:00+00:00,0.000000000
2025-03-04 03:00:00+00:00,0.000000000
2025-03-04 04:00:00+00:00,0.000000000
2025-03-04 05:00:00+00:00,0.000000000
2025-03-04 06:00:00+00:00,0.003012226
2025-03-04 07:00:00+00:00,0.125212865
2025-03-04 08:00:00+00:00,0.319883062
2025-03-04 09:00:00+00:00,0.524483751
2025-03-04 10:00:00+00:00,0.691183425
2025-03-04 11:00:00+00:00,0.784207102
2025-03-04 12:00:00+00:00,0.784207102
2025-03-04 13:00:00+00:00,0.691183425
2025-03-04 14:00:00+00:00,0.524483751
2025-03-04 15:00:00+00:00,0.319883062
2025-03-04 16:00:00+00:00,0.125212865
2025-03-04 17:00:00+00:00,0.003012226
2025-03-04 18:00:00+00:00,0.000000000
2025-03-04 19:00:00+00:00,0.000000000
2025-03-04 20:00:00+00:00,0.000000000
2025-03-04 21:00:00+00:00,0.000000000
2025-03-04 22:00:00+00:00,0.000000000
2025-03-04 23:00:00+00:00,0.000000000
2025-03-05 00:00:00+00:00,0.000000000
2025-03-05 01:00:00+00:00,0.000000000
2025-03-05 02:00:00+00:00,0.000000000
2025-03-05 03:00:00+00:00,0.000000000
2025-03-05 04:00:00+00:00,0.000000000
2025-03-05 05:00:00+00:00,0.000000000
2025-03-05 06:00:00+00:00,0.003208494
2025-03-05 07:00:00+00:00,0.100303876
2025-03-05 08:00:00+00:00,0.252437879
2025-03-05 09:00:00+00:00,0.411712363
2025-03-05 10:00:00+00:00,0.541244921
2025-03-05 11:00:00+00:00,0.613462867
2025-03-05 12:00:00+00:00,0.613462867
2025-03-05 13:00:00+00:00,0.541244921
2025-03-05 14:00:00+00:00,0.411712363
2025-03-05 15:00:00+00:00,0.252437879
2025-03-05 16:00:00+00:00,0.100303876
2025-03-05 17:00:00+00:00,0.003208494
2025-03-05 18:00:00+00:00,0.000000000
2025-03-05 19:00:00+00:00,0.000000000
2025-03-05 20:00:00+00:00,0.000000000
2025-03-05 21:00:00+00:00,0.000000000
2025-03-05 22:00:00+00:00,0.000000000
2025-03-05 23:00:00+00:00,0.000000000
2025-03-06 00:00:00+00:00,0.000000000
2025-03-06 01:00:00+00:00,0.000000000
2025-03-06 02:00:00+00:00,0.000000000
2025-03-06 03:00:00+00:00,0.000000000
2025-03-06 04:00:00+00:00,0.000000000
2025-03-06 05:00:00+00:00,0.000000000
2025-03-06 06:00:00+00:00,0.004584776
2025-03-06 07:00:00+00:00,0.113557116
2025-03-06 08:00:00+00:00,0.281654958
2025-03-06 09:00:00+00:00,0.456971903
2025-03-06 10:00:00+00:00,0.599293536
2025-03-06 11:00:00+00:00,0.678570737
2025-03-06 12:00:00+00:00,0.678570737
2025-03-06 13:00:00+00:00,0.599293536
2025-03-06 14:00:00+00:00,0.456971903
2025-03-06 15:00:00+00:00,0.281654958
2025-03-06 16:00:00+00:00,0.113557116
2025-03-06 17:00:00+00:00,0.004584776
2025-03-06 18:00:00+00:00,0.000000000
2025-03-06 19:00:00+00:00,0.000000000
2025-03-06 20:00:00+00:00,0.000000000
2025-03-06 21:00:00+00:00,0.000000000
2025-03-06 22:00:00+00:00,0.000000000
2025-03-06 23:00:00+00:00,0.000000000
2025-03-07 00:00:00+00:00,0.000000000
2025-03-07 01:00:00+00:00,0.000000000
2025-03-07 02:00:00+00:00,0.000000000
2025-03-07 03:00:00+00:00,0.000000000
2025-03-07 04:00:00+00:00,0.000000000
2025-03-07 05:00:00+00:00,0.000000000
2025-03-07 06:00:00+00:00,0.005462743
2025-03-07 07:00:00+00:00,0.111235928
2025-03-07 08:00:00+00:00,0.272007214
2025-03-07 09:00:00+00:00,0.439055165
2025-03-07 10:00:00+00:00,0.574421817
2025-03-07 11:00:00+00:00,0.649758080
2025-03-07 12:00:00+00:00,0.649758080
2025-03-07 13:00:00+00:00,0.574421817
2025-03-07 14:00:00+00:00,0.439055165
2025-03-07 15:00:00+00:00,0.272007214
2025-03-07 16:00:00+00:00,0.111235928
2025-03-07 17:00:00+00:00,0.005462743
2025-03-07 18:00:00+00:00,0.000000000
2025-03-07 19:00:00+00:00,0.000000000
2025-03-07 20:00:00+00:00,0.000000000
2025-03-07 21:00:00+00:00,0.000000000
2025-03-07 22:00:00+00:00,0.000000000
2025-03-07 23:00:00+00:00,0.000000000
2025-03-08 00:00:00+00:00,0.000000000
2025-03-08 01:00:00+00:00,0.000000000
2025-03-08 02:00:00+00:00,0.000000000
2025-03-08 03:00:00+00:00,0.000000000
2025-03-08 04:00:00+00:00,0.000000000
2025-03-08 05:00:00+00:00,0.000000000
2025-03-08 06:00:00+00:00,0.006515600
2025-03-08 07:00:00+00:00,0.112125750
2025-03-08 08:00:00+00:00,0.270416750
2025-03-08 09:00:00+00:00,0.434282576
2025-03-08 10:00:00+00:00,0.566836217
2025-03-08 11:00:00+00:00,0.640542222
2025-03-08 12:00:00+00:00,0.640542222
2025-03-08 13:00:00+00:00,0.566836217
2025-03-08 14:00:00+00:00,0.434282576
2025-03-08 15:00:00+00:00,0.270416750
2025-03-08 16:00:00+00:00,0.112125750
2025-03-08 17:00:00+00:00,0.006515600
2025-03-08 18:00:00+00:00,0.000000000
2025-03-08 19:00:00+00:00,0.000000000
2025-03-08 20:00:00+00:00,0.000000000
2025-03-08 21:00:00+00:00,0.000000000
2025-03-08 22:00:00+00:00,0.000000000
2025-03-08 23:00:00+00:00,0.000000000
2025-03-09 00:00:00+00:00,0.000000000
2025-03-09 01:00:00+00:00,0.000000000
2025-03-09 02:00:00+00:00,0.000000000
2025-03-09 03:00:00+00:00,0.000000000
2025-03-09 04:00:00+00:00,0.000000000
2025-03-09 05:00:00+00:00,0.000000000
2025-03-09 06:00:00+00:00,0.006905782
2025-03-09 07:00:00+00:00,0.102600677
2025-03-09 08:00:00+00:00,0.244133112
2025-03-09 09:00:00+00:00,0.390120645
2025-03-09 10:00:00+00:00,0.508006311
2025-03-09 11:00:00+00:00,0.573499312
2025-03-09 12:00:00+00:00,0.573499312
2025-03-09 13:00:00+00:00,0.508006311
2025-03-09 14:00:00+00:00,0.390120645
2025-03-09 15:00:00+00:00,0.244133112
2025-03-09 16:00:00+00:00,0.102600677
2025-03-09 17:00:00+00:00,0.006905782
2025-03-09 18:00:00+00:00,0.000000000
2025-03-09 19:00:00+00:00,0.000000000
2025-03-09 20:00:00+00:00,0.000000000
2025-03-09 21:00:00+00:00,0.000000000
2025-03-09 22:00:00+00:00,0.000000000
2025-03-09 23:00:00+00:00,0.000000000
2025-03-10 00:00:00+00:00,0.000000000
2025-03-10 01:00:00+00:00,0.000000000
2025-03-10 02:00:00+00:00,0.000000000
2025-03-10 03:00:00+00:00,0.000000000
2025-03-10 04:00:00+00:00,0.000000000
2025-03-10 05:00:00+00:00,0.000000000
2025-03-10 06:00:00+00:00,0.009260479
2025-03-10 07:00:00+00:00,0.120819429
2025-03-10 08:00:00+00:00,0.283734260
2025-03-10 09:00:00+00:00,0.451180605
2025-03-10 10:00:00+00:00,0.586161432
2025-03-10 11:00:00+00:00,0.661087428
2025-03-10 12:00:00+00:00,0.661087428
2025-03-10 13:00:00+00:00,0.586161432
2025-03-10 14:00:00+00:00,0.451180605
2025-03-10 15:00:00+00:00,0.283734260
2025-03-10 16:00:00+00:00,0.120819429
2025-03-10 17:00:00+00:00,0.009260479
2025-03-10 18:00:00+00:00,0.000000000
2025-03-10 19:00:00+00:00,0.000000000
2025-03-10 20:00:00+00:00,0.000000000
2025-03-10 21:00:00+00:00,0.000000000
2025-03-10 22:00:00+00:00,0.000000000
2025-03-10 23:00:00+00:00,0.000000000
2025-03-11 00:00:00+00:00,0.000000000
2025-03-11 01:00:00+00:00,0.000000000
2025-03-11 02:00:00+00:00,0.000000000
2025-03-11 03:00:00+00:00,0.000000000
2025-03-11 04:00:00+00:00,0.000000000
2025-03-11 05:00:00+00:00,0.000000000
2025-03-11 06:00:00+00:00,0.010754376
2025-03-11 07:00:00+00:00,0.124928922
2025-03-11 08:00:00+00:00,0.289655641
2025-03-11 09:00:00+00:00,0.458373683
2025-03-11 10:00:00+00:00,0.594148217
2025-03-11 11:00:00+00:00,0.669450684
2025-03-11 12:00:00+00:00,0.669450684
2025-03-11 13:00:00+00:00,0.594148217
2025-03-11 14:00:00+00:00,0.458373683
2025-03-11 15:00:00+00:00,0.289655641
2025-03-11 16:00:00+00:00,0.124928922
2025-03-11 17:00:00+00:00,0.010754376
2025-03-11 18:00:00+00:00,0.000000000
2025-03-11 19:00:00+00:00,0.000000000
2025-03-11 20:00:00+00:00,0.000000000
2025-03-11 21:00:00+00:00,0.000000000
2025-03-11 22:00:00+00:00,0.000000000
2025-03-11 23:00:00+00:00,0.000000000
2025-03-12 00:00:00+00:00,0.000000000
2025-03-12 01:00:00+00:00,0.000000000
2025-03-12 02:00:00+00:00,0.000000000
2025-03-12 03:00:00+00:00,0.000000000
2025-03-12 04:00:00+00:00,0.000000000
2025-03-12 05:00:00+00:00,0.000000000
2025-03-12 06:00:00+00:00,0.010506596
2025-03-12 07:00:00+00:00,0.109925053
2025-03-12 08:00:00+00:00,0.251710006
2025-03-12 09:00:00+00:00,0.396432740
2025-03-12 10:00:00+00:00,0.512701516
2025-03-12 11:00:00+00:00,0.577131547
2025-03-12 12:00:00+00:00,0.577131547
2025-03-12 13:00:00+00:00,0.512701516
2025-03-12 14:00:00+00:00,0.396432740
2025-03-12 15:00:00+00:00,0.251710006
2025-03-12 16:00:00+00:00,0.109925053
2025-03-12 17:00:00+00:00,0.010506596
2025-03-12 18:00:00+00:00,0.000000000
2025-03-12 19:00:00+00:00,0.000000000
2025-03-12 20:00:00+00:00,0.000000000
2025-03-12 21:00:00+00:00,0.000000000
2025-03-12 22:00:00+00:00,0.000000000
2025-03-12 23:00:00+00:00,0.000000000
2025-03-13 00:00:00+00:00,0.000000000
2025-03-13 01:00:00+00:00,0.000000000
2025-03-13 02:00:00+00:00,0.000000000
2025-03-13 03:00:00+00:00,0.000000000
2025-03-13 04:00:00+00:00,0.000000000
2025-03-13 05:00:00+00:00,0.000000000
2025-03-13 06:00:00+00:00,0.012916419
2025-03-13 07:00:00+00:00,0.122893390
2025-03-13 08:00:00+00:00,0.278005535
2025-03-13 09:00:00+00:00,0.435798554
2025-03-13 10:00:00+00:00,0.562357495
2025-03-13 11:00:00+00:00,0.632431403
2025-03-13 12:00:00+00:00,0.632431403
2025-03-13 13:00:00+00:00,0.562357495
2025-03-13 14:00:00+00:00,0.435798554
2025-03-13 15:00:00+00:00,0.278005535
2025-03-13 16:00:00+00:00,0.122893390
2025-03-13 17:00:00+00:00,0.012916419
2025-03-13 18:00:00+00:00,0.000000000
2025-03-13 19:00:00+00:00,0.000000000
2025-03-13 20:00:00+00:00,0.000000000
2025-03-13 21:00:00+00:00,0.000000000
2025-03-13 22:00:00+00:00,0.000000000
2025-03-13 23:00:00+00:00,0.000000000
2025-03-14 00:00:00+00:00,0.000000000
2025-03-14 01:00:00+00:00,0.000000000
2025-03-14 02:00:00+00:00,0.000000000
2025-03-14 03:00:00+00:00,0.000000000
2025-03-14 04:00:00+00:00,0.000000000
2025-03-14 05:00:00+00:00,0.000000000
2025-03-14 06:00:00+00:00,0.014656115
2025-03-14 07:00:00+00:00,0.127859871
2025-03-14 08:00:00+00:00,0.285832971
2025-03-14 09:00:00+00:00,0.446004851
2025-03-14 10:00:00+00:00,0.574261277
2025-03-14 11:00:00+00:00,0.645216577
2025-03-14 12:00:00+00:00,0.645216577
2025-03-14 13:00:00+00:00,0.574261277
2025-03-14 14:00:00+00:00,0.446004851
2025-03-14 15:00:00+00:00,0.285832971
2025-03-14 16:00:00+00:00,0.127859871
2025-03-14 17:00:00+00:00,0.014656115
2025-03-14 18:00:00+00:00,0.000000000
2025-03-14 19:00:00+00:00,0.000000000
2025-03-14 20:00:00+00:00,0.000000000
2025-03-14 21:00:00+00:00,0.000000000
2025-03-14 22:00:00+00:00,0.000000000
2025-03-14 23:00:00+00:00,0.000000000
2025-03-15 00:00:00+00:00,0.000000000
2025-03-15 01:00:00+00:00,0.000000000
2025-03-15 02:00:00+00:00,0.000000000
2025-03-15 03:00:00+00:00,0.000000000
2025-03-15 04:00:00+00:00,0.000000000
2025-03-15 05:00:00+00:00,0.000000000
2025-03-15 06:00:00+00:00,0.020862893
2025-03-15 07:00:00+00:00,0.168074976
2025-03-15 08:00:00+00:00,0.371417313
2025-03-15 09:00:00+00:00,0.576919959
2025-03-15 10:00:00+00:00,0.741208462
2025-03-15 11:00:00+00:00,0.832023758
2025-03-15 12:00:00+00:00,0.832023758
2025-03-15 13:00:00+00:00,0.741208462
2025-03-15 14:00:00+00:00,0.576919959
2025-03-15 15:00:00+00:00,0.371417313
2025-03-15 16:00:00+00:00,0.168074976
2025-03-15 17:00:00+00:00,0.020862893
2025-03-15 18:00:00+00:00,0.000000000
2025-03-15 19:00:00+00:00,0.000000000
2025-03-15 20:00:00+00:00,0.000000000
2025-03-15 21:00:00+00:00,0.000000000
2025-03-15 22:00:00+00:00,0.000000000
2025-03-15 23:00:00+00:00,0.000000000
2025-03-16 00:00:00+00:00,0.000000000
2025-03-16 01:00:00+00:00,0.000000000
2025-03-16 02:00:00+00:00,0.000000000
2025-03-16 03:00:00+00:00,0.000000000
2025-03-16 04:00:00+00:00,0.000000000
2025-03-16 05:00:00+00:00,0.000000000
2025-03-16 06:00:00+00:00,0.021862432
2025-03-16 07:00:00+00:00,0.163653159
2025-03-16 08:00:00+00:00,0.357592506
2025-03-16 09:00:00+00:00,0.552966563
2025-03-16 10:00:00+00:00,0.708908372
2025-03-16 11:00:00+00:00,0.795040358
2025-03-16 12:00:00+00:00,0.795040358
2025-03-16 13:00:00+00:00,0.708908372
2025-03-16 14:00:00+00:00,0.552966563
2025-03-16 15:00:00+00:00,0.357592506
2025-03-16 16:00:00+00:00,0.163653159
2025-03-16 17:00:00+00:00,0.021862432
2025-03-16 18:00:00+00:00,0.000000000
2025-03-16 19:00:00+00:00,0.000000000
2025-03-16 20:00:00+00:00,0.000000000
2025-03-16 21:00:00+00:00,0.000000000
2025-03-16 22:00:00+00:00,0.000000000
2025-03-16 23:00:00+00:00,0.000000000
2025-03-17 00:00:00+00:00,0.000000000
2025-03-17 01:00:00+00:00,0.000000000
2025-03-17 02:00:00+00:00,0.000000000
2025-03-17 03:00:00+00:00,0.000000000
2025-03-17 04:00:00+00:00,0.000000000
2025-03-17 05:00:00+00:00,0.000000000
2025-03-17 06:00:00+00:00,0.020762542
2025-03-17 07:00:00+00:00,0.145197610
2025-03-17 08:00:00+00:00,0.313796792
2025-03-17 09:00:00+00:00,0.483110538
2025-03-17 10:00:00+00:00,0.618038761
2025-03-17 11:00:00+00:00,0.692504876
2025-03-17 12:00:00+00:00,0.692504876
2025-03-17 13:00:00+00:00,0.618038761
2025-03-17 14:00:00+00:00,0.483110538
2025-03-17 15:00:00+00:00,0.313796792
2025-03-17 16:00:00+00:00,0.145197610
2025-03-17 17:00:00+00:00,0.020762542
2025-03-17 18:00:00+00:00,0.000000000
2025-03-17 19:00:00+00:00,0.000000000
2025-03-17 20:00:00+00:00,0.000000000
2025-03-17 21:00:00+00:00,0.000000000
2025-03-17 22:00:00+00:00,0.000000000
2025-03-17 23:00:00+00:00,0.000000000
2025-03-18 00:00:00+00:00,0.000000000
2025-03-18 01:00:00+00:00,0.000000000
2025-03-18 02:00:00+00:00,0.000000000
2025-03-18 03:00:00+00:00,0.000000000
2025-03-18 04:00:00+00:00,0.000000000
2025-03-18 05:00:00+00:00,0.000000000
2025-03-18 06:00:00+00:00,0.022759730
2025-03-18 07:00:00+00:00,0.149410581
2025-03-18 08:00:00+00:00,0.319456559
2025-03-18 09:00:00+00:00,0.489697071
2025-03-18 10:00:00+00:00,0.625152789
2025-03-18 11:00:00+00:00,0.699851166
2025-03-18 12:00:00+00:00,0.699851166
2025-03-18 13:00:00+00:00,0.625152789
2025-03-18 14:00:00+00:00,0.489697071
2025-03-18 15:00:00+00:00,0.319456559
2025-03-18 16:00:00+00:00,0.149410581
2025-03-18 17:00:00+00:00,0.022759730
2025-03-18 18:00:00+00:00,0.000000000
2025-03-18 19:00:00+00:00,0.000000000
2025-03-18 20:00:00+00:00,0.000000000
2025-03-18 21:00:00+00:00,0.000000000
2025-03-18 22:00:00+00:00,0.000000000
2025-03-18 23:00:00+00:00,0.000000000
2025-03-19 00:00:00+00:00,0.000000000
2025-03-19 01:00:00+00:00,0.000000000
2025-03-19 02:00:00+00:00,0.000000000
2025-03-19 03:00:00+00:00,0.000000000
2025-03-19 04:00:00+00:00,0.000000000
2025-03-19 05:00:00+00:00,0.000000000
2025-03-19 06:00:00+00:00,0.025273560
2025-03-19 07:00:00+00:00,0.156411483
2025-03-19 08:00:00+00:00,0.330943143
2025-03-19 09:00:00+00:00,0.505145547
2025-03-19 10:00:00+00:00,0.643540832
2025-03-19 11:00:00+00:00,0.719800864
2025-03-19 12:00:00+00:00,0.719800864
2025-03-19 13:00:00+00:00,0.643540832
2025-03-19 14:00:00+00:00,0.505145547
2025-03-19 15:00:00+00:00,0.330943143
2025-03-19 16:00:00+00:00,0.156411483
2025-03-19 17:00:00+00:00,0.025273560
2025-03-19 18:00:00+00:00,0.000000000
2025-03-19 19:00:00+00:00,0.000000000
2025-03-19 20:00:00+00:00,0.000000000
2025-03-19 21:00:00+00:00,0.000000000
2025-03-19 22:00:00+00:00,0.000000000
2025-03-19 23:00:00+00:00,0.000000000
2025-03-20 00:00:00+00:00,0.000000000
2025-03-20 01:00:00+00:00,0.000000000
2025-03-20 02:00:00+00:00,0.000000000
2025-03-20 03:00:00+00:00,0.000000000
2025-03-20 04:00:00+00:00,0.000000000
2025-03-20 05:00:00+00:00,0.000000000
2025-03-20 06:00:00+00:00,0.023926660
2025-03-20 07:00:00+00:00,0.140129675
2025-03-20 08:00:00+00:00,0.293480090
2025-03-20 09:00:00+00:00,0.446086020
2025-03-20 10:00:00+00:00,0.567140290
2025-03-20 11:00:00+00:00,0.633793579
2025-03-20 12:00:00+00:00,0.633793579
2025-03-20 13:00:00+00:00,0.567140290
2025-03-20 14:00:00+00:00,0.446086020
2025-03-20 15:00:00+00:00,0.293480090
2025-03-20 16:00:00+00:00,0.140129675
2025-03-20 17:00:00+00:00,0.023926660
2025-03-20 18:00:00+00:00,0.000000000
2025-03-20 19:00:00+00:00,0.000000000
2025-03-20 20:00:00+00:00,0.000000000
2025-03-20 21:00:00+00:00,0.000000000
2025-03-20 22:00:00+00:00,0.000000000
2025-03-20 23:00:00+00:00,0.000000000
2025-03-21 00:00:00+00:00,0.000000000
2025-03-21 01:00:00+00:00,0.000000000
2025-03-21 02:00:00+00:00,0.000000000
2025-03-21 03:00:00+00:00,0.000000000
2025-03-21 04:00:00+00:00,0.000000000
2025-03-21 05:00:00+00:00,0.000000000
2025-03-21 06:00:00+00:00,0.033665226
2025-03-21 07:00:00+00:00,0.187226230
2025-03-21 08:00:00+00:00,0.388226529
2025-03-21 09:00:00+00:00,0.587666605
2025-03-21 10:00:00+00:00,0.745635455
2025-03-21 11:00:00+00:00,0.832548032
2025-03-21 12:00:00+00:00,0.832548032
2025-03-21 13:00:00+00:00,0.745635455
2025-03-21 14:00:00+00:00,0.587666605
2025-03-21 15:00:00+00:00,0.388226529
2025-03-21 16:00:00+00:00,0.187226230
2025-03-21 17:00:00+00:00,0.033665226
2025-03-21 18:00:00+00:00,0.000000000
2025-03-21 19:00:00+00:00,0.000000000
2025-03-21 20:00:00+00:00,0.000000000
2025-03-21 21:00:00+00:00,0.000000000
2025-03-21 22:00:00+00:00,0.000000000
2025-03-21 23:00:00+00:00,0.000000000
2025-03-22 00:00:00+00:00,0.000000000
2025-03-22 01:00:00+00:00,0.000000000
2025-03-22 02:00:00+00:00,0.000000000
2025-03-22 03:00:00+00:00,0.000000000
2025-03-22 04:00:00+00:00,0.000000000
2025-03-22 05:00:00+00:00,0.000000000
2025-03-22 06:00:00+00:00,0.035939189
2025-03-22 07:00:00+00:00,0.190387469
2025-03-22 08:00:00+00:00,0.390957848
2025-03-22 09:00:00+00:00,0.589400096
2025-03-22 10:00:00+00:00,0.746346797
2025-03-22 11:00:00+00:00,0.832632129
2025-03-22 12:00:00+00:00,0.832632129
2025-03-22 13:00:00+00:00,0.746346797
2025-03-22 14:00:00+00:00,0.589400096
2025-03-22 15:00:00+00:00,0.390957848
2025-03-22 16:00:00+00:00,0.190387469
2025-03-22 17:00:00+00:00,0.035939189
2025-03-22 18:00:00+00:00,0.000000000
2025-03-22 19:00:00+00:00,0.000000000
2025-03-22 20:00:00+00:00,0.000000000
2025-03-22 21:00:00+00:00,0.000000000
2025-03-22 22:00:00+00:00,0.000000000
2025-03-22 23:00:00+00:00,0.000000000
2025-03-23 00:00:00+00:00,0.000000000
2025-03-23 01:00:00+00:00,0.000000000
2025-03-23 02:00:00+00:00,0.000000000
2025-03-23 03:00:00+00:00,0.000000000
2025-03-23 04:00:00+00:00,0.000000000
2025-03-23 05:00:00+00:00,0.000000000
2025-03-23 06:00:00+00:00,0.029784330
2025-03-23 07:00:00+00:00,0.150718367
2025-03-23 08:00:00+00:00,0.306570854
2025-03-23 09:00:00+00:00,0.460334844
2025-03-23 10:00:00+00:00,0.581768863
2025-03-23 11:00:00+00:00,0.648480663
2025-03-23 12:00:00+00:00,0.648480663
2025-03-23 13:00:00+00:00,0.581768863
2025-03-23 14:00:00+00:00,0.460334844
2025-03-23 15:00:00+00:00,0.306570854
2025-03-23 16:00:00+00:00,0.150718367
2025-03-23 17:00:00+00:00,0.029784330
2025-03-23 18:00:00+00:00,0.000000000
2025-03-23 19:00:00+00:00,0.000000000
2025-03-23 20:00:00+00:00,0.000000000
2025-03-23 21:00:00+00:00,0.000000000
2025-03-23 22:00:00+00:00,0.000000000
2025-03-23 23:00:00+00:00,0.000000000
2025-03-24 00:00:00+00:00,0.000000000
2025-03-24 01:00:00+00:00,0.000000000
2025-03-24 02:00:00+00:00,0.000000000
2025-03-24 03:00:00+00:00,0.000000000
2025-03-24 04:00:00+00:00,0.000000000
2025-03-24 05:00:00+00:00,0.000000000
2025-03-24 06:00:00+00:00,0.034713377
2025-03-24 07:00:00+00:00,0.168227961
2025-03-24 08:00:00+00:00,0.339026092
2025-03-24 09:00:00+00:00,0.507068590
2025-03-24 10:00:00+00:00,0.639588497
2025-03-24 11:00:00+00:00,0.712337124
2025-03-24 12:00:00+00:00,0.712337124
2025-03-24 13:00:00+00:00,0.639588497
2025-03-24 14:00:00+00:00,0.507068590
2025-03-24 15:00:00+00:00,0.339026092
2025-03-24 16:00:00+00:00,0.168227961
2025-03-24 17:00:00+00:00,0.034713377
2025-03-24 18:00:00+00:00,0.000000000
2025-03-24 19:00:00+00:00,0.000000000
2025-03-24 20:00:00+00:00,0.000000000
2025-03-24 21:00:00+00:00,0.000000000
2025-03-24 22:00:00+00:00,0.000000000
2025-03-24 23:00:00+00:00,0.000000000
2025-03-25 00:00:00+00:00,0.000000000
2025-03-25 01:00:00+00:00,0.000000000
2025-03-25 02:00:00+00:00,0.000000000
2025-03-25 03:00:00+00:00,0.000000000
2025-03-25 04:00:00+00:00,0.000000000
2025-03-25 05:00:00+00:00,0.000000000
2025-03-25 06:00:00+00:00,0.042184529
2025-03-25 07:00:00+00:00,0.196244226
2025-03-25 08:00:00+00:00,0.391919112
2025-03-25 09:00:00+00:00,0.583912997
2025-03-25 10:00:00+00:00,0.735106862
2025-03-25 11:00:00+00:00,0.818046686
2025-03-25 12:00:00+00:00,0.818046686
2025-03-25 13:00:00+00:00,0.735106862
2025-03-25 14:00:00+00:00,0.583912997
2025-03-25 15:00:00+00:00,0.391919112
2025-03-25 16:00:00+00:00,0.196244226
2025-03-25 17:00:00+00:00,0.042184529
2025-03-25 18:00:00+00:00,0.000000000
2025-03-25 19:00:00+00:00,0.000000000
2025-03-25 20:00:00+00:00,0.000000000
2025-03-25 21:00:00+00:00,0.000000000
2025-03-25 22:00:00+00:00,0.000000000
2025-03-25 23:00:00+00:00,0.000000000
2025-03-26 00:00:00+00:00,0.000000000
2025-03-26 01:00:00+00:00,0.000000000
2025-03-26 02:00:00+00:00,0.000000000
2025-03-26 03:00:00+00:00,0.000000000
2025-03-26 04:00:00+00:00,0.000000000
2025-03-26 05:00:00+00:00,0.000000000
2025-03-26 06:00:00+00:00,0.035614137
2025-03-26 07:00:00+00:00,0.159383657
2025-03-26 08:00:00+00:00,0.315500190
2025-03-26 09:00:00+00:00,0.468270269
2025-03-26 10:00:00+00:00,0.588407691
2025-03-26 11:00:00+00:00,0.654263846
2025-03-26 12:00:00+00:00,0.654263846
2025-03-26 13:00:00+00:00,0.588407691
2025-03-26 14:00:00+00:00,0.468270269
2025-03-26 15:00:00+00:00,0.315500190
2025-03-26 16:00:00+00:00,0.159383657
2025-03-26 17:00:00+00:00,0.035614137
2025-03-26 18:00:00+00:00,0.000000000
2025-03-26 19:00:00+00:00,0.000000000
2025-03-26 20:00:00+00:00,0.000000000
2025-03-26 21:00:00+00:00,0.000000000
2025-03-26 22:00:00+00:00,0.000000000
2025-03-26 23:00:00+00:00,0.000000000
2025-03-27 00:00:00+00:00,0.000000000
2025-03-27 01:00:00+00:00,0.000000000
2025-03-27 02:00:00+00:00,0.000000000
2025-03-27 03:00:00+00:00,0.000000000
2025-03-27 04:00:00+00:00,0.000000000
2025-03-27 05:00:00+00:00,0.000000000
2025-03-27 06:00:00+00:00,0.045115364
2025-03-27 07:00:00+00:00,0.194618581
2025-03-27 08:00:00+00:00,0.381931528
2025-03-27 09:00:00+00:00,0.564747753
2025-03-27 10:00:00+00:00,0.708315330
2025-03-27 11:00:00+00:00,0.786959656
2025-03-27 12:00:00+00:00,0.786959656
2025-03-27 13:00:00+00:00,0.708315330
2025-03-27 14:00:00+00:00,0.564747753
2025-03-27 15:00:00+00:00,0.381931528
2025-03-27 16:00:00+00:00,0.194618581
2025-03-27 17:00:00+00:00,0.045115364
2025-03-27 18:00:00+00:00,0.000000000
2025-03-27 19:00:00+00:00,0.000000000
2025-03-27 20:00:00+00:00,0.000000000
2025-03-27 21:00:00+00:00,0.000000000
2025-03-27 22:00:00+00:00,0.000000000
2025-03-27 23:00:00+00:00,0.000000000
2025-03-28 00:00:00+00:00,0.000000000
2025-03-28 01:00:00+00:00,0.000000000
2025-03-28 02:00:00+00:00,0.000000000
2025-03-28 03:00:00+00:00,0.000000000
2025-03-28 04:00:00+00:00,0.000000000
2025-03-28 05:00:00+00:00,0.000000000
2025-03-28 06:00:00+00:00,0.043065638
2025-03-28 07:00:00+00:00,0.179400514
2025-03-28 08:00:00+00:00,0.349105641
2025-03-28 09:00:00+00:00,0.514309248
2025-03-28 10:00:00+00:00,0.643869298
2025-03-28 11:00:00+00:00,0.714790965
2025-03-28 12:00:00+00:00,0.714790965
2025-03-28 13:00:00+00:00,0.643869298
2025-03-28 14:00:00+00:00,0.514309248
2025-03-28 15:00:00+00:00,0.349105641
2025-03-28 16:00:00+00:00,0.179400514
2025-03-28 17:00:00+00:00,0.043065638
2025-03-28 18:00:00+00:00,0.000000000
2025-03-28 19:00:00+00:00,0.000000000
2025-03-28 20:00:00+00:00,0.000000000
2025-03-28 21:00:00+00:00,0.000000000
2025-03-28 22:00:00+00:00,0.000000000
2025-03-28 23:00:00+00:00,0.000000000
2025-03-29 00:00:00+00:00,0.000000000
2025-03-29 01:00:00+00:00,0.000000000
2025-03-29 02:00:00+00:00,0.000000000
2025-03-29 03:00:00+00:00,0.000000000
2025-03-29 04:00:00+00:00,0.000000000
2025-03-29 05:00:00+00:00,0.000000000
2025-03-29 06:00:00+00:00,0.029903256
2025-03-29 07:00:00+00:00,0.120497895
2025-03-29 08:00:00+00:00,0.232556689
2025-03-29 09:00:00+00:00,0.341366454
2025-03-29 10:00:00+00:00,0.426585694
2025-03-29 11:00:00+00:00,0.473202884
2025-03-29 12:00:00+00:00,0.473202884
2025-03-29 13:00:00+00:00,0.426585694
2025-03-29 14:00:00+00:00,0.341366454
2025-03-29 15:00:00+00:00,0.232556689
2025-03-29 16:00:00+00:00,0.120497895
2025-03-29 17:00:00+00:00,0.029903256
2025-03-29 18:00:00+00:00,0.000000000
2025-03-29 19:00:00+00:00,0.000000000
2025-03-29 20:00:00+00:00,0.000000000
2025-03-29 21:00:00+00:00,0.000000000
2025-03-29 22:00:00+00:00,0.000000000
2025-03-29 23:00:00+00:00,0.000000000
2025-03-30 00:00:00+00:00,0.000000000
2025-03-30 01:00:00+00:00,0.000000000
2025-03-30 02:00:00+00:00,0.000000000
2025-03-30 03:00:00+00:00,0.000000000
2025-03-30 04:00:00+00:00,0.000000000
2025-03-30 05:00:00+00:00,0.000000000
2025-03-30 06:00:00+00:00,0.049396211
2025-03-30 07:00:00+00:00,0.192843431
2025-03-30 08:00:00+00:00,0.369192044
2025-03-30 09:00:00+00:00,0.540001044
2025-03-30 10:00:00+00:00,0.673601186
2025-03-30 11:00:00+00:00,0.746634293
2025-03-30 12:00:00+00:00,0.746634293
2025-03-30 13:00:00+00:00,0.673601186
2025-03-30 14:00:00+00:00,0.540001044
2025-03-30 15:00:00+00:00,0.369192044
2025-03-30 16:00:00+00:00,0.192843431
2025-03-30 17:00:00+00:00,0.049396211
2025-03-30 18:00:00+00:00,0.000000000
2025-03-30 19:00:00+00:00,0.000000000
2025-03-30 20:00:00+00:00,0.000000000
2025-03-30 21:00:00+00:00,0.000000000
2025-03-30 22:00:00+00:00,0.000000000
2025-03-30 23:00:00+00:00,0.000000000
2025-03-31 00:00:00+00:00,0.000000000
2025-03-31 01:00:00+00:00,0.000000000
2025-03-31 02:00:00+00:00,0.000000000
2025-03-31 03:00:00+00:00,0.000000000
2025-03-31 04:00:00+00:00,0.000000000
2025-03-31 05:00:00+00:00,0.000000000
2025-03-31 06:00:00+00:00,0.057619828
2025-03-31 07:00:00+00:00,0.218256712
2025-03-31 08:00:00+00:00,0.414565264
2025-03-31 09:00:00+00:00,0.604241868
2025-03-31 10:00:00+00:00,0.752406468
2025-03-31 11:00:00+00:00,0.833346897
2025-03-31 12:00:00+00:00,0.833346897
2025-03-31 13:00:00+00:00,0.752406468
2025-03-31 14:00:00+00:00,0.604241868
2025-03-31 15:00:00+00:00,0.414565264
2025-03-31 16:00:00+00:00,0.218256712
2025-03-31 17:00:00+00:00,0.057619828
2025-03-31 18:00:00+00:00,0.000000000
2025-03-31 19:00:00+00:00,0.000000000
2025-03-31 20:00:00+00:00,0.000000000
2025-03-31 21:00:00+00:00,0.000000000
2025-03-31 22:00:00+00:00,0.000000000
2025-03-31 23:00:00+00:00,0.000000000
2025-04-01 00:00:00+00:00,0.000000000
2025-04-01 01:00:00+00:00,0.000000000
2025-04-01 02:00:00+00:00,0.000000000
2025-04-01 03:00:00+00:00,0.000000000
2025-04-01 04:00:00+00:00,0.000000000
2025-04-01 05:00:00+00:00,0.000000000
2025-04-01 06:00:00+00:00,0.045914817
2025-04-01 07:00:00+00:00,0.168975586
2025-04-01 08:00:00+00:00,0.318496501
2025-04-01 09:00:00+00:00,0.462618772
2025-04-01 10:00:00+00:00,0.575054504
2025-04-01 11:00:00+00:00,0.636435984
2025-04-01 12:00:00+00:00,0.636435984
2025-04-01 13:00:00+00:00,0.575054504
2025-04-01 14:00:00+00:00,0.462618772
2025-04-01 15:00:00+00:00,0.318496501
2025-04-01 16:00:00+00:00,0.168975586
2025-04-01 17:00:00+00:00,0.045914817
2025-04-01 18:00:00+00:00,0.000000000
2025-04-01 19:00:00+00:00,0.000000000
2025-04-01 20:00:00+00:00,0.000000000
2025-04-01 21:00:00+00:00,0.000000000
2025-04-01 22:00:00+00:00,0.000000000
2025-04-01 23:00:00+00:00,0.000000000
2025-04-02 00:00:00+00:00,0.000000000
2025-04-02 01:00:00+00:00,0.000000000
2025-04-02 02:00:00+00:00,0.000000000
2025-04-02 03:00:00+00:00,0.000000000
2025-04-02 04:00:00+00:00,0.000000000
2025-04-02 05:00:00+00:00,0.000000000
2025-04-02 06:00:00+00:00,0.057054947
2025-04-02 07:00:00+00:00,0.204263963
2025-04-02 08:00:00+00:00,0.382123196
2025-04-02 09:00:00+00:00,0.553155682
2025-04-02 10:00:00+00:00,0.686416486
2025-04-02 11:00:00+00:00,0.759119286
2025-04-02 12:00:00+00:00,0.759119286
2025-04-02 13:00:00+00:00,0.686416486
2025-04-02 14:00:00+00:00,0.553155682
2025-04-02 15:00:00+00:00,0.382123196
2025-04-02 16:00:00+00:00,0.204263963
2025-04-02 17:00:00+00:00,0.057054947
2025-04-02 18:00:00+00:00,0.000000000
2025-04-02 19:00:00+00:00,0.000000000
2025-04-02 20:00:00+00:00,0.000000000
2025-04-02 21:00:00+00:00,0.000000000
2025-04-02 22:00:00+00:00,0.000000000
2025-04-02 23:00:00+00:00,0.000000000
2025-04-03 00:00:00+00:00,0.000000000
2025-04-03 01:00:00+00:00,0.000000000
2025-04-03 02:00:00+00:00,0.000000000
2025-04-03 03:00:00+00:00,0.000000000
2025-04-03 04:00:00+00:00,0.000000000
2025-04-03 05:00:00+00:00,0.000000000
2025-04-03 06:00:00+00:00,0.058505858
2025-04-03 07:00:00+00:00,0.204005315
2025-04-03 08:00:00+00:00,0.378841589
2025-04-03 09:00:00+00:00,0.546577062
2025-04-03 10:00:00+00:00,0.677106126
2025-04-03 11:00:00+00:00,0.748272588
2025-04-03 12:00:00+00:00,0.748272588
2025-04-03 13:00:00+00:00,0.677106126
2025-04-03 14:00:00+00:00,0.546577062
2025-04-03 15:00:00+00:00,0.378841589
2025-04-03 16:00:00+00:00,0.204005315
2025-04-03 17:00:00+00:00,0.058505858
2025-04-03 18:00:00+00:00,0.000000000
2025-04-03 19:00:00+00:00,0.000000000
2025-04-03 20:00:00+00:00,0.000000000
2025-04-03 21:00:00+00:00,0.000000000
2025-04-03 22:00:00+00:00,0.000000000
2025-04-03 23:00:00+00:00,0.000000000
2025-04-04 00:00:00+00:00,0.000000000
2025-04-04 01:00:00+00:00,0.000000000
2025-04-04 02:00:00+00:00,0.000000000
2025-04-04 03:00:00+00:00,0.000000000
2025-04-04 04:00:00+00:00,0.000000000
2025-04-04 05:00:00+00:00,0.000000000
2025-04-04 06:00:00+00:00,0.063033299
2025-04-04 07:00:00+00:00,0.214308715
2025-04-04 08:00:00+00:00,0.395122902
2025-04-04 09:00:00+00:00,0.568198126
2025-04-04 10:00:00+00:00,0.702717106
2025-04-04 11:00:00+00:00,0.776012193
2025-04-04 12:00:00+00:00,0.776012193
2025-04-04 13:00:00+00:00,0.702717106
2025-04-04 14:00:00+00:00,0.568198126
2025-04-04 15:00:00+00:00,0.395122902
2025-04-04 16:00:00+00:00,0.214308715
2025-04-04 17:00:00+00:00,0.063033299
2025-04-04 18:00:00+00:00,0.000000000
2025-04-04 19:00:00+00:00,0.000000000
2025-04-04 20:00:00+00:00,0.000000000
2025-04-04 21:00:00+00:00,0.000000000
2025-04-04 22:00:00+00:00,0.000000000
2025-04-04 23:00:00+00:00,0.000000000
2025-04-05 00:00:00+00:00,0.000000000
2025-04-05 01:00:00+00:00,0.000000000
2025-04-05 02:00:00+00:00,0.000000000
2025-04-05 03:00:00+00:00,0.000000000
2025-04-05 04:00:00+00:00,0.000000000
2025-04-05 05:00:00+00:00,0.000000000
2025-04-05 06:00:00+00:00,0.061291448
2025-04-05 07:00:00+00:00,0.203400398
2025-04-05 08:00:00+00:00,0.372383336
2025-04-05 09:00:00+00:00,0.533771561
2025-04-05 10:00:00+00:00,0.659055285
2025-04-05 11:00:00+00:00,0.727275455
2025-04-05 12:00:00+00:00,0.727275455
2025-04-05 13:00:00+00:00,0.659055285
2025-04-05 14:00:00+00:00,0.533771561
2025-04-05 15:00:00+00:00,0.372383336
2025-04-05 16:00:00+00:00,0.203400398
2025-04-05 17:00:00+00:00,0.061291448
2025-04-05 18:00:00+00:00,0.000000000
2025-04-05 19:00:00+00:00,0.000000000
2025-04-05 20:00:00+00:00,0.000000000
2025-04-05 21:00:00+00:00,0.000000000
2025-04-05 22:00:00+00:00,0.000000000
2025-04-05 23:00:00+00:00,0.000000000
2025-04-06 00:00:00+00:00,0.000000000
2025-04-06 01:00:00+00:00,0.000000000
2025-04-06 02:00:00+00:00,0.000000000
2025-04-06 03:00:00+00:00,0.000000000
2025-04-06 04:00:00+00:00,0.000000000
2025-04-06 05:00:00+00:00,0.000000000
2025-04-06 06:00:00+00:00,0.068907232
2025-04-06 07:00:00+00:00,0.223422165
2025-04-06 08:00:00+00:00,0.406236447
2025-04-06 09:00:00+00:00,0.580450414
2025-04-06 10:00:00+00:00,0.715529360
2025-04-06 11:00:00+00:00,0.789037654
2025-04-06 12:00:00+00:00,0.789037654
2025-04-06 13:00:00+00:00,0.715529360
2025-04-06 14:00:00+00:00,0.580450414
2025-04-06 15:00:00+00:00,0.406236447
2025-04-06 16:00:00+00:00,0.223422165
2025-04-06 17:00:00+00:00,0.068907232
2025-04-06 18:00:00+00:00,0.000000000
2025-04-06 19:00:00+00:00,0.000000000
2025-04-06 20:00:00+00:00,0.000000000
2025-04-06 21:00:00+00:00,0.000000000
2025-04-06 22:00:00+00:00,0.000000000
2025-04-06 23:00:00+00:00,0.000000000
2025-04-07 00:00:00+00:00,0.000000000
2025-04-07 01:00:00+00:00,0.000000000
2025-04-07 02:00:00+00:00,0.000000000
2025-04-07 03:00:00+00:00,0.000000000
2025-04-07 04:00:00+00:00,0.000000000
2025-04-07 05:00:00+00:00,0.000000000
2025-04-07 06:00:00+00:00,0.068035665
2025-04-07 07:00:00+00:00,0.215729860
2025-04-07 08:00:00+00:00,0.389622039
2025-04-07 09:00:00+00:00,0.554975684
2025-04-07 10:00:00+00:00,0.683034071
2025-04-07 11:00:00+00:00,0.752679224
2025-04-07 12:00:00+00:00,0.752679224
2025-04-07 13:00:00+00:00,0.683034071
2025-04-07 14:00:00+00:00,0.554975684
2025-04-07 15:00:00+00:00,0.389622039
2025-04-07 16:00:00+00:00,0.215729860
2025-04-07 17:00:00+00:00,0.068035665
2025-04-07 18:00:00+00:00,0.000000000
2025-04-07 19:00:00+00:00,0.000000000
2025-04-07 20:00:00+00:00,0.000000000
2025-04-07 21:00:00+00:00,0.000000000
2025-04-07 22:00:00+00:00,0.000000000
2025-04-07 23:00:00+00:00,0.000000000
2025-04-08 00:00:00+00:00,0.000000000
2025-04-08 01:00:00+00:00,0.000000000
2025-04-08 02:00:00+00:00,0.000000000
2025-04-08 03:00:00+00:00,0.000000000
2025-04-08 04:00:00+00:00,0.000000000
2025-04-08 05:00:00+00:00,0.000000000
2025-04-08 06:00:00+00:00,0.065921782
2025-04-08 07:00:00+00:00,0.204594810
2025-04-08 08:00:00+00:00,0.367090640
2025-04-08 09:00:00+00:00,0.521279700
2025-04-08 10:00:00+00:00,0.640553482
2025-04-08 11:00:00+00:00,0.705381941
2025-04-08 12:00:00+00:00,0.705381941
2025-04-08 13:00:00+00:00,0.640553482
2025-04-08 14:00:00+00:00,0.521279700
2025-04-08 15:00:00+00:00,0.367090640
2025-04-08 16:00:00+00:00,0.204594810
2025-04-08 17:00:00+00:00,0.065921782
2025-04-08 18:00:00+00:00,0.000000000
2025-04-08 19:00:00+00:00,0.000000000
2025-04-08 20:00:00+00:00,0.000000000
2025-04-08 21:00:00+00:00,0.000000000
2025-04-08 22:00:00+00:00,0.000000000
2025-04-08 23:00:00+00:00,0.000000000
2025-04-09 00:00:00+00:00,0.000000000
2025-04-09 01:00:00+00:00,0.000000000
2025-04-09 02:00:00+00:00,0.000000000
2025-04-09 03:00:00+00:00,0.000000000
2025-04-09 04:00:00+00:00,0.000000000
2025-04-09 05:00:00+00:00,0.000000000
2025-04-09 06:00:00+00:00,0.057497012
2025-04-09 07:00:00+00:00,0.174808234
2025-04-09 08:00:00+00:00,0.311637201
2025-04-09 09:00:00+00:00,0.441200946
2025-04-09 10:00:00+00:00,0.541311451
2025-04-09 11:00:00+00:00,0.595691781
2025-04-09 12:00:00+00:00,0.595691781
2025-04-09 13:00:00+00:00,0.541311451
2025-04-09 14:00:00+00:00,0.441200946
2025-04-09 15:00:00+00:00,0.311637201
2025-04-09 16:00:00+00:00,0.174808234
2025-04-09 17:00:00+00:00,0.057497012
2025-04-09 18:00:00+00:00,0.000000000
2025-04-09 19:00:00+00:00,0.000000000
2025-04-09 20:00:00+00:00,0.000000000
2025-04-09 21:00:00+00:00,0.000000000
2025-04-09 22:00:00+00:00,0.000000000
2025-04-09 23:00:00+00:00,0.000000000
2025-04-10 00:00:00+00:00,0.000000000
2025-04-10 01:00:00+00:00,0.000000000
2025-04-10 02:00:00+00:00,0.000000000
2025-04-10 03:00:00+00:00,0.000000000
2025-04-10 04:00:00+00:00,0.000000000
2025-04-10 05:00:00+00:00,0.000000000
2025-04-10 06:00:00+00:00,0.062709965
2025-04-10 07:00:00+00:00,0.186914791
2025-04-10 08:00:00+00:00,0.331132308
2025-04-10 09:00:00+00:00,0.467412838
2025-04-10 10:00:00+00:00,0.572595027
2025-04-10 11:00:00+00:00,0.629696784
2025-04-10 12:00:00+00:00,0.629696784
2025-04-10 13:00:00+00:00,0.572595027
2025-04-10 14:00:00+00:00,0.467412838
2025-04-10 15:00:00+00:00,0.331132308
2025-04-10 16:00:00+00:00,0.186914791
2025-04-10 17:00:00+00:00,0.062709965
2025-04-10 18:00:00+00:00,0.000000000
2025-04-10 19:00:00+00:00,0.000000000
2025-04-10 20:00:00+00:00,0.000000000
2025-04-10 21:00:00+00:00,0.000000000
2025-04-10 22:00:00+00:00,0.000000000
2025-04-10 23:00:00+00:00,0.000000000
2025-04-11 00:00:00+00:00,0.000000000
2025-04-11 01:00:00+00:00,0.000000000
2025-04-11 02:00:00+00:00,0.000000000
2025-04-11 03:00:00+00:00,0.000000000
2025-04-11 04:00:00+00:00,0.000000000
2025-04-11 05:00:00+00:00,0.000000000
2025-04-11 06:00:00+00:00,0.071192857
2025-04-11 07:00:00+00:00,0.208188021
2025-04-11 08:00:00+00:00,0.366559461
2025-04-11 09:00:00+00:00,0.515914207
2025-04-11 10:00:00+00:00,0.631059738
2025-04-11 11:00:00+00:00,0.693534273
2025-04-11 12:00:00+00:00,0.693534273
2025-04-11 13:00:00+00:00,0.631059738
2025-04-11 14:00:00+00:00,0.515914207
2025-04-11 15:00:00+00:00,0.366559461
2025-04-11 16:00:00+00:00,0.208188021
2025-04-11 17:00:00+00:00,0.071192857
2025-04-11 18:00:00+00:00,0.000000000
2025-04-11 19:00:00+00:00,0.000000000
2025-04-11 20:00:00+00:00,0.000000000
2025-04-11 21:00:00+00:00,0.000000000
2025-04-11 22:00:00+00:00,0.000000000
2025-04-11 23:00:00+00:00,0.000000000
2025-04-12 00:00:00+00:00,0.000000000
2025-04-12 01:00:00+00:00,0.000000000
2025-04-12 02:00:00+00:00,0.000000000
2025-04-12 03:00:00+00:00,0.000000000
2025-04-12 04:00:00+00:00,0.000000000
2025-04-12 05:00:00+00:00,0.000000000
2025-04-12 06:00:00+00:00,0.073790175
2025-04-12 07:00:00+00:00,0.211853290
2025-04-12 08:00:00+00:00,0.370777752
2025-04-12 09:00:00+00:00,0.520358276
2025-04-12 10:00:00+00:00,0.635552357
2025-04-12 11:00:00+00:00,0.698017592
2025-04-12 12:00:00+00:00,0.698017592
2025-04-12 13:00:00+00:00,0.635552357
2025-04-12 14:00:00+00:00,0.520358276
2025-04-12 15:00:00+00:00,0.370777752
2025-04-12 16:00:00+00:00,0.211853290
2025-04-12 17:00:00+00:00,0.073790175
2025-04-12 18:00:00+00:00,0.000000000
2025-04-12 19:00:00+00:00,0.000000000
2025-04-12 20:00:00+00:00,0.000000000
2025-04-12 21:00:00+00:00,0.000000000
2025-04-12 22:00:00+00:00,0.000000000
2025-04-12 23:00:00+00:00,0.000000000
2025-04-13 00:00:00+00:00,0.000000000
2025-04-13 01:00:00+00:00,0.000000000
2025-04-13 02:00:00+00:00,0.000000000
2025-04-13 03:00:00+00:00,0.000000000
2025-04-13 04:00:00+00:00,0.000000000
2025-04-13 05:00:00+00:00,0.000000000
2025-04-13 06:00:00+00:00,0.079301605
2025-04-13 07:00:00+00:00,0.223679326
2025-04-13 08:00:00+00:00,0.389181044
2025-04-13 09:00:00+00:00,0.544650290
2025-04-13 10:00:00+00:00,0.664251066
2025-04-13 11:00:00+00:00,0.729069427
2025-04-13 12:00:00+00:00,0.729069427
2025-04-13 13:00:00+00:00,0.664251066
2025-04-13 14:00:00+00:00,0.544650290
2025-04-13 15:00:00+00:00,0.389181044
2025-04-13 16:00:00+00:00,0.223679326
2025-04-13 17:00:00+00:00,0.079301605
2025-04-13 18:00:00+00:00,0.000000000
2025-04-13 19:00:00+00:00,0.000000000
2025-04-13 20:00:00+00:00,0.000000000
2025-04-13 21:00:00+00:00,0.000000000
2025-04-13 22:00:00+00:00,0.000000000
2025-04-13 23:00:00+00:00,0.000000000
2025-04-14 00:00:00+00:00,0.000000000
2025-04-14 01:00:00+00:00,0.000000000
2025-04-14 02:00:00+00:00,0.000000000
2025-04-14 03:00:00+00:00,0.000000000
2025-04-14 04:00:00+00:00,0.000000000
2025-04-14 05:00:00+00:00,0.000078438
2025-04-14 06:00:00+00:00,0.083008758
2025-04-14 07:00:00+00:00,0.230170991
2025-04-14 08:00:00+00:00,0.398180642
2025-04-14 09:00:00+00:00,0.555705550
2025-04-14 10:00:00+00:00,0.676759904
2025-04-14 11:00:00+00:00,0.742329702
2025-04-14 12:00:00+00:00,0.742329702
2025-04-14 13:00:00+00:00,0.676759904
2025-04-14 14:00:00+00:00,0.555705550
2025-04-14 15:00:00+00:00,0.398180642
2025-04-14 16:00:00+00:00,0.230170991
2025-04-14 17:00:00+00:00,0.083008758
2025-04-14 18:00:00+00:00,0.000078438
2025-04-14 19:00:00+00:00,0.000000000
2025-04-14 20:00:00+00:00,0.000000000
2025-04-14 21:00:00+00:00,0.000000000
2025-04-14 22:00:00+00:00,0.000000000
2025-04-14 23:00:00+00:00,0.000000000
2025-04-15 00:00:00+00:00,0.000000000
2025-04-15 01:00:00+00:00,0.000000000
2025-04-15 02:00:00+00:00,0.000000000
2025-04-15 03:00:00+00:00,0.000000000
2025-04-15 04:00:00+00:00,0.000000000
2025-04-15 05:00:00+00:00,0.000258057
2025-04-15 06:00:00+00:00,0.053603585
2025-04-15 07:00:00+00:00,0.146206172
2025-04-15 08:00:00+00:00,0.251509327
2025-04-15 09:00:00+00:00,0.350056584
2025-04-15 10:00:00+00:00,0.425709316
2025-04-15 11:00:00+00:00,0.466664699
2025-04-15 12:00:00+00:00,0.466664699
2025-04-15 13:00:00+00:00,0.425709316
2025-04-15 14:00:00+00:00,0.350056584
2025-04-15 15:00:00+00:00,0.251509327
2025-04-15 16:00:00+00:00,0.146206172
2025-04-15 17:00:00+00:00,0.053603585
2025-04-15 18:00:00+00:00,0.000258057
2025-04-15 19:00:00+00:00,0.000000000
2025-04-15 20:00:00+00:00,0.000000000
2025-04-15 21:00:00+00:00,0.000000000
2025-04-15 22:00:00+00:00,0.000000000
2025-04-15 23:00:00+00:00,0.000000000
2025-04-16 00:00:00+00:00,0.000000000
2025-04-16 01:00:00+00:00,0.000000000
2025-04-16 02:00:00+00:00,0.000000000
2025-04-16 03:00:00+00:00,0.000000000
2025-04-16 04:00:00+00:00,0.000000000
2025-04-16 05:00:00+00:00,0.000822943
2025-04-16 06:00:00+00:00,0.080824591
2025-04-16 07:00:00+00:00,0.216975478
2025-04-16 08:00:00+00:00,0.371203287
2025-04-16 09:00:00+00:00,0.515271748
2025-04-16 10:00:00+00:00,0.625757197
2025-04-16 11:00:00+00:00,0.685537472
2025-04-16 12:00:00+00:00,0.685537472
2025-04-16 13:00:00+00:00,0.625757197
2025-04-16 14:00:00+00:00,0.515271748
2025-04-16 15:00:00+00:00,0.371203287
2025-04-16 16:00:00+00:00,0.216975478
2025-04-16 17:00:00+00:00,0.080824591
2025-04-16 18:00:00+00:00,0.000822943
2025-04-16 19:00:00+00:00,0.000000000
2025-04-16 20:00:00+00:00,0.000000000
2025-04-16 21:00:00+00:00,0.000000000
2025-04-16 22:00:00+00:00,0.000000000
2025-04-16 23:00:00+00:00,0.000000000
2025-04-17 00:00:00+00:00,0.000000000
2025-04-17 01:00:00+00:00,0.000000000
2025-04-17 02:00:00+00:00,0.000000000
2025-04-17 03:00:00+00:00,0.000000000
2025-04-17 04:00:00+00:00,0.000000000
2025-04-17 05:00:00+00:00,0.000905873
2025-04-17 06:00:00+00:00,0.054834410
2025-04-17 07:00:00+00:00,0.144962006
2025-04-17 08:00:00+00:00,0.246672604
2025-04-17 09:00:00+00:00,0.341512320
2025-04-17 10:00:00+00:00,0.414171356
2025-04-17 11:00:00+00:00,0.453464106
2025-04-17 12:00:00+00:00,0.453464106
2025-04-17 13:00:00+00:00,0.414171356
2025-04-17 14:00:00+00:00,0.341512320
2025-04-17 15:00:00+00:00,0.246672604
2025-04-17 16:00:00+00:00,0.144962006
2025-04-17 17:00:00+00:00,0.054834410
2025-04-17 18:00:00+00:00,0.000905873
2025-04-17 19:00:00+00:00,0.000000000
2025-04-17 20:00:00+00:00,0.000000000
2025-04-17 21:00:00+00:00,0.000000000
2025-04-17 22:00:00+00:00,0.000000000
2025-04-17 23:00:00+00:00,0.000000000
2025-04-18 00:00:00+00:00,0.000000000
2025-04-18 01:00:00+00:00,0.000000000
2025-04-18 02:00:00+00:00,0.000000000
2025-04-18 03:00:00+00:00,0.000000000
2025-04-18 04:00:00+00:00,0.000000000
2025-04-18 05:00:00+00:00,0.002103327
2025-04-18 06:00:00+00:00,0.089351260
2025-04-18 07:00:00+00:00,0.232735951
2025-04-18 08:00:00+00:00,0.393955786
2025-04-18 09:00:00+00:00,0.544019211
2025-04-18 10:00:00+00:00,0.658872797
2025-04-18 11:00:00+00:00,0.720951240
2025-04-18 12:00:00+00:00,0.720951240
2025-04-18 13:00:00+00:00,0.658872797
2025-04-18 14:00:00+00:00,0.544019211
2025-04-18 15:00:00+00:00,0.393955786
2025-04-18 16:00:00+00:00,0.232735951
2025-04-18 17:00:00+00:00,0.089351260
2025-04-18 18:00:00+00:00,0.002103327
2025-04-18 19:00:00+00:00,0.000000000
2025-04-18 20:00:00+00:00,0.000000000
2025-04-18 21:00:00+00:00,0.000000000
2025-04-18 22:00:00+00:00,0.000000000
2025-04-18 23:00:00+00:00,0.000000000
2025-04-19 00:00:00+00:00,0.000000000
2025-04-19 01:00:00+00:00,0.000000000
2025-04-19 02:00:00+00:00,0.000000000
2025-04-19 03:00:00+00:00,0.000000000
2025-04-19 04:00:00+00:00,0.000000000
2025-04-19 05:00:00+00:00,0.002902085
2025-04-19 06:00:00+00:00,0.093464425
2025-04-19 07:00:00+00:00,0.239987608
2025-04-19 08:00:00+00:00,0.404148312
2025-04-19 09:00:00+00:00,0.556684292
2025-04-19 10:00:00+00:00,0.673316731
2025-04-19 11:00:00+00:00,0.736324281
2025-04-19 12:00:00+00:00,0.736324281
2025-04-19 13:00:00+00:00,0.673316731
2025-04-19 14:00:00+00:00,0.556684292
2025-04-19 15:00:00+00:00,0.404148312
2025-04-19 16:00:00+00:00,0.239987608
2025-04-19 17:00:00+00:00,0.093464425
2025-04-19 18:00:00+00:00,0.002902085
2025-04-19 19:00:00+00:00,0.000000000
2025-04-19 20:00:00+00:00,0.000000000
2025-04-19 21:00:00+00:00,0.000000000
2025-04-19 22:00:00+00:00,0.000000000
2025-04-19 23:00:00+00:00,0.000000000
2025-04-20 00:00:00+00:00,0.000000000
2025-04-20 01:00:00+00:00,0.000000000
2025-04-20 02:00:00+00:00,0.000000000
2025-04-20 03:00:00+00:00,0.000000000
2025-04-20 04:00:00+00:00,0.000000000
2025-04-20 05:00:00+00:00,0.003247936
2025-04-20 06:00:00+00:00,0.083465660
2025-04-20 07:00:00+00:00,0.211367667
2025-04-20 08:00:00+00:00,0.354167012
2025-04-20 09:00:00+00:00,0.486628674
2025-04-20 10:00:00+00:00,0.587814955
2025-04-20 11:00:00+00:00,0.642450503
2025-04-20 12:00:00+00:00,0.642450503
2025-04-20 13:00:00+00:00,0.587814955
2025-04-20 14:00:00+00:00,0.486628674
2025-04-20 15:00:00+00:00,0.354167012
2025-04-20 16:00:00+00:00,0.211367667
2025-04-20 17:00:00+00:00,0.083465660
2025-04-20 18:00:00+00:00,0.003247936
2025-04-20 19:00:00+00:00,0.000000000
2025-04-20 20:00:00+00:00,0.000000000
2025-04-20 21:00:00+00:00,0.000000000
2025-04-20 22:00:00+00:00,0.000000000
2025-04-20 23:00:00+00:00,0.000000000
2025-04-21 00:00:00+00:00,0.000000000
2025-04-21 01:00:00+00:00,0.000000000
2025-04-21 02:00:00+00:00,0.000000000
2025-04-21 03:00:00+00:00,0.000000000
2025-04-21 04:00:00+00:00,0.000000000
2025-04-21 05:00:00+00:00,0.004050682
2025-04-21 06:00:00+00:00,0.086136017
2025-04-21 07:00:00+00:00,0.215230372
2025-04-21 08:00:00+00:00,0.358871858
2025-04-21 09:00:00+00:00,0.491892424
2025-04-21 10:00:00+00:00,0.593410074
2025-04-21 11:00:00+00:00,0.648197279
2025-04-21 12:00:00+00:00,0.648197279
2025-04-21 13:00:00+00:00,0.593410074
2025-04-21 14:00:00+00:00,0.491892424
2025-04-21 15:00:00+00:00,0.358871858
2025-04-21 16:00:00+00:00,0.215230372
2025-04-21 17:00:00+00:00,0.086136017
2025-04-21 18:00:00+00:00,0.004050682
2025-04-21 19:00:00+00:00,0.000000000
2025-04-21 20:00:00+00:00,0.000000000
2025-04-21 21:00:00+00:00,0.000000000
2025-04-21 22:00:00+00:00,0.000000000
2025-04-21 23:00:00+00:00,0.000000000
2025-04-22 00:00:00+00:00,0.000000000
2025-04-22 01:00:00+00:00,0.000000000
2025-04-22 02:00:00+00:00,0.000000000
2025-04-22 03:00:00+00:00,0.000000000
2025-04-22 04:00:00+00:00,0.000000000
2025-04-22 05:00:00+00:00,0.005560979
2025-04-22 06:00:00+00:00,0.100542898
2025-04-22 07:00:00+00:00,0.247998938
2025-04-22 08:00:00+00:00,0.411528319
2025-04-22 09:00:00+00:00,0.562718459
2025-04-22 10:00:00+00:00,0.677995945
2025-04-22 11:00:00+00:00,0.740178628
2025-04-22 12:00:00+00:00,0.740178628
2025-04-22 13:00:00+00:00,0.677995945
2025-04-22 14:00:00+00:00,0.562718459
2025-04-22 15:00:00+00:00,0.411528319
2025-04-22 16:00:00+00:00,0.247998938
2025-04-22 17:00:00+00:00,0.100542898
2025-04-22 18:00:00+00:00,0.005560979
2025-04-22 19:00:00+00:00,0.000000000
2025-04-22 20:00:00+00:00,0.000000000
2025-04-22 21:00:00+00:00,0.000000000
2025-04-22 22:00:00+00:00,0.000000000
2025-04-22 23:00:00+00:00,0.000000000
2025-04-23 00:00:00+00:00,0.000000000
2025-04-23 01:00:00+00:00,0.000000000
2025-04-23 02:00:00+00:00,0.000000000
2025-04-23 03:00:00+00:00,0.000000000
2025-04-23 04:00:00+00:00,0.000000000
2025-04-23 05:00:00+00:00,0.005852709
2025-04-23 06:00:00+00:00,0.091880762
2025-04-23 07:00:00+00:00,0.223813654
2025-04-23 08:00:00+00:00,0.369655708
2025-04-23 09:00:00+00:00,0.504276742
2025-04-23 10:00:00+00:00,0.606827554
2025-04-23 11:00:00+00:00,0.662118611
2025-04-23 12:00:00+00:00,0.662118611
2025-04-23 13:00:00+00:00,0.606827554
2025-04-23 14:00:00+00:00,0.504276742
2025-04-23 15:00:00+00:00,0.369655708
2025-04-23 16:00:00+00:00,0.223813654
2025-04-23 17:00:00+00:00,0.091880762
2025-04-23 18:00:00+00:00,0.005852709
2025-04-23 19:00:00+00:00,0.000000000
2025-04-23 20:00:00+00:00,0.000000000
2025-04-23 21:00:00+00:00,0.000000000
2025-04-23 22:00:00+00:00,0.000000000
2025-04-23 23:00:00+00:00,0.000000000
2025-04-24 00:00:00+00:00,0.000000000
2025-04-24 01:00:00+00:00,0.000000000
2025-04-24 02:00:00+00:00,0.000000000
2025-04-24 03:00:00+00:00,0.000000000
2025-04-24 04:00:00+00:00,0.000000000
2025-04-24 05:00:00+00:00,0.005653181
2025-04-24 06:00:00+00:00,0.078359520
2025-04-24 07:00:00+00:00,0.188579304
2025-04-24 08:00:00+00:00,0.310035782
2025-04-24 09:00:00+00:00,0.421971031
2025-04-24 10:00:00+00:00,0.507164256
2025-04-24 11:00:00+00:00,0.553075083
2025-04-24 12:00:00+00:00,0.553075083
2025-04-24 13:00:00+00:00,0.507164256
2025-04-24 14:00:00+00:00,0.421971031
2025-04-24 15:00:00+00:00,0.310035782
2025-04-24 16:00:00+00:00,0.188579304
2025-04-24 17:00:00+00:00,0.078359520
2025-04-24 18:00:00+00:00,0.005653181
2025-04-24 19:00:00+00:00,0.000000000
2025-04-24 20:00:00+00:00,0.000000000
2025-04-24 21:00:00+00:00,0.000000000
2025-04-24 22:00:00+00:00,0.000000000
2025-04-24 23:00:00+00:00,0.000000000
2025-04-25 00:00:00+00:00,0.000000000
2025-04-25 01:00:00+00:00,0.000000000
2025-04-25 02:00:00+00:00,0.000000000
2025-04-25 03:00:00+00:00,0.000000000
2025-04-25 04:00:00+00:00,0.000000000
2025-04-25 05:00:00+00:00,0.006581063
2025-04-25 06:00:00+00:00,0.081646900
2025-04-25 07:00:00+00:00,0.194201305
2025-04-25 08:00:00+00:00,0.317849906
2025-04-25 09:00:00+00:00,0.431629621
2025-04-25 10:00:00+00:00,0.518150687
2025-04-25 11:00:00+00:00,0.564755378
2025-04-25 12:00:00+00:00,0.564755378
2025-04-25 13:00:00+00:00,0.518150687
2025-04-25 14:00:00+00:00,0.431629621
2025-04-25 15:00:00+00:00,0.317849906
2025-04-25 16:00:00+00:00,0.194201305
2025-04-25 17:00:00+00:00,0.081646900
2025-04-25 18:00:00+00:00,0.006581063
2025-04-25 19:00:00+00:00,0.000000000
2025-04-25 20:00:00+00:00,0.000000000
2025-04-25 21:00:00+00:00,0.000000000
2025-04-25 22:00:00+00:00,0.000000000
2025-04-25 23:00:00+00:00,0.000000000
2025-04-26 00:00:00+00:00,0.000000000
2025-04-26 01:00:00+00:00,0.000000000
2025-04-26 02:00:00+00:00,0.000000000
2025-04-26 03:00:00+00:00,0.000000000
2025-04-26 04:00:00+00:00,0.000000000
2025-04-26 05:00:00+00:00,0.006294652
2025-04-26 06:00:00+00:00,0.070690876
2025-04-26 07:00:00+00:00,0.166245359
2025-04-26 08:00:00+00:00,0.270904389
2025-04-26 09:00:00+00:00,0.367064523
2025-04-26 10:00:00+00:00,0.440124193
2025-04-26 11:00:00+00:00,0.479459868
2025-04-26 12:00:00+00:00,0.479459868
2025-04-26 13:00:00+00:00,0.440124193
2025-04-26 14:00:00+00:00,0.367064523
2025-04-26 15:00:00+00:00,0.270904389
2025-04-26 16:00:00+00:00,0.166245359
2025-04-26 17:00:00+00:00,0.070690876
2025-04-26 18:00:00+00:00,0.006294652
2025-04-26 19:00:00+00:00,0.000000000
2025-04-26 20:00:00+00:00,0.000000000
2025-04-26 21:00:00+00:00,0.000000000
2025-04-26 22:00:00+00:00,0.000000000
2025-04-26 23:00:00+00:00,0.000000000
2025-04-27 00:00:00+00:00,0.000000000
2025-04-27 01:00:00+00:00,0.000000000
2025-04-27 02:00:00+00:00,0.000000000
2025-04-27 03:00:00+00:00,0.000000000
2025-04-27 04:00:00+00:00,0.000000000
2025-04-27 05:00:00+00:00,0.010087344
2025-04-27 06:00:00+00:00,0.103524693
2025-04-27 07:00:00+00:00,0.240802723
2025-04-27 08:00:00+00:00,0.390722237
2025-04-27 09:00:00+00:00,0.528263304
2025-04-27 10:00:00+00:00,0.632674585
2025-04-27 11:00:00+00:00,0.688864825
2025-04-27 12:00:00+00:00,0.688864825
2025-04-27 13:00:00+00:00,0.632674585
2025-04-27 14:00:00+00:00,0.528263304
2025-04-27 15:00:00+00:00,0.390722237
2025-04-27 16:00:00+00:00,0.240802723
2025-04-27 17:00:00+00:00,0.103524693
2025-04-27 18:00:00+00:00,0.010087344
2025-04-27 19:00:00+00:00,0.000000000
2025-04-27 20:00:00+00:00,0.000000000
2025-04-27 21:00:00+00:00,0.000000000
2025-04-27 22:00:00+00:00,0.000000000
2025-04-27 23:00:00+00:00,0.000000000
2025-04-28 00:00:00+00:00,0.000000000
2025-04-28 01:00:00+00:00,0.000000000
2025-04-28 02:00:00+00:00,0.000000000
2025-04-28 03:00:00+00:00,0.000000000
2025-04-28 04:00:00+00:00,0.000000000
2025-04-28 05:00:00+00:00,0.010148663
2025-04-28 06:00:00+00:00,0.095955758
2025-04-28 07:00:00+00:00,0.220836904
2025-04-28 08:00:00+00:00,0.356830154
2025-04-28 09:00:00+00:00,0.481413635
2025-04-28 10:00:00+00:00,0.575909895
2025-04-28 11:00:00+00:00,0.626741761
2025-04-28 12:00:00+00:00,0.626741761
2025-04-28 13:00:00+00:00,0.575909895
2025-04-28 14:00:00+00:00,0.481413635
2025-04-28 15:00:00+00:00,0.356830154
2025-04-28 16:00:00+00:00,0.220836904
2025-04-28 17:00:00+00:00,0.095955758
2025-04-28 18:00:00+00:00,0.010148663
2025-04-28 19:00:00+00:00,0.000000000
2025-04-28 20:00:00+00:00,0.000000000
2025-04-28 21:00:00+00:00,0.000000000
2025-04-28 22:00:00+00:00,0.000000000
2025-04-28 23:00:00+00:00,0.000000000
2025-04-29 00:00:00+00:00,0.000000000
2025-04-29 01:00:00+00:00,0.000000000
2025-04-29 02:00:00+00:00,0.000000000
2025-04-29 03:00:00+00:00,0.000000000
2025-04-29 04:00:00+00:00,0.000000000
2025-04-29 05:00:00+00:00,0.013392539
2025-04-29 06:00:00+00:00,0.117477480
2025-04-29 07:00:00+00:00,0.267599305
2025-04-29 08:00:00+00:00,0.430626031
2025-04-29 09:00:00+00:00,0.579762448
2025-04-29 10:00:00+00:00,0.692789839
2025-04-29 11:00:00+00:00,0.753563657
2025-04-29 12:00:00+00:00,0.753563657
2025-04-29 13:00:00+00:00,0.692789839
2025-04-29 14:00:00+00:00,0.579762448
2025-04-29 15:00:00+00:00,0.430626031
2025-04-29 16:00:00+00:00,0.267599305
2025-04-29 17:00:00+00:00,0.117477480
2025-04-29 18:00:00+00:00,0.013392539
2025-04-29 19:00:00+00:00,0.000000000
2025-04-29 20:00:00+00:00,0.000000000
2025-04-29 21:00:00+00:00,0.000000000
2025-04-29 22:00:00+00:00,0.000000000
2025-04-29 23:00:00+00:00,0.000000000
2025-04-30 00:00:00+00:00,0.000000000
2025-04-30 01:00:00+00:00,0.000000000
2025-04-30 02:00:00+00:00,0.000000000
2025-04-30 03:00:00+00:00,0.000000000
2025-04-30 04:00:00+00:00,0.000000000
2025-04-30 05:00:00+00:00,0.010965510
2025-04-30 06:00:00+00:00,0.089782420
2025-04-30 07:00:00+00:00,0.202485057
2025-04-30 08:00:00+00:00,0.324545249
2025-04-30 09:00:00+00:00,0.436050038
2025-04-30 10:00:00+00:00,0.520489612
2025-04-30 11:00:00+00:00,0.565872660
2025-04-30 12:00:00+00:00,0.565872660
2025-04-30 13:00:00+00:00,0.520489612
2025-04-30 14:00:00+00:00,0.436050038
2025-04-30 15:00:00+00:00,0.324545249
2025-04-30 16:00:00+00:00,0.202485057
2025-04-30 17:00:00+00:00,0.089782420
2025-04-30 18:00:00+00:00,0.010965510
2025-04-30 19:00:00+00:00,0.000000000
2025-04-30 20:00:00+00:00,0.000000000
2025-04-30 21:00:00+00:00,0.000000000
2025-04-30 22:00:00+00:00,0.000000000
2025-04-30 23:00:00+00:00,0.000000000
2025-05-01 00:00:00+00:00,0.000000000
2025-05-01 01:00:00+00:00,0.000000000
2025-05-01 02:00:00+00:00,0.000000000
2025-05-01 03:00:00+00:00,0.000000000
2025-05-01 04:00:00+00:00,0.000000000
2025-05-01 05:00:00+00:00,0.015052871
2025-05-01 06:00:00+00:00,0.115656776
2025-05-01 07:00:00+00:00,0.258333600
2025-05-01 08:00:00+00:00,0.412449797
2025-05-01 09:00:00+00:00,0.553046458
2025-05-01 10:00:00+00:00,0.659433002
2025-05-01 11:00:00+00:00,0.716587777
2025-05-01 12:00:00+00:00,0.716587777
2025-05-01 13:00:00+00:00,0.659433002
2025-05-01 14:00:00+00:00,0.553046458
2025-05-01 15:00:00+00:00,0.412449797
2025-05-01 16:00:00+00:00,0.258333600
2025-05-01 17:00:00+00:00,0.115656776
2025-05-01 18:00:00+00:00,0.015052871
2025-05-01 19:00:00+00:00,0.000000000
2025-05-01 20:00:00+00:00,0.000000000
2025-05-01 21:00:00+00:00,0.000000000
2025-05-01 22:00:00+00:00,0.000000000
2025-05-01 23:00:00+00:00,0.000000000
2025-05-02 00:00:00+00:00,0.000000000
2025-05-02 01:00:00+00:00,0.000000000
2025-05-02 02:00:00+00:00,0.000000000
2025-05-02 03:00:00+00:00,0.000000000
2025-05-02 04:00:00+00:00,0.000000000
2025-05-02 05:00:00+00:00,0.014826550
2025-05-02 06:00:00+00:00,0.107406707
2025-05-02 07:00:00+00:00,0.237674034
2025-05-02 08:00:00+00:00,0.378024708
2025-05-02 09:00:00+00:00,0.505892464
2025-05-02 10:00:00+00:00,0.602572892
2025-05-02 11:00:00+00:00,0.654491854
2025-05-02 12:00:00+00:00,0.654491854
2025-05-02 13:00:00+00:00,0.602572892
2025-05-02 14:00:00+00:00,0.505892464
2025-05-02 15:00:00+00:00,0.378024708
2025-05-02 16:00:00+00:00,0.237674034
2025-05-02 17:00:00+00:00,0.107406707
2025-05-02 18:00:00+00:00,0.014826550
2025-05-02 19:00:00+00:00,0.000000000
2025-05-02 20:00:00+00:00,0.000000000
2025-05-02 21:00:00+00:00,0.000000000
2025-05-02 22:00:00+00:00,0.000000000
2025-05-02 23:00:00+00:00,0.000000000
2025-05-03 00:00:00+00:00,0.000000000
2025-05-03 01:00:00+00:00,0.000000000
2025-05-03 02:00:00+00:00,0.000000000
2025-05-03 03:00:00+00:00,0.000000000
2025-05-03 04:00:00+00:00,0.000000000
2025-05-03 05:00:00+00:00,0.016748197
2025-05-03 06:00:00+00:00,0.114874625
2025-05-03 07:00:00+00:00,0.251908670
2025-05-03 08:00:00+00:00,0.399180725
2025-05-03 09:00:00+00:00,0.533178992
2025-05-03 10:00:00+00:00,0.634418296
2025-05-03 11:00:00+00:00,0.688763546
2025-05-03 12:00:00+00:00,0.688763546
2025-05-03 13:00:00+00:00,0.634418296
2025-05-03 14:00:00+00:00,0.533178992
2025-05-03 15:00:00+00:00,0.399180725
2025-05-03 16:00:00+00:00,0.251908670
2025-05-03 17:00:00+00:00,0.114874625
2025-05-03 18:00:00+00:00,0.016748197
2025-05-03 19:00:00+00:00,0.000000000
2025-05-03 20:00:00+00:00,0.000000000
2025-05-03 21:00:00+00:00,0.000000000
2025-05-03 22:00:00+00:00,0.000000000
2025-05-03 23:00:00+00:00,0.000000000
2025-05-04 00:00:00+00:00,0.000000000
2025-05-04 01:00:00+00:00,0.000000000
2025-05-04 02:00:00+00:00,0.000000000
2025-05-04 03:00:00+00:00,0.000000000
2025-05-04 04:00:00+00:00,0.000000000
2025-05-04 05:00:00+00:00,0.018756998
2025-05-04 06:00:00+00:00,0.122269652
2025-05-04 07:00:00+00:00,0.265785042
2025-05-04 08:00:00+00:00,0.419647044
2025-05-04 09:00:00+00:00,0.559462406
2025-05-04 10:00:00+00:00,0.665018647
2025-05-04 11:00:00+00:00,0.721658844
2025-05-04 12:00:00+00:00,0.721658844
2025-05-04 13:00:00+00:00,0.665018647
2025-05-04 14:00:00+00:00,0.559462406
2025-05-04 15:00:00+00:00,0.419647044
2025-05-04 16:00:00+00:00,0.265785042
2025-05-04 17:00:00+00:00,0.122269652
2025-05-04 18:00:00+00:00,0.018756998
2025-05-04 19:00:00+00:00,0.000000000
2025-05-04 20:00:00+00:00,0.000000000
2025-05-04 21:00:00+00:00,0.000000000
2025-05-04 22:00:00+00:00,0.000000000
2025-05-04 23:00:00+00:00,0.000000000
2025-05-05 00:00:00+00:00,0.000000000
2025-05-05 01:00:00+00:00,0.000000000
2025-05-05 02:00:00+00:00,0.000000000
2025-05-05 03:00:00+00:00,0.000000000
2025-05-05 04:00:00+00:00,0.000000000
2025-05-05 05:00:00+00:00,0.019973704
2025-05-05 06:00:00+00:00,0.124160938
2025-05-05 07:00:00+00:00,0.267614790
2025-05-05 08:00:00+00:00,0.421046037
2025-05-05 09:00:00+00:00,0.560295745
2025-05-05 10:00:00+00:00,0.665348866
2025-05-05 11:00:00+00:00,0.721697268
2025-05-05 12:00:00+00:00,0.721697268
2025-05-05 13:00:00+00:00,0.665348866
2025-05-05 14:00:00+00:00,0.560295745
2025-05-05 15:00:00+00:00,0.421046037
2025-05-05 16:00:00+00:00,0.267614790
2025-05-05 17:00:00+00:00,0.124160938
2025-05-05 18:00:00+00:00,0.019973704
2025-05-05 19:00:00+00:00,0.000000000
2025-05-05 20:00:00+00:00,0.000000000
2025-05-05 21:00:00+00:00,0.000000000
2025-05-05 22:00:00+00:00,0.000000000
2025-05-05 23:00:00+00:00,0.000000000
2025-05-06 00:00:00+00:00,0.000000000
2025-05-06 01:00:00+00:00,0.000000000
2025-05-06 02:00:00+00:00,0.000000000
2025-05-06 03:00:00+00:00,0.000000000
2025-05-06 04:00:00+00:00,0.000000000
2025-05-06 05:00:00+00:00,0.018512730
2025-05-06 06:00:00+00:00,0.110077760
2025-05-06 07:00:00+00:00,0.235317828
2025-05-06 08:00:00+00:00,0.368959153
2025-05-06 09:00:00+00:00,0.490099948
2025-05-06 10:00:00+00:00,0.581426550
2025-05-06 11:00:00+00:00,0.630393736
2025-05-06 12:00:00+00:00,0.630393736
2025-05-06 13:00:00+00:00,0.581426550
2025-05-06 14:00:00+00:00,0.490099948
2025-05-06 15:00:00+00:00,0.368959153
2025-05-06 16:00:00+00:00,0.235317828
2025-05-06 17:00:00+00:00,0.110077760
2025-05-06 18:00:00+00:00,0.018512730
2025-05-06 19:00:00+00:00,0.000000000
2025-05-06 20:00:00+00:00,0.000000000
2025-05-06 21:00:00+00:00,0.000000000
2025-05-06 22:00:00+00:00,0.000000000
2025-05-06 23:00:00+00:00,0.000000000
2025-05-07 00:00:00+00:00,0.000000000
2025-05-07 01:00:00+00:00,0.000000000
2025-05-07 02:00:00+00:00,0.000000000
2025-05-07 03:00:00+00:00,0.000000000
2025-05-07 04:00:00+00:00,0.000000000
2025-05-07 05:00:00+00:00,0.018552563
2025-05-07 06:00:00+00:00,0.105814746
2025-05-07 07:00:00+00:00,0.224411476
2025-05-07 08:00:00+00:00,0.350679322
2025-05-07 09:00:00+00:00,0.464999716
2025-05-07 10:00:00+00:00,0.551124742
2025-05-07 11:00:00+00:00,0.597285808
2025-05-07 12:00:00+00:00,0.597285808
2025-05-07 13:00:00+00:00,0.551124742
2025-05-07 14:00:00+00:00,0.464999716
2025-05-07 15:00:00+00:00,0.350679322
2025-05-07 16:00:00+00:00,0.224411476
2025-05-07 17:00:00+00:00,0.105814746
2025-05-07 18:00:00+00:00,0.018552563
2025-05-07 19:00:00+00:00,0.000000000
2025-05-07 20:00:00+00:00,0.000000000
2025-05-07 21:00:00+00:00,0.000000000
2025-05-07 22:00:00+00:00,0.000000000
2025-05-07 23:00:00+00:00,0.000000000
2025-05-08 00:00:00+00:00,0.000000000
2025-05-08 01:00:00+00:00,0.000000000
2025-05-08 02:00:00+00:00,0.000000000
2025-05-08 03:00:00+00:00,0.000000000
2025-05-08 04:00:00+00:00,0.000000000
2025-05-08 05:00:00+00:00,0.020092740
2025-05-08 06:00:00+00:00,0.110204518
2025-05-08 07:00:00+00:00,0.231927473
2025-05-08 08:00:00+00:00,0.361240237
2025-05-08 09:00:00+00:00,0.478180934
2025-05-08 10:00:00+00:00,0.566220251
2025-05-08 11:00:00+00:00,0.613390170
2025-05-08 12:00:00+00:00,0.613390170
2025-05-08 13:00:00+00:00,0.566220251
2025-05-08 14:00:00+00:00,0.478180934
2025-05-08 15:00:00+00:00,0.361240237
2025-05-08 16:00:00+00:00,0.231927473
2025-05-08 17:00:00+00:00,0.110204518
2025-05-08 18:00:00+00:00,0.020092740
2025-05-08 19:00:00+00:00,0.000000000
2025-05-08 20:00:00+00:00,0.000000000
2025-05-08 21:00:00+00:00,0.000000000
2025-05-08 22:00:00+00:00,0.000000000
2025-05-08 23:00:00+00:00,0.000000000
2025-05-09 00:00:00+00:00,0.000000000
2025-05-09 01:00:00+00:00,0.000000000
2025-05-09 02:00:00+00:00,0.000000000
2025-05-09 03:00:00+00:00,0.000000000
2025-05-09 04:00:00+00:00,0.000000000
2025-05-09 05:00:00+00:00,0.020948671
2025-05-09 06:00:00+00:00,0.110750816
2025-05-09 07:00:00+00:00,0.231345451
2025-05-09 08:00:00+00:00,0.359186873
2025-05-09 09:00:00+00:00,0.474665390
2025-05-09 10:00:00+00:00,0.561546237
2025-05-09 11:00:00+00:00,0.608078901
2025-05-09 12:00:00+00:00,0.608078901
2025-05-09 13:00:00+00:00,0.561546237
2025-05-09 14:00:00+00:00,0.474665390
2025-05-09 15:00:00+00:00,0.359186873
2025-05-09 16:00:00+00:00,0.231345451
2025-05-09 17:00:00+00:00,0.110750816
2025-05-09 18:00:00+00:00,0.020948671
2025-05-09 19:00:00+00:00,0.000000000
2025-05-09 20:00:00+00:00,0.000000000
2025-05-09 21:00:00+00:00,0.000000000
2025-05-09 22:00:00+00:00,0.000000000
2025-05-09 23:00:00+00:00,0.000000000
2025-05-10 00:00:00+00:00,0.000000000
2025-05-10 01:00:00+00:00,0.000000000
2025-05-10 02:00:00+00:00,0.000000000
2025-05-10 03:00:00+00:00,0.000000000
2025-05-10 04:00:00+00:00,0.000000000
2025-05-10 05:00:00+00:00,0.022112469
2025-05-10 06:00:00+00:00,0.112924651
2025-05-10 07:00:00+00:00,0.234190067
2025-05-10 08:00:00+00:00,0.362476496
2025-05-10 09:00:00+00:00,0.478228241
2025-05-10 10:00:00+00:00,0.565258205
2025-05-10 11:00:00+00:00,0.611854509
2025-05-10 12:00:00+00:00,0.611854509
2025-05-10 13:00:00+00:00,0.565258205
2025-05-10 14:00:00+00:00,0.478228241
2025-05-10 15:00:00+00:00,0.362476496
2025-05-10 16:00:00+00:00,0.234190067
2025-05-10 17:00:00+00:00,0.112924651
2025-05-10 18:00:00+00:00,0.022112469
2025-05-10 19:00:00+00:00,0.000000000
2025-05-10 20:00:00+00:00,0.000000000
2025-05-10 21:00:00+00:00,0.000000000
2025-05-10 22:00:00+00:00,0.000000000
2025-05-10 23:00:00+00:00,0.000000000
2025-05-11 00:00:00+00:00,0.000000000
2025-05-11 01:00:00+00:00,0.000000000
2025-05-11 02:00:00+00:00,0.000000000
2025-05-11 03:00:00+00:00,0.000000000
2025-05-11 04:00:00+00:00,0.000000000
2025-05-11 05:00:00+00:00,0.027304819
2025-05-11 06:00:00+00:00,0.134961741
2025-05-11 07:00:00+00:00,0.277944334
2025-05-11 08:00:00+00:00,0.428900945
2025-05-11 09:00:00+00:00,0.564960187
2025-05-11 10:00:00+00:00,0.667193920
2025-05-11 11:00:00+00:00,0.721911781
2025-05-11 12:00:00+00:00,0.721911781
2025-05-11 13:00:00+00:00,0.667193920
2025-05-11 14:00:00+00:00,0.564960187
2025-05-11 15:00:00+00:00,0.428900945
2025-05-11 16:00:00+00:00,0.277944334
2025-05-11 17:00:00+00:00,0.134961741
2025-05-11 18:00:00+00:00,0.027304819
2025-05-11 19:00:00+00:00,0.000000000
2025-05-11 20:00:00+00:00,0.000000000
2025-05-11 21:00:00+00:00,0.000000000
2025-05-11 22:00:00+00:00,0.000000000
2025-05-11 23:00:00+00:00,0.000000000
2025-05-12 00:00:00+00:00,0.000000000
2025-05-12 01:00:00+00:00,0.000000000
2025-05-12 02:00:00+00:00,0.000000000
2025-05-12 03:00:00+00:00,0.000000000
2025-05-12 04:00:00+00:00,0.000000000
2025-05-12 05:00:00+00:00,0.021900920
2025-05-12 06:00:00+00:00,0.104965950
2025-05-12 07:00:00+00:00,0.214714924
2025-05-12 08:00:00+00:00,0.330357928
2025-05-12 09:00:00+00:00,0.434478402
2025-05-12 10:00:00+00:00,0.512665257
2025-05-12 11:00:00+00:00,0.554498764
2025-05-12 12:00:00+00:00,0.554498764
2025-05-12 13:00:00+00:00,0.512665257
2025-05-12 14:00:00+00:00,0.434478402
2025-05-12 15:00:00+00:00,0.330357928
2025-05-12 16:00:00+00:00,0.214714924
2025-05-12 17:00:00+00:00,0.104965950
2025-05-12 18:00:00+00:00,0.021900920
2025-05-12 19:00:00+00:00,0.000000000
2025-05-12 20:00:00+00:00,0.000000000
2025-05-12 21:00:00+00:00,0.000000000
2025-05-12 22:00:00+00:00,0.000000000
2025-05-12 23:00:00+00:00,0.000000000
2025-05-13 00:00:00+00:00,0.000000000
2025-05-13 01:00:00+00:00,0.000000000
2025-05-13 02:00:00+00:00,0.000000000
2025-05-13 03:00:00+00:00,0.000000000
2025-05-13 04:00:00+00:00,0.000000000
2025-05-13 05:00:00+00:00,0.022867319
2025-05-13 06:00:00+00:00,0.106452017
2025-05-13 07:00:00+00:00,0.216337148
2025-05-13 08:00:00+00:00,0.331903693
2025-05-13 09:00:00+00:00,0.435848187
2025-05-13 10:00:00+00:00,0.513855810
2025-05-13 11:00:00+00:00,0.555579875
2025-05-13 12:00:00+00:00,0.555579875
2025-05-13 13:00:00+00:00,0.513855810
2025-05-13 14:00:00+00:00,0.435848187
2025-05-13 15:00:00+00:00,0.331903693
2025-05-13 16:00:00+00:00,0.216337148
2025-05-13 17:00:00+00:00,0.106452017
2025-05-13 18:00:00+00:00,0.022867319
2025-05-13 19:00:00+00:00,0.000000000
2025-05-13 20:00:00+00:00,0.000000000
2025-05-13 21:00:00+00:00,0.000000000
2025-05-13 22:00:00+00:00,0.000000000
2025-05-13 23:00:00+00:00,0.000000000
2025-05-14 00:00:00+00:00,0.000000000
2025-05-14 01:00:00+00:00,0.000000000
2025-05-14 02:00:00+00:00,0.000000000
2025-05-14 03:00:00+00:00,0.000000000
2025-05-14 04:00:00+00:00,0.000000000
2025-05-14 05:00:00+00:00,0.030908089
2025-05-14 06:00:00+00:00,0.139974924
2025-05-14 07:00:00+00:00,0.282673665
2025-05-14 08:00:00+00:00,0.432473620
2025-05-14 09:00:00+00:00,0.567073697
2025-05-14 10:00:00+00:00,0.668028113
2025-05-14 11:00:00+00:00,0.722008670
2025-05-14 12:00:00+00:00,0.722008670
2025-05-14 13:00:00+00:00,0.668028113
2025-05-14 14:00:00+00:00,0.567073697
2025-05-14 15:00:00+00:00,0.432473620
2025-05-14 16:00:00+00:00,0.282673665
2025-05-14 17:00:00+00:00,0.139974924
2025-05-14 18:00:00+00:00,0.030908089
2025-05-14 19:00:00+00:00,0.000000000
2025-05-14 20:00:00+00:00,0.000000000
2025-05-14 21:00:00+00:00,0.000000000
2025-05-14 22:00:00+00:00,0.000000000
2025-05-14 23:00:00+00:00,0.000000000
2025-05-15 00:00:00+00:00,0.000000000
2025-05-15 01:00:00+00:00,0.000000000
2025-05-15 02:00:00+00:00,0.000000000
2025-05-15 03:00:00+00:00,0.000000000
2025-05-15 04:00:00+00:00,0.000000000
2025-05-15 05:00:00+00:00,0.031655640
2025-05-15 06:00:00+00:00,0.139672115
2025-05-15 07:00:00+00:00,0.280346438
2025-05-15 08:00:00+00:00,0.427756950
2025-05-15 09:00:00+00:00,0.560080751
2025-05-15 10:00:00+00:00,0.659270993
2025-05-15 11:00:00+00:00,0.712291865
2025-05-15 12:00:00+00:00,0.712291865
2025-05-15 13:00:00+00:00,0.659270993
2025-05-15 14:00:00+00:00,0.560080751
2025-05-15 15:00:00+00:00,0.427756950
2025-05-15 16:00:00+00:00,0.280346438
2025-05-15 17:00:00+00:00,0.139672115
2025-05-15 18:00:00+00:00,0.031655640
2025-05-15 19:00:00+00:00,0.000000000
2025-05-15 20:00:00+00:00,0.000000000
2025-05-15 21:00:00+00:00,0.000000000
2025-05-15 22:00:00+00:00,0.000000000
2025-05-15 23:00:00+00:00,0.000000000
2025-05-16 00:00:00+00:00,0.000000000
2025-05-16 01:00:00+00:00,0.000000000
2025-05-16 02:00:00+00:00,0.000000000
2025-05-16 03:00:00+00:00,0.000000000
2025-05-16 04:00:00+00:00,0.000000000
2025-05-16 05:00:00+00:00,0.026185400
2025-05-16 06:00:00+00:00,0.112719295
2025-05-16 07:00:00+00:00,0.224917933
2025-05-16 08:00:00+00:00,0.342285128
2025-05-16 09:00:00+00:00,0.447540365
2025-05-16 10:00:00+00:00,0.526395896
2025-05-16 11:00:00+00:00,0.568534427
2025-05-16 12:00:00+00:00,0.568534427
2025-05-16 13:00:00+00:00,0.526395896
2025-05-16 14:00:00+00:00,0.447540365
2025-05-16 15:00:00+00:00,0.342285128
2025-05-16 16:00:00+00:00,0.224917933
2025-05-16 17:00:00+00:00,0.112719295
2025-05-16 18:00:00+00:00,0.026185400
2025-05-16 19:00:00+00:00,0.000000000
2025-05-16 20:00:00+00:00,0.000000000
2025-05-16 21:00:00+00:00,0.000000000
2025-05-16 22:00:00+00:00,0.000000000
2025-05-16 23:00:00+00:00,0.000000000
2025-05-17 00:00:00+00:00,0.000000000
2025-05-17 01:00:00+00:00,0.000000000
2025-05-17 02:00:00+00:00,0.000000000
2025-05-17 03:00:00+00:00,0.000000000
2025-05-17 04:00:00+00:00,0.000000000
2025-05-17 05:00:00+00:00,0.034410717
2025-05-17 06:00:00+00:00,0.144702462
2025-05-17 07:00:00+00:00,0.287098248
2025-05-17 08:00:00+00:00,0.435803039
2025-05-17 09:00:00+00:00,0.569038848
2025-05-17 10:00:00+00:00,0.668802739
2025-05-17 11:00:00+00:00,0.722098585
2025-05-17 12:00:00+00:00,0.722098585
2025-05-17 13:00:00+00:00,0.668802739
2025-05-17 14:00:00+00:00,0.569038848
2025-05-17 15:00:00+00:00,0.435803039
2025-05-17 16:00:00+00:00,0.287098248
2025-05-17 17:00:00+00:00,0.144702462
2025-05-17 18:00:00+00:00,0.034410717
2025-05-17 19:00:00+00:00,0.000000000
2025-05-17 20:00:00+00:00,0.000000000
2025-05-17 21:00:00+00:00,0.000000000
2025-05-17 22:00:00+00:00,0.000000000
2025-05-17 23:00:00+00:00,0.000000000
2025-05-18 00:00:00+00:00,0.000000000
2025-05-18 01:00:00+00:00,0.000000000
2025-05-18 02:00:00+00:00,0.000000000
2025-05-18 03:00:00+00:00,0.000000000
2025-05-18 04:00:00+00:00,0.000000000
2025-05-18 05:00:00+00:00,0.034000275
2025-05-18 06:00:00+00:00,0.139841750
2025-05-18 07:00:00+00:00,0.275934971
2025-05-18 08:00:00+00:00,0.417826317
2025-05-18 09:00:00+00:00,0.544843482
2025-05-18 10:00:00+00:00,0.639900746
2025-05-18 11:00:00+00:00,0.690667744
2025-05-18 12:00:00+00:00,0.690667744
2025-05-18 13:00:00+00:00,0.639900746
2025-05-18 14:00:00+00:00,0.544843482
2025-05-18 15:00:00+00:00,0.417826317
2025-05-18 16:00:00+00:00,0.275934971
2025-05-18 17:00:00+00:00,0.139841750
2025-05-18 18:00:00+00:00,0.034000275
2025-05-18 19:00:00+00:00,0.000000000
2025-05-18 20:00:00+00:00,0.000000000
2025-05-18 21:00:00+00:00,0.000000000
2025-05-18 22:00:00+00:00,0.000000000
2025-05-18 23:00:00+00:00,0.000000000
2025-05-19 00:00:00+00:00,0.000000000
2025-05-19 01:00:00+00:00,0.000000000
2025-05-19 02:00:00+00:00,0.000000000
2025-05-19 03:00:00+00:00,0.000000000
2025-05-19 04:00:00+00:00,0.000000000
2025-05-19 05:00:00+00:00,0.027055477
2025-05-19 06:00:00+00:00,0.108963334
2025-05-19 07:00:00+00:00,0.213870199
2025-05-19 08:00:00+00:00,0.323073953
2025-05-19 09:00:00+00:00,0.420745046
2025-05-19 10:00:00+00:00,0.493802734
2025-05-19 11:00:00+00:00,0.532809660
2025-05-19 12:00:00+00:00,0.532809660
2025-05-19 13:00:00+00:00,0.493802734
2025-05-19 14:00:00+00:00,0.420745046
2025-05-19 15:00:00+00:00,0.323073953
2025-05-19 16:00:00+00:00,0.213870199
2025-05-19 17:00:00+00:00,0.108963334
2025-05-19 18:00:00+00:00,0.027055477
2025-05-19 19:00:00+00:00,0.000000000
2025-05-19 20:00:00+00:00,0.000000000
2025-05-19 21:00:00+00:00,0.000000000
2025-05-19 22:00:00+00:00,0.000000000
2025-05-19 23:00:00+00:00,0.000000000
2025-05-20 00:00:00+00:00,0.000000000
2025-05-20 01:00:00+00:00,0.000000000
2025-05-20 02:00:00+00:00,0.000000000
2025-05-20 03:00:00+00:00,0.000000000
2025-05-20 04:00:00+00:00,0.000000000
2025-05-20 05:00:00+00:00,0.037773114
2025-05-20 06:00:00+00:00,0.149124687
2025-05-20 07:00:00+00:00,0.291207467
2025-05-20 08:00:00+00:00,0.438884094
2025-05-20 09:00:00+00:00,0.570853614
2025-05-20 10:00:00+00:00,0.669517224
2025-05-20 11:00:00+00:00,0.722181473
2025-05-20 12:00:00+00:00,0.722181473
2025-05-20 13:00:00+00:00,0.669517224
2025-05-20 14:00:00+00:00,0.570853614
2025-05-20 15:00:00+00:00,0.438884094
2025-05-20 16:00:00+00:00,0.291207467
2025-05-20 17:00:00+00:00,0.149124687
2025-05-20 18:00:00+00:00,0.037773114
2025-05-20 19:00:00+00:00,0.000000000
2025-05-20 20:00:00+00:00,0.000000000
2025-05-20 21:00:00+00:00,0.000000000
2025-05-20 22:00:00+00:00,0.000000000
2025-05-20 23:00:00+00:00,0.000000000
2025-05-21 00:00:00+00:00,0.000000000
2025-05-21 01:00:00+00:00,0.000000000
2025-05-21 02:00:00+00:00,0.000000000
2025-05-21 03:00:00+00:00,0.000000000
2025-05-21 04:00:00+00:00,0.000000000
2025-05-21 05:00:00+00:00,0.034802346
2025-05-21 06:00:00+00:00,0.134822496
2025-05-21 07:00:00+00:00,0.261987097
2025-05-21 08:00:00+00:00,0.393963230
2025-05-21 09:00:00+00:00,0.511805764
2025-05-21 10:00:00+00:00,0.599865104
2025-05-21 11:00:00+00:00,0.646856774
2025-05-21 12:00:00+00:00,0.646856774
2025-05-21 13:00:00+00:00,0.599865104
2025-05-21 14:00:00+00:00,0.511805764
2025-05-21 15:00:00+00:00,0.393963230
2025-05-21 16:00:00+00:00,0.261987097
2025-05-21 17:00:00+00:00,0.134822496
2025-05-21 18:00:00+00:00,0.034802346
2025-05-21 19:00:00+00:00,0.000000000
2025-05-21 20:00:00+00:00,0.000000000
2025-05-21 21:00:00+00:00,0.000000000
2025-05-21 22:00:00+00:00,0.000000000
2025-05-21 23:00:00+00:00,0.000000000
2025-05-22 00:00:00+00:00,0.000000000
2025-05-22 01:00:00+00:00,0.000000000
2025-05-22 02:00:00+00:00,0.000000000
2025-05-22 03:00:00+00:00,0.000000000
2025-05-22 04:00:00+00:00,0.000000000
2025-05-22 05:00:00+00:00,0.032579905
2025-05-22 06:00:00+00:00,0.123969031
2025-05-22 07:00:00+00:00,0.239759237
2025-05-22 08:00:00+00:00,0.359759399
2025-05-22 09:00:00+00:00,0.466823695
2025-05-22 10:00:00+00:00,0.546791381
2025-05-22 11:00:00+00:00,0.589454245
2025-05-22 12:00:00+00:00,0.589454245
2025-05-22 13:00:00+00:00,0.546791381
2025-05-22 14:00:00+00:00,0.466823695
2025-05-22 15:00:00+00:00,0.359759399
2025-05-22 16:00:00+00:00,0.239759237
2025-05-22 17:00:00+00:00,0.123969031
2025-05-22 18:00:00+00:00,0.032579905
2025-05-22 19:00:00+00:00,0.000000000
2025-05-22 20:00:00+00:00,0.000000000
2025-05-22 21:00:00+00:00,0.000000000
2025-05-22 22:00:00+00:00,0.000000000
2025-05-22 23:00:00+00:00,0.000000000
2025-05-23 00:00:00+00:00,0.000000000
2025-05-23 01:00:00+00:00,0.000000000
2025-05-23 02:00:00+00:00,0.000000000
2025-05-23 03:00:00+00:00,0.000000000
2025-05-23 04:00:00+00:00,0.000000000
2025-05-23 05:00:00+00:00,0.034164054
2025-05-23 06:00:00+00:00,0.127803791
2025-05-23 07:00:00+00:00,0.246053248
2025-05-23 08:00:00+00:00,0.368433623
2025-05-23 09:00:00+00:00,0.477537985
2025-05-23 10:00:00+00:00,0.558992472
2025-05-23 11:00:00+00:00,0.602437889
2025-05-23 12:00:00+00:00,0.602437889
2025-05-23 13:00:00+00:00,0.558992472
2025-05-23 14:00:00+00:00,0.477537985
2025-05-23 15:00:00+00:00,0.368433623
2025-05-23 16:00:00+00:00,0.246053248
2025-05-23 17:00:00+00:00,0.127803791
2025-05-23 18:00:00+00:00,0.034164054
2025-05-23 19:00:00+00:00,0.000000000
2025-05-23 20:00:00+00:00,0.000000000
2025-05-23 21:00:00+00:00,0.000000000
2025-05-23 22:00:00+00:00,0.000000000
2025-05-23 23:00:00+00:00,0.000000000
2025-05-24 00:00:00+00:00,0.000000000
2025-05-24 01:00:00+00:00,0.000000000
2025-05-24 02:00:00+00:00,0.000000000
2025-05-24 03:00:00+00:00,0.000000000
2025-05-24 04:00:00+00:00,0.000000000
2025-05-24 05:00:00+00:00,0.033527504
2025-05-24 06:00:00+00:00,0.123415182
2025-05-24 07:00:00+00:00,0.236567173
2025-05-24 08:00:00+00:00,0.353516853
2025-05-24 09:00:00+00:00,0.457702571
2025-05-24 10:00:00+00:00,0.535450824
2025-05-24 11:00:00+00:00,0.576909609
2025-05-24 12:00:00+00:00,0.576909609
2025-05-24 13:00:00+00:00,0.535450824
2025-05-24 14:00:00+00:00,0.457702571
2025-05-24 15:00:00+00:00,0.353516853
2025-05-24 16:00:00+00:00,0.236567173
2025-05-24 17:00:00+00:00,0.123415182
2025-05-24 18:00:00+00:00,0.033527504
2025-05-24 19:00:00+00:00,0.000000000
2025-05-24 20:00:00+00:00,0.000000000
2025-05-24 21:00:00+00:00,0.000000000
2025-05-24 22:00:00+00:00,0.000000000
2025-05-24 23:00:00+00:00,0.000000000
2025-05-25 00:00:00+00:00,0.000000000
2025-05-25 01:00:00+00:00,0.000000000
2025-05-25 02:00:00+00:00,0.000000000
2025-05-25 03:00:00+00:00,0.000000000
2025-05-25 04:00:00+00:00,0.000000000
2025-05-25 05:00:00+00:00,0.040541046
2025-05-25 06:00:00+00:00,0.146966976
2025-05-25 07:00:00+00:00,0.280531879
2025-05-25 08:00:00+00:00,0.418403483
2025-05-25 09:00:00+00:00,0.541140082
2025-05-25 10:00:00+00:00,0.632693091
2025-05-25 11:00:00+00:00,0.681501990
2025-05-25 12:00:00+00:00,0.681501990
2025-05-25 13:00:00+00:00,0.632693091
2025-05-25 14:00:00+00:00,0.541140082
2025-05-25 15:00:00+00:00,0.418403483
2025-05-25 16:00:00+00:00,0.280531879
2025-05-25 17:00:00+00:00,0.146966976
2025-05-25 18:00:00+00:00,0.040541046
2025-05-25 19:00:00+00:00,0.000000000
2025-05-25 20:00:00+00:00,0.000000000
2025-05-25 21:00:00+00:00,0.000000000
2025-05-25 22:00:00+00:00,0.000000000
2025-05-25 23:00:00+00:00,0.000000000
2025-05-26 00:00:00+00:00,0.000000000
2025-05-26 01:00:00+00:00,0.000000000
2025-05-26 02:00:00+00:00,0.000000000
2025-05-26 03:00:00+00:00,0.000000000
2025-05-26 04:00:00+00:00,0.000000000
2025-05-26 05:00:00+00:00,0.040284311
2025-05-26 06:00:00+00:00,0.143934991
2025-05-26 07:00:00+00:00,0.273640443
2025-05-26 08:00:00+00:00,0.407363895
2025-05-26 09:00:00+00:00,0.526325886
2025-05-26 10:00:00+00:00,0.615027062
2025-05-26 11:00:00+00:00,0.662305131
2025-05-26 12:00:00+00:00,0.662305131
2025-05-26 13:00:00+00:00,0.615027062
2025-05-26 14:00:00+00:00,0.526325886
2025-05-26 15:00:00+00:00,0.407363895
2025-05-26 16:00:00+00:00,0.273640443
2025-05-26 17:00:00+00:00,0.143934991
2025-05-26 18:00:00+00:00,0.040284311
2025-05-26 19:00:00+00:00,0.000000000
2025-05-26 20:00:00+00:00,0.000000000
2025-05-26 21:00:00+00:00,0.000000000
2025-05-26 22:00:00+00:00,0.000000000
2025-05-26 23:00:00+00:00,0.000000000
2025-05-27 00:00:00+00:00,0.000000000
2025-05-27 01:00:00+00:00,0.000000000
2025-05-27 02:00:00+00:00,0.000000000
2025-05-27 03:00:00+00:00,0.000000000
2025-05-27 04:00:00+00:00,0.000000000
2025-05-27 05:00:00+00:00,0.034539887
2025-05-27 06:00:00+00:00,0.121727941
2025-05-27 07:00:00+00:00,0.230531012
2025-05-27 08:00:00+00:00,0.342572398
2025-05-27 09:00:00+00:00,0.442179834
2025-05-27 10:00:00+00:00,0.516420536
2025-05-27 11:00:00+00:00,0.555982686
2025-05-27 12:00:00+00:00,0.555982686
2025-05-27 13:00:00+00:00,0.516420536
2025-05-27 14:00:00+00:00,0.442179834
2025-05-27 15:00:00+00:00,0.342572398
2025-05-27 16:00:00+00:00,0.230531012
2025-05-27 17:00:00+00:00,0.121727941
2025-05-27 18:00:00+00:00,0.034539887
2025-05-27 19:00:00+00:00,0.000000000
2025-05-27 20:00:00+00:00,0.000000000
2025-05-27 21:00:00+00:00,0.000000000
2025-05-27 22:00:00+00:00,0.000000000
2025-05-27 23:00:00+00:00,0.000000000
2025-05-28 00:00:00+00:00,0.000000000
2025-05-28 01:00:00+00:00,0.000000000
2025-05-28 02:00:00+00:00,0.000000000
2025-05-28 03:00:00+00:00,0.000000000
2025-05-28 04:00:00+00:00,0.000000000
2025-05-28 05:00:00+00:00,0.041856051
2025-05-28 06:00:00+00:00,0.145608298
2025-05-28 07:00:00+00:00,0.274740750
2025-05-28 08:00:00+00:00,0.407566303
2025-05-28 09:00:00+00:00,0.525576299
2025-05-28 10:00:00+00:00,0.613499769
2025-05-28 11:00:00+00:00,0.660343730
2025-05-28 12:00:00+00:00,0.660343730
2025-05-28 13:00:00+00:00,0.613499769
2025-05-28 14:00:00+00:00,0.525576299
2025-05-28 15:00:00+00:00,0.407566303
2025-05-28 16:00:00+00:00,0.274740750
2025-05-28 17:00:00+00:00,0.145608298
2025-05-28 18:00:00+00:00,0.041856051
2025-05-28 19:00:00+00:00,0.000000000
2025-05-28 20:00:00+00:00,0.000000000
2025-05-28 21:00:00+00:00,0.000000000
2025-05-28 22:00:00+00:00,0.000000000
2025-05-28 23:00:00+00:00,0.000000000
2025-05-29 00:00:00+00:00,0.000000000
2025-05-29 01:00:00+00:00,0.000000000
2025-05-29 02:00:00+00:00,0.000000000
2025-05-29 03:00:00+00:00,0.000000000
2025-05-29 04:00:00+00:00,0.000000000
2025-05-29 05:00:00+00:00,0.032131251
2025-05-29 06:00:00+00:00,0.110413203
2025-05-29 07:00:00+00:00,0.207600088
2025-05-29 08:00:00+00:00,0.307458262
2025-05-29 09:00:00+00:00,0.396124010
2025-05-29 10:00:00+00:00,0.462160529
2025-05-29 11:00:00+00:00,0.497336611
2025-05-29 12:00:00+00:00,0.497336611
2025-05-29 13:00:00+00:00,0.462160529
2025-05-29 14:00:00+00:00,0.396124010
2025-05-29 15:00:00+00:00,0.307458262
2025-05-29 16:00:00+00:00,0.207600088
2025-05-29 17:00:00+00:00,0.110413203
2025-05-29 18:00:00+00:00,0.032131251
2025-05-29 19:00:00+00:00,0.000000000
2025-05-29 20:00:00+00:00,0.000000000
2025-05-29 21:00:00+00:00,0.000000000
2025-05-29 22:00:00+00:00,0.000000000
2025-05-29 23:00:00+00:00,0.000000000
2025-05-30 00:00:00+00:00,0.000000000
2025-05-30 01:00:00+00:00,0.000000000
2025-05-30 02:00:00+00:00,0.000000000
2025-05-30 03:00:00+00:00,0.000000000
2025-05-30 04:00:00+00:00,0.000000000
2025-05-30 05:00:00+00:00,0.040351417
2025-05-30 06:00:00+00:00,0.137060737
2025-05-30 07:00:00+00:00,0.256838382
2025-05-30 08:00:00+00:00,0.379780902
2025-05-30 09:00:00+00:00,0.488879882
2025-05-30 10:00:00+00:00,0.570106395
2025-05-30 11:00:00+00:00,0.613365659
2025-05-30 12:00:00+00:00,0.613365659
2025-05-30 13:00:00+00:00,0.570106395
2025-05-30 14:00:00+00:00,0.488879882
2025-05-30 15:00:00+00:00,0.379780902
2025-05-30 16:00:00+00:00,0.256838382
2025-05-30 17:00:00+00:00,0.137060737
2025-05-30 18:00:00+00:00,0.040351417
2025-05-30 19:00:00+00:00,0.000000000
2025-05-30 20:00:00+00:00,0.000000000
2025-05-30 21:00:00+00:00,0.000000000
2025-05-30 22:00:00+00:00,0.000000000
2025-05-30 23:00:00+00:00,0.000000000
2025-05-31 00:00:00+00:00,0.000000000
2025-05-31 01:00:00+00:00,0.000000000
2025-05-31 02:00:00+00:00,0.000000000
2025-05-31 03:00:00+00:00,0.000000000
2025-05-31 04:00:00+00:00,0.000000000
2025-05-31 05:00:00+00:00,0.039699799
2025-05-31 06:00:00+00:00,0.133379234
2025-05-31 07:00:00+00:00,0.249141056
2025-05-31 08:00:00+00:00,0.367844311
2025-05-31 09:00:00+00:00,0.473122577
2025-05-31 10:00:00+00:00,0.551478393
2025-05-31 11:00:00+00:00,0.593201259
2025-05-31 12:00:00+00:00,0.593201259
2025-05-31 13:00:00+00:00,0.551478393
2025-05-31 14:00:00+00:00,0.473122577
2025-05-31 15:00:00+00:00,0.367844311
2025-05-31 16:00:00+00:00,0.249141056
2025-05-31 17:00:00+00:00,0.133379234
2025-05-31 18:00:00+00:00,0.039699799
2025-05-31 19:00:00+00:00,0.000000000
2025-05-31 20:00:00+00:00,0.000000000
2025-05-31 21:00:00+00:00,0.000000000
2025-05-31 22:00:00+00:00,0.000000000
2025-05-31 23:00:00+00:00,0.000000000
2025-06-01 00:00:00+00:00,0.000000000
2025-06-01 01:00:00+00:00,0.000000000
2025-06-01 02:00:00+00:00,0.000000000
2025-06-01 03:00:00+00:00,0.000000000
2025-06-01 04:00:00+00:00,0.000000000
2025-06-01 05:00:00+00:00,0.043934865
2025-06-01 06:00:00+00:00,0.146093120
2025-06-01 07:00:00+00:00,0.272060894
2025-06-01 08:00:00+00:00,0.401107949
2025-06-01 09:00:00+00:00,0.515499224
2025-06-01 10:00:00+00:00,0.600610557
2025-06-01 11:00:00+00:00,0.645922783
2025-06-01 12:00:00+00:00,0.645922783
2025-06-01 13:00:00+00:00,0.600610557
2025-06-01 14:00:00+00:00,0.515499224
2025-06-01 15:00:00+00:00,0.401107949
2025-06-01 16:00:00+00:00,0.272060894
2025-06-01 17:00:00+00:00,0.146093120
2025-06-01 18:00:00+00:00,0.043934865
2025-06-01 19:00:00+00:00,0.000000000
2025-06-01 20:00:00+00:00,0.000000000
2025-06-01 21:00:00+00:00,0.000000000
2025-06-01 22:00:00+00:00,0.000000000
2025-06-01 23:00:00+00:00,0.000000000
2025-06-02 00:00:00+00:00,0.000000000
2025-06-02 01:00:00+00:00,0.000000000
2025-06-02 02:00:00+00:00,0.000000000
2025-06-02 03:00:00+00:00,0.000000000
2025-06-02 04:00:00+00:00,0.000000000
2025-06-02 05:00:00+00:00,0.051453973
2025-06-02 06:00:00+00:00,0.169443847
2025-06-02 07:00:00+00:00,0.314636944
2025-06-02 08:00:00+00:00,0.463246352
2025-06-02 09:00:00+00:00,0.594911549
2025-06-02 10:00:00+00:00,0.692845676
2025-06-02 11:00:00+00:00,0.744976035
2025-06-02 12:00:00+00:00,0.744976035
2025-06-02 13:00:00+00:00,0.692845676
2025-06-02 14:00:00+00:00,0.594911549
2025-06-02 15:00:00+00:00,0.463246352
2025-06-02 16:00:00+00:00,0.314636944
2025-06-02 17:00:00+00:00,0.169443847
2025-06-02 18:00:00+00:00,0.051453973
2025-06-02 19:00:00+00:00,0.000000000
2025-06-02 20:00:00+00:00,0.000000000
2025-06-02 21:00:00+00:00,0.000000000
2025-06-02 22:00:00+00:00,0.000000000
2025-06-02 23:00:00+00:00,0.000000000
2025-06-03 00:00:00+00:00,0.000000000
2025-06-03 01:00:00+00:00,0.000000000
2025-06-03 02:00:00+00:00,0.000000000
2025-06-03 03:00:00+00:00,0.000000000
2025-06-03 04:00:00+00:00,0.000000000
2025-06-03 05:00:00+00:00,0.044057135
2025-06-03 06:00:00+00:00,0.143769618
2025-06-03 07:00:00+00:00,0.266235609
2025-06-03 08:00:00+00:00,0.391476963
2025-06-03 09:00:00+00:00,0.502385123
2025-06-03 10:00:00+00:00,0.584856211
2025-06-03 11:00:00+00:00,0.628748740
2025-06-03 12:00:00+00:00,0.628748740
2025-06-03 13:00:00+00:00,0.584856211
2025-06-03 14:00:00+00:00,0.502385123
2025-06-03 15:00:00+00:00,0.391476963
2025-06-03 16:00:00+00:00,0.266235609
2025-06-03 17:00:00+00:00,0.143769618
2025-06-03 18:00:00+00:00,0.044057135
2025-06-03 19:00:00+00:00,0.000000000
2025-06-03 20:00:00+00:00,0.000000000
2025-06-03 21:00:00+00:00,0.000000000
2025-06-03 22:00:00+00:00,0.000000000
2025-06-03 23:00:00+00:00,0.000000000
2025-06-04 00:00:00+00:00,0.000000000
2025-06-04 01:00:00+00:00,0.000000000
2025-06-04 02:00:00+00:00,0.000000000
2025-06-04 03:00:00+00:00,0.000000000
2025-06-04 04:00:00+00:00,0.000000000
2025-06-04 05:00:00+00:00,0.050359934
2025-06-04 06:00:00+00:00,0.162940829
2025-06-04 07:00:00+00:00,0.300961491
2025-06-04 08:00:00+00:00,0.441996978
2025-06-04 09:00:00+00:00,0.566834856
2025-06-04 10:00:00+00:00,0.659638786
2025-06-04 11:00:00+00:00,0.709023329
2025-06-04 12:00:00+00:00,0.709023329
2025-06-04 13:00:00+00:00,0.659638786
2025-06-04 14:00:00+00:00,0.566834856
2025-06-04 15:00:00+00:00,0.441996978
2025-06-04 16:00:00+00:00,0.300961491
2025-06-04 17:00:00+00:00,0.162940829
2025-06-04 18:00:00+00:00,0.050359934
2025-06-04 19:00:00+00:00,0.000000000
2025-06-04 20:00:00+00:00,0.000000000
2025-06-04 21:00:00+00:00,0.000000000
2025-06-04 22:00:00+00:00,0.000000000
2025-06-04 23:00:00+00:00,0.000000000
2025-06-05 00:00:00+00:00,0.000000000
2025-06-05 01:00:00+00:00,0.000000000
2025-06-05 02:00:00+00:00,0.000000000
2025-06-05 03:00:00+00:00,0.000000000
2025-06-05 04:00:00+00:00,0.000000000
2025-06-05 05:00:00+00:00,0.050182274
2025-06-05 06:00:00+00:00,0.161076398
2025-06-05 07:00:00+00:00,0.296798118
2025-06-05 08:00:00+00:00,0.435379773
2025-06-05 09:00:00+00:00,0.557992939
2025-06-05 10:00:00+00:00,0.649119602
2025-06-05 11:00:00+00:00,0.697604837
2025-06-05 12:00:00+00:00,0.697604837
2025-06-05 13:00:00+00:00,0.649119602
2025-06-05 14:00:00+00:00,0.557992939
2025-06-05 15:00:00+00:00,0.435379773
2025-06-05 16:00:00+00:00,0.296798118
2025-06-05 17:00:00+00:00,0.161076398
2025-06-05 18:00:00+00:00,0.050182274
2025-06-05 19:00:00+00:00,0.000000000
2025-06-05 20:00:00+00:00,0.000000000
2025-06-05 21:00:00+00:00,0.000000000
2025-06-05 22:00:00+00:00,0.000000000
2025-06-05 23:00:00+00:00,0.000000000
2025-06-06 00:00:00+00:00,0.000000000
2025-06-06 01:00:00+00:00,0.000000000
2025-06-06 02:00:00+00:00,0.000000000
2025-06-06 03:00:00+00:00,0.000000000
2025-06-06 04:00:00+00:00,0.000000000
2025-06-06 05:00:00+00:00,0.039463732
2025-06-06 06:00:00+00:00,0.125734075
2025-06-06 07:00:00+00:00,0.231151173
2025-06-06 08:00:00+00:00,0.338713329
2025-06-06 09:00:00+00:00,0.433842871
2025-06-06 10:00:00+00:00,0.504526487
2025-06-06 11:00:00+00:00,0.542129769
2025-06-06 12:00:00+00:00,0.542129769
2025-06-06 13:00:00+00:00,0.504526487
2025-06-06 14:00:00+00:00,0.433842871
2025-06-06 15:00:00+00:00,0.338713329
2025-06-06 16:00:00+00:00,0.231151173
2025-06-06 17:00:00+00:00,0.125734075
2025-06-06 18:00:00+00:00,0.039463732
2025-06-06 19:00:00+00:00,0.000000000
2025-06-06 20:00:00+00:00,0.000000000
2025-06-06 21:00:00+00:00,0.000000000
2025-06-06 22:00:00+00:00,0.000000000
2025-06-06 23:00:00+00:00,0.000000000
2025-06-07 00:00:00+00:00,0.000000000
2025-06-07 01:00:00+00:00,0.000000000
2025-06-07 02:00:00+00:00,0.000000000
2025-06-07 03:00:00+00:00,0.000000000
2025-06-07 04:00:00+00:00,0.000000000
2025-06-07 05:00:00+00:00,0.048068198
2025-06-07 06:00:00+00:00,0.152095549
2025-06-07 07:00:00+00:00,0.279022096
2025-06-07 08:00:00+00:00,0.408445508
2025-06-07 09:00:00+00:00,0.522866168
2025-06-07 10:00:00+00:00,0.607864308
2025-06-07 11:00:00+00:00,0.653077269
2025-06-07 12:00:00+00:00,0.653077269
2025-06-07 13:00:00+00:00,0.607864308
2025-06-07 14:00:00+00:00,0.522866168
2025-06-07 15:00:00+00:00,0.408445508
2025-06-07 16:00:00+00:00,0.279022096
2025-06-07 17:00:00+00:00,0.152095549
2025-06-07 18:00:00+00:00,0.048068198
2025-06-07 19:00:00+00:00,0.000000000
2025-06-07 20:00:00+00:00,0.000000000
2025-06-07 21:00:00+00:00,0.000000000
2025-06-07 22:00:00+00:00,0.000000000
2025-06-07 23:00:00+00:00,0.000000000
2025-06-08 00:00:00+00:00,0.000000000
2025-06-08 01:00:00+00:00,0.000000000
2025-06-08 02:00:00+00:00,0.000000000
2025-06-08 03:00:00+00:00,0.000000000
2025-06-08 04:00:00+00:00,0.000000000
2025-06-08 05:00:00+00:00,0.051172080
2025-06-08 06:00:00+00:00,0.160886926
2025-06-08 07:00:00+00:00,0.294568581
2025-06-08 08:00:00+00:00,0.430795820
2025-06-08 09:00:00+00:00,0.551189143
2025-06-08 10:00:00+00:00,0.640605224
2025-06-08 11:00:00+00:00,0.688162753
2025-06-08 12:00:00+00:00,0.688162753
2025-06-08 13:00:00+00:00,0.640605224
2025-06-08 14:00:00+00:00,0.551189143
2025-06-08 15:00:00+00:00,0.430795820
2025-06-08 16:00:00+00:00,0.294568581
2025-06-08 17:00:00+00:00,0.160886926
2025-06-08 18:00:00+00:00,0.051172080
2025-06-08 19:00:00+00:00,0.000000000
2025-06-08 20:00:00+00:00,0.000000000
2025-06-08 21:00:00+00:00,0.000000000
2025-06-08 22:00:00+00:00,0.000000000
2025-06-08 23:00:00+00:00,0.000000000
2025-06-09 00:00:00+00:00,0.000000000
2025-06-09 01:00:00+00:00,0.000000000
2025-06-09 02:00:00+00:00,0.000000000
2025-06-09 03:00:00+00:00,0.000000000
2025-06-09 04:00:00+00:00,0.000000000
2025-06-09 05:00:00+00:00,0.050323158
2025-06-09 06:00:00+00:00,0.157291365
2025-06-09 07:00:00+00:00,0.287460556
2025-06-09 08:00:00+00:00,0.420032571
2025-06-09 09:00:00+00:00,0.537157218
2025-06-09 10:00:00+00:00,0.624128610
2025-06-09 11:00:00+00:00,0.670380959
2025-06-09 12:00:00+00:00,0.670380959
2025-06-09 13:00:00+00:00,0.624128610
2025-06-09 14:00:00+00:00,0.537157218
2025-06-09 15:00:00+00:00,0.420032571
2025-06-09 16:00:00+00:00,0.287460556
2025-06-09 17:00:00+00:00,0.157291365
2025-06-09 18:00:00+00:00,0.050323158
2025-06-09 19:00:00+00:00,0.000000000
2025-06-09 20:00:00+00:00,0.000000000
2025-06-09 21:00:00+00:00,0.000000000
2025-06-09 22:00:00+00:00,0.000000000
2025-06-09 23:00:00+00:00,0.000000000
2025-06-10 00:00:00+00:00,0.000000000
2025-06-10 01:00:00+00:00,0.000000000
2025-06-10 02:00:00+00:00,0.000000000
2025-06-10 03:00:00+00:00,0.000000000
2025-06-10 04:00:00+00:00,0.000000000
2025-06-10 05:00:00+00:00,0.053389968
2025-06-10 06:00:00+00:00,0.165982308
2025-06-10 07:00:00+00:00,0.302835366
2025-06-10 08:00:00+00:00,0.442141221
2025-06-10 09:00:00+00:00,0.565177996
2025-06-10 10:00:00+00:00,0.656522960
2025-06-10 11:00:00+00:00,0.705096451
2025-06-10 12:00:00+00:00,0.705096451
2025-06-10 13:00:00+00:00,0.656522960
2025-06-10 14:00:00+00:00,0.565177996
2025-06-10 15:00:00+00:00,0.442141221
2025-06-10 16:00:00+00:00,0.302835366
2025-06-10 17:00:00+00:00,0.165982308
2025-06-10 18:00:00+00:00,0.053389968
2025-06-10 19:00:00+00:00,0.000000000
2025-06-10 20:00:00+00:00,0.000000000
2025-06-10 21:00:00+00:00,0.000000000
2025-06-10 22:00:00+00:00,0.000000000
2025-06-10 23:00:00+00:00,0.000000000
2025-06-11 00:00:00+00:00,0.000000000
2025-06-11 01:00:00+00:00,0.000000000
2025-06-11 02:00:00+00:00,0.000000000
2025-06-11 03:00:00+00:00,0.000000000
2025-06-11 04:00:00+00:00,0.000000000
2025-06-11 05:00:00+00:00,0.056865652
2025-06-11 06:00:00+00:00,0.175925636
2025-06-11 07:00:00+00:00,0.320485693
2025-06-11 08:00:00+00:00,0.467565834
2025-06-11 09:00:00+00:00,0.597433153
2025-06-11 10:00:00+00:00,0.693833310
2025-06-11 11:00:00+00:00,0.745090335
2025-06-11 12:00:00+00:00,0.745090335
2025-06-11 13:00:00+00:00,0.693833310
2025-06-11 14:00:00+00:00,0.597433153
2025-06-11 15:00:00+00:00,0.467565834
2025-06-11 16:00:00+00:00,0.320485693
2025-06-11 17:00:00+00:00,0.175925636
2025-06-11 18:00:00+00:00,0.056865652
2025-06-11 19:00:00+00:00,0.000000000
2025-06-11 20:00:00+00:00,0.000000000
2025-06-11 21:00:00+00:00,0.000000000
2025-06-11 22:00:00+00:00,0.000000000
2025-06-11 23:00:00+00:00,0.000000000
2025-06-12 00:00:00+00:00,0.000000000
2025-06-12 01:00:00+00:00,0.000000000
2025-06-12 02:00:00+00:00,0.000000000
2025-06-12 03:00:00+00:00,0.000000000
2025-06-12 04:00:00+00:00,0.000000000
2025-06-12 05:00:00+00:00,0.041120332
2025-06-12 06:00:00+00:00,0.126654579
2025-06-12 07:00:00+00:00,0.230408288
2025-06-12 08:00:00+00:00,0.335924650
2025-06-12 09:00:00+00:00,0.429069118
2025-06-12 10:00:00+00:00,0.498199632
2025-06-12 11:00:00+00:00,0.534954088
2025-06-12 12:00:00+00:00,0.534954088
2025-06-12 13:00:00+00:00,0.498199632
2025-06-12 14:00:00+00:00,0.429069118
2025-06-12 15:00:00+00:00,0.335924650
2025-06-12 16:00:00+00:00,0.230408288
2025-06-12 17:00:00+00:00,0.126654579
2025-06-12 18:00:00+00:00,0.041120332
2025-06-12 19:00:00+00:00,0.000000000
2025-06-12 20:00:00+00:00,0.000000000
2025-06-12 21:00:00+00:00,0.000000000
2025-06-12 22:00:00+00:00,0.000000000
2025-06-12 23:00:00+00:00,0.000000000
2025-06-13 00:00:00+00:00,0.000000000
2025-06-13 01:00:00+00:00,0.000000000
2025-06-13 02:00:00+00:00,0.000000000
2025-06-13 03:00:00+00:00,0.000000000
2025-06-13 04:00:00+00:00,0.000000000
2025-06-13 05:00:00+00:00,0.052316127
2025-06-13 06:00:00+00:00,0.160505546
2025-06-13 07:00:00+00:00,0.291626892
2025-06-13 08:00:00+00:00,0.424923651
2025-06-13 09:00:00+00:00,0.542564838
2025-06-13 10:00:00+00:00,0.629864716
2025-06-13 11:00:00+00:00,0.676275835
2025-06-13 12:00:00+00:00,0.676275835
2025-06-13 13:00:00+00:00,0.629864716
2025-06-13 14:00:00+00:00,0.542564838
2025-06-13 15:00:00+00:00,0.424923651
2025-06-13 16:00:00+00:00,0.291626892
2025-06-13 17:00:00+00:00,0.160505546
2025-06-13 18:00:00+00:00,0.052316127
2025-06-13 19:00:00+00:00,0.000000000
2025-06-13 20:00:00+00:00,0.000000000
2025-06-13 21:00:00+00:00,0.000000000
2025-06-13 22:00:00+00:00,0.000000000
2025-06-13 23:00:00+00:00,0.000000000
2025-06-14 00:00:00+00:00,0.000000000
2025-06-14 01:00:00+00:00,0.000000000
2025-06-14 02:00:00+00:00,0.000000000
2025-06-14 03:00:00+00:00,0.000000000
2025-06-14 04:00:00+00:00,0.000000000
2025-06-14 05:00:00+00:00,0.053016058
2025-06-14 06:00:00+00:00,0.162089248
2025-06-14 07:00:00+00:00,0.294180863
2025-06-14 08:00:00+00:00,0.428417469
2025-06-14 09:00:00+00:00,0.546864578
2025-06-14 10:00:00+00:00,0.634752035
2025-06-14 11:00:00+00:00,0.681472495
2025-06-14 12:00:00+00:00,0.681472495
2025-06-14 13:00:00+00:00,0.634752035
2025-06-14 14:00:00+00:00,0.546864578
2025-06-14 15:00:00+00:00,0.428417469
2025-06-14 16:00:00+00:00,0.294180863
2025-06-14 17:00:00+00:00,0.162089248
2025-06-14 18:00:00+00:00,0.053016058
2025-06-14 19:00:00+00:00,0.000000000
2025-06-14 20:00:00+00:00,0.000000000
2025-06-14 21:00:00+00:00,0.000000000
2025-06-14 22:00:00+00:00,0.000000000
2025-06-14 23:00:00+00:00,0.000000000
2025-06-15 00:00:00+00:00,0.000000000
2025-06-15 01:00:00+00:00,0.000000000
2025-06-15 02:00:00+00:00,0.000000000
2025-06-15 03:00:00+00:00,0.000000000
2025-06-15 04:00:00+00:00,0.000000000
2025-06-15 05:00:00+00:00,0.042543008
2025-06-15 06:00:00+00:00,0.129678190
2025-06-15 07:00:00+00:00,0.235132109
2025-06-15 08:00:00+00:00,0.342266142
2025-06-15 09:00:00+00:00,0.436782239
2025-06-15 10:00:00+00:00,0.506905657
2025-06-15 11:00:00+00:00,0.544180750
2025-06-15 12:00:00+00:00,0.544180750
2025-06-15 13:00:00+00:00,0.506905657
2025-06-15 14:00:00+00:00,0.436782239
2025-06-15 15:00:00+00:00,0.342266142
2025-06-15 16:00:00+00:00,0.235132109
2025-06-15 17:00:00+00:00,0.129678190
2025-06-15 18:00:00+00:00,0.042543008
2025-06-15 19:00:00+00:00,0.000000000
2025-06-15 20:00:00+00:00,0.000000000
2025-06-15 21:00:00+00:00,0.000000000
2025-06-15 22:00:00+00:00,0.000000000
2025-06-15 23:00:00+00:00,0.000000000
2025-06-16 00:00:00+00:00,0.000000000
2025-06-16 01:00:00+00:00,0.000000000
2025-06-16 02:00:00+00:00,0.000000000
2025-06-16 03:00:00+00:00,0.000000000
2025-06-16 04:00:00+00:00,0.000000000
2025-06-16 05:00:00+00:00,0.046983382
2025-06-16 06:00:00+00:00,0.142847458
2025-06-16 07:00:00+00:00,0.258799956
2025-06-16 08:00:00+00:00,0.376569584
2025-06-16 09:00:00+00:00,0.480453329
2025-06-16 10:00:00+00:00,0.557519972
2025-06-16 11:00:00+00:00,0.598483860
2025-06-16 12:00:00+00:00,0.598483860
2025-06-16 13:00:00+00:00,0.557519972
2025-06-16 14:00:00+00:00,0.480453329
2025-06-16 15:00:00+00:00,0.376569584
2025-06-16 16:00:00+00:00,0.258799956
2025-06-16 17:00:00+00:00,0.142847458
2025-06-16 18:00:00+00:00,0.046983382
2025-06-16 19:00:00+00:00,0.000000000
2025-06-16 20:00:00+00:00,0.000000000
2025-06-16 21:00:00+00:00,0.000000000
2025-06-16 22:00:00+00:00,0.000000000
2025-06-16 23:00:00+00:00,0.000000000
2025-06-17 00:00:00+00:00,0.000000000
2025-06-17 01:00:00+00:00,0.000000000
2025-06-17 02:00:00+00:00,0.000000000
2025-06-17 03:00:00+00:00,0.000000000
2025-06-17 04:00:00+00:00,0.000000000
2025-06-17 05:00:00+00:00,0.044831985
2025-06-17 06:00:00+00:00,0.136019572
2025-06-17 07:00:00+00:00,0.246264311
2025-06-17 08:00:00+00:00,0.358212988
2025-06-17 09:00:00+00:00,0.456950086
2025-06-17 10:00:00+00:00,0.530193307
2025-06-17 11:00:00+00:00,0.569123349
2025-06-17 12:00:00+00:00,0.569123349
2025-06-17 13:00:00+00:00,0.530193307
2025-06-17 14:00:00+00:00,0.456950086
2025-06-17 15:00:00+00:00,0.358212988
2025-06-17 16:00:00+00:00,0.246264311
2025-06-17 17:00:00+00:00,0.136019572
2025-06-17 18:00:00+00:00,0.044831985
2025-06-17 19:00:00+00:00,0.000000000
2025-06-17 20:00:00+00:00,0.000000000
2025-06-17 21:00:00+00:00,0.000000000
2025-06-17 22:00:00+00:00,0.000000000
2025-06-17 23:00:00+00:00,0.000000000
2025-06-18 00:00:00+00:00,0.000000000
2025-06-18 01:00:00+00:00,0.000000000
2025-06-18 02:00:00+00:00,0.000000000
2025-06-18 03:00:00+00:00,0.000000000
2025-06-18 04:00:00+00:00,0.000000000
2025-06-18 05:00:00+00:00,0.039643231
2025-06-18 06:00:00+00:00,0.120077576
2025-06-18 07:00:00+00:00,0.217286094
2025-06-18 08:00:00+00:00,0.315980543
2025-06-18 09:00:00+00:00,0.403019237
2025-06-18 10:00:00+00:00,0.467580847
2025-06-18 11:00:00+00:00,0.501895383
2025-06-18 12:00:00+00:00,0.501895383
2025-06-18 13:00:00+00:00,0.467580847
2025-06-18 14:00:00+00:00,0.403019237
2025-06-18 15:00:00+00:00,0.315980543
2025-06-18 16:00:00+00:00,0.217286094
2025-06-18 17:00:00+00:00,0.120077576
2025-06-18 18:00:00+00:00,0.039643231
2025-06-18 19:00:00+00:00,0.000000000
2025-06-18 20:00:00+00:00,0.000000000
2025-06-18 21:00:00+00:00,0.000000000
2025-06-18 22:00:00+00:00,0.000000000
2025-06-18 23:00:00+00:00,0.000000000
2025-06-19 00:00:00+00:00,0.000000000
2025-06-19 01:00:00+00:00,0.000000000
2025-06-19 02:00:00+00:00,0.000000000
2025-06-19 03:00:00+00:00,0.000000000
2025-06-19 04:00:00+00:00,0.000000000
2025-06-19 05:00:00+00:00,0.051555556
2025-06-19 06:00:00+00:00,0.155969914
2025-06-19 07:00:00+00:00,0.282125438
2025-06-19 08:00:00+00:00,0.410193660
2025-06-19 09:00:00+00:00,0.523129138
2025-06-19 10:00:00+00:00,0.606896335
2025-06-19 11:00:00+00:00,0.651417625
2025-06-19 12:00:00+00:00,0.651417625
2025-06-19 13:00:00+00:00,0.606896335
2025-06-19 14:00:00+00:00,0.523129138
2025-06-19 15:00:00+00:00,0.410193660
2025-06-19 16:00:00+00:00,0.282125438
2025-06-19 17:00:00+00:00,0.155969914
2025-06-19 18:00:00+00:00,0.051555556
2025-06-19 19:00:00+00:00,0.000000000
2025-06-19 20:00:00+00:00,0.000000000
2025-06-19 21:00:00+00:00,0.000000000
2025-06-19 22:00:00+00:00,0.000000000
2025-06-19 23:00:00+00:00,0.000000000
2025-06-20 00:00:00+00:00,0.000000000
2025-06-20 01:00:00+00:00,0.000000000
2025-06-20 02:00:00+00:00,0.000000000
2025-06-20 03:00:00+00:00,0.000000000
2025-06-20 04:00:00+00:00,0.000000000
2025-06-20 05:00:00+00:00,0.059047009
2025-06-20 06:00:00+00:00,0.178495790
2025-06-20 07:00:00+00:00,0.322791532
2025-06-20 08:00:00+00:00,0.469263569
2025-06-20 09:00:00+00:00,0.598422440
2025-06-20 10:00:00+00:00,0.694220370
2025-06-20 11:00:00+00:00,0.745135108
2025-06-20 12:00:00+00:00,0.745135108
2025-06-20 13:00:00+00:00,0.694220370
2025-06-20 14:00:00+00:00,0.598422440
2025-06-20 15:00:00+00:00,0.469263569
2025-06-20 16:00:00+00:00,0.322791532
2025-06-20 17:00:00+00:00,0.178495790
2025-06-20 18:00:00+00:00,0.059047009
2025-06-20 19:00:00+00:00,0.000000000
2025-06-20 20:00:00+00:00,0.000000000
2025-06-20 21:00:00+00:00,0.000000000
2025-06-20 22:00:00+00:00,0.000000000
2025-06-20 23:00:00+00:00,0.000000000
2025-06-21 00:00:00+00:00,0.000000000
2025-06-21 01:00:00+00:00,0.000000000
2025-06-21 02:00:00+00:00,0.000000000
2025-06-21 03:00:00+00:00,0.000000000
2025-06-21 04:00:00+00:00,0.000000000
2025-06-21 05:00:00+00:00,0.059078922
2025-06-21 06:00:00+00:00,0.178533221
2025-06-21 07:00:00+00:00,0.322825059
2025-06-21 08:00:00+00:00,0.469288233
2025-06-21 09:00:00+00:00,0.598436805
2025-06-21 10:00:00+00:00,0.694225988
2025-06-21 11:00:00+00:00,0.745135758
2025-06-21 12:00:00+00:00,0.745135758
2025-06-21 13:00:00+00:00,0.694225988
2025-06-21 14:00:00+00:00,0.598436805
2025-06-21 15:00:00+00:00,0.469288233
2025-06-21 16:00:00+00:00,0.322825059
2025-06-21 17:00:00+00:00,0.178533221
2025-06-21 18:00:00+00:00,0.059078922
2025-06-21 19:00:00+00:00,0.000000000
2025-06-21 20:00:00+00:00,0.000000000
2025-06-21 21:00:00+00:00,0.000000000
2025-06-21 22:00:00+00:00,0.000000000
2025-06-21 23:00:00+00:00,0.000000000
2025-06-22 00:00:00+00:00,0.000000000
2025-06-22 01:00:00+00:00,0.000000000
2025-06-22 02:00:00+00:00,0.000000000
2025-06-22 03:00:00+00:00,0.000000000
2025-06-22 04:00:00+00:00,0.000000000
2025-06-22 05:00:00+00:00,0.036430407
2025-06-22 06:00:00+00:00,0.110102799
2025-06-22 07:00:00+00:00,0.199095699
2025-06-22 08:00:00+00:00,0.289428791
2025-06-22 09:00:00+00:00,0.369083385
2025-06-22 10:00:00+00:00,0.428163233
2025-06-22 11:00:00+00:00,0.459562892
2025-06-22 12:00:00+00:00,0.459562892
2025-06-22 13:00:00+00:00,0.428163233
2025-06-22 14:00:00+00:00,0.369083385
2025-06-22 15:00:00+00:00,0.289428791
2025-06-22 16:00:00+00:00,0.199095699
2025-06-22 17:00:00+00:00,0.110102799
2025-06-22 18:00:00+00:00,0.036430407
2025-06-22 19:00:00+00:00,0.000000000
2025-06-22 20:00:00+00:00,0.000000000
2025-06-22 21:00:00+00:00,0.000000000
2025-06-22 22:00:00+00:00,0.000000000
2025-06-22 23:00:00+00:00,0.000000000
2025-06-23 00:00:00+00:00,0.000000000
2025-06-23 01:00:00+00:00,0.000000000
2025-06-23 02:00:00+00:00,0.000000000
2025-06-23 03:00:00+00:00,0.000000000
2025-06-23 04:00:00+00:00,0.000000000
2025-06-23 05:00:00+00:00,0.045795807
2025-06-23 06:00:00+00:00,0.138483953
2025-06-23 07:00:00+00:00,0.250460689
2025-06-23 08:00:00+00:00,0.364130082
2025-06-23 09:00:00+00:00,0.464365548
2025-06-23 10:00:00+00:00,0.538711669
2025-06-23 11:00:00+00:00,0.578225436
2025-06-23 12:00:00+00:00,0.578225436
2025-06-23 13:00:00+00:00,0.538711669
2025-06-23 14:00:00+00:00,0.464365548
2025-06-23 15:00:00+00:00,0.364130082
2025-06-23 16:00:00+00:00,0.250460689
2025-06-23 17:00:00+00:00,0.138483953
2025-06-23 18:00:00+00:00,0.045795807
2025-06-23 19:00:00+00:00,0.000000000
2025-06-23 20:00:00+00:00,0.000000000
2025-06-23 21:00:00+00:00,0.000000000
2025-06-23 22:00:00+00:00,0.000000000
2025-06-23 23:00:00+00:00,0.000000000
2025-06-24 00:00:00+00:00,0.000000000
2025-06-24 01:00:00+00:00,0.000000000
2025-06-24 02:00:00+00:00,0.000000000
2025-06-24 03:00:00+00:00,0.000000000
2025-06-24 04:00:00+00:00,0.000000000
2025-06-24 05:00:00+00:00,0.038030654
2025-06-24 06:00:00+00:00,0.115116831
2025-06-24 07:00:00+00:00,0.208265277
2025-06-24 08:00:00+00:00,0.302831263
2025-06-24 09:00:00+00:00,0.386225853
2025-06-24 10:00:00+00:00,0.448082993
2025-06-24 11:00:00+00:00,0.480959688
2025-06-24 12:00:00+00:00,0.480959688
2025-06-24 13:00:00+00:00,0.448082993
2025-06-24 14:00:00+00:00,0.386225853
2025-06-24 15:00:00+00:00,0.302831263
2025-06-24 16:00:00+00:00,0.208265277
2025-06-24 17:00:00+00:00,0.115116831
2025-06-24 18:00:00+00:00,0.038030654
2025-06-24 19:00:00+00:00,0.000000000
2025-06-24 20:00:00+00:00,0.000000000
2025-06-24 21:00:00+00:00,0.000000000
2025-06-24 22:00:00+00:00,0.000000000
2025-06-24 23:00:00+00:00,0.000000000
2025-06-25 00:00:00+00:00,0.000000000
2025-06-25 01:00:00+00:00,0.000000000
2025-06-25 02:00:00+00:00,0.000000000
2025-06-25 03:00:00+00:00,0.000000000
2025-06-25 04:00:00+00:00,0.000000000
2025-06-25 05:00:00+00:00,0.049334382
2025-06-25 06:00:00+00:00,0.149547322
2025-06-25 07:00:00+00:00,0.270679895
2025-06-25 08:00:00+00:00,0.393673709
2025-06-25 09:00:00+00:00,0.502146895
2025-06-25 10:00:00+00:00,0.582609870
2025-06-25 11:00:00+00:00,0.625376619
2025-06-25 12:00:00+00:00,0.625376619
2025-06-25 13:00:00+00:00,0.582609870
2025-06-25 14:00:00+00:00,0.502146895
2025-06-25 15:00:00+00:00,0.393673709
2025-06-25 16:00:00+00:00,0.270679895
2025-06-25 17:00:00+00:00,0.149547322
2025-06-25 18:00:00+00:00,0.049334382
2025-06-25 19:00:00+00:00,0.000000000
2025-06-25 20:00:00+00:00,0.000000000
2025-06-25 21:00:00+00:00,0.000000000
2025-06-25 22:00:00+00:00,0.000000000
2025-06-25 23:00:00+00:00,0.000000000
2025-06-26 00:00:00+00:00,0.000000000
2025-06-26 01:00:00+00:00,0.000000000
2025-06-26 02:00:00+00:00,0.000000000
2025-06-26 03:00:00+00:00,0.000000000
2025-06-26 04:00:00+00:00,0.000000000
2025-06-26 05:00:00+00:00,0.044142948
2025-06-26 06:00:00+00:00,0.134062652
2025-06-26 07:00:00+00:00,0.242798490
2025-06-26 08:00:00+00:00,0.353226036
2025-06-26 09:00:00+00:00,0.450627138
2025-06-26 10:00:00+00:00,0.522881821
2025-06-26 11:00:00+00:00,0.561287162
2025-06-26 12:00:00+00:00,0.561287162
2025-06-26 13:00:00+00:00,0.522881821
2025-06-26 14:00:00+00:00,0.450627138
2025-06-26 15:00:00+00:00,0.353226036
2025-06-26 16:00:00+00:00,0.242798490
2025-06-26 17:00:00+00:00,0.134062652
2025-06-26 18:00:00+00:00,0.044142948
2025-06-26 19:00:00+00:00,0.000000000
2025-06-26 20:00:00+00:00,0.000000000
2025-06-26 21:00:00+00:00,0.000000000
2025-06-26 22:00:00+00:00,0.000000000
2025-06-26 23:00:00+00:00,0.000000000
2025-06-27 00:00:00+00:00,0.000000000
2025-06-27 01:00:00+00:00,0.000000000
2025-06-27 02:00:00+00:00,0.000000000
2025-06-27 03:00:00+00:00,0.000000000
2025-06-27 04:00:00+00:00,0.000000000
2025-06-27 05:00:00+00:00,0.046117233
2025-06-27 06:00:00+00:00,0.140385471
2025-06-27 07:00:00+00:00,0.254438473
2025-06-27 08:00:00+00:00,0.370293065
2025-06-27 09:00:00+00:00,0.472494777
2025-06-27 10:00:00+00:00,0.548316807
2025-06-27 11:00:00+00:00,0.588620063
2025-06-27 12:00:00+00:00,0.588620063
2025-06-27 13:00:00+00:00,0.548316807
2025-06-27 14:00:00+00:00,0.472494777
2025-06-27 15:00:00+00:00,0.370293065
2025-06-27 16:00:00+00:00,0.254438473
2025-06-27 17:00:00+00:00,0.140385471
2025-06-27 18:00:00+00:00,0.046117233
2025-06-27 19:00:00+00:00,0.000000000
2025-06-27 20:00:00+00:00,0.000000000
2025-06-27 21:00:00+00:00,0.000000000
2025-06-27 22:00:00+00:00,0.000000000
2025-06-27 23:00:00+00:00,0.000000000
2025-06-28 00:00:00+00:00,0.000000000
2025-06-28 01:00:00+00:00,0.000000000
2025-06-28 02:00:00+00:00,0.000000000
2025-06-28 03:00:00+00:00,0.000000000
2025-06-28 04:00:00+00:00,0.000000000
2025-06-28 05:00:00+00:00,0.042562028
2025-06-28 06:00:00+00:00,0.129924263
2025-06-28 07:00:00+00:00,0.235686723
2025-06-28 08:00:00+00:00,0.343149814
2025-06-28 09:00:00+00:00,0.437964116
2025-06-28 10:00:00+00:00,0.508312299
2025-06-28 11:00:00+00:00,0.545707887
2025-06-28 12:00:00+00:00,0.545707887
2025-06-28 13:00:00+00:00,0.508312299
2025-06-28 14:00:00+00:00,0.437964116
2025-06-28 15:00:00+00:00,0.343149814
2025-06-28 16:00:00+00:00,0.235686723
2025-06-28 17:00:00+00:00,0.129924263
2025-06-28 18:00:00+00:00,0.042562028
2025-06-28 19:00:00+00:00,0.000000000
2025-06-28 20:00:00+00:00,0.000000000
2025-06-28 21:00:00+00:00,0.000000000
2025-06-28 22:00:00+00:00,0.000000000
2025-06-28 23:00:00+00:00,0.000000000
2025-06-29 00:00:00+00:00,0.000000000
2025-06-29 01:00:00+00:00,0.000000000
2025-06-29 02:00:00+00:00,0.000000000
2025-06-29 03:00:00+00:00,0.000000000
2025-06-29 04:00:00+00:00,0.000000000
2025-06-29 05:00:00+00:00,0.049076868
2025-06-29 06:00:00+00:00,0.150297706
2025-06-29 07:00:00+00:00,0.272925077
2025-06-29 08:00:00+00:00,0.397564645
2025-06-29 09:00:00+00:00,0.507554137
2025-06-29 10:00:00+00:00,0.589170774
2025-06-29 11:00:00+00:00,0.632559066
2025-06-29 12:00:00+00:00,0.632559066
2025-06-29 13:00:00+00:00,0.589170774
2025-06-29 14:00:00+00:00,0.507554137
2025-06-29 15:00:00+00:00,0.397564645
2025-06-29 16:00:00+00:00,0.272925077
2025-06-29 17:00:00+00:00,0.150297706
2025-06-29 18:00:00+00:00,0.049076868
2025-06-29 19:00:00+00:00,0.000000000
2025-06-29 20:00:00+00:00,0.000000000
2025-06-29 21:00:00+00:00,0.000000000
2025-06-29 22:00:00+00:00,0.000000000
2025-06-29 23:00:00+00:00,0.000000000
2025-06-30 00:00:00+00:00,0.000000000
2025-06-30 01:00:00+00:00,0.000000000
2025-06-30 02:00:00+00:00,0.000000000
2025-06-30 03:00:00+00:00,0.000000000
2025-06-30 04:00:00+00:00,0.000000000
2025-06-30 05:00:00+00:00,0.047840898
2025-06-30 06:00:00+00:00,0.147056171
2025-06-30 07:00:00+00:00,0.267351613
2025-06-30 08:00:00+00:00,0.389666103
2025-06-30 09:00:00+00:00,0.497626644
2025-06-30 10:00:00+00:00,0.577747891
2025-06-30 11:00:00+00:00,0.620344159
2025-06-30 12:00:00+00:00,0.620344159
2025-06-30 13:00:00+00:00,0.577747891
2025-06-30 14:00:00+00:00,0.497626644
2025-06-30 15:00:00+00:00,0.389666103
2025-06-30 16:00:00+00:00,0.267351613
2025-06-30 17:00:00+00:00,0.147056171
2025-06-30 18:00:00+00:00,0.047840898
2025-06-30 19:00:00+00:00,0.000000000
2025-06-30 20:00:00+00:00,0.000000000
2025-06-30 21:00:00+00:00,0.000000000
2025-06-30 22:00:00+00:00,0.000000000
2025-06-30 23:00:00+00:00,0.000000000
2025-07-01 00:00:00+00:00,0.000000000
2025-07-01 01:00:00+00:00,0.000000000
2025-07-01 02:00:00+00:00,0.000000000
2025-07-01 03:00:00+00:00,0.000000000
2025-07-01 04:00:00+00:00,0.000000000
2025-07-01 05:00:00+00:00,0.051368786
2025-07-01 06:00:00+00:00,0.158560563
2025-07-01 07:00:00+00:00,0.288646098
2025-07-01 08:00:00+00:00,0.420969760
2025-07-01 09:00:00+00:00,0.537792575
2025-07-01 10:00:00+00:00,0.624503162
2025-07-01 11:00:00+00:00,0.670606207
2025-07-01 12:00:00+00:00,0.670606207
2025-07-01 13:00:00+00:00,0.624503162
2025-07-01 14:00:00+00:00,0.537792575
2025-07-01 15:00:00+00:00,0.420969760
2025-07-01 16:00:00+00:00,0.288646098
2025-07-01 17:00:00+00:00,0.158560563
2025-07-01 18:00:00+00:00,0.051368786
2025-07-01 19:00:00+00:00,0.000000000
2025-07-01 20:00:00+00:00,0.000000000
2025-07-01 21:00:00+00:00,0.000000000
2025-07-01 22:00:00+00:00,0.000000000
2025-07-01 23:00:00+00:00,0.000000000
2025-07-02 00:00:00+00:00,0.000000000
2025-07-02 01:00:00+00:00,0.000000000
2025-07-02 02:00:00+00:00,0.000000000
2025-07-02 03:00:00+00:00,0.000000000
2025-07-02 04:00:00+00:00,0.000000000
2025-07-02 05:00:00+00:00,0.055770000
2025-07-02 06:00:00+00:00,0.172947792
2025-07-02 07:00:00+00:00,0.315296599
2025-07-02 08:00:00+00:00,0.460160999
2025-07-02 09:00:00+00:00,0.588089109
2025-07-02 10:00:00+00:00,0.683057465
2025-07-02 11:00:00+00:00,0.733555403
2025-07-02 12:00:00+00:00,0.733555403
2025-07-02 13:00:00+00:00,0.683057465
2025-07-02 14:00:00+00:00,0.588089109
2025-07-02 15:00:00+00:00,0.460160999
2025-07-02 16:00:00+00:00,0.315296599
2025-07-02 17:00:00+00:00,0.172947792
2025-07-02 18:00:00+00:00,0.055770000
2025-07-02 19:00:00+00:00,0.000000000
2025-07-02 20:00:00+00:00,0.000000000
2025-07-02 21:00:00+00:00,0.000000000
2025-07-02 22:00:00+00:00,0.000000000
2025-07-02 23:00:00+00:00,0.000000000
2025-07-03 00:00:00+00:00,0.000000000
2025-07-03 01:00:00+00:00,0.000000000
2025-07-03 02:00:00+00:00,0.000000000
2025-07-03 03:00:00+00:00,0.000000000
2025-07-03 04:00:00+00:00,0.000000000
2025-07-03 05:00:00+00:00,0.048606806
2025-07-03 06:00:00+00:00,0.151509524
2025-07-03 07:00:00+00:00,0.276656630
2025-07-03 08:00:00+00:00,0.404079567
2025-07-03 09:00:00+00:00,0.516637789
2025-07-03 10:00:00+00:00,0.600210653
2025-07-03 11:00:00+00:00,0.644653398
2025-07-03 12:00:00+00:00,0.644653398
2025-07-03 13:00:00+00:00,0.600210653
2025-07-03 14:00:00+00:00,0.516637789
2025-07-03 15:00:00+00:00,0.404079567
2025-07-03 16:00:00+00:00,0.276656630
2025-07-03 17:00:00+00:00,0.151509524
2025-07-03 18:00:00+00:00,0.048606806
2025-07-03 19:00:00+00:00,0.000000000
2025-07-03 20:00:00+00:00,0.000000000
2025-07-03 21:00:00+00:00,0.000000000
2025-07-03 22:00:00+00:00,0.000000000
2025-07-03 23:00:00+00:00,0.000000000
2025-07-04 00:00:00+00:00,0.000000000
2025-07-04 01:00:00+00:00,0.000000000
2025-07-04 02:00:00+00:00,0.000000000
2025-07-04 03:00:00+00:00,0.000000000
2025-07-04 04:00:00+00:00,0.000000000
2025-07-04 05:00:00+00:00,0.048297964
2025-07-04 06:00:00+00:00,0.151395829
2025-07-04 07:00:00+00:00,0.276933470
2025-07-04 08:00:00+00:00,0.404824296
2025-07-04 09:00:00+00:00,0.517831321
2025-07-04 10:00:00+00:00,0.601753217
2025-07-04 11:00:00+00:00,0.646386142
2025-07-04 12:00:00+00:00,0.646386142
2025-07-04 13:00:00+00:00,0.601753217
2025-07-04 14:00:00+00:00,0.517831321
2025-07-04 15:00:00+00:00,0.404824296
2025-07-04 16:00:00+00:00,0.276933470
2025-07-04 17:00:00+00:00,0.151395829
2025-07-04 18:00:00+00:00,0.048297964
2025-07-04 19:00:00+00:00,0.000000000
2025-07-04 20:00:00+00:00,0.000000000
2025-07-04 21:00:00+00:00,0.000000000
2025-07-04 22:00:00+00:00,0.000000000
2025-07-04 23:00:00+00:00,0.000000000
2025-07-05 00:00:00+00:00,0.000000000
2025-07-05 01:00:00+00:00,0.000000000
2025-07-05 02:00:00+00:00,0.000000000
2025-07-05 03:00:00+00:00,0.000000000
2025-07-05 04:00:00+00:00,0.000000000
2025-07-05 05:00:00+00:00,0.045798566
2025-07-05 06:00:00+00:00,0.144443242
2025-07-05 07:00:00+00:00,0.264717751
2025-07-05 08:00:00+00:00,0.387319702
2025-07-05 09:00:00+00:00,0.495690185
2025-07-05 10:00:00+00:00,0.576185255
2025-07-05 11:00:00+00:00,0.619000400
2025-07-05 12:00:00+00:00,0.619000400
2025-07-05 13:00:00+00:00,0.576185255
2025-07-05 14:00:00+00:00,0.495690185
2025-07-05 15:00:00+00:00,0.387319702
2025-07-05 16:00:00+00:00,0.264717751
2025-07-05 17:00:00+00:00,0.144443242
2025-07-05 18:00:00+00:00,0.045798566
2025-07-05 19:00:00+00:00,0.000000000
2025-07-05 20:00:00+00:00,0.000000000
2025-07-05 21:00:00+00:00,0.000000000
2025-07-05 22:00:00+00:00,0.000000000
2025-07-05 23:00:00+00:00,0.000000000
2025-07-06 00:00:00+00:00,0.000000000
2025-07-06 01:00:00+00:00,0.000000000
2025-07-06 02:00:00+00:00,0.000000000
2025-07-06 03:00:00+00:00,0.000000000
2025-07-06 04:00:00+00:00,0.000000000
2025-07-06 05:00:00+00:00,0.052093847
2025-07-06 06:00:00+00:00,0.165392080
2025-07-06 07:00:00+00:00,0.303731060
2025-07-06 08:00:00+00:00,0.444837390
2025-07-06 09:00:00+00:00,0.569609884
2025-07-06 10:00:00+00:00,0.662308275
2025-07-06 11:00:00+00:00,0.711620205
2025-07-06 12:00:00+00:00,0.711620205
2025-07-06 13:00:00+00:00,0.662308275
2025-07-06 14:00:00+00:00,0.569609884
2025-07-06 15:00:00+00:00,0.444837390
2025-07-06 16:00:00+00:00,0.303731060
2025-07-06 17:00:00+00:00,0.165392080
2025-07-06 18:00:00+00:00,0.052093847
2025-07-06 19:00:00+00:00,0.000000000
2025-07-06 20:00:00+00:00,0.000000000
2025-07-06 21:00:00+00:00,0.000000000
2025-07-06 22:00:00+00:00,0.000000000
2025-07-06 23:00:00+00:00,0.000000000
2025-07-07 00:00:00+00:00,0.000000000
2025-07-07 01:00:00+00:00,0.000000000
2025-07-07 02:00:00+00:00,0.000000000
2025-07-07 03:00:00+00:00,0.000000000
2025-07-07 04:00:00+00:00,0.000000000
2025-07-07 05:00:00+00:00,0.040057236
2025-07-07 06:00:00+00:00,0.128091411
2025-07-07 07:00:00+00:00,0.235747997
2025-07-07 08:00:00+00:00,0.345633532
2025-07-07 09:00:00+00:00,0.442837225
2025-07-07 10:00:00+00:00,0.515070582
2025-07-07 11:00:00+00:00,0.553500801
2025-07-07 12:00:00+00:00,0.553500801
2025-07-07 13:00:00+00:00,0.515070582
2025-07-07 14:00:00+00:00,0.442837225
2025-07-07 15:00:00+00:00,0.345633532
2025-07-07 16:00:00+00:00,0.235747997
2025-07-07 17:00:00+00:00,0.128091411
2025-07-07 18:00:00+00:00,0.040057236
2025-07-07 19:00:00+00:00,0.000000000
2025-07-07 20:00:00+00:00,0.000000000
2025-07-07 21:00:00+00:00,0.000000000
2025-07-07 22:00:00+00:00,0.000000000
2025-07-07 23:00:00+00:00,0.000000000
2025-07-08 00:00:00+00:00,0.000000000
2025-07-08 01:00:00+00:00,0.000000000
2025-07-08 02:00:00+00:00,0.000000000
2025-07-08 03:00:00+00:00,0.000000000
2025-07-08 04:00:00+00:00,0.000000000
2025-07-08 05:00:00+00:00,0.031226194
2025-07-08 06:00:00+00:00,0.100624163
2025-07-08 07:00:00+00:00,0.185630425
2025-07-08 08:00:00+00:00,0.272460217
2025-07-08 09:00:00+00:00,0.349301045
2025-07-08 10:00:00+00:00,0.406416729
2025-07-08 11:00:00+00:00,0.436808030
2025-07-08 12:00:00+00:00,0.436808030
2025-07-08 13:00:00+00:00,0.406416729
2025-07-08 14:00:00+00:00,0.349301045
2025-07-08 15:00:00+00:00,0.272460217
2025-07-08 16:00:00+00:00,0.185630425
2025-07-08 17:00:00+00:00,0.100624163
2025-07-08 18:00:00+00:00,0.031226194
2025-07-08 19:00:00+00:00,0.000000000
2025-07-08 20:00:00+00:00,0.000000000
2025-07-08 21:00:00+00:00,0.000000000
2025-07-08 22:00:00+00:00,0.000000000
2025-07-08 23:00:00+00:00,0.000000000
2025-07-09 00:00:00+00:00,0.000000000
2025-07-09 01:00:00+00:00,0.000000000
2025-07-09 02:00:00+00:00,0.000000000
2025-07-09 03:00:00+00:00,0.000000000
2025-07-09 04:00:00+00:00,0.000000000
2025-07-09 05:00:00+00:00,0.035572891
2025-07-09 06:00:00+00:00,0.115580935
2025-07-09 07:00:00+00:00,0.213755795
2025-07-09 08:00:00+00:00,0.314114734
2025-07-09 09:00:00+00:00,0.402967617
2025-07-09 10:00:00+00:00,0.469029326
2025-07-09 11:00:00+00:00,0.504185867
2025-07-09 12:00:00+00:00,0.504185867
2025-07-09 13:00:00+00:00,0.469029326
2025-07-09 14:00:00+00:00,0.402967617
2025-07-09 15:00:00+00:00,0.314114734
2025-07-09 16:00:00+00:00,0.213755795
2025-07-09 17:00:00+00:00,0.115580935
2025-07-09 18:00:00+00:00,0.035572891
2025-07-09 19:00:00+00:00,0.000000000
2025-07-09 20:00:00+00:00,0.000000000
2025-07-09 21:00:00+00:00,0.000000000
2025-07-09 22:00:00+00:00,0.000000000
2025-07-09 23:00:00+00:00,0.000000000
2025-07-10 00:00:00+00:00,0.000000000
2025-07-10 01:00:00+00:00,0.000000000
2025-07-10 02:00:00+00:00,0.000000000
2025-07-10 03:00:00+00:00,0.000000000
2025-07-10 04:00:00+00:00,0.000000000
2025-07-10 05:00:00+00:00,0.048403034
2025-07-10 06:00:00+00:00,0.158660844
2025-07-10 07:00:00+00:00,0.294206881
2025-07-10 08:00:00+00:00,0.432882654
2025-07-10 09:00:00+00:00,0.555716887
2025-07-10 10:00:00+00:00,0.647069134
2025-07-10 11:00:00+00:00,0.695692113
2025-07-10 12:00:00+00:00,0.695692113
2025-07-10 13:00:00+00:00,0.647069134
2025-07-10 14:00:00+00:00,0.555716887
2025-07-10 15:00:00+00:00,0.432882654
2025-07-10 16:00:00+00:00,0.294206881
2025-07-10 17:00:00+00:00,0.158660844
2025-07-10 18:00:00+00:00,0.048403034
2025-07-10 19:00:00+00:00,0.000000000
2025-07-10 20:00:00+00:00,0.000000000
2025-07-10 21:00:00+00:00,0.000000000
2025-07-10 22:00:00+00:00,0.000000000
2025-07-10 23:00:00+00:00,0.000000000
2025-07-11 00:00:00+00:00,0.000000000
2025-07-11 01:00:00+00:00,0.000000000
2025-07-11 02:00:00+00:00,0.000000000
2025-07-11 03:00:00+00:00,0.000000000
2025-07-11 04:00:00+00:00,0.000000000
2025-07-11 05:00:00+00:00,0.034860451
2025-07-11 06:00:00+00:00,0.115349040
2025-07-11 07:00:00+00:00,0.214494238
2025-07-11 08:00:00+00:00,0.316017050
2025-07-11 09:00:00+00:00,0.405986898
2025-07-11 10:00:00+00:00,0.472917533
2025-07-11 11:00:00+00:00,0.508547615
2025-07-11 12:00:00+00:00,0.508547615
2025-07-11 13:00:00+00:00,0.472917533
2025-07-11 14:00:00+00:00,0.405986898
2025-07-11 15:00:00+00:00,0.316017050
2025-07-11 16:00:00+00:00,0.214494238
2025-07-11 17:00:00+00:00,0.115349040
2025-07-11 18:00:00+00:00,0.034860451
2025-07-11 19:00:00+00:00,0.000000000
2025-07-11 20:00:00+00:00,0.000000000
2025-07-11 21:00:00+00:00,0.000000000
2025-07-11 22:00:00+00:00,0.000000000
2025-07-11 23:00:00+00:00,0.000000000
2025-07-12 00:00:00+00:00,0.000000000
2025-07-12 01:00:00+00:00,0.000000000
2025-07-12 02:00:00+00:00,0.000000000
2025-07-12 03:00:00+00:00,0.000000000
2025-07-12 04:00:00+00:00,0.000000000
2025-07-12 05:00:00+00:00,0.044135808
2025-07-12 06:00:00+00:00,0.147508649
2025-07-12 07:00:00+00:00,0.275109521
2025-07-12 08:00:00+00:00,0.405890341
2025-07-12 09:00:00+00:00,0.521848979
2025-07-12 10:00:00+00:00,0.608140036
2025-07-12 11:00:00+00:00,0.654084246
2025-07-12 12:00:00+00:00,0.654084246
2025-07-12 13:00:00+00:00,0.608140036
2025-07-12 14:00:00+00:00,0.521848979
2025-07-12 15:00:00+00:00,0.405890341
2025-07-12 16:00:00+00:00,0.275109521
2025-07-12 17:00:00+00:00,0.147508649
2025-07-12 18:00:00+00:00,0.044135808
2025-07-12 19:00:00+00:00,0.000000000
2025-07-12 20:00:00+00:00,0.000000000
2025-07-12 21:00:00+00:00,0.000000000
2025-07-12 22:00:00+00:00,0.000000000
2025-07-12 23:00:00+00:00,0.000000000
2025-07-13 00:00:00+00:00,0.000000000
2025-07-13 01:00:00+00:00,0.000000000
2025-07-13 02:00:00+00:00,0.000000000
2025-07-13 03:00:00+00:00,0.000000000
2025-07-13 04:00:00+00:00,0.000000000
2025-07-13 05:00:00+00:00,0.045141522
2025-07-13 06:00:00+00:00,0.152481913
2025-07-13 07:00:00+00:00,0.285273625
2025-07-13 08:00:00+00:00,0.421505965
2025-07-13 09:00:00+00:00,0.542364174
2025-07-13 10:00:00+00:00,0.632330534
2025-07-13 11:00:00+00:00,0.680240054
2025-07-13 12:00:00+00:00,0.680240054
2025-07-13 13:00:00+00:00,0.632330534
2025-07-13 14:00:00+00:00,0.542364174
2025-07-13 15:00:00+00:00,0.421505965
2025-07-13 16:00:00+00:00,0.285273625
2025-07-13 17:00:00+00:00,0.152481913
2025-07-13 18:00:00+00:00,0.045141522
2025-07-13 19:00:00+00:00,0.000000000
2025-07-13 20:00:00+00:00,0.000000000
2025-07-13 21:00:00+00:00,0.000000000
2025-07-13 22:00:00+00:00,0.000000000
2025-07-13 23:00:00+00:00,0.000000000
2025-07-14 00:00:00+00:00,0.000000000
2025-07-14 01:00:00+00:00,0.000000000
2025-07-14 02:00:00+00:00,0.000000000
2025-07-14 03:00:00+00:00,0.000000000
2025-07-14 04:00:00+00:00,0.000000000
2025-07-14 05:00:00+00:00,0.046115986
2025-07-14 06:00:00+00:00,0.157539362
2025-07-14 07:00:00+00:00,0.295703856
2025-07-14 08:00:00+00:00,0.437591645
2025-07-14 09:00:00+00:00,0.563538998
2025-07-14 10:00:00+00:00,0.657325626
2025-07-14 11:00:00+00:00,0.707278766
2025-07-14 12:00:00+00:00,0.707278766
2025-07-14 13:00:00+00:00,0.657325626
2025-07-14 14:00:00+00:00,0.563538998
2025-07-14 15:00:00+00:00,0.437591645
2025-07-14 16:00:00+00:00,0.295703856
2025-07-14 17:00:00+00:00,0.157539362
2025-07-14 18:00:00+00:00,0.046115986
2025-07-14 19:00:00+00:00,0.000000000
2025-07-14 20:00:00+00:00,0.000000000
2025-07-14 21:00:00+00:00,0.000000000
2025-07-14 22:00:00+00:00,0.000000000
2025-07-14 23:00:00+00:00,0.000000000
2025-07-15 00:00:00+00:00,0.000000000
2025-07-15 01:00:00+00:00,0.000000000
2025-07-15 02:00:00+00:00,0.000000000
2025-07-15 03:00:00+00:00,0.000000000
2025-07-15 04:00:00+00:00,0.000000000
2025-07-15 05:00:00+00:00,0.045692684
2025-07-15 06:00:00+00:00,0.157968197
2025-07-15 07:00:00+00:00,0.297531189
2025-07-15 08:00:00+00:00,0.441007029
2025-07-15 09:00:00+00:00,0.568440081
2025-07-15 10:00:00+00:00,0.663366789
2025-07-15 11:00:00+00:00,0.713936914
2025-07-15 12:00:00+00:00,0.713936914
2025-07-15 13:00:00+00:00,0.663366789
2025-07-15 14:00:00+00:00,0.568440081
2025-07-15 15:00:00+00:00,0.441007029
2025-07-15 16:00:00+00:00,0.297531189
2025-07-15 17:00:00+00:00,0.157968197
2025-07-15 18:00:00+00:00,0.045692684
2025-07-15 19:00:00+00:00,0.000000000
2025-07-15 20:00:00+00:00,0.000000000
2025-07-15 21:00:00+00:00,0.000000000
2025-07-15 22:00:00+00:00,0.000000000
2025-07-15 23:00:00+00:00,0.000000000
2025-07-16 00:00:00+00:00,0.000000000
2025-07-16 01:00:00+00:00,0.000000000
2025-07-16 02:00:00+00:00,0.000000000
2025-07-16 03:00:00+00:00,0.000000000
2025-07-16 04:00:00+00:00,0.000000000
2025-07-16 05:00:00+00:00,0.044320357
2025-07-16 06:00:00+00:00,0.155171776
2025-07-16 07:00:00+00:00,0.293320032
2025-07-16 08:00:00+00:00,0.435498746
2025-07-16 09:00:00+00:00,0.561858391
2025-07-16 10:00:00+00:00,0.656020406
2025-07-16 11:00:00+00:00,0.706193238
2025-07-16 12:00:00+00:00,0.706193238
2025-07-16 13:00:00+00:00,0.656020406
2025-07-16 14:00:00+00:00,0.561858391
2025-07-16 15:00:00+00:00,0.435498746
2025-07-16 16:00:00+00:00,0.293320032
2025-07-16 17:00:00+00:00,0.155171776
2025-07-16 18:00:00+00:00,0.044320357
2025-07-16 19:00:00+00:00,0.000000000
2025-07-16 20:00:00+00:00,0.000000000
2025-07-16 21:00:00+00:00,0.000000000
2025-07-16 22:00:00+00:00,0.000000000
2025-07-16 23:00:00+00:00,0.000000000
2025-07-17 00:00:00+00:00,0.000000000
2025-07-17 01:00:00+00:00,0.000000000
2025-07-17 02:00:00+00:00,0.000000000
2025-07-17 03:00:00+00:00,0.000000000
2025-07-17 04:00:00+00:00,0.000000000
2025-07-17 05:00:00+00:00,0.045083987
2025-07-17 06:00:00+00:00,0.159967382
2025-07-17 07:00:00+00:00,0.303528010
2025-07-17 08:00:00+00:00,0.451447726
2025-07-17 09:00:00+00:00,0.582994929
2025-07-17 10:00:00+00:00,0.681060494
2025-07-17 11:00:00+00:00,0.733324197
2025-07-17 12:00:00+00:00,0.733324197
2025-07-17 13:00:00+00:00,0.681060494
2025-07-17 14:00:00+00:00,0.582994929
2025-07-17 15:00:00+00:00,0.451447726
2025-07-17 16:00:00+00:00,0.303528010
2025-07-17 17:00:00+00:00,0.159967382
2025-07-17 18:00:00+00:00,0.045083987
2025-07-17 19:00:00+00:00,0.000000000
2025-07-17 20:00:00+00:00,0.000000000
2025-07-17 21:00:00+00:00,0.000000000
2025-07-17 22:00:00+00:00,0.000000000
2025-07-17 23:00:00+00:00,0.000000000
2025-07-18 00:00:00+00:00,0.000000000
2025-07-18 01:00:00+00:00,0.000000000
2025-07-18 02:00:00+00:00,0.000000000
2025-07-18 03:00:00+00:00,0.000000000
2025-07-18 04:00:00+00:00,0.000000000
2025-07-18 05:00:00+00:00,0.037704355
2025-07-18 06:00:00+00:00,0.135683355
2025-07-18 07:00:00+00:00,0.258467219
2025-07-18 08:00:00+00:00,0.385131615
2025-07-18 09:00:00+00:00,0.497852166
2025-07-18 10:00:00+00:00,0.581916568
2025-07-18 11:00:00+00:00,0.626728129
2025-07-18 12:00:00+00:00,0.626728129
2025-07-18 13:00:00+00:00,0.581916568
2025-07-18 14:00:00+00:00,0.497852166
2025-07-18 15:00:00+00:00,0.385131615
2025-07-18 16:00:00+00:00,0.258467219
2025-07-18 17:00:00+00:00,0.135683355
2025-07-18 18:00:00+00:00,0.037704355
2025-07-18 19:00:00+00:00,0.000000000
2025-07-18 20:00:00+00:00,0.000000000
2025-07-18 21:00:00+00:00,0.000000000
2025-07-18 22:00:00+00:00,0.000000000
2025-07-18 23:00:00+00:00,0.000000000
2025-07-19 00:00:00+00:00,0.000000000
2025-07-19 01:00:00+00:00,0.000000000
2025-07-19 02:00:00+00:00,0.000000000
2025-07-19 03:00:00+00:00,0.000000000
2025-07-19 04:00:00+00:00,0.000000000
2025-07-19 05:00:00+00:00,0.034559117
2025-07-19 06:00:00+00:00,0.126230478
2025-07-19 07:00:00+00:00,0.241450981
2025-07-19 08:00:00+00:00,0.360461886
2025-07-19 09:00:00+00:00,0.466445701
2025-07-19 10:00:00+00:00,0.545518885
2025-07-19 11:00:00+00:00,0.587679307
2025-07-19 12:00:00+00:00,0.587679307
2025-07-19 13:00:00+00:00,0.545518885
2025-07-19 14:00:00+00:00,0.466445701
2025-07-19 15:00:00+00:00,0.360461886
2025-07-19 16:00:00+00:00,0.241450981
2025-07-19 17:00:00+00:00,0.126230478
2025-07-19 18:00:00+00:00,0.034559117
2025-07-19 19:00:00+00:00,0.000000000
2025-07-19 20:00:00+00:00,0.000000000
2025-07-19 21:00:00+00:00,0.000000000
2025-07-19 22:00:00+00:00,0.000000000
2025-07-19 23:00:00+00:00,0.000000000
2025-07-20 00:00:00+00:00,0.000000000
2025-07-20 01:00:00+00:00,0.000000000
2025-07-20 02:00:00+00:00,0.000000000
2025-07-20 03:00:00+00:00,0.000000000
2025-07-20 04:00:00+00:00,0.000000000
2025-07-20 05:00:00+00:00,0.033674696
2025-07-20 06:00:00+00:00,0.124947600
2025-07-20 07:00:00+00:00,0.240023611
2025-07-20 08:00:00+00:00,0.359040020
2025-07-20 09:00:00+00:00,0.465105771
2025-07-20 10:00:00+00:00,0.544274200
2025-07-20 11:00:00+00:00,0.586495251
2025-07-20 12:00:00+00:00,0.586495251
2025-07-20 13:00:00+00:00,0.544274200
2025-07-20 14:00:00+00:00,0.465105771
2025-07-20 15:00:00+00:00,0.359040020
2025-07-20 16:00:00+00:00,0.240023611
2025-07-20 17:00:00+00:00,0.124947600
2025-07-20 18:00:00+00:00,0.033674696
2025-07-20 19:00:00+00:00,0.000000000
2025-07-20 20:00:00+00:00,0.000000000
2025-07-20 21:00:00+00:00,0.000000000
2025-07-20 22:00:00+00:00,0.000000000
2025-07-20 23:00:00+00:00,0.000000000
2025-07-21 00:00:00+00:00,0.000000000
2025-07-21 01:00:00+00:00,0.000000000
2025-07-21 02:00:00+00:00,0.000000000
2025-07-21 03:00:00+00:00,0.000000000
2025-07-21 04:00:00+00:00,0.000000000
2025-07-21 05:00:00+00:00,0.027203897
2025-07-21 06:00:00+00:00,0.102624500
2025-07-21 07:00:00+00:00,0.198022739
2025-07-21 08:00:00+00:00,0.296820923
2025-07-21 09:00:00+00:00,0.384934764
2025-07-21 10:00:00+00:00,0.450733067
2025-07-21 11:00:00+00:00,0.485832207
2025-07-21 12:00:00+00:00,0.485832207
2025-07-21 13:00:00+00:00,0.450733067
2025-07-21 14:00:00+00:00,0.384934764
2025-07-21 15:00:00+00:00,0.296820923
2025-07-21 16:00:00+00:00,0.198022739
2025-07-21 17:00:00+00:00,0.102624500
2025-07-21 18:00:00+00:00,0.027203897
2025-07-21 19:00:00+00:00,0.000000000
2025-07-21 20:00:00+00:00,0.000000000
2025-07-21 21:00:00+00:00,0.000000000
2025-07-21 22:00:00+00:00,0.000000000
2025-07-21 23:00:00+00:00,0.000000000
2025-07-22 00:00:00+00:00,0.000000000
2025-07-22 01:00:00+00:00,0.000000000
2025-07-22 02:00:00+00:00,0.000000000
2025-07-22 03:00:00+00:00,0.000000000
2025-07-22 04:00:00+00:00,0.000000000
2025-07-22 05:00:00+00:00,0.039989427
2025-07-22 06:00:00+00:00,0.153515545
2025-07-22 07:00:00+00:00,0.297599559
2025-07-22 08:00:00+00:00,0.447027789
2025-07-22 09:00:00+00:00,0.580400194
2025-07-22 10:00:00+00:00,0.680040897
2025-07-22 11:00:00+00:00,0.733206018
2025-07-22 12:00:00+00:00,0.733206018
2025-07-22 13:00:00+00:00,0.680040897
2025-07-22 14:00:00+00:00,0.580400194
2025-07-22 15:00:00+00:00,0.447027789
2025-07-22 16:00:00+00:00,0.297599559
2025-07-22 17:00:00+00:00,0.153515545
2025-07-22 18:00:00+00:00,0.039989427
2025-07-22 19:00:00+00:00,0.000000000
2025-07-22 20:00:00+00:00,0.000000000
2025-07-22 21:00:00+00:00,0.000000000
2025-07-22 22:00:00+00:00,0.000000000
2025-07-22 23:00:00+00:00,0.000000000
2025-07-23 00:00:00+00:00,0.000000000
2025-07-23 01:00:00+00:00,0.000000000
2025-07-23 02:00:00+00:00,0.000000000
2025-07-23 03:00:00+00:00,0.000000000
2025-07-23 04:00:00+00:00,0.000000000
2025-07-23 05:00:00+00:00,0.038565053
2025-07-23 06:00:00+00:00,0.150799544
2025-07-23 07:00:00+00:00,0.293748181
2025-07-23 08:00:00+00:00,0.442214177
2025-07-23 09:00:00+00:00,0.574834430
2025-07-23 10:00:00+00:00,0.673960387
2025-07-23 11:00:00+00:00,0.726864463
2025-07-23 12:00:00+00:00,0.726864463
2025-07-23 13:00:00+00:00,0.673960387
2025-07-23 14:00:00+00:00,0.574834430
2025-07-23 15:00:00+00:00,0.442214177
2025-07-23 16:00:00+00:00,0.293748181
2025-07-23 17:00:00+00:00,0.150799544
2025-07-23 18:00:00+00:00,0.038565053
2025-07-23 19:00:00+00:00,0.000000000
2025-07-23 20:00:00+00:00,0.000000000
2025-07-23 21:00:00+00:00,0.000000000
2025-07-23 22:00:00+00:00,0.000000000
2025-07-23 23:00:00+00:00,0.000000000
2025-07-24 00:00:00+00:00,0.000000000
2025-07-24 01:00:00+00:00,0.000000000
2025-07-24 02:00:00+00:00,0.000000000
2025-07-24 03:00:00+00:00,0.000000000
2025-07-24 04:00:00+00:00,0.000000000
2025-07-24 05:00:00+00:00,0.036169867
2025-07-24 06:00:00+00:00,0.144206774
2025-07-24 07:00:00+00:00,0.282316854
2025-07-24 08:00:00+00:00,0.425973119
2025-07-24 09:00:00+00:00,0.554403664
2025-07-24 10:00:00+00:00,0.650445207
2025-07-24 11:00:00+00:00,0.701716710
2025-07-24 12:00:00+00:00,0.701716710
2025-07-24 13:00:00+00:00,0.650445207
2025-07-24 14:00:00+00:00,0.554403664
2025-07-24 15:00:00+00:00,0.425973119
2025-07-24 16:00:00+00:00,0.282316854
2025-07-24 17:00:00+00:00,0.144206774
2025-07-24 18:00:00+00:00,0.036169867
2025-07-24 19:00:00+00:00,0.000000000
2025-07-24 20:00:00+00:00,0.000000000
2025-07-24 21:00:00+00:00,0.000000000
2025-07-24 22:00:00+00:00,0.000000000
2025-07-24 23:00:00+00:00,0.000000000
2025-07-25 00:00:00+00:00,0.000000000
2025-07-25 01:00:00+00:00,0.000000000
2025-07-25 02:00:00+00:00,0.000000000
2025-07-25 03:00:00+00:00,0.000000000
2025-07-25 04:00:00+00:00,0.000000000
2025-07-25 05:00:00+00:00,0.033753266
2025-07-25 06:00:00+00:00,0.137355193
2025-07-25 07:00:00+00:00,0.270305256
2025-07-25 08:00:00+00:00,0.408809240
2025-07-25 09:00:00+00:00,0.532739777
2025-07-25 10:00:00+00:00,0.625463081
2025-07-25 11:00:00+00:00,0.674976676
2025-07-25 12:00:00+00:00,0.674976676
2025-07-25 13:00:00+00:00,0.625463081
2025-07-25 14:00:00+00:00,0.532739777
2025-07-25 15:00:00+00:00,0.408809240
2025-07-25 16:00:00+00:00,0.270305256
2025-07-25 17:00:00+00:00,0.137355193
2025-07-25 18:00:00+00:00,0.033753266
2025-07-25 19:00:00+00:00,0.000000000
2025-07-25 20:00:00+00:00,0.000000000
2025-07-25 21:00:00+00:00,0.000000000
2025-07-25 22:00:00+00:00,0.000000000
2025-07-25 23:00:00+00:00,0.000000000
2025-07-26 00:00:00+00:00,0.000000000
2025-07-26 01:00:00+00:00,0.000000000
2025-07-26 02:00:00+00:00,0.000000000
2025-07-26 03:00:00+00:00,0.000000000
2025-07-26 04:00:00+00:00,0.000000000
2025-07-26 05:00:00+00:00,0.030141949
2025-07-26 06:00:00+00:00,0.125335901
2025-07-26 07:00:00+00:00,0.247985934
2025-07-26 08:00:00+00:00,0.375964854
2025-07-26 09:00:00+00:00,0.490579010
2025-07-26 10:00:00+00:00,0.576376602
2025-07-26 11:00:00+00:00,0.622204797
2025-07-26 12:00:00+00:00,0.622204797
2025-07-26 13:00:00+00:00,0.576376602
2025-07-26 14:00:00+00:00,0.490579010
2025-07-26 15:00:00+00:00,0.375964854
2025-07-26 16:00:00+00:00,0.247985934
2025-07-26 17:00:00+00:00,0.125335901
2025-07-26 18:00:00+00:00,0.030141949
2025-07-26 19:00:00+00:00,0.000000000
2025-07-26 20:00:00+00:00,0.000000000
2025-07-26 21:00:00+00:00,0.000000000
2025-07-26 22:00:00+00:00,0.000000000
2025-07-26 23:00:00+00:00,0.000000000
2025-07-27 00:00:00+00:00,0.000000000
2025-07-27 01:00:00+00:00,0.000000000
2025-07-27 02:00:00+00:00,0.000000000
2025-07-27 03:00:00+00:00,0.000000000
2025-07-27 04:00:00+00:00,0.000000000
2025-07-27 05:00:00+00:00,0.028485847
2025-07-27 06:00:00+00:00,0.121177392
2025-07-27 07:00:00+00:00,0.241102048
2025-07-27 08:00:00+00:00,0.366444759
2025-07-27 09:00:00+00:00,0.478800208
2025-07-27 10:00:00+00:00,0.562952076
2025-07-27 11:00:00+00:00,0.607914212
2025-07-27 12:00:00+00:00,0.607914212
2025-07-27 13:00:00+00:00,0.562952076
2025-07-27 14:00:00+00:00,0.478800208
2025-07-27 15:00:00+00:00,0.366444759
2025-07-27 16:00:00+00:00,0.241102048
2025-07-27 17:00:00+00:00,0.121177392
2025-07-27 18:00:00+00:00,0.028485847
2025-07-27 19:00:00+00:00,0.000000000
2025-07-27 20:00:00+00:00,0.000000000
2025-07-27 21:00:00+00:00,0.000000000
2025-07-27 22:00:00+00:00,0.000000000
2025-07-27 23:00:00+00:00,0.000000000
2025-07-28 00:00:00+00:00,0.000000000
2025-07-28 01:00:00+00:00,0.000000000
2025-07-28 02:00:00+00:00,0.000000000
2025-07-28 03:00:00+00:00,0.000000000
2025-07-28 04:00:00+00:00,0.000000000
2025-07-28 05:00:00+00:00,0.029699421
2025-07-28 06:00:00+00:00,0.129411907
2025-07-28 07:00:00+00:00,0.258981449
2025-07-28 08:00:00+00:00,0.394636631
2025-07-28 09:00:00+00:00,0.516349976
2025-07-28 10:00:00+00:00,0.607560950
2025-07-28 11:00:00+00:00,0.656309225
2025-07-28 12:00:00+00:00,0.656309225
2025-07-28 13:00:00+00:00,0.607560950
2025-07-28 14:00:00+00:00,0.516349976
2025-07-28 15:00:00+00:00,0.394636631
2025-07-28 16:00:00+00:00,0.258981449
2025-07-28 17:00:00+00:00,0.129411907
2025-07-28 18:00:00+00:00,0.029699421
2025-07-28 19:00:00+00:00,0.000000000
2025-07-28 20:00:00+00:00,0.000000000
2025-07-28 21:00:00+00:00,0.000000000
2025-07-28 22:00:00+00:00,0.000000000
2025-07-28 23:00:00+00:00,0.000000000
2025-07-29 00:00:00+00:00,0.000000000
2025-07-29 01:00:00+00:00,0.000000000
2025-07-29 02:00:00+00:00,0.000000000
2025-07-29 03:00:00+00:00,0.000000000
2025-07-29 04:00:00+00:00,0.000000000
2025-07-29 05:00:00+00:00,0.028240644
2025-07-29 06:00:00+00:00,0.126216312
2025-07-29 07:00:00+00:00,0.254105638
2025-07-29 08:00:00+00:00,0.388238110
2025-07-29 09:00:00+00:00,0.508701214
2025-07-29 10:00:00+00:00,0.599026373
2025-07-29 11:00:00+00:00,0.647315936
2025-07-29 12:00:00+00:00,0.647315936
2025-07-29 13:00:00+00:00,0.599026373
2025-07-29 14:00:00+00:00,0.508701214
2025-07-29 15:00:00+00:00,0.388238110
2025-07-29 16:00:00+00:00,0.254105638
2025-07-29 17:00:00+00:00,0.126216312
2025-07-29 18:00:00+00:00,0.028240644
2025-07-29 19:00:00+00:00,0.000000000
2025-07-29 20:00:00+00:00,0.000000000
2025-07-29 21:00:00+00:00,0.000000000
2025-07-29 22:00:00+00:00,0.000000000
2025-07-29 23:00:00+00:00,0.000000000
2025-07-30 00:00:00+00:00,0.000000000
2025-07-30 01:00:00+00:00,0.000000000
2025-07-30 02:00:00+00:00,0.000000000
2025-07-30 03:00:00+00:00,0.000000000
2025-07-30 04:00:00+00:00,0.000000000
2025-07-30 05:00:00+00:00,0.030774513
2025-07-30 06:00:00+00:00,0.141275441
2025-07-30 07:00:00+00:00,0.286194417
2025-07-30 08:00:00+00:00,0.438464520
2025-07-30 09:00:00+00:00,0.575352298
2025-07-30 10:00:00+00:00,0.678052583
2025-07-30 11:00:00+00:00,0.732975302
2025-07-30 12:00:00+00:00,0.732975302
2025-07-30 13:00:00+00:00,0.678052583
2025-07-30 14:00:00+00:00,0.575352298
2025-07-30 15:00:00+00:00,0.438464520
2025-07-30 16:00:00+00:00,0.286194417
2025-07-30 17:00:00+00:00,0.141275441
2025-07-30 18:00:00+00:00,0.030774513
2025-07-30 19:00:00+00:00,0.000000000
2025-07-30 20:00:00+00:00,0.000000000
2025-07-30 21:00:00+00:00,0.000000000
2025-07-30 22:00:00+00:00,0.000000000
2025-07-30 23:00:00+00:00,0.000000000
2025-07-31 00:00:00+00:00,0.000000000
2025-07-31 01:00:00+00:00,0.000000000
2025-07-31 02:00:00+00:00,0.000000000
2025-07-31 03:00:00+00:00,0.000000000
2025-07-31 04:00:00+00:00,0.000000000
2025-07-31 05:00:00+00:00,0.022891343
2025-07-31 06:00:00+00:00,0.108104740
2025-07-31 07:00:00+00:00,0.220408470
2025-07-31 08:00:00+00:00,0.338630173
2025-07-31 09:00:00+00:00,0.445017233
2025-07-31 10:00:00+00:00,0.524881881
2025-07-31 11:00:00+00:00,0.567606107
2025-07-31 12:00:00+00:00,0.567606107
2025-07-31 13:00:00+00:00,0.524881881
2025-07-31 14:00:00+00:00,0.445017233
2025-07-31 15:00:00+00:00,0.338630173
2025-07-31 16:00:00+00:00,0.220408470
2025-07-31 17:00:00+00:00,0.108104740
2025-07-31 18:00:00+00:00,0.022891343
2025-07-31 19:00:00+00:00,0.000000000
2025-07-31 20:00:00+00:00,0.000000000
2025-07-31 21:00:00+00:00,0.000000000
2025-07-31 22:00:00+00:00,0.000000000
2025-07-31 23:00:00+00:00,0.000000000
2025-08-01 00:00:00+00:00,0.000000000
2025-08-01 01:00:00+00:00,0.000000000
2025-08-01 02:00:00+00:00,0.000000000
2025-08-01 03:00:00+00:00,0.000000000
2025-08-01 04:00:00+00:00,0.000000000
2025-08-01 05:00:00+00:00,0.018808588
2025-08-01 06:00:00+00:00,0.091524905
2025-08-01 07:00:00+00:00,0.187848404
2025-08-01 08:00:00+00:00,0.289443588
2025-08-01 09:00:00+00:00,0.380964005
2025-08-01 10:00:00+00:00,0.449710263
2025-08-01 11:00:00+00:00,0.486498701
2025-08-01 12:00:00+00:00,0.486498701
2025-08-01 13:00:00+00:00,0.449710263
2025-08-01 14:00:00+00:00,0.380964005
2025-08-01 15:00:00+00:00,0.289443588
2025-08-01 16:00:00+00:00,0.187848404
2025-08-01 17:00:00+00:00,0.091524905
2025-08-01 18:00:00+00:00,0.018808588
2025-08-01 19:00:00+00:00,0.000000000
2025-08-01 20:00:00+00:00,0.000000000
2025-08-01 21:00:00+00:00,0.000000000
2025-08-01 22:00:00+00:00,0.000000000
2025-08-01 23:00:00+00:00,0.000000000
2025-08-02 00:00:00+00:00,0.000000000
2025-08-02 01:00:00+00:00,0.000000000
2025-08-02 02:00:00+00:00,0.000000000
2025-08-02 03:00:00+00:00,0.000000000
2025-08-02 04:00:00+00:00,0.000000000
2025-08-02 05:00:00+00:00,0.023986401
2025-08-02 06:00:00+00:00,0.120482328
2025-08-02 07:00:00+00:00,0.248985598
2025-08-02 08:00:00+00:00,0.384791120
2025-08-02 09:00:00+00:00,0.507260445
2025-08-02 10:00:00+00:00,0.599311808
2025-08-02 11:00:00+00:00,0.648588164
2025-08-02 12:00:00+00:00,0.648588164
2025-08-02 13:00:00+00:00,0.599311808
2025-08-02 14:00:00+00:00,0.507260445
2025-08-02 15:00:00+00:00,0.384791120
2025-08-02 16:00:00+00:00,0.248985598
2025-08-02 17:00:00+00:00,0.120482328
2025-08-02 18:00:00+00:00,0.023986401
2025-08-02 19:00:00+00:00,0.000000000
2025-08-02 20:00:00+00:00,0.000000000
2025-08-02 21:00:00+00:00,0.000000000
2025-08-02 22:00:00+00:00,0.000000000
2025-08-02 23:00:00+00:00,0.000000000
2025-08-03 00:00:00+00:00,0.000000000
2025-08-03 01:00:00+00:00,0.000000000
2025-08-03 02:00:00+00:00,0.000000000
2025-08-03 03:00:00+00:00,0.000000000
2025-08-03 04:00:00+00:00,0.000000000
2025-08-03 05:00:00+00:00,0.022246859
2025-08-03 06:00:00+00:00,0.115565458
2025-08-03 07:00:00+00:00,0.240526002
2025-08-03 08:00:00+00:00,0.372857560
2025-08-03 09:00:00+00:00,0.492325167
2025-08-03 10:00:00+00:00,0.582177922
2025-08-03 11:00:00+00:00,0.630293892
2025-08-03 12:00:00+00:00,0.630293892
2025-08-03 13:00:00+00:00,0.582177922
2025-08-03 14:00:00+00:00,0.492325167
2025-08-03 15:00:00+00:00,0.372857560
2025-08-03 16:00:00+00:00,0.240526002
2025-08-03 17:00:00+00:00,0.115565458
2025-08-03 18:00:00+00:00,0.022246859
2025-08-03 19:00:00+00:00,0.000000000
2025-08-03 20:00:00+00:00,0.000000000
2025-08-03 21:00:00+00:00,0.000000000
2025-08-03 22:00:00+00:00,0.000000000
2025-08-03 23:00:00+00:00,0.000000000
2025-08-04 00:00:00+00:00,0.000000000
2025-08-04 01:00:00+00:00,0.000000000
2025-08-04 02:00:00+00:00,0.000000000
2025-08-04 03:00:00+00:00,0.000000000
2025-08-04 04:00:00+00:00,0.000000000
2025-08-04 05:00:00+00:00,0.021777799
2025-08-04 06:00:00+00:00,0.117237927
2025-08-04 07:00:00+00:00,0.245803641
2025-08-04 08:00:00+00:00,0.382239402
2025-08-04 09:00:00+00:00,0.505550928
2025-08-04 10:00:00+00:00,0.598355586
2025-08-04 11:00:00+00:00,0.648069792
2025-08-04 12:00:00+00:00,0.648069792
2025-08-04 13:00:00+00:00,0.598355586
2025-08-04 14:00:00+00:00,0.505550928
2025-08-04 15:00:00+00:00,0.382239402
2025-08-04 16:00:00+00:00,0.245803641
2025-08-04 17:00:00+00:00,0.117237927
2025-08-04 18:00:00+00:00,0.021777799
2025-08-04 19:00:00+00:00,0.000000000
2025-08-04 20:00:00+00:00,0.000000000
2025-08-04 21:00:00+00:00,0.000000000
2025-08-04 22:00:00+00:00,0.000000000
2025-08-04 23:00:00+00:00,0.000000000
2025-08-05 00:00:00+00:00,0.000000000
2025-08-05 01:00:00+00:00,0.000000000
2025-08-05 02:00:00+00:00,0.000000000
2025-08-05 03:00:00+00:00,0.000000000
2025-08-05 04:00:00+00:00,0.000000000
2025-08-05 05:00:00+00:00,0.016568776
2025-08-05 06:00:00+00:00,0.092642369
2025-08-05 07:00:00+00:00,0.195713998
2025-08-05 08:00:00+00:00,0.305331616
2025-08-05 09:00:00+00:00,0.404519009
2025-08-05 10:00:00+00:00,0.479217870
2025-08-05 11:00:00+00:00,0.519247448
2025-08-05 12:00:00+00:00,0.519247448
2025-08-05 13:00:00+00:00,0.479217870
2025-08-05 14:00:00+00:00,0.404519009
2025-08-05 15:00:00+00:00,0.305331616
2025-08-05 16:00:00+00:00,0.195713998
2025-08-05 17:00:00+00:00,0.092642369
2025-08-05 18:00:00+00:00,0.016568776
2025-08-05 19:00:00+00:00,0.000000000
2025-08-05 20:00:00+00:00,0.000000000
2025-08-05 21:00:00+00:00,0.000000000
2025-08-05 22:00:00+00:00,0.000000000
2025-08-05 23:00:00+00:00,0.000000000
2025-08-06 00:00:00+00:00,0.000000000
2025-08-06 01:00:00+00:00,0.000000000
2025-08-06 02:00:00+00:00,0.000000000
2025-08-06 03:00:00+00:00,0.000000000
2025-08-06 04:00:00+00:00,0.000000000
2025-08-06 05:00:00+00:00,0.015410454
2025-08-06 06:00:00+00:00,0.089713287
2025-08-06 07:00:00+00:00,0.191016042
2025-08-06 08:00:00+00:00,0.298991912
2025-08-06 09:00:00+00:00,0.396809173
2025-08-06 10:00:00+00:00,0.470526732
2025-08-06 11:00:00+00:00,0.510044980
2025-08-06 12:00:00+00:00,0.510044980
2025-08-06 13:00:00+00:00,0.470526732
2025-08-06 14:00:00+00:00,0.396809173
2025-08-06 15:00:00+00:00,0.298991912
2025-08-06 16:00:00+00:00,0.191016042
2025-08-06 17:00:00+00:00,0.089713287
2025-08-06 18:00:00+00:00,0.015410454
2025-08-06 19:00:00+00:00,0.000000000
2025-08-06 20:00:00+00:00,0.000000000
2025-08-06 21:00:00+00:00,0.000000000
2025-08-06 22:00:00+00:00,0.000000000
2025-08-06 23:00:00+00:00,0.000000000
2025-08-07 00:00:00+00:00,0.000000000
2025-08-07 01:00:00+00:00,0.000000000
2025-08-07 02:00:00+00:00,0.000000000
2025-08-07 03:00:00+00:00,0.000000000
2025-08-07 04:00:00+00:00,0.000000000
2025-08-07 05:00:00+00:00,0.022120395
2025-08-07 06:00:00+00:00,0.134434940
2025-08-07 07:00:00+00:00,0.288561211
2025-08-07 08:00:00+00:00,0.453215422
2025-08-07 09:00:00+00:00,0.602558943
2025-08-07 10:00:00+00:00,0.715186934
2025-08-07 11:00:00+00:00,0.775586826
2025-08-07 12:00:00+00:00,0.775586826
2025-08-07 13:00:00+00:00,0.715186934
2025-08-07 14:00:00+00:00,0.602558943
2025-08-07 15:00:00+00:00,0.453215422
2025-08-07 16:00:00+00:00,0.288561211
2025-08-07 17:00:00+00:00,0.134434940
2025-08-07 18:00:00+00:00,0.022120395
2025-08-07 19:00:00+00:00,0.000000000
2025-08-07 20:00:00+00:00,0.000000000
2025-08-07 21:00:00+00:00,0.000000000
2025-08-07 22:00:00+00:00,0.000000000
2025-08-07 23:00:00+00:00,0.000000000
2025-08-08 00:00:00+00:00,0.000000000
2025-08-08 01:00:00+00:00,0.000000000
2025-08-08 02:00:00+00:00,0.000000000
2025-08-08 03:00:00+00:00,0.000000000
2025-08-08 04:00:00+00:00,0.000000000
2025-08-08 05:00:00+00:00,0.018132958
2025-08-08 06:00:00+00:00,0.115381131
2025-08-08 07:00:00+00:00,0.249740203
2025-08-08 08:00:00+00:00,0.393613707
2025-08-08 09:00:00+00:00,0.524270288
2025-08-08 10:00:00+00:00,0.622876053
2025-08-08 11:00:00+00:00,0.675776413
2025-08-08 12:00:00+00:00,0.675776413
2025-08-08 13:00:00+00:00,0.622876053
2025-08-08 14:00:00+00:00,0.524270288
2025-08-08 15:00:00+00:00,0.393613707
2025-08-08 16:00:00+00:00,0.249740203
2025-08-08 17:00:00+00:00,0.115381131
2025-08-08 18:00:00+00:00,0.018132958
2025-08-08 19:00:00+00:00,0.000000000
2025-08-08 20:00:00+00:00,0.000000000
2025-08-08 21:00:00+00:00,0.000000000
2025-08-08 22:00:00+00:00,0.000000000
2025-08-08 23:00:00+00:00,0.000000000
2025-08-09 00:00:00+00:00,0.000000000
2025-08-09 01:00:00+00:00,0.000000000
2025-08-09 02:00:00+00:00,0.000000000
2025-08-09 03:00:00+00:00,0.000000000
2025-08-09 04:00:00+00:00,0.000000000
2025-08-09 05:00:00+00:00,0.018781398
2025-08-09 06:00:00+00:00,0.125527840
2025-08-09 07:00:00+00:00,0.274056566
2025-08-09 08:00:00+00:00,0.433486309
2025-08-09 09:00:00+00:00,0.578453253
2025-08-09 10:00:00+00:00,0.687939017
2025-08-09 11:00:00+00:00,0.746699299
2025-08-09 12:00:00+00:00,0.746699299
2025-08-09 13:00:00+00:00,0.687939017
2025-08-09 14:00:00+00:00,0.578453253
2025-08-09 15:00:00+00:00,0.433486309
2025-08-09 16:00:00+00:00,0.274056566
2025-08-09 17:00:00+00:00,0.125527840
2025-08-09 18:00:00+00:00,0.018781398
2025-08-09 19:00:00+00:00,0.000000000
2025-08-09 20:00:00+00:00,0.000000000
2025-08-09 21:00:00+00:00,0.000000000
2025-08-09 22:00:00+00:00,0.000000000
2025-08-09 23:00:00+00:00,0.000000000
2025-08-10 00:00:00+00:00,0.000000000
2025-08-10 01:00:00+00:00,0.000000000
2025-08-10 02:00:00+00:00,0.000000000
2025-08-10 03:00:00+00:00,0.000000000
2025-08-10 04:00:00+00:00,0.000000000
2025-08-10 05:00:00+00:00,0.012950216
2025-08-10 06:00:00+00:00,0.091239982
2025-08-10 07:00:00+00:00,0.200980582
2025-08-10 08:00:00+00:00,0.319066797
2025-08-10 09:00:00+00:00,0.426579640
2025-08-10 10:00:00+00:00,0.507838974
2025-08-10 11:00:00+00:00,0.551467724
2025-08-10 12:00:00+00:00,0.551467724
2025-08-10 13:00:00+00:00,0.507838974
2025-08-10 14:00:00+00:00,0.426579640
2025-08-10 15:00:00+00:00,0.319066797
2025-08-10 16:00:00+00:00,0.200980582
2025-08-10 17:00:00+00:00,0.091239982
2025-08-10 18:00:00+00:00,0.012950216
2025-08-10 19:00:00+00:00,0.000000000
2025-08-10 20:00:00+00:00,0.000000000
2025-08-10 21:00:00+00:00,0.000000000
2025-08-10 22:00:00+00:00,0.000000000
2025-08-10 23:00:00+00:00,0.000000000
2025-08-11 00:00:00+00:00,0.000000000
2025-08-11 01:00:00+00:00,0.000000000
2025-08-11 02:00:00+00:00,0.000000000
2025-08-11 03:00:00+00:00,0.000000000
2025-08-11 04:00:00+00:00,0.000000000
2025-08-11 05:00:00+00:00,0.017082390
2025-08-11 06:00:00+00:00,0.127373425
2025-08-11 07:00:00+00:00,0.283166991
2025-08-11 08:00:00+00:00,0.451234133
2025-08-11 09:00:00+00:00,0.604454989
2025-08-11 10:00:00+00:00,0.720349179
2025-08-11 11:00:00+00:00,0.782598965
2025-08-11 12:00:00+00:00,0.782598965
2025-08-11 13:00:00+00:00,0.720349179
2025-08-11 14:00:00+00:00,0.604454989
2025-08-11 15:00:00+00:00,0.451234133
2025-08-11 16:00:00+00:00,0.283166991
2025-08-11 17:00:00+00:00,0.127373425
2025-08-11 18:00:00+00:00,0.017082390
2025-08-11 19:00:00+00:00,0.000000000
2025-08-11 20:00:00+00:00,0.000000000
2025-08-11 21:00:00+00:00,0.000000000
2025-08-11 22:00:00+00:00,0.000000000
2025-08-11 23:00:00+00:00,0.000000000
2025-08-12 00:00:00+00:00,0.000000000
2025-08-12 01:00:00+00:00,0.000000000
2025-08-12 02:00:00+00:00,0.000000000
2025-08-12 03:00:00+00:00,0.000000000
2025-08-12 04:00:00+00:00,0.000000000
2025-08-12 05:00:00+00:00,0.010928996
2025-08-12 06:00:00+00:00,0.086629435
2025-08-12 07:00:00+00:00,0.194426028
2025-08-12 08:00:00+00:00,0.311018028
2025-08-12 09:00:00+00:00,0.417454450
2025-08-12 10:00:00+00:00,0.498024113
2025-08-12 11:00:00+00:00,0.541318125
2025-08-12 12:00:00+00:00,0.541318125
2025-08-12 13:00:00+00:00,0.498024113
2025-08-12 14:00:00+00:00,0.417454450
2025-08-12 15:00:00+00:00,0.311018028
2025-08-12 16:00:00+00:00,0.194426028
2025-08-12 17:00:00+00:00,0.086629435
2025-08-12 18:00:00+00:00,0.010928996
2025-08-12 19:00:00+00:00,0.000000000
2025-08-12 20:00:00+00:00,0.000000000
2025-08-12 21:00:00+00:00,0.000000000
2025-08-12 22:00:00+00:00,0.000000000
2025-08-12 23:00:00+00:00,0.000000000
2025-08-13 00:00:00+00:00,0.000000000
2025-08-13 01:00:00+00:00,0.000000000
2025-08-13 02:00:00+00:00,0.000000000
2025-08-13 03:00:00+00:00,0.000000000
2025-08-13 04:00:00+00:00,0.000000000
2025-08-13 05:00:00+00:00,0.010665585
2025-08-13 06:00:00+00:00,0.090324015
2025-08-13 07:00:00+00:00,0.204716030
2025-08-13 08:00:00+00:00,0.328772499
2025-08-13 09:00:00+00:00,0.442179538
2025-08-13 10:00:00+00:00,0.528093832
2025-08-13 11:00:00+00:00,0.574279287
2025-08-13 12:00:00+00:00,0.574279287
2025-08-13 13:00:00+00:00,0.528093832
2025-08-13 14:00:00+00:00,0.442179538
2025-08-13 15:00:00+00:00,0.328772499
2025-08-13 16:00:00+00:00,0.204716030
2025-08-13 17:00:00+00:00,0.090324015
2025-08-13 18:00:00+00:00,0.010665585
2025-08-13 19:00:00+00:00,0.000000000
2025-08-13 20:00:00+00:00,0.000000000
2025-08-13 21:00:00+00:00,0.000000000
2025-08-13 22:00:00+00:00,0.000000000
2025-08-13 23:00:00+00:00,0.000000000
2025-08-14 00:00:00+00:00,0.000000000
2025-08-14 01:00:00+00:00,0.000000000
2025-08-14 02:00:00+00:00,0.000000000
2025-08-14 03:00:00+00:00,0.000000000
2025-08-14 04:00:00+00:00,0.000000000
2025-08-14 05:00:00+00:00,0.013078335
2025-08-14 06:00:00+00:00,0.119008105
2025-08-14 07:00:00+00:00,0.272473344
2025-08-14 08:00:00+00:00,0.439360875
2025-08-14 09:00:00+00:00,0.592137282
2025-08-14 10:00:00+00:00,0.707970342
2025-08-14 11:00:00+00:00,0.770266209
2025-08-14 12:00:00+00:00,0.770266209
2025-08-14 13:00:00+00:00,0.707970342
2025-08-14 14:00:00+00:00,0.592137282
2025-08-14 15:00:00+00:00,0.439360875
2025-08-14 16:00:00+00:00,0.272473344
2025-08-14 17:00:00+00:00,0.119008105
2025-08-14 18:00:00+00:00,0.013078335
2025-08-14 19:00:00+00:00,0.000000000
2025-08-14 20:00:00+00:00,0.000000000
2025-08-14 21:00:00+00:00,0.000000000
2025-08-14 22:00:00+00:00,0.000000000
2025-08-14 23:00:00+00:00,0.000000000
2025-08-15 00:00:00+00:00,0.000000000
2025-08-15 01:00:00+00:00,0.000000000
2025-08-15 02:00:00+00:00,0.000000000
2025-08-15 03:00:00+00:00,0.000000000
2025-08-15 04:00:00+00:00,0.000000000
2025-08-15 05:00:00+00:00,0.012124871
2025-08-15 06:00:00+00:00,0.119325877
2025-08-15 07:00:00+00:00,0.276073686
2025-08-15 08:00:00+00:00,0.447010790
2025-08-15 09:00:00+00:00,0.603719592
2025-08-15 10:00:00+00:00,0.722631993
2025-08-15 11:00:00+00:00,0.786611982
2025-08-15 12:00:00+00:00,0.786611982
2025-08-15 13:00:00+00:00,0.722631993
2025-08-15 14:00:00+00:00,0.603719592
2025-08-15 15:00:00+00:00,0.447010790
2025-08-15 16:00:00+00:00,0.276073686
2025-08-15 17:00:00+00:00,0.119325877
2025-08-15 18:00:00+00:00,0.012124871
2025-08-15 19:00:00+00:00,0.000000000
2025-08-15 20:00:00+00:00,0.000000000
2025-08-15 21:00:00+00:00,0.000000000
2025-08-15 22:00:00+00:00,0.000000000
2025-08-15 23:00:00+00:00,0.000000000
2025-08-16 00:00:00+00:00,0.000000000
2025-08-16 01:00:00+00:00,0.000000000
2025-08-16 02:00:00+00:00,0.000000000
2025-08-16 03:00:00+00:00,0.000000000
2025-08-16 04:00:00+00:00,0.000000000
2025-08-16 05:00:00+00:00,0.007042040
2025-08-16 06:00:00+00:00,0.075518475
2025-08-16 07:00:00+00:00,0.176618293
2025-08-16 08:00:00+00:00,0.287188400
2025-08-16 09:00:00+00:00,0.388703907
2025-08-16 10:00:00+00:00,0.465799647
2025-08-16 11:00:00+00:00,0.507298981
2025-08-16 12:00:00+00:00,0.507298981
2025-08-16 13:00:00+00:00,0.465799647
2025-08-16 14:00:00+00:00,0.388703907
2025-08-16 15:00:00+00:00,0.287188400
2025-08-16 16:00:00+00:00,0.176618293
2025-08-16 17:00:00+00:00,0.075518475
2025-08-16 18:00:00+00:00,0.007042040
2025-08-16 19:00:00+00:00,0.000000000
2025-08-16 20:00:00+00:00,0.000000000
2025-08-16 21:00:00+00:00,0.000000000
2025-08-16 22:00:00+00:00,0.000000000
2025-08-16 23:00:00+00:00,0.000000000
2025-08-17 00:00:00+00:00,0.000000000
2025-08-17 01:00:00+00:00,0.000000000
2025-08-17 02:00:00+00:00,0.000000000
2025-08-17 03:00:00+00:00,0.000000000
2025-08-17 04:00:00+00:00,0.000000000
2025-08-17 05:00:00+00:00,0.008425025
2025-08-17 06:00:00+00:00,0.099318244
2025-08-17 07:00:00+00:00,0.234886621
2025-08-17 08:00:00+00:00,0.383593292
2025-08-17 09:00:00+00:00,0.520327065
2025-08-17 10:00:00+00:00,0.624257987
2025-08-17 11:00:00+00:00,0.680227649
2025-08-17 12:00:00+00:00,0.680227649
2025-08-17 13:00:00+00:00,0.624257987
2025-08-17 14:00:00+00:00,0.520327065
2025-08-17 15:00:00+00:00,0.383593292
2025-08-17 16:00:00+00:00,0.234886621
2025-08-17 17:00:00+00:00,0.099318244
2025-08-17 18:00:00+00:00,0.008425025
2025-08-17 19:00:00+00:00,0.000000000
2025-08-17 20:00:00+00:00,0.000000000
2025-08-17 21:00:00+00:00,0.000000000
2025-08-17 22:00:00+00:00,0.000000000
2025-08-17 23:00:00+00:00,0.000000000
2025-08-18 00:00:00+00:00,0.000000000
2025-08-18 01:00:00+00:00,0.000000000
2025-08-18 02:00:00+00:00,0.000000000
2025-08-18 03:00:00+00:00,0.000000000
2025-08-18 04:00:00+00:00,0.000000000
2025-08-18 05:00:00+00:00,0.007520301
2025-08-18 06:00:00+00:00,0.098466146
2025-08-18 07:00:00+00:00,0.235571887
2025-08-18 08:00:00+00:00,0.386421896
2025-08-18 09:00:00+00:00,0.525338638
2025-08-18 10:00:00+00:00,0.631020714
2025-08-18 11:00:00+00:00,0.687959712
2025-08-18 12:00:00+00:00,0.687959712
2025-08-18 13:00:00+00:00,0.631020714
2025-08-18 14:00:00+00:00,0.525338638
2025-08-18 15:00:00+00:00,0.386421896
2025-08-18 16:00:00+00:00,0.235571887
2025-08-18 17:00:00+00:00,0.098466146
2025-08-18 18:00:00+00:00,0.007520301
2025-08-18 19:00:00+00:00,0.000000000
2025-08-18 20:00:00+00:00,0.000000000
2025-08-18 21:00:00+00:00,0.000000000
2025-08-18 22:00:00+00:00,0.000000000
2025-08-18 23:00:00+00:00,0.000000000
2025-08-19 00:00:00+00:00,0.000000000
2025-08-19 01:00:00+00:00,0.000000000
2025-08-19 02:00:00+00:00,0.000000000
2025-08-19 03:00:00+00:00,0.000000000
2025-08-19 04:00:00+00:00,0.000000000
2025-08-19 05:00:00+00:00,0.006044048
2025-08-19 06:00:00+00:00,0.088991210
2025-08-19 07:00:00+00:00,0.215455500
2025-08-19 08:00:00+00:00,0.355030937
2025-08-19 09:00:00+00:00,0.483765595
2025-08-19 10:00:00+00:00,0.581788329
2025-08-19 11:00:00+00:00,0.634625469
2025-08-19 12:00:00+00:00,0.634625469
2025-08-19 13:00:00+00:00,0.581788329
2025-08-19 14:00:00+00:00,0.483765595
2025-08-19 15:00:00+00:00,0.355030937
2025-08-19 16:00:00+00:00,0.215455500
2025-08-19 17:00:00+00:00,0.088991210
2025-08-19 18:00:00+00:00,0.006044048
2025-08-19 19:00:00+00:00,0.000000000
2025-08-19 20:00:00+00:00,0.000000000
2025-08-19 21:00:00+00:00,0.000000000
2025-08-19 22:00:00+00:00,0.000000000
2025-08-19 23:00:00+00:00,0.000000000
2025-08-20 00:00:00+00:00,0.000000000
2025-08-20 01:00:00+00:00,0.000000000
2025-08-20 02:00:00+00:00,0.000000000
2025-08-20 03:00:00+00:00,0.000000000
2025-08-20 04:00:00+00:00,0.000000000
2025-08-20 05:00:00+00:00,0.005120664
2025-08-20 06:00:00+00:00,0.086069741
2025-08-20 07:00:00+00:00,0.210963914
2025-08-20 08:00:00+00:00,0.349247045
2025-08-20 09:00:00+00:00,0.476992783
2025-08-20 10:00:00+00:00,0.574350226
2025-08-20 11:00:00+00:00,0.626853829
2025-08-20 12:00:00+00:00,0.626853829
2025-08-20 13:00:00+00:00,0.574350226
2025-08-20 14:00:00+00:00,0.476992783
2025-08-20 15:00:00+00:00,0.349247045
2025-08-20 16:00:00+00:00,0.210963914
2025-08-20 17:00:00+00:00,0.086069741
2025-08-20 18:00:00+00:00,0.005120664
2025-08-20 19:00:00+00:00,0.000000000
2025-08-20 20:00:00+00:00,0.000000000
2025-08-20 21:00:00+00:00,0.000000000
2025-08-20 22:00:00+00:00,0.000000000
2025-08-20 23:00:00+00:00,0.000000000
2025-08-21 00:00:00+00:00,0.000000000
2025-08-21 01:00:00+00:00,0.000000000
2025-08-21 02:00:00+00:00,0.000000000
2025-08-21 03:00:00+00:00,0.000000000
2025-08-21 04:00:00+00:00,0.000000000
2025-08-21 05:00:00+00:00,0.004848510
2025-08-21 06:00:00+00:00,0.094787963
2025-08-21 07:00:00+00:00,0.235308885
2025-08-21 08:00:00+00:00,0.391404026
2025-08-21 09:00:00+00:00,0.535838529
2025-08-21 10:00:00+00:00,0.646015792
2025-08-21 11:00:00+00:00,0.705461818
2025-08-21 12:00:00+00:00,0.705461818
2025-08-21 13:00:00+00:00,0.646015792
2025-08-21 14:00:00+00:00,0.535838529
2025-08-21 15:00:00+00:00,0.391404026
2025-08-21 16:00:00+00:00,0.235308885
2025-08-21 17:00:00+00:00,0.094787963
2025-08-21 18:00:00+00:00,0.004848510
2025-08-21 19:00:00+00:00,0.000000000
2025-08-21 20:00:00+00:00,0.000000000
2025-08-21 21:00:00+00:00,0.000000000
2025-08-21 22:00:00+00:00,0.000000000
2025-08-21 23:00:00+00:00,0.000000000
2025-08-22 00:00:00+00:00,0.000000000
2025-08-22 01:00:00+00:00,0.000000000
2025-08-22 02:00:00+00:00,0.000000000
2025-08-22 03:00:00+00:00,0.000000000
2025-08-22 04:00:00+00:00,0.000000000
2025-08-22 05:00:00+00:00,0.003413343
2025-08-22 06:00:00+00:00,0.079483142
2025-08-22 07:00:00+00:00,0.199928783
2025-08-22 08:00:00+00:00,0.334173490
2025-08-22 09:00:00+00:00,0.458595403
2025-08-22 10:00:00+00:00,0.553595293
2025-08-22 11:00:00+00:00,0.604877688
2025-08-22 12:00:00+00:00,0.604877688
2025-08-22 13:00:00+00:00,0.553595293
2025-08-22 14:00:00+00:00,0.458595403
2025-08-22 15:00:00+00:00,0.334173490
2025-08-22 16:00:00+00:00,0.199928783
2025-08-22 17:00:00+00:00,0.079483142
2025-08-22 18:00:00+00:00,0.003413343
2025-08-22 19:00:00+00:00,0.000000000
2025-08-22 20:00:00+00:00,0.000000000
2025-08-22 21:00:00+00:00,0.000000000
2025-08-22 22:00:00+00:00,0.000000000
2025-08-22 23:00:00+00:00,0.000000000
2025-08-23 00:00:00+00:00,0.000000000
2025-08-23 01:00:00+00:00,0.000000000
2025-08-23 02:00:00+00:00,0.000000000
2025-08-23 03:00:00+00:00,0.000000000
2025-08-23 04:00:00+00:00,0.000000000
2025-08-23 05:00:00+00:00,0.003326128
2025-08-23 06:00:00+00:00,0.095182466
2025-08-23 07:00:00+00:00,0.242699030
2025-08-23 08:00:00+00:00,0.407683043
2025-08-23 09:00:00+00:00,0.560853016
2025-08-23 10:00:00+00:00,0.677913957
2025-08-23 11:00:00+00:00,0.741136946
2025-08-23 12:00:00+00:00,0.741136946
2025-08-23 13:00:00+00:00,0.677913957
2025-08-23 14:00:00+00:00,0.560853016
2025-08-23 15:00:00+00:00,0.407683043
2025-08-23 16:00:00+00:00,0.242699030
2025-08-23 17:00:00+00:00,0.095182466
2025-08-23 18:00:00+00:00,0.003326128
2025-08-23 19:00:00+00:00,0.000000000
2025-08-23 20:00:00+00:00,0.000000000
2025-08-23 21:00:00+00:00,0.000000000
2025-08-23 22:00:00+00:00,0.000000000
2025-08-23 23:00:00+00:00,0.000000000
2025-08-24 00:00:00+00:00,0.000000000
2025-08-24 01:00:00+00:00,0.000000000
2025-08-24 02:00:00+00:00,0.000000000
2025-08-24 03:00:00+00:00,0.000000000
2025-08-24 04:00:00+00:00,0.000000000
2025-08-24 05:00:00+00:00,0.002307367
2025-08-24 06:00:00+00:00,0.084694801
2025-08-24 07:00:00+00:00,0.219019483
2025-08-24 08:00:00+00:00,0.369780888
2025-08-24 09:00:00+00:00,0.509987381
2025-08-24 10:00:00+00:00,0.617244377
2025-08-24 11:00:00+00:00,0.675201917
2025-08-24 12:00:00+00:00,0.675201917
2025-08-24 13:00:00+00:00,0.617244377
2025-08-24 14:00:00+00:00,0.509987381
2025-08-24 15:00:00+00:00,0.369780888
2025-08-24 16:00:00+00:00,0.219019483
2025-08-24 17:00:00+00:00,0.084694801
2025-08-24 18:00:00+00:00,0.002307367
2025-08-24 19:00:00+00:00,0.000000000
2025-08-24 20:00:00+00:00,0.000000000
2025-08-24 21:00:00+00:00,0.000000000
2025-08-24 22:00:00+00:00,0.000000000
2025-08-24 23:00:00+00:00,0.000000000
2025-08-25 00:00:00+00:00,0.000000000
2025-08-25 01:00:00+00:00,0.000000000
2025-08-25 02:00:00+00:00,0.000000000
2025-08-25 03:00:00+00:00,0.000000000
2025-08-25 04:00:00+00:00,0.000000000
2025-08-25 05:00:00+00:00,0.001861416
2025-08-25 06:00:00+00:00,0.093264647
2025-08-25 07:00:00+00:00,0.244720926
2025-08-25 08:00:00+00:00,0.415326918
2025-08-25 09:00:00+00:00,0.574266724
2025-08-25 10:00:00+00:00,0.695973945
2025-08-25 11:00:00+00:00,0.761773875
2025-08-25 12:00:00+00:00,0.761773875
2025-08-25 13:00:00+00:00,0.695973945
2025-08-25 14:00:00+00:00,0.574266724
2025-08-25 15:00:00+00:00,0.415326918
2025-08-25 16:00:00+00:00,0.244720926
2025-08-25 17:00:00+00:00,0.093264647
2025-08-25 18:00:00+00:00,0.001861416
2025-08-25 19:00:00+00:00,0.000000000
2025-08-25 20:00:00+00:00,0.000000000
2025-08-25 21:00:00+00:00,0.000000000
2025-08-25 22:00:00+00:00,0.000000000
2025-08-25 23:00:00+00:00,0.000000000
2025-08-26 00:00:00+00:00,0.000000000
2025-08-26 01:00:00+00:00,0.000000000
2025-08-26 02:00:00+00:00,0.000000000
2025-08-26 03:00:00+00:00,0.000000000
2025-08-26 04:00:00+00:00,0.000000000
2025-08-26 05:00:00+00:00,0.001243765
2025-08-26 06:00:00+00:00,0.093862987
2025-08-26 07:00:00+00:00,0.250034135
2025-08-26 08:00:00+00:00,0.426605761
2025-08-26 09:00:00+00:00,0.591397039
2025-08-26 10:00:00+00:00,0.717710929
2025-08-26 11:00:00+00:00,0.786037319
2025-08-26 12:00:00+00:00,0.786037319
2025-08-26 13:00:00+00:00,0.717710929
2025-08-26 14:00:00+00:00,0.591397039
2025-08-26 15:00:00+00:00,0.426605761
2025-08-26 16:00:00+00:00,0.250034135
2025-08-26 17:00:00+00:00,0.093862987
2025-08-26 18:00:00+00:00,0.001243765
2025-08-26 19:00:00+00:00,0.000000000
2025-08-26 20:00:00+00:00,0.000000000
2025-08-26 21:00:00+00:00,0.000000000
2025-08-26 22:00:00+00:00,0.000000000
2025-08-26 23:00:00+00:00,0.000000000
2025-08-27 00:00:00+00:00,0.000000000
2025-08-27 01:00:00+00:00,0.000000000
2025-08-27 02:00:00+00:00,0.000000000
2025-08-27 03:00:00+00:00,0.000000000
2025-08-27 04:00:00+00:00,0.000000000
2025-08-27 05:00:00+00:00,0.000542024
2025-08-27 06:00:00+00:00,0.073720497
2025-08-27 07:00:00+00:00,0.199469838
2025-08-27 08:00:00+00:00,0.342188444
2025-08-27 09:00:00+00:00,0.475627646
2025-08-27 10:00:00+00:00,0.578013667
2025-08-27 11:00:00+00:00,0.633426431
2025-08-27 12:00:00+00:00,0.633426431
2025-08-27 13:00:00+00:00,0.578013667
2025-08-27 14:00:00+00:00,0.475627646
2025-08-27 15:00:00+00:00,0.342188444
2025-08-27 16:00:00+00:00,0.199469838
2025-08-27 17:00:00+00:00,0.073720497
2025-08-27 18:00:00+00:00,0.000542024
2025-08-27 19:00:00+00:00,0.000000000
2025-08-27 20:00:00+00:00,0.000000000
2025-08-27 21:00:00+00:00,0.000000000
2025-08-27 22:00:00+00:00,0.000000000
2025-08-27 23:00:00+00:00,0.000000000
2025-08-28 00:00:00+00:00,0.000000000
2025-08-28 01:00:00+00:00,0.000000000
2025-08-28 02:00:00+00:00,0.000000000
2025-08-28 03:00:00+00:00,0.000000000
2025-08-28 04:00:00+00:00,0.000000000
2025-08-28 05:00:00+00:00,0.000227391
2025-08-28 06:00:00+00:00,0.086146279
2025-08-28 07:00:00+00:00,0.236893850
2025-08-28 08:00:00+00:00,0.408654178
2025-08-28 09:00:00+00:00,0.569544553
2025-08-28 10:00:00+00:00,0.693120741
2025-08-28 11:00:00+00:00,0.760038170
2025-08-28 12:00:00+00:00,0.760038170
2025-08-28 13:00:00+00:00,0.693120741
2025-08-28 14:00:00+00:00,0.569544553
2025-08-28 15:00:00+00:00,0.408654178
2025-08-28 16:00:00+00:00,0.236893850
2025-08-28 17:00:00+00:00,0.086146279
2025-08-28 18:00:00+00:00,0.000227391
2025-08-28 19:00:00+00:00,0.000000000
2025-08-28 20:00:00+00:00,0.000000000
2025-08-28 21:00:00+00:00,0.000000000
2025-08-28 22:00:00+00:00,0.000000000
2025-08-28 23:00:00+00:00,0.000000000
2025-08-29 00:00:00+00:00,0.000000000
2025-08-29 01:00:00+00:00,0.000000000
2025-08-29 02:00:00+00:00,0.000000000
2025-08-29 03:00:00+00:00,0.000000000
2025-08-29 04:00:00+00:00,0.000000000
2025-08-29 05:00:00+00:00,0.000000472
2025-08-29 06:00:00+00:00,0.079872726
2025-08-29 07:00:00+00:00,0.223357313
2025-08-29 08:00:00+00:00,0.387499285
2025-08-29 09:00:00+00:00,0.541543800
2025-08-29 10:00:00+00:00,0.659985783
2025-08-29 11:00:00+00:00,0.724158285
2025-08-29 12:00:00+00:00,0.724158285
2025-08-29 13:00:00+00:00,0.659985783
2025-08-29 14:00:00+00:00,0.541543800
2025-08-29 15:00:00+00:00,0.387499285
2025-08-29 16:00:00+00:00,0.223357313
2025-08-29 17:00:00+00:00,0.079872726
2025-08-29 18:00:00+00:00,0.000000472
2025-08-29 19:00:00+00:00,0.000000000
2025-08-29 20:00:00+00:00,0.000000000
2025-08-29 21:00:00+00:00,0.000000000
2025-08-29 22:00:00+00:00,0.000000000
2025-08-29 23:00:00+00:00,0.000000000
2025-08-30 00:00:00+00:00,0.000000000
2025-08-30 01:00:00+00:00,0.000000000
2025-08-30 02:00:00+00:00,0.000000000
2025-08-30 03:00:00+00:00,0.000000000
2025-08-30 04:00:00+00:00,0.000000000
2025-08-30 05:00:00+00:00,0.000000000
2025-08-30 06:00:00+00:00,0.079377034
2025-08-30 07:00:00+00:00,0.225865460
2025-08-30 08:00:00+00:00,0.394134857
2025-08-30 09:00:00+00:00,0.552356667
2025-08-30 10:00:00+00:00,0.674139969
2025-08-30 11:00:00+00:00,0.740159652
2025-08-30 12:00:00+00:00,0.740159652
2025-08-30 13:00:00+00:00,0.674139969
2025-08-30 14:00:00+00:00,0.552356667
2025-08-30 15:00:00+00:00,0.394134857
2025-08-30 16:00:00+00:00,0.225865460
2025-08-30 17:00:00+00:00,0.079377034
2025-08-30 18:00:00+00:00,0.000000000
2025-08-30 19:00:00+00:00,0.000000000
2025-08-30 20:00:00+00:00,0.000000000
2025-08-30 21:00:00+00:00,0.000000000
2025-08-30 22:00:00+00:00,0.000000000
2025-08-30 23:00:00+00:00,0.000000000
2025-08-31 00:00:00+00:00,0.000000000
2025-08-31 01:00:00+00:00,0.000000000
2025-08-31 02:00:00+00:00,0.000000000
2025-08-31 03:00:00+00:00,0.000000000
2025-08-31 04:00:00+00:00,0.000000000
2025-08-31 05:00:00+00:00,0.000000000
2025-08-31 06:00:00+00:00,0.071139276
2025-08-31 07:00:00+00:00,0.206110574
2025-08-31 08:00:00+00:00,0.361806665
2025-08-31 09:00:00+00:00,0.508492772
2025-08-31 10:00:00+00:00,0.621519108
2025-08-31 11:00:00+00:00,0.682826280
2025-08-31 12:00:00+00:00,0.682826280
2025-08-31 13:00:00+00:00,0.621519108
2025-08-31 14:00:00+00:00,0.508492772
2025-08-31 15:00:00+00:00,0.361806665
2025-08-31 16:00:00+00:00,0.206110574
2025-08-31 17:00:00+00:00,0.071139276
2025-08-31 18:00:00+00:00,0.000000000
2025-08-31 19:00:00+00:00,0.000000000
2025-08-31 20:00:00+00:00,0.000000000
2025-08-31 21:00:00+00:00,0.000000000
2025-08-31 22:00:00+00:00,0.000000000
2025-08-31 23:00:00+00:00,0.000000000
2025-09-01 00:00:00+00:00,0.000000000
2025-09-01 01:00:00+00:00,0.000000000
2025-09-01 02:00:00+00:00,0.000000000
2025-09-01 03:00:00+00:00,0.000000000
2025-09-01 04:00:00+00:00,0.000000000
2025-09-01 05:00:00+00:00,0.000000000
2025-09-01 06:00:00+00:00,0.071491229
2025-09-01 07:00:00+00:00,0.211045855
2025-09-01 08:00:00+00:00,0.372728554
2025-09-01 09:00:00+00:00,0.525358780
2025-09-01 10:00:00+00:00,0.643094392
2025-09-01 11:00:00+00:00,0.706992647
2025-09-01 12:00:00+00:00,0.706992647
2025-09-01 13:00:00+00:00,0.643094392
2025-09-01 14:00:00+00:00,0.525358780
2025-09-01 15:00:00+00:00,0.372728554
2025-09-01 16:00:00+00:00,0.211045855
2025-09-01 17:00:00+00:00,0.071491229
2025-09-01 18:00:00+00:00,0.000000000
2025-09-01 19:00:00+00:00,0.000000000
2025-09-01 20:00:00+00:00,0.000000000
2025-09-01 21:00:00+00:00,0.000000000
2025-09-01 22:00:00+00:00,0.000000000
2025-09-01 23:00:00+00:00,0.000000000
2025-09-02 00:00:00+00:00,0.000000000
2025-09-02 01:00:00+00:00,0.000000000
2025-09-02 02:00:00+00:00,0.000000000
2025-09-02 03:00:00+00:00,0.000000000
2025-09-02 04:00:00+00:00,0.000000000
2025-09-02 05:00:00+00:00,0.000000000
2025-09-02 06:00:00+00:00,0.060865340
2025-09-02 07:00:00+00:00,0.183206390
2025-09-02 08:00:00+00:00,0.325578438
2025-09-02 09:00:00+00:00,0.460252308
2025-09-02 10:00:00+00:00,0.564252629
2025-09-02 11:00:00+00:00,0.620729282
2025-09-02 12:00:00+00:00,0.620729282
2025-09-02 13:00:00+00:00,0.564252629
2025-09-02 14:00:00+00:00,0.460252308
2025-09-02 15:00:00+00:00,0.325578438
2025-09-02 16:00:00+00:00,0.183206390
2025-09-02 17:00:00+00:00,0.060865340
2025-09-02 18:00:00+00:00,0.000000000
2025-09-02 19:00:00+00:00,0.000000000
2025-09-02 20:00:00+00:00,0.000000000
2025-09-02 21:00:00+00:00,0.000000000
2025-09-02 22:00:00+00:00,0.000000000
2025-09-02 23:00:00+00:00,0.000000000
2025-09-03 00:00:00+00:00,0.000000000
2025-09-03 01:00:00+00:00,0.000000000
2025-09-03 02:00:00+00:00,0.000000000
2025-09-03 03:00:00+00:00,0.000000000
2025-09-03 04:00:00+00:00,0.000000000
2025-09-03 05:00:00+00:00,0.000000000
2025-09-03 06:00:00+00:00,0.065514814
2025-09-03 07:00:00+00:00,0.201227363
2025-09-03 08:00:00+00:00,0.359883782
2025-09-03 09:00:00+00:00,0.510272064
2025-09-03 10:00:00+00:00,0.626539167
2025-09-03 11:00:00+00:00,0.689714544
2025-09-03 12:00:00+00:00,0.689714544
2025-09-03 13:00:00+00:00,0.626539167
2025-09-03 14:00:00+00:00,0.510272064
2025-09-03 15:00:00+00:00,0.359883782
2025-09-03 16:00:00+00:00,0.201227363
2025-09-03 17:00:00+00:00,0.065514814
2025-09-03 18:00:00+00:00,0.000000000
2025-09-03 19:00:00+00:00,0.000000000
2025-09-03 20:00:00+00:00,0.000000000
2025-09-03 21:00:00+00:00,0.000000000
2025-09-03 22:00:00+00:00,0.000000000
2025-09-03 23:00:00+00:00,0.000000000
2025-09-04 00:00:00+00:00,0.000000000
2025-09-04 01:00:00+00:00,0.000000000
2025-09-04 02:00:00+00:00,0.000000000
2025-09-04 03:00:00+00:00,0.000000000
2025-09-04 04:00:00+00:00,0.000000000
2025-09-04 05:00:00+00:00,0.000000000
2025-09-04 06:00:00+00:00,0.065635617
2025-09-04 07:00:00+00:00,0.205879494
2025-09-04 08:00:00+00:00,0.370604822
2025-09-04 09:00:00+00:00,0.527074732
2025-09-04 10:00:00+00:00,0.648182702
2025-09-04 11:00:00+00:00,0.714027893
2025-09-04 12:00:00+00:00,0.714027893
2025-09-04 13:00:00+00:00,0.648182702
2025-09-04 14:00:00+00:00,0.527074732
2025-09-04 15:00:00+00:00,0.370604822
2025-09-04 16:00:00+00:00,0.205879494
2025-09-04 17:00:00+00:00,0.065635617
2025-09-04 18:00:00+00:00,0.000000000
2025-09-04 19:00:00+00:00,0.000000000
2025-09-04 20:00:00+00:00,0.000000000
2025-09-04 21:00:00+00:00,0.000000000
2025-09-04 22:00:00+00:00,0.000000000
2025-09-04 23:00:00+00:00,0.000000000
2025-09-05 00:00:00+00:00,0.000000000
2025-09-05 01:00:00+00:00,0.000000000
2025-09-05 02:00:00+00:00,0.000000000
2025-09-05 03:00:00+00:00,0.000000000
2025-09-05 04:00:00+00:00,0.000000000
2025-09-05 05:00:00+00:00,0.000000000
2025-09-05 06:00:00+00:00,0.056757674
2025-09-05 07:00:00+00:00,0.181967264
2025-09-05 08:00:00+00:00,0.329744838
2025-09-05 09:00:00+00:00,0.470417500
2025-09-05 10:00:00+00:00,0.579425463
2025-09-05 11:00:00+00:00,0.638728037
2025-09-05 12:00:00+00:00,0.638728037
2025-09-05 13:00:00+00:00,0.579425463
2025-09-05 14:00:00+00:00,0.470417500
2025-09-05 15:00:00+00:00,0.329744838
2025-09-05 16:00:00+00:00,0.181967264
2025-09-05 17:00:00+00:00,0.056757674
2025-09-05 18:00:00+00:00,0.000000000
2025-09-05 19:00:00+00:00,0.000000000
2025-09-05 20:00:00+00:00,0.000000000
2025-09-05 21:00:00+00:00,0.000000000
2025-09-05 22:00:00+00:00,0.000000000
2025-09-05 23:00:00+00:00,0.000000000
2025-09-06 00:00:00+00:00,0.000000000
2025-09-06 01:00:00+00:00,0.000000000
2025-09-06 02:00:00+00:00,0.000000000
2025-09-06 03:00:00+00:00,0.000000000
2025-09-06 04:00:00+00:00,0.000000000
2025-09-06 05:00:00+00:00,0.000000000
2025-09-06 06:00:00+00:00,0.066676281
2025-09-06 07:00:00+00:00,0.218688640
2025-09-06 08:00:00+00:00,0.398991230
2025-09-06 09:00:00+00:00,0.571000060
2025-09-06 10:00:00+00:00,0.704448508
2025-09-06 11:00:00+00:00,0.777091962
2025-09-06 12:00:00+00:00,0.777091962
2025-09-06 13:00:00+00:00,0.704448508
2025-09-06 14:00:00+00:00,0.571000060
2025-09-06 15:00:00+00:00,0.398991230
2025-09-06 16:00:00+00:00,0.218688640
2025-09-06 17:00:00+00:00,0.066676281
2025-09-06 18:00:00+00:00,0.000000000
2025-09-06 19:00:00+00:00,0.000000000
2025-09-06 20:00:00+00:00,0.000000000
2025-09-06 21:00:00+00:00,0.000000000
2025-09-06 22:00:00+00:00,0.000000000
2025-09-06 23:00:00+00:00,0.000000000
2025-09-07 00:00:00+00:00,0.000000000
2025-09-07 01:00:00+00:00,0.000000000
2025-09-07 02:00:00+00:00,0.000000000
2025-09-07 03:00:00+00:00,0.000000000
2025-09-07 04:00:00+00:00,0.000000000
2025-09-07 05:00:00+00:00,0.000000000
2025-09-07 06:00:00+00:00,0.042447429
2025-09-07 07:00:00+00:00,0.142563117
2025-09-07 08:00:00+00:00,0.261917167
2025-09-07 09:00:00+00:00,0.376034254
2025-09-07 10:00:00+00:00,0.464675417
2025-09-07 11:00:00+00:00,0.512957912
2025-09-07 12:00:00+00:00,0.512957912
2025-09-07 13:00:00+00:00,0.464675417
2025-09-07 14:00:00+00:00,0.376034254
2025-09-07 15:00:00+00:00,0.261917167
2025-09-07 16:00:00+00:00,0.142563117
2025-09-07 17:00:00+00:00,0.042447429
2025-09-07 18:00:00+00:00,0.000000000
2025-09-07 19:00:00+00:00,0.000000000
2025-09-07 20:00:00+00:00,0.000000000
2025-09-07 21:00:00+00:00,0.000000000
2025-09-07 22:00:00+00:00,0.000000000
2025-09-07 23:00:00+00:00,0.000000000
2025-09-08 00:00:00+00:00,0.000000000
2025-09-08 01:00:00+00:00,0.000000000
2025-09-08 02:00:00+00:00,0.000000000
2025-09-08 03:00:00+00:00,0.000000000
2025-09-08 04:00:00+00:00,0.000000000
2025-09-08 05:00:00+00:00,0.000000000
2025-09-08 06:00:00+00:00,0.056234373
2025-09-08 07:00:00+00:00,0.193597272
2025-09-08 08:00:00+00:00,0.358215733
2025-09-08 09:00:00+00:00,0.515967492
2025-09-08 10:00:00+00:00,0.638651716
2025-09-08 11:00:00+00:00,0.705519661
2025-09-08 12:00:00+00:00,0.705519661
2025-09-08 13:00:00+00:00,0.638651716
2025-09-08 14:00:00+00:00,0.515967492
2025-09-08 15:00:00+00:00,0.358215733
2025-09-08 16:00:00+00:00,0.193597272
2025-09-08 17:00:00+00:00,0.056234373
2025-09-08 18:00:00+00:00,0.000000000
2025-09-08 19:00:00+00:00,0.000000000
2025-09-08 20:00:00+00:00,0.000000000
2025-09-08 21:00:00+00:00,0.000000000
2025-09-08 22:00:00+00:00,0.000000000
2025-09-08 23:00:00+00:00,0.000000000
2025-09-09 00:00:00+00:00,0.000000000
2025-09-09 01:00:00+00:00,0.000000000
2025-09-09 02:00:00+00:00,0.000000000
2025-09-09 03:00:00+00:00,0.000000000
2025-09-09 04:00:00+00:00,0.000000000
2025-09-09 05:00:00+00:00,0.000000000
2025-09-09 06:00:00+00:00,0.049853476
2025-09-09 07:00:00+00:00,0.176117811
2025-09-09 08:00:00+00:00,0.328252551
2025-09-09 09:00:00+00:00,0.474377351
2025-09-09 10:00:00+00:00,0.588159991
2025-09-09 11:00:00+00:00,0.650216018
2025-09-09 12:00:00+00:00,0.650216018
2025-09-09 13:00:00+00:00,0.588159991
2025-09-09 14:00:00+00:00,0.474377351
2025-09-09 15:00:00+00:00,0.328252551
2025-09-09 16:00:00+00:00,0.176117811
2025-09-09 17:00:00+00:00,0.049853476
2025-09-09 18:00:00+00:00,0.000000000
2025-09-09 19:00:00+00:00,0.000000000
2025-09-09 20:00:00+00:00,0.000000000
2025-09-09 21:00:00+00:00,0.000000000
2025-09-09 22:00:00+00:00,0.000000000
2025-09-09 23:00:00+00:00,0.000000000
2025-09-10 00:00:00+00:00,0.000000000
2025-09-10 01:00:00+00:00,0.000000000
2025-09-10 02:00:00+00:00,0.000000000
2025-09-10 03:00:00+00:00,0.000000000
2025-09-10 04:00:00+00:00,0.000000000
2025-09-10 05:00:00+00:00,0.000000000
2025-09-10 06:00:00+00:00,0.046764857
2025-09-10 07:00:00+00:00,0.169721830
2025-09-10 08:00:00+00:00,0.318694497
2025-09-10 09:00:00+00:00,0.462117884
2025-09-10 10:00:00+00:00,0.573937377
2025-09-10 11:00:00+00:00,0.634962394
2025-09-10 12:00:00+00:00,0.634962394
2025-09-10 13:00:00+00:00,0.573937377
2025-09-10 14:00:00+00:00,0.462117884
2025-09-10 15:00:00+00:00,0.318694497
2025-09-10 16:00:00+00:00,0.169721830
2025-09-10 17:00:00+00:00,0.046764857
2025-09-10 18:00:00+00:00,0.000000000
2025-09-10 19:00:00+00:00,0.000000000
2025-09-10 20:00:00+00:00,0.000000000
2025-09-10 21:00:00+00:00,0.000000000
2025-09-10 22:00:00+00:00,0.000000000
2025-09-10 23:00:00+00:00,0.000000000
2025-09-11 00:00:00+00:00,0.000000000
2025-09-11 01:00:00+00:00,0.000000000
2025-09-11 02:00:00+00:00,0.000000000
2025-09-11 03:00:00+00:00,0.000000000
2025-09-11 04:00:00+00:00,0.000000000
2025-09-11 05:00:00+00:00,0.000000000
2025-09-11 06:00:00+00:00,0.053909593
2025-09-11 07:00:00+00:00,0.201246386
2025-09-11 08:00:00+00:00,0.380777717
2025-09-11 09:00:00+00:00,0.554034311
2025-09-11 10:00:00+00:00,0.689285392
2025-09-11 11:00:00+00:00,0.763146751
2025-09-11 12:00:00+00:00,0.763146751
2025-09-11 13:00:00+00:00,0.689285392
2025-09-11 14:00:00+00:00,0.554034311
2025-09-11 15:00:00+00:00,0.380777717
2025-09-11 16:00:00+00:00,0.201246386
2025-09-11 17:00:00+00:00,0.053909593
2025-09-11 18:00:00+00:00,0.000000000
2025-09-11 19:00:00+00:00,0.000000000
2025-09-11 20:00:00+00:00,0.000000000
2025-09-11 21:00:00+00:00,0.000000000
2025-09-11 22:00:00+00:00,0.000000000
2025-09-11 23:00:00+00:00,0.000000000
2025-09-12 00:00:00+00:00,0.000000000
2025-09-12 01:00:00+00:00,0.000000000
2025-09-12 02:00:00+00:00,0.000000000
2025-09-12 03:00:00+00:00,0.000000000
2025-09-12 04:00:00+00:00,0.000000000
2025-09-12 05:00:00+00:00,0.000000000
2025-09-12 06:00:00+00:00,0.045783798
2025-09-12 07:00:00+00:00,0.176030844
2025-09-12 08:00:00+00:00,0.335672169
2025-09-12 09:00:00+00:00,0.490108539
2025-09-12 10:00:00+00:00,0.610823751
2025-09-12 11:00:00+00:00,0.676791016
2025-09-12 12:00:00+00:00,0.676791016
2025-09-12 13:00:00+00:00,0.610823751
2025-09-12 14:00:00+00:00,0.490108539
2025-09-12 15:00:00+00:00,0.335672169
2025-09-12 16:00:00+00:00,0.176030844
2025-09-12 17:00:00+00:00,0.045783798
2025-09-12 18:00:00+00:00,0.000000000
2025-09-12 19:00:00+00:00,0.000000000
2025-09-12 20:00:00+00:00,0.000000000
2025-09-12 21:00:00+00:00,0.000000000
2025-09-12 22:00:00+00:00,0.000000000
2025-09-12 23:00:00+00:00,0.000000000
2025-09-13 00:00:00+00:00,0.000000000
2025-09-13 01:00:00+00:00,0.000000000
2025-09-13 02:00:00+00:00,0.000000000
2025-09-13 03:00:00+00:00,0.000000000
2025-09-13 04:00:00+00:00,0.000000000
2025-09-13 05:00:00+00:00,0.000000000
2025-09-13 06:00:00+00:00,0.045882005
2025-09-13 07:00:00+00:00,0.181947597
2025-09-13 08:00:00+00:00,0.349731422
2025-09-13 09:00:00+00:00,0.512446576
2025-09-13 10:00:00+00:00,0.639799805
2025-09-13 11:00:00+00:00,0.709441627
2025-09-13 12:00:00+00:00,0.709441627
2025-09-13 13:00:00+00:00,0.639799805
2025-09-13 14:00:00+00:00,0.512446576
2025-09-13 15:00:00+00:00,0.349731422
2025-09-13 16:00:00+00:00,0.181947597
2025-09-13 17:00:00+00:00,0.045882005
2025-09-13 18:00:00+00:00,0.000000000
2025-09-13 19:00:00+00:00,0.000000000
2025-09-13 20:00:00+00:00,0.000000000
2025-09-13 21:00:00+00:00,0.000000000
2025-09-13 22:00:00+00:00,0.000000000
2025-09-13 23:00:00+00:00,0.000000000
2025-09-14 00:00:00+00:00,0.000000000
2025-09-14 01:00:00+00:00,0.000000000
2025-09-14 02:00:00+00:00,0.000000000
2025-09-14 03:00:00+00:00,0.000000000
2025-09-14 04:00:00+00:00,0.000000000
2025-09-14 05:00:00+00:00,0.000000000
2025-09-14 06:00:00+00:00,0.038780461
2025-09-14 07:00:00+00:00,0.158855189
2025-09-14 08:00:00+00:00,0.307845142
2025-09-14 09:00:00+00:00,0.452698238
2025-09-14 10:00:00+00:00,0.566222173
2025-09-14 11:00:00+00:00,0.628344125
2025-09-14 12:00:00+00:00,0.628344125
2025-09-14 13:00:00+00:00,0.566222173
2025-09-14 14:00:00+00:00,0.452698238
2025-09-14 15:00:00+00:00,0.307845142
2025-09-14 16:00:00+00:00,0.158855189
2025-09-14 17:00:00+00:00,0.038780461
2025-09-14 18:00:00+00:00,0.000000000
2025-09-14 19:00:00+00:00,0.000000000
2025-09-14 20:00:00+00:00,0.000000000
2025-09-14 21:00:00+00:00,0.000000000
2025-09-14 22:00:00+00:00,0.000000000
2025-09-14 23:00:00+00:00,0.000000000
2025-09-15 00:00:00+00:00,0.000000000
2025-09-15 01:00:00+00:00,0.000000000
2025-09-15 02:00:00+00:00,0.000000000
2025-09-15 03:00:00+00:00,0.000000000
2025-09-15 04:00:00+00:00,0.000000000
2025-09-15 05:00:00+00:00,0.000000000
2025-09-15 06:00:00+00:00,0.043291978
2025-09-15 07:00:00+00:00,0.183479817
2025-09-15 08:00:00+00:00,0.358545950
2025-09-15 09:00:00+00:00,0.529187742
2025-09-15 10:00:00+00:00,0.663103280
2025-09-15 11:00:00+00:00,0.736434671
2025-09-15 12:00:00+00:00,0.736434671
2025-09-15 13:00:00+00:00,0.663103280
2025-09-15 14:00:00+00:00,0.529187742
2025-09-15 15:00:00+00:00,0.358545950
2025-09-15 16:00:00+00:00,0.183479817
2025-09-15 17:00:00+00:00,0.043291978
2025-09-15 18:00:00+00:00,0.000000000
2025-09-15 19:00:00+00:00,0.000000000
2025-09-15 20:00:00+00:00,0.000000000
2025-09-15 21:00:00+00:00,0.000000000
2025-09-15 22:00:00+00:00,0.000000000
2025-09-15 23:00:00+00:00,0.000000000
2025-09-16 00:00:00+00:00,0.000000000
2025-09-16 01:00:00+00:00,0.000000000
2025-09-16 02:00:00+00:00,0.000000000
2025-09-16 03:00:00+00:00,0.000000000
2025-09-16 04:00:00+00:00,0.000000000
2025-09-16 05:00:00+00:00,0.000000000
2025-09-16 06:00:00+00:00,0.039653997
2025-09-16 07:00:00+00:00,0.174190431
2025-09-16 08:00:00+00:00,0.343314258
2025-09-16 09:00:00+00:00,0.508594307
2025-09-16 10:00:00+00:00,0.638479670
2025-09-16 11:00:00+00:00,0.709654145
2025-09-16 12:00:00+00:00,0.709654145
2025-09-16 13:00:00+00:00,0.638479670
2025-09-16 14:00:00+00:00,0.508594307
2025-09-16 15:00:00+00:00,0.343314258
2025-09-16 16:00:00+00:00,0.174190431
2025-09-16 17:00:00+00:00,0.039653997
2025-09-16 18:00:00+00:00,0.000000000
2025-09-16 19:00:00+00:00,0.000000000
2025-09-16 20:00:00+00:00,0.000000000
2025-09-16 21:00:00+00:00,0.000000000
2025-09-16 22:00:00+00:00,0.000000000
2025-09-16 23:00:00+00:00,0.000000000
2025-09-17 00:00:00+00:00,0.000000000
2025-09-17 01:00:00+00:00,0.000000000
2025-09-17 02:00:00+00:00,0.000000000
2025-09-17 03:00:00+00:00,0.000000000
2025-09-17 04:00:00+00:00,0.000000000
2025-09-17 05:00:00+00:00,0.000000000
2025-09-17 06:00:00+00:00,0.033493959
2025-09-17 07:00:00+00:00,0.152787194
2025-09-17 08:00:00+00:00,0.303775928
2025-09-17 09:00:00+00:00,0.451725196
2025-09-17 10:00:00+00:00,0.568152585
2025-09-17 11:00:00+00:00,0.631997774
2025-09-17 12:00:00+00:00,0.631997774
2025-09-17 13:00:00+00:00,0.568152585
2025-09-17 14:00:00+00:00,0.451725196
2025-09-17 15:00:00+00:00,0.303775928
2025-09-17 16:00:00+00:00,0.152787194
2025-09-17 17:00:00+00:00,0.033493959
2025-09-17 18:00:00+00:00,0.000000000
2025-09-17 19:00:00+00:00,0.000000000
2025-09-17 20:00:00+00:00,0.000000000
2025-09-17 21:00:00+00:00,0.000000000
2025-09-17 22:00:00+00:00,0.000000000
2025-09-17 23:00:00+00:00,0.000000000
2025-09-18 00:00:00+00:00,0.000000000
2025-09-18 01:00:00+00:00,0.000000000
2025-09-18 02:00:00+00:00,0.000000000
2025-09-18 03:00:00+00:00,0.000000000
2025-09-18 04:00:00+00:00,0.000000000
2025-09-18 05:00:00+00:00,0.000000000
2025-09-18 06:00:00+00:00,0.038843126
2025-09-18 07:00:00+00:00,0.184380400
2025-09-18 08:00:00+00:00,0.369888115
2025-09-18 09:00:00+00:00,0.552153213
2025-09-18 10:00:00+00:00,0.695787074
2025-09-18 11:00:00+00:00,0.774608205
2025-09-18 12:00:00+00:00,0.774608205
2025-09-18 13:00:00+00:00,0.695787074
2025-09-18 14:00:00+00:00,0.552153213
2025-09-18 15:00:00+00:00,0.369888115
2025-09-18 16:00:00+00:00,0.184380400
2025-09-18 17:00:00+00:00,0.038843126
2025-09-18 18:00:00+00:00,0.000000000
2025-09-18 19:00:00+00:00,0.000000000
2025-09-18 20:00:00+00:00,0.000000000
2025-09-18 21:00:00+00:00,0.000000000
2025-09-18 22:00:00+00:00,0.000000000
2025-09-18 23:00:00+00:00,0.000000000
2025-09-19 00:00:00+00:00,0.000000000
2025-09-19 01:00:00+00:00,0.000000000
2025-09-19 02:00:00+00:00,0.000000000
2025-09-19 03:00:00+00:00,0.000000000
2025-09-19 04:00:00+00:00,0.000000000
2025-09-19 05:00:00+00:00,0.000000000
2025-09-19 06:00:00+00:00,0.031478637
2025-09-19 07:00:00+00:00,0.155837746
2025-09-19 08:00:00+00:00,0.315508095
2025-09-19 09:00:00+00:00,0.472819445
2025-09-19 10:00:00+00:00,0.596965481
2025-09-19 11:00:00+00:00,0.665142082
2025-09-19 12:00:00+00:00,0.665142082
2025-09-19 13:00:00+00:00,0.596965481
2025-09-19 14:00:00+00:00,0.472819445
2025-09-19 15:00:00+00:00,0.315508095
2025-09-19 16:00:00+00:00,0.155837746
2025-09-19 17:00:00+00:00,0.031478637
2025-09-19 18:00:00+00:00,0.000000000
2025-09-19 19:00:00+00:00,0.000000000
2025-09-19 20:00:00+00:00,0.000000000
2025-09-19 21:00:00+00:00,0.000000000
2025-09-19 22:00:00+00:00,0.000000000
2025-09-19 23:00:00+00:00,0.000000000
2025-09-20 00:00:00+00:00,0.000000000
2025-09-20 01:00:00+00:00,0.000000000
2025-09-20 02:00:00+00:00,0.000000000
2025-09-20 03:00:00+00:00,0.000000000
2025-09-20 04:00:00+00:00,0.000000000
2025-09-20 05:00:00+00:00,0.000000000
2025-09-20 06:00:00+00:00,0.026048042
2025-09-20 07:00:00+00:00,0.134819748
2025-09-20 08:00:00+00:00,0.275530269
2025-09-20 09:00:00+00:00,0.414550491
2025-09-20 10:00:00+00:00,0.524420408
2025-09-20 11:00:00+00:00,0.584801622
2025-09-20 12:00:00+00:00,0.584801622
2025-09-20 13:00:00+00:00,0.524420408
2025-09-20 14:00:00+00:00,0.414550491
2025-09-20 15:00:00+00:00,0.275530269
2025-09-20 16:00:00+00:00,0.134819748
2025-09-20 17:00:00+00:00,0.026048042
2025-09-20 18:00:00+00:00,0.000000000
2025-09-20 19:00:00+00:00,0.000000000
2025-09-20 20:00:00+00:00,0.000000000
2025-09-20 21:00:00+00:00,0.000000000
2025-09-20 22:00:00+00:00,0.000000000
2025-09-20 23:00:00+00:00,0.000000000
2025-09-21 00:00:00+00:00,0.000000000
2025-09-21 01:00:00+00:00,0.000000000
2025-09-21 02:00:00+00:00,0.000000000
2025-09-21 03:00:00+00:00,0.000000000
2025-09-21 04:00:00+00:00,0.000000000
2025-09-21 05:00:00+00:00,0.000000000
2025-09-21 06:00:00+00:00,0.025833780
2025-09-21 07:00:00+00:00,0.140170071
2025-09-21 08:00:00+00:00,0.289232869
2025-09-21 09:00:00+00:00,0.436925232
2025-09-21 10:00:00+00:00,0.553820113
2025-09-21 11:00:00+00:00,0.618110047
2025-09-21 12:00:00+00:00,0.618110047
2025-09-21 13:00:00+00:00,0.553820113
2025-09-21 14:00:00+00:00,0.436925232
2025-09-21 15:00:00+00:00,0.289232869
2025-09-21 16:00:00+00:00,0.140170071
2025-09-21 17:00:00+00:00,0.025833780
2025-09-21 18:00:00+00:00,0.000000000
2025-09-21 19:00:00+00:00,0.000000000
2025-09-21 20:00:00+00:00,0.000000000
2025-09-21 21:00:00+00:00,0.000000000
2025-09-21 22:00:00+00:00,0.000000000
2025-09-21 23:00:00+00:00,0.000000000
2025-09-22 00:00:00+00:00,0.000000000
2025-09-22 01:00:00+00:00,0.000000000
2025-09-22 02:00:00+00:00,0.000000000
2025-09-22 03:00:00+00:00,0.000000000
2025-09-22 04:00:00+00:00,0.000000000
2025-09-22 05:00:00+00:00,0.000000000
2025-09-22 06:00:00+00:00,0.022583057
2025-09-22 07:00:00+00:00,0.128831591
2025-09-22 08:00:00+00:00,0.268468177
2025-09-22 09:00:00+00:00,0.407222812
2025-09-22 10:00:00+00:00,0.517207004
2025-09-22 11:00:00+00:00,0.577741942
2025-09-22 12:00:00+00:00,0.577741942
2025-09-22 13:00:00+00:00,0.517207004
2025-09-22 14:00:00+00:00,0.407222812
2025-09-22 15:00:00+00:00,0.268468177
2025-09-22 16:00:00+00:00,0.128831591
2025-09-22 17:00:00+00:00,0.022583057
2025-09-22 18:00:00+00:00,0.000000000
2025-09-22 19:00:00+00:00,0.000000000
2025-09-22 20:00:00+00:00,0.000000000
2025-09-22 21:00:00+00:00,0.000000000
2025-09-22 22:00:00+00:00,0.000000000
2025-09-22 23:00:00+00:00,0.000000000
2025-09-23 00:00:00+00:00,0.000000000
2025-09-23 01:00:00+00:00,0.000000000
2025-09-23 02:00:00+00:00,0.000000000
2025-09-23 03:00:00+00:00,0.000000000
2025-09-23 04:00:00+00:00,0.000000000
2025-09-23 05:00:00+00:00,0.000000000
2025-09-23 06:00:00+00:00,0.024631968
2025-09-23 07:00:00+00:00,0.148227235
2025-09-23 08:00:00+00:00,0.312019093
2025-09-23 09:00:00+00:00,0.475257607
2025-09-23 10:00:00+00:00,0.604844017
2025-09-23 11:00:00+00:00,0.676222538
2025-09-23 12:00:00+00:00,0.676222538
2025-09-23 13:00:00+00:00,0.604844017
2025-09-23 14:00:00+00:00,0.475257607
2025-09-23 15:00:00+00:00,0.312019093
2025-09-23 16:00:00+00:00,0.148227235
2025-09-23 17:00:00+00:00,0.024631968
2025-09-23 18:00:00+00:00,0.000000000
2025-09-23 19:00:00+00:00,0.000000000
2025-09-23 20:00:00+00:00,0.000000000
2025-09-23 21:00:00+00:00,0.000000000
2025-09-23 22:00:00+00:00,0.000000000
2025-09-23 23:00:00+00:00,0.000000000
2025-09-24 00:00:00+00:00,0.000000000
2025-09-24 01:00:00+00:00,0.000000000
2025-09-24 02:00:00+00:00,0.000000000
2025-09-24 03:00:00+00:00,0.000000000
2025-09-24 04:00:00+00:00,0.000000000
2025-09-24 05:00:00+00:00,0.000000000
2025-09-24 06:00:00+00:00,0.017734483
2025-09-24 07:00:00+00:00,0.112981692
2025-09-24 08:00:00+00:00,0.240298902
2025-09-24 09:00:00+00:00,0.367567842
2025-09-24 10:00:00+00:00,0.468754234
2025-09-24 11:00:00+00:00,0.524532675
2025-09-24 12:00:00+00:00,0.524532675
2025-09-24 13:00:00+00:00,0.468754234
2025-09-24 14:00:00+00:00,0.367567842
2025-09-24 15:00:00+00:00,0.240298902
2025-09-24 16:00:00+00:00,0.112981692
2025-09-24 17:00:00+00:00,0.017734483
2025-09-24 18:00:00+00:00,0.000000000
2025-09-24 19:00:00+00:00,0.000000000
2025-09-24 20:00:00+00:00,0.000000000
2025-09-24 21:00:00+00:00,0.000000000
2025-09-24 22:00:00+00:00,0.000000000
2025-09-24 23:00:00+00:00,0.000000000
2025-09-25 00:00:00+00:00,0.000000000
2025-09-25 01:00:00+00:00,0.000000000
2025-09-25 02:00:00+00:00,0.000000000
2025-09-25 03:00:00+00:00,0.000000000
2025-09-25 04:00:00+00:00,0.000000000
2025-09-25 05:00:00+00:00,0.000000000
2025-09-25 06:00:00+00:00,0.022705146
2025-09-25 07:00:00+00:00,0.153753801
2025-09-25 08:00:00+00:00,0.330499858
2025-09-25 09:00:00+00:00,0.507720137
2025-09-25 10:00:00+00:00,0.648838914
2025-09-25 11:00:00+00:00,0.726690806
2025-09-25 12:00:00+00:00,0.726690806
2025-09-25 13:00:00+00:00,0.648838914
2025-09-25 14:00:00+00:00,0.507720137
2025-09-25 15:00:00+00:00,0.330499858
2025-09-25 16:00:00+00:00,0.153753801
2025-09-25 17:00:00+00:00,0.022705146
2025-09-25 18:00:00+00:00,0.000000000
2025-09-25 19:00:00+00:00,0.000000000
2025-09-25 20:00:00+00:00,0.000000000
2025-09-25 21:00:00+00:00,0.000000000
2025-09-25 22:00:00+00:00,0.000000000
2025-09-25 23:00:00+00:00,0.000000000
2025-09-26 00:00:00+00:00,0.000000000
2025-09-26 01:00:00+00:00,0.000000000
2025-09-26 02:00:00+00:00,0.000000000
2025-09-26 03:00:00+00:00,0.000000000
2025-09-26 04:00:00+00:00,0.000000000
2025-09-26 05:00:00+00:00,0.000000000
2025-09-26 06:00:00+00:00,0.016835268
2025-09-26 07:00:00+00:00,0.121729610
2025-09-26 08:00:00+00:00,0.264519672
2025-09-26 09:00:00+00:00,0.408139307
2025-09-26 10:00:00+00:00,0.522681588
2025-09-26 11:00:00+00:00,0.585921932
2025-09-26 12:00:00+00:00,0.585921932
2025-09-26 13:00:00+00:00,0.522681588
2025-09-26 14:00:00+00:00,0.408139307
2025-09-26 15:00:00+00:00,0.264519672
2025-09-26 16:00:00+00:00,0.121729610
2025-09-26 17:00:00+00:00,0.016835268
2025-09-26 18:00:00+00:00,0.000000000
2025-09-26 19:00:00+00:00,0.000000000
2025-09-26 20:00:00+00:00,0.000000000
2025-09-26 21:00:00+00:00,0.000000000
2025-09-26 22:00:00+00:00,0.000000000
2025-09-26 23:00:00+00:00,0.000000000
2025-09-27 00:00:00+00:00,0.000000000
2025-09-27 01:00:00+00:00,0.000000000
2025-09-27 02:00:00+00:00,0.000000000
2025-09-27 03:00:00+00:00,0.000000000
2025-09-27 04:00:00+00:00,0.000000000
2025-09-27 05:00:00+00:00,0.000000000
2025-09-27 06:00:00+00:00,0.020380090
2025-09-27 07:00:00+00:00,0.158150221
2025-09-27 08:00:00+00:00,0.347509042
2025-09-27 09:00:00+00:00,0.538572549
2025-09-27 10:00:00+00:00,0.691195319
2025-09-27 11:00:00+00:00,0.775527960
2025-09-27 12:00:00+00:00,0.775527960
2025-09-27 13:00:00+00:00,0.691195319
2025-09-27 14:00:00+00:00,0.538572549
2025-09-27 15:00:00+00:00,0.347509042
2025-09-27 16:00:00+00:00,0.158150221
2025-09-27 17:00:00+00:00,0.020380090
2025-09-27 18:00:00+00:00,0.000000000
2025-09-27 19:00:00+00:00,0.000000000
2025-09-27 20:00:00+00:00,0.000000000
2025-09-27 21:00:00+00:00,0.000000000
2025-09-27 22:00:00+00:00,0.000000000
2025-09-27 23:00:00+00:00,0.000000000
2025-09-28 00:00:00+00:00,0.000000000
2025-09-28 01:00:00+00:00,0.000000000
2025-09-28 02:00:00+00:00,0.000000000
2025-09-28 03:00:00+00:00,0.000000000
2025-09-28 04:00:00+00:00,0.000000000
2025-09-28 05:00:00+00:00,0.000000000
2025-09-28 06:00:00+00:00,0.018276846
2025-09-28 07:00:00+00:00,0.153096265
2025-09-28 08:00:00+00:00,0.340265122
2025-09-28 09:00:00+00:00,0.529729175
2025-09-28 10:00:00+00:00,0.681317934
2025-09-28 11:00:00+00:00,0.765147124
2025-09-28 12:00:00+00:00,0.765147124
2025-09-28 13:00:00+00:00,0.681317934
2025-09-28 14:00:00+00:00,0.529729175
2025-09-28 15:00:00+00:00,0.340265122
2025-09-28 16:00:00+00:00,0.153096265
2025-09-28 17:00:00+00:00,0.018276846
2025-09-28 18:00:00+00:00,0.000000000
2025-09-28 19:00:00+00:00,0.000000000
2025-09-28 20:00:00+00:00,0.000000000
2025-09-28 21:00:00+00:00,0.000000000
2025-09-28 22:00:00+00:00,0.000000000
2025-09-28 23:00:00+00:00,0.000000000
2025-09-29 00:00:00+00:00,0.000000000
2025-09-29 01:00:00+00:00,0.000000000
2025-09-29 02:00:00+00:00,0.000000000
2025-09-29 03:00:00+00:00,0.000000000
2025-09-29 04:00:00+00:00,0.000000000
2025-09-29 05:00:00+00:00,0.000000000
2025-09-29 06:00:00+00:00,0.015608388
2025-09-29 07:00:00+00:00,0.142067627
2025-09-29 08:00:00+00:00,0.319470216
2025-09-29 09:00:00+00:00,0.499638905
2025-09-29 10:00:00+00:00,0.644025587
2025-09-29 11:00:00+00:00,0.723937448
2025-09-29 12:00:00+00:00,0.723937448
2025-09-29 13:00:00+00:00,0.644025587
2025-09-29 14:00:00+00:00,0.499638905
2025-09-29 15:00:00+00:00,0.319470216
2025-09-29 16:00:00+00:00,0.142067627
2025-09-29 17:00:00+00:00,0.015608388
2025-09-29 18:00:00+00:00,0.000000000
2025-09-29 19:00:00+00:00,0.000000000
2025-09-29 20:00:00+00:00,0.000000000
2025-09-29 21:00:00+00:00,0.000000000
2025-09-29 22:00:00+00:00,0.000000000
2025-09-29 23:00:00+00:00,0.000000000
2025-09-30 00:00:00+00:00,0.000000000
2025-09-30 01:00:00+00:00,0.000000000
2025-09-30 02:00:00+00:00,0.000000000
2025-09-30 03:00:00+00:00,0.000000000
2025-09-30 04:00:00+00:00,0.000000000
2025-09-30 05:00:00+00:00,0.000000000
2025-09-30 06:00:00+00:00,0.011654193
2025-09-30 07:00:00+00:00,0.116147625
2025-09-30 08:00:00+00:00,0.264336981
2025-09-30 09:00:00+00:00,0.415340844
2025-09-30 10:00:00+00:00,0.536554796
2025-09-30 11:00:00+00:00,0.603697139
2025-09-30 12:00:00+00:00,0.603697139
2025-09-30 13:00:00+00:00,0.536554796
2025-09-30 14:00:00+00:00,0.415340844
2025-09-30 15:00:00+00:00,0.264336981
2025-09-30 16:00:00+00:00,0.116147625
2025-09-30 17:00:00+00:00,0.011654193
2025-09-30 18:00:00+00:00,0.000000000
2025-09-30 19:00:00+00:00,0.000000000
2025-09-30 20:00:00+00:00,0.000000000
2025-09-30 21:00:00+00:00,0.000000000
2025-09-30 22:00:00+00:00,0.000000000
2025-09-30 23:00:00+00:00,0.000000000
2025-10-01 00:00:00+00:00,0.000000000
2025-10-01 01:00:00+00:00,0.000000000
2025-10-01 02:00:00+00:00,0.000000000
2025-10-01 03:00:00+00:00,0.000000000
2025-10-01 04:00:00+00:00,0.000000000
2025-10-01 05:00:00+00:00,0.000000000
2025-10-01 06:00:00+00:00,0.011737138
2025-10-01 07:00:00+00:00,0.129225875
2025-10-01 08:00:00+00:00,0.297744373
2025-10-01 09:00:00+00:00,0.470048753
2025-10-01 10:00:00+00:00,0.608592439
2025-10-01 11:00:00+00:00,0.685398291
2025-10-01 12:00:00+00:00,0.685398291
2025-10-01 13:00:00+00:00,0.608592439
2025-10-01 14:00:00+00:00,0.470048753
2025-10-01 15:00:00+00:00,0.297744373
2025-10-01 16:00:00+00:00,0.129225875
2025-10-01 17:00:00+00:00,0.011737138
2025-10-01 18:00:00+00:00,0.000000000
2025-10-01 19:00:00+00:00,0.000000000
2025-10-01 20:00:00+00:00,0.000000000
2025-10-01 21:00:00+00:00,0.000000000
2025-10-01 22:00:00+00:00,0.000000000
2025-10-01 23:00:00+00:00,0.000000000
2025-10-02 00:00:00+00:00,0.000000000
2025-10-02 01:00:00+00:00,0.000000000
2025-10-02 02:00:00+00:00,0.000000000
2025-10-02 03:00:00+00:00,0.000000000
2025-10-02 04:00:00+00:00,0.000000000
2025-10-02 05:00:00+00:00,0.000000000
2025-10-02 06:00:00+00:00,0.010290309
2025-10-02 07:00:00+00:00,0.126484884
2025-10-02 08:00:00+00:00,0.295132979
2025-10-02 09:00:00+00:00,0.468168130
2025-10-02 10:00:00+00:00,0.607535078
2025-10-02 11:00:00+00:00,0.684862755
2025-10-02 12:00:00+00:00,0.684862755
2025-10-02 13:00:00+00:00,0.607535078
2025-10-02 14:00:00+00:00,0.468168130
2025-10-02 15:00:00+00:00,0.295132979
2025-10-02 16:00:00+00:00,0.126484884
2025-10-02 17:00:00+00:00,0.010290309
2025-10-02 18:00:00+00:00,0.000000000
2025-10-02 19:00:00+00:00,0.000000000
2025-10-02 20:00:00+00:00,0.000000000
2025-10-02 21:00:00+00:00,0.000000000
2025-10-02 22:00:00+00:00,0.000000000
2025-10-02 23:00:00+00:00,0.000000000
2025-10-03 00:00:00+00:00,0.000000000
2025-10-03 01:00:00+00:00,0.000000000
2025-10-03 02:00:00+00:00,0.000000000
2025-10-03 03:00:00+00:00,0.000000000
2025-10-03 04:00:00+00:00,0.000000000
2025-10-03 05:00:00+00:00,0.000000000
2025-10-03 06:00:00+00:00,0.009318809
2025-10-03 07:00:00+00:00,0.129495207
2025-10-03 08:00:00+00:00,0.306098320
2025-10-03 09:00:00+00:00,0.487935358
2025-10-03 10:00:00+00:00,0.634642758
2025-10-03 11:00:00+00:00,0.716112942
2025-10-03 12:00:00+00:00,0.716112942
2025-10-03 13:00:00+00:00,0.634642758
2025-10-03 14:00:00+00:00,0.487935358
2025-10-03 15:00:00+00:00,0.306098320
2025-10-03 16:00:00+00:00,0.129495207
2025-10-03 17:00:00+00:00,0.009318809
2025-10-03 18:00:00+00:00,0.000000000
2025-10-03 19:00:00+00:00,0.000000000
2025-10-03 20:00:00+00:00,0.000000000
2025-10-03 21:00:00+00:00,0.000000000
2025-10-03 22:00:00+00:00,0.000000000
2025-10-03 23:00:00+00:00,0.000000000
2025-10-04 00:00:00+00:00,0.000000000
2025-10-04 01:00:00+00:00,0.000000000
2025-10-04 02:00:00+00:00,0.000000000
2025-10-04 03:00:00+00:00,0.000000000
2025-10-04 04:00:00+00:00,0.000000000
2025-10-04 05:00:00+00:00,0.000000000
2025-10-04 06:00:00+00:00,0.007287732
2025-10-04 07:00:00+00:00,0.116254781
2025-10-04 08:00:00+00:00,0.278480038
2025-10-04 09:00:00+00:00,0.446113596
2025-10-04 10:00:00+00:00,0.581596365
2025-10-04 11:00:00+00:00,0.656898299
2025-10-04 12:00:00+00:00,0.656898299
2025-10-04 13:00:00+00:00,0.581596365
2025-10-04 14:00:00+00:00,0.446113596
2025-10-04 15:00:00+00:00,0.278480038
2025-10-04 16:00:00+00:00,0.116254781
2025-10-04 17:00:00+00:00,0.007287732
2025-10-04 18:00:00+00:00,0.000000000
2025-10-04 19:00:00+00:00,0.000000000
2025-10-04 20:00:00+00:00,0.000000000
2025-10-04 21:00:00+00:00,0.000000000
2025-10-04 22:00:00+00:00,0.000000000
2025-10-04 23:00:00+00:00,0.000000000
2025-10-05 00:00:00+00:00,0.000000000
2025-10-05 01:00:00+00:00,0.000000000
2025-10-05 02:00:00+00:00,0.000000000
2025-10-05 03:00:00+00:00,0.000000000
2025-10-05 04:00:00+00:00,0.000000000
2025-10-05 05:00:00+00:00,0.000000000
2025-10-05 06:00:00+00:00,0.006267714
2025-10-05 07:00:00+00:00,0.116976271
2025-10-05 08:00:00+00:00,0.284059826
2025-10-05 09:00:00+00:00,0.457345468
2025-10-05 10:00:00+00:00,0.597642450
2025-10-05 11:00:00+00:00,0.675688270
2025-10-05 12:00:00+00:00,0.675688270
2025-10-05 13:00:00+00:00,0.597642450
2025-10-05 14:00:00+00:00,0.457345468
2025-10-05 15:00:00+00:00,0.284059826
2025-10-05 16:00:00+00:00,0.116976271
2025-10-05 17:00:00+00:00,0.006267714
2025-10-05 18:00:00+00:00,0.000000000
2025-10-05 19:00:00+00:00,0.000000000
2025-10-05 20:00:00+00:00,0.000000000
2025-10-05 21:00:00+00:00,0.000000000
2025-10-05 22:00:00+00:00,0.000000000
2025-10-05 23:00:00+00:00,0.000000000
2025-10-06 00:00:00+00:00,0.000000000
2025-10-06 01:00:00+00:00,0.000000000
2025-10-06 02:00:00+00:00,0.000000000
2025-10-06 03:00:00+00:00,0.000000000
2025-10-06 04:00:00+00:00,0.000000000
2025-10-06 05:00:00+00:00,0.000000000
2025-10-06 06:00:00+00:00,0.005662808
2025-10-06 07:00:00+00:00,0.126673591
2025-10-06 08:00:00+00:00,0.311949911
2025-10-06 09:00:00+00:00,0.504819397
2025-10-06 10:00:00+00:00,0.661249794
2025-10-06 11:00:00+00:00,0.748347268
2025-10-06 12:00:00+00:00,0.748347268
2025-10-06 13:00:00+00:00,0.661249794
2025-10-06 14:00:00+00:00,0.504819397
2025-10-06 15:00:00+00:00,0.311949911
2025-10-06 16:00:00+00:00,0.126673591
2025-10-06 17:00:00+00:00,0.005662808
2025-10-06 18:00:00+00:00,0.000000000
2025-10-06 19:00:00+00:00,0.000000000
2025-10-06 20:00:00+00:00,0.000000000
2025-10-06 21:00:00+00:00,0.000000000
2025-10-06 22:00:00+00:00,0.000000000
2025-10-06 23:00:00+00:00,0.000000000
2025-10-07 00:00:00+00:00,0.000000000
2025-10-07 01:00:00+00:00,0.000000000
2025-10-07 02:00:00+00:00,0.000000000
2025-10-07 03:00:00+00:00,0.000000000
2025-10-07 04:00:00+00:00,0.000000000
2025-10-07 05:00:00+00:00,0.000000000
2025-10-07 06:00:00+00:00,0.004312273
2025-10-07 07:00:00+00:00,0.119350015
2025-10-07 08:00:00+00:00,0.298175048
2025-10-07 09:00:00+00:00,0.485034680
2025-10-07 10:00:00+00:00,0.636863499
2025-10-07 11:00:00+00:00,0.721474247
2025-10-07 12:00:00+00:00,0.721474247
2025-10-07 13:00:00+00:00,0.636863499
2025-10-07 14:00:00+00:00,0.485034680
2025-10-07 15:00:00+00:00,0.298175048
2025-10-07 16:00:00+00:00,0.119350015
2025-10-07 17:00:00+00:00,0.004312273
2025-10-07 18:00:00+00:00,0.000000000
2025-10-07 19:00:00+00:00,0.000000000
2025-10-07 20:00:00+00:00,0.000000000
2025-10-07 21:00:00+00:00,0.000000000
2025-10-07 22:00:00+00:00,0.000000000
2025-10-07 23:00:00+00:00,0.000000000
2025-10-08 00:00:00+00:00,0.000000000
2025-10-08 01:00:00+00:00,0.000000000
2025-10-08 02:00:00+00:00,0.000000000
2025-10-08 03:00:00+00:00,0.000000000
2025-10-08 04:00:00+00:00,0.000000000
2025-10-08 05:00:00+00:00,0.000000000
2025-10-08 06:00:00+00:00,0.003519055
2025-10-08 07:00:00+00:00,0.125871363
2025-10-08 08:00:00+00:00,0.319149856
2025-10-08 09:00:00+00:00,0.521891788
2025-10-08 10:00:00+00:00,0.686925483
2025-10-08 11:00:00+00:00,0.778977780
2025-10-08 12:00:00+00:00,0.778977780
2025-10-08 13:00:00+00:00,0.686925483
2025-10-08 14:00:00+00:00,0.521891788
2025-10-08 15:00:00+00:00,0.319149856
2025-10-08 16:00:00+00:00,0.125871363
2025-10-08 17:00:00+00:00,0.003519055
2025-10-08 18:00:00+00:00,0.000000000
2025-10-08 19:00:00+00:00,0.000000000
2025-10-08 20:00:00+00:00,0.000000000
2025-10-08 21:00:00+00:00,0.000000000
2025-10-08 22:00:00+00:00,0.000000000
2025-10-08 23:00:00+00:00,0.000000000
2025-10-09 00:00:00+00:00,0.000000000
2025-10-09 01:00:00+00:00,0.000000000
2025-10-09 02:00:00+00:00,0.000000000
2025-10-09 03:00:00+00:00,0.000000000
2025-10-09 04:00:00+00:00,0.000000000
2025-10-09 05:00:00+00:00,0.000000000
2025-10-09 06:00:00+00:00,0.002170185
2025-10-09 07:00:00+00:00,0.106883542
2025-10-09 08:00:00+00:00,0.275151641
2025-10-09 09:00:00+00:00,0.452351960
2025-10-09 10:00:00+00:00,0.596860349
2025-10-09 11:00:00+00:00,0.677537303
2025-10-09 12:00:00+00:00,0.677537303
2025-10-09 13:00:00+00:00,0.596860349
2025-10-09 14:00:00+00:00,0.452351960
2025-10-09 15:00:00+00:00,0.275151641
2025-10-09 16:00:00+00:00,0.106883542
2025-10-09 17:00:00+00:00,0.002170185
2025-10-09 18:00:00+00:00,0.000000000
2025-10-09 19:00:00+00:00,0.000000000
2025-10-09 20:00:00+00:00,0.000000000
2025-10-09 21:00:00+00:00,0.000000000
2025-10-09 22:00:00+00:00,0.000000000
2025-10-09 23:00:00+00:00,0.000000000
2025-10-10 00:00:00+00:00,0.000000000
2025-10-10 01:00:00+00:00,0.000000000
2025-10-10 02:00:00+00:00,0.000000000
2025-10-10 03:00:00+00:00,0.000000000
2025-10-10 04:00:00+00:00,0.000000000
2025-10-10 05:00:00+00:00,0.000000000
2025-10-10 06:00:00+00:00,0.001342225
2025-10-10 07:00:00+00:00,0.100661145
2025-10-10 08:00:00+00:00,0.263206961
2025-10-10 09:00:00+00:00,0.435065624
2025-10-10 10:00:00+00:00,0.575479063
2025-10-10 11:00:00+00:00,0.653941762
2025-10-10 12:00:00+00:00,0.653941762
2025-10-10 13:00:00+00:00,0.575479063
2025-10-10 14:00:00+00:00,0.435065624
2025-10-10 15:00:00+00:00,0.263206961
2025-10-10 16:00:00+00:00,0.100661145
2025-10-10 17:00:00+00:00,0.001342225
2025-10-10 18:00:00+00:00,0.000000000
2025-10-10 19:00:00+00:00,0.000000000
2025-10-10 20:00:00+00:00,0.000000000
2025-10-10 21:00:00+00:00,0.000000000
2025-10-10 22:00:00+00:00,0.000000000
2025-10-10 23:00:00+00:00,0.000000000
2025-10-11 00:00:00+00:00,0.000000000
2025-10-11 01:00:00+00:00,0.000000000
2025-10-11 02:00:00+00:00,0.000000000
2025-10-11 03:00:00+00:00,0.000000000
2025-10-11 04:00:00+00:00,0.000000000
2025-10-11 05:00:00+00:00,0.000000000
2025-10-11 06:00:00+00:00,0.000607664
2025-10-11 07:00:00+00:00,0.083470266
2025-10-11 08:00:00+00:00,0.221783120
2025-10-11 09:00:00+00:00,0.368615499
2025-10-11 10:00:00+00:00,0.488807869
2025-10-11 11:00:00+00:00,0.556033246
2025-10-11 12:00:00+00:00,0.556033246
2025-10-11 13:00:00+00:00,0.488807869
2025-10-11 14:00:00+00:00,0.368615499
2025-10-11 15:00:00+00:00,0.221783120
2025-10-11 16:00:00+00:00,0.083470266
2025-10-11 17:00:00+00:00,0.000607664
2025-10-11 18:00:00+00:00,0.000000000
2025-10-11 19:00:00+00:00,0.000000000
2025-10-11 20:00:00+00:00,0.000000000
2025-10-11 21:00:00+00:00,0.000000000
2025-10-11 22:00:00+00:00,0.000000000
2025-10-11 23:00:00+00:00,0.000000000
2025-10-12 00:00:00+00:00,0.000000000
2025-10-12 01:00:00+00:00,0.000000000
2025-10-12 02:00:00+00:00,0.000000000
2025-10-12 03:00:00+00:00,0.000000000
2025-10-12 04:00:00+00:00,0.000000000
2025-10-12 05:00:00+00:00,0.000000000
2025-10-12 06:00:00+00:00,0.000225581
2025-10-12 07:00:00+00:00,0.089519080
2025-10-12 08:00:00+00:00,0.241805940
2025-10-12 09:00:00+00:00,0.404142591
2025-10-12 10:00:00+00:00,0.537279522
2025-10-12 11:00:00+00:00,0.611814525
2025-10-12 12:00:00+00:00,0.611814525
2025-10-12 13:00:00+00:00,0.537279522
2025-10-12 14:00:00+00:00,0.404142591
2025-10-12 15:00:00+00:00,0.241805940
2025-10-12 16:00:00+00:00,0.089519080
2025-10-12 17:00:00+00:00,0.000225581
2025-10-12 18:00:00+00:00,0.000000000
2025-10-12 19:00:00+00:00,0.000000000
2025-10-12 20:00:00+00:00,0.000000000
2025-10-12 21:00:00+00:00,0.000000000
2025-10-12 22:00:00+00:00,0.000000000
2025-10-12 23:00:00+00:00,0.000000000
2025-10-13 00:00:00+00:00,0.000000000
2025-10-13 01:00:00+00:00,0.000000000
2025-10-13 02:00:00+00:00,0.000000000
2025-10-13 03:00:00+00:00,0.000000000
2025-10-13 04:00:00+00:00,0.000000000
2025-10-13 05:00:00+00:00,0.000000000
2025-10-13 06:00:00+00:00,0.000000000
2025-10-13 07:00:00+00:00,0.095609144
2025-10-13 08:00:00+00:00,0.262667115
2025-10-13 09:00:00+00:00,0.441500204
2025-10-13 10:00:00+00:00,0.588448906
2025-10-13 11:00:00+00:00,0.670793750
2025-10-13 12:00:00+00:00,0.670793750
2025-10-13 13:00:00+00:00,0.588448906
2025-10-13 14:00:00+00:00,0.441500204
2025-10-13 15:00:00+00:00,0.262667115
2025-10-13 16:00:00+00:00,0.095609144
2025-10-13 17:00:00+00:00,0.000000000
2025-10-13 18:00:00+00:00,0.000000000
2025-10-13 19:00:00+00:00,0.000000000
2025-10-13 20:00:00+00:00,0.000000000
2025-10-13 21:00:00+00:00,0.000000000
2025-10-13 22:00:00+00:00,0.000000000
2025-10-13 23:00:00+00:00,0.000000000
2025-10-14 00:00:00+00:00,0.000000000
2025-10-14 01:00:00+00:00,0.000000000
2025-10-14 02:00:00+00:00,0.000000000
2025-10-14 03:00:00+00:00,0.000000000
2025-10-14 04:00:00+00:00,0.000000000
2025-10-14 05:00:00+00:00,0.000000000
2025-10-14 06:00:00+00:00,0.000000000
2025-10-14 07:00:00+00:00,0.096595361
2025-10-14 08:00:00+00:00,0.270037941
2025-10-14 09:00:00+00:00,0.456501960
2025-10-14 10:00:00+00:00,0.610019420
2025-10-14 11:00:00+00:00,0.696126891
2025-10-14 12:00:00+00:00,0.696126891
2025-10-14 13:00:00+00:00,0.610019420
2025-10-14 14:00:00+00:00,0.456501960
2025-10-14 15:00:00+00:00,0.270037941
2025-10-14 16:00:00+00:00,0.096595361
2025-10-14 17:00:00+00:00,0.000000000
2025-10-14 18:00:00+00:00,0.000000000
2025-10-14 19:00:00+00:00,0.000000000
2025-10-14 20:00:00+00:00,0.000000000
2025-10-14 21:00:00+00:00,0.000000000
2025-10-14 22:00:00+00:00,0.000000000
2025-10-14 23:00:00+00:00,0.000000000
2025-10-15 00:00:00+00:00,0.000000000
2025-10-15 01:00:00+00:00,0.000000000
2025-10-15 02:00:00+00:00,0.000000000
2025-10-15 03:00:00+00:00,0.000000000
2025-10-15 04:00:00+00:00,0.000000000
2025-10-15 05:00:00+00:00,0.000000000
2025-10-15 06:00:00+00:00,0.000000000
2025-10-15 07:00:00+00:00,0.089088102
2025-10-15 08:00:00+00:00,0.253550885
2025-10-15 09:00:00+00:00,0.431132563
2025-10-15 10:00:00+00:00,0.577624798
2025-10-15 11:00:00+00:00,0.659870549
2025-10-15 12:00:00+00:00,0.659870549
2025-10-15 13:00:00+00:00,0.577624798
2025-10-15 14:00:00+00:00,0.431132563
2025-10-15 15:00:00+00:00,0.253550885
2025-10-15 16:00:00+00:00,0.089088102
2025-10-15 17:00:00+00:00,0.000000000
2025-10-15 18:00:00+00:00,0.000000000
2025-10-15 19:00:00+00:00,0.000000000
2025-10-15 20:00:00+00:00,0.000000000
2025-10-15 21:00:00+00:00,0.000000000
2025-10-15 22:00:00+00:00,0.000000000
2025-10-15 23:00:00+00:00,0.000000000
2025-10-16 00:00:00+00:00,0.000000000
2025-10-16 01:00:00+00:00,0.000000000
2025-10-16 02:00:00+00:00,0.000000000
2025-10-16 03:00:00+00:00,0.000000000
2025-10-16 04:00:00+00:00,0.000000000
2025-10-16 05:00:00+00:00,0.000000000
2025-10-16 06:00:00+00:00,0.000000000
2025-10-16 07:00:00+00:00,0.091625323
2025-10-16 08:00:00+00:00,0.265619617
2025-10-16 09:00:00+00:00,0.454327365
2025-10-16 10:00:00+00:00,0.610307266
2025-10-16 11:00:00+00:00,0.697964273
2025-10-16 12:00:00+00:00,0.697964273
2025-10-16 13:00:00+00:00,0.610307266
2025-10-16 14:00:00+00:00,0.454327365
2025-10-16 15:00:00+00:00,0.265619617
2025-10-16 16:00:00+00:00,0.091625323
2025-10-16 17:00:00+00:00,0.000000000
2025-10-16 18:00:00+00:00,0.000000000
2025-10-16 19:00:00+00:00,0.000000000
2025-10-16 20:00:00+00:00,0.000000000
2025-10-16 21:00:00+00:00,0.000000000
2025-10-16 22:00:00+00:00,0.000000000
2025-10-16 23:00:00+00:00,0.000000000
2025-10-17 00:00:00+00:00,0.000000000
2025-10-17 01:00:00+00:00,0.000000000
2025-10-17 02:00:00+00:00,0.000000000
2025-10-17 03:00:00+00:00,0.000000000
2025-10-17 04:00:00+00:00,0.000000000
2025-10-17 05:00:00+00:00,0.000000000
2025-10-17 06:00:00+00:00,0.000000000
2025-10-17 07:00:00+00:00,0.091621139
2025-10-17 08:00:00+00:00,0.270688473
2025-10-17 09:00:00+00:00,0.465775641
2025-10-17 10:00:00+00:00,0.627352334
2025-10-17 11:00:00+00:00,0.718242957
2025-10-17 12:00:00+00:00,0.718242957
2025-10-17 13:00:00+00:00,0.627352334
2025-10-17 14:00:00+00:00,0.465775641
2025-10-17 15:00:00+00:00,0.270688473
2025-10-17 16:00:00+00:00,0.091621139
2025-10-17 17:00:00+00:00,0.000000000
2025-10-17 18:00:00+00:00,0.000000000
2025-10-17 19:00:00+00:00,0.000000000
2025-10-17 20:00:00+00:00,0.000000000
2025-10-17 21:00:00+00:00,0.000000000
2025-10-17 22:00:00+00:00,0.000000000
2025-10-17 23:00:00+00:00,0.000000000
2025-10-18 00:00:00+00:00,0.000000000
2025-10-18 01:00:00+00:00,0.000000000
2025-10-18 02:00:00+00:00,0.000000000
2025-10-18 03:00:00+00:00,0.000000000
2025-10-18 04:00:00+00:00,0.000000000
2025-10-18 05:00:00+00:00,0.000000000
2025-10-18 06:00:00+00:00,0.000000000
2025-10-18 07:00:00+00:00,0.096159552
2025-10-18 08:00:00+00:00,0.289690634
2025-10-18 09:00:00+00:00,0.501504551
2025-10-18 10:00:00+00:00,0.677290476
2025-10-18 11:00:00+00:00,0.776271053
2025-10-18 12:00:00+00:00,0.776271053
2025-10-18 13:00:00+00:00,0.677290476
2025-10-18 14:00:00+00:00,0.501504551
2025-10-18 15:00:00+00:00,0.289690634
2025-10-18 16:00:00+00:00,0.096159552
2025-10-18 17:00:00+00:00,0.000000000
2025-10-18 18:00:00+00:00,0.000000000
2025-10-18 19:00:00+00:00,0.000000000
2025-10-18 20:00:00+00:00,0.000000000
2025-10-18 21:00:00+00:00,0.000000000
2025-10-18 22:00:00+00:00,0.000000000
2025-10-18 23:00:00+00:00,0.000000000
2025-10-19 00:00:00+00:00,0.000000000
2025-10-19 01:00:00+00:00,0.000000000
2025-10-19 02:00:00+00:00,0.000000000
2025-10-19 03:00:00+00:00,0.000000000
2025-10-19 04:00:00+00:00,0.000000000
2025-10-19 05:00:00+00:00,0.000000000
2025-10-19 06:00:00+00:00,0.000000000
2025-10-19 07:00:00+00:00,0.092131023
2025-10-19 08:00:00+00:00,0.283180239
2025-10-19 09:00:00+00:00,0.493255376
2025-10-19 10:00:00+00:00,0.667955096
2025-10-19 11:00:00+00:00,0.766421176
2025-10-19 12:00:00+00:00,0.766421176
2025-10-19 13:00:00+00:00,0.667955096
2025-10-19 14:00:00+00:00,0.493255376
2025-10-19 15:00:00+00:00,0.283180239
2025-10-19 16:00:00+00:00,0.092131023
2025-10-19 17:00:00+00:00,0.000000000
2025-10-19 18:00:00+00:00,0.000000000
2025-10-19 19:00:00+00:00,0.000000000
2025-10-19 20:00:00+00:00,0.000000000
2025-10-19 21:00:00+00:00,0.000000000
2025-10-19 22:00:00+00:00,0.000000000
2025-10-19 23:00:00+00:00,0.000000000
2025-10-20 00:00:00+00:00,0.000000000
2025-10-20 01:00:00+00:00,0.000000000
2025-10-20 02:00:00+00:00,0.000000000
2025-10-20 03:00:00+00:00,0.000000000
2025-10-20 04:00:00+00:00,0.000000000
2025-10-20 05:00:00+00:00,0.000000000
2025-10-20 06:00:00+00:00,0.000000000
2025-10-20 07:00:00+00:00,0.074026641
2025-10-20 08:00:00+00:00,0.232282303
2025-10-20 09:00:00+00:00,0.407125545
2025-10-20 10:00:00+00:00,0.552826541
2025-10-20 11:00:00+00:00,0.635029689
2025-10-20 12:00:00+00:00,0.635029689
2025-10-20 13:00:00+00:00,0.552826541
2025-10-20 14:00:00+00:00,0.407125545
2025-10-20 15:00:00+00:00,0.232282303
2025-10-20 16:00:00+00:00,0.074026641
2025-10-20 17:00:00+00:00,0.000000000
2025-10-20 18:00:00+00:00,0.000000000
2025-10-20 19:00:00+00:00,0.000000000
2025-10-20 20:00:00+00:00,0.000000000
2025-10-20 21:00:00+00:00,0.000000000
2025-10-20 22:00:00+00:00,0.000000000
2025-10-20 23:00:00+00:00,0.000000000
2025-10-21 00:00:00+00:00,0.000000000
2025-10-21 01:00:00+00:00,0.000000000
2025-10-21 02:00:00+00:00,0.000000000
2025-10-21 03:00:00+00:00,0.000000000
2025-10-21 04:00:00+00:00,0.000000000
2025-10-21 05:00:00+00:00,0.000000000
2025-10-21 06:00:00+00:00,0.000000000
2025-10-21 07:00:00+00:00,0.073329302
2025-10-21 08:00:00+00:00,0.235040090
2025-10-21 09:00:00+00:00,0.414564566
2025-10-21 10:00:00+00:00,0.564478310
2025-10-21 11:00:00+00:00,0.649142875
2025-10-21 12:00:00+00:00,0.649142875
2025-10-21 13:00:00+00:00,0.564478310
2025-10-21 14:00:00+00:00,0.414564566
2025-10-21 15:00:00+00:00,0.235040090
2025-10-21 16:00:00+00:00,0.073329302
2025-10-21 17:00:00+00:00,0.000000000
2025-10-21 18:00:00+00:00,0.000000000
2025-10-21 19:00:00+00:00,0.000000000
2025-10-21 20:00:00+00:00,0.000000000
2025-10-21 21:00:00+00:00,0.000000000
2025-10-21 22:00:00+00:00,0.000000000
2025-10-21 23:00:00+00:00,0.000000000
2025-10-22 00:00:00+00:00,0.000000000
2025-10-22 01:00:00+00:00,0.000000000
2025-10-22 02:00:00+00:00,0.000000000
2025-10-22 03:00:00+00:00,0.000000000
2025-10-22 04:00:00+00:00,0.000000000
2025-10-22 05:00:00+00:00,0.000000000
2025-10-22 06:00:00+00:00,0.000000000
2025-10-22 07:00:00+00:00,0.071801067
2025-10-22 08:00:00+00:00,0.235237480
2025-10-22 09:00:00+00:00,0.417569856
2025-10-22 10:00:00+00:00,0.570148396
2025-10-22 11:00:00+00:00,0.656404666
2025-10-22 12:00:00+00:00,0.656404666
2025-10-22 13:00:00+00:00,0.570148396
2025-10-22 14:00:00+00:00,0.417569856
2025-10-22 15:00:00+00:00,0.235237480
2025-10-22 16:00:00+00:00,0.071801067
2025-10-22 17:00:00+00:00,0.000000000
2025-10-22 18:00:00+00:00,0.000000000
2025-10-22 19:00:00+00:00,0.000000000
2025-10-22 20:00:00+00:00,0.000000000
2025-10-22 21:00:00+00:00,0.000000000
2025-10-22 22:00:00+00:00,0.000000000
2025-10-22 23:00:00+00:00,0.000000000
2025-10-23 00:00:00+00:00,0.000000000
2025-10-23 01:00:00+00:00,0.000000000
2025-10-23 02:00:00+00:00,0.000000000
2025-10-23 03:00:00+00:00,0.000000000
2025-10-23 04:00:00+00:00,0.000000000
2025-10-23 05:00:00+00:00,0.000000000
2025-10-23 06:00:00+00:00,0.000000000
2025-10-23 07:00:00+00:00,0.076303724
2025-10-23 08:00:00+00:00,0.255692209
2025-10-23 09:00:00+00:00,0.456821488
2025-10-23 10:00:00+00:00,0.625486264
2025-10-23 11:00:00+00:00,0.720933016
2025-10-23 12:00:00+00:00,0.720933016
2025-10-23 13:00:00+00:00,0.625486264
2025-10-23 14:00:00+00:00,0.456821488
2025-10-23 15:00:00+00:00,0.255692209
2025-10-23 16:00:00+00:00,0.076303724
2025-10-23 17:00:00+00:00,0.000000000
2025-10-23 18:00:00+00:00,0.000000000
2025-10-23 19:00:00+00:00,0.000000000
2025-10-23 20:00:00+00:00,0.000000000
2025-10-23 21:00:00+00:00,0.000000000
2025-10-23 22:00:00+00:00,0.000000000
2025-10-23 23:00:00+00:00,0.000000000
2025-10-24 00:00:00+00:00,0.000000000
2025-10-24 01:00:00+00:00,0.000000000
2025-10-24 02:00:00+00:00,0.000000000
2025-10-24 03:00:00+00:00,0.000000000
2025-10-24 04:00:00+00:00,0.000000000
2025-10-24 05:00:00+00:00,0.000000000
2025-10-24 06:00:00+00:00,0.000000000
2025-10-24 07:00:00+00:00,0.054800759
2025-10-24 08:00:00+00:00,0.187953223
2025-10-24 09:00:00+00:00,0.338001646
2025-10-24 10:00:00+00:00,0.464099371
2025-10-24 11:00:00+00:00,0.535530243
2025-10-24 12:00:00+00:00,0.535530243
2025-10-24 13:00:00+00:00,0.464099371
2025-10-24 14:00:00+00:00,0.338001646
2025-10-24 15:00:00+00:00,0.187953223
2025-10-24 16:00:00+00:00,0.054800759
2025-10-24 17:00:00+00:00,0.000000000
2025-10-24 18:00:00+00:00,0.000000000
2025-10-24 19:00:00+00:00,0.000000000
2025-10-24 20:00:00+00:00,0.000000000
2025-10-24 21:00:00+00:00,0.000000000
2025-10-24 22:00:00+00:00,0.000000000
2025-10-24 23:00:00+00:00,0.000000000
2025-10-25 00:00:00+00:00,0.000000000
2025-10-25 01:00:00+00:00,0.000000000
2025-10-25 02:00:00+00:00,0.000000000
2025-10-25 03:00:00+00:00,0.000000000
2025-10-25 04:00:00+00:00,0.000000000
2025-10-25 05:00:00+00:00,0.000000000
2025-10-25 06:00:00+00:00,0.000000000
2025-10-25 07:00:00+00:00,0.054549984
2025-10-25 08:00:00+00:00,0.191626409
2025-10-25 09:00:00+00:00,0.346894566
2025-10-25 10:00:00+00:00,0.477659699
2025-10-25 11:00:00+00:00,0.551810327
2025-10-25 12:00:00+00:00,0.551810327
2025-10-25 13:00:00+00:00,0.477659699
2025-10-25 14:00:00+00:00,0.346894566
2025-10-25 15:00:00+00:00,0.191626409
2025-10-25 16:00:00+00:00,0.054549984
2025-10-25 17:00:00+00:00,0.000000000
2025-10-25 18:00:00+00:00,0.000000000
2025-10-25 19:00:00+00:00,0.000000000
2025-10-25 20:00:00+00:00,0.000000000
2025-10-25 21:00:00+00:00,0.000000000
2025-10-25 22:00:00+00:00,0.000000000
2025-10-25 23:00:00+00:00,0.000000000
2025-10-26 00:00:00+00:00,0.000000000
2025-10-26 01:00:00+00:00,0.000000000
2025-10-26 02:00:00+00:00,0.000000000
2025-10-26 03:00:00+00:00,0.000000000
2025-10-26 04:00:00+00:00,0.000000000
2025-10-26 05:00:00+00:00,0.000000000
2025-10-26 06:00:00+00:00,0.000000000
2025-10-26 07:00:00+00:00,0.062694812
2025-10-26 08:00:00+00:00,0.225739279
2025-10-26 09:00:00+00:00,0.411391084
2025-10-26 10:00:00+00:00,0.568083937
2025-10-26 11:00:00+00:00,0.657028277
2025-10-26 12:00:00+00:00,0.657028277
2025-10-26 13:00:00+00:00,0.568083937
2025-10-26 14:00:00+00:00,0.411391084
2025-10-26 15:00:00+00:00,0.225739279
2025-10-26 16:00:00+00:00,0.062694812
2025-10-26 17:00:00+00:00,0.000000000
2025-10-26 18:00:00+00:00,0.000000000
2025-10-26 19:00:00+00:00,0.000000000
2025-10-26 20:00:00+00:00,0.000000000
2025-10-26 21:00:00+00:00,0.000000000
2025-10-26 22:00:00+00:00,0.000000000
2025-10-26 23:00:00+00:00,0.000000000
2025-10-27 00:00:00+00:00,0.000000000
2025-10-27 01:00:00+00:00,0.000000000
2025-10-27 02:00:00+00:00,0.000000000
2025-10-27 03:00:00+00:00,0.000000000
2025-10-27 04:00:00+00:00,0.000000000
2025-10-27 05:00:00+00:00,0.000000000
2025-10-27 06:00:00+00:00,0.000000000
2025-10-27 07:00:00+00:00,0.065915834
2025-10-27 08:00:00+00:00,0.243449530
2025-10-27 09:00:00+00:00,0.446677541
2025-10-27 10:00:00+00:00,0.618579337
2025-10-27 11:00:00+00:00,0.716257548
2025-10-27 12:00:00+00:00,0.716257548
2025-10-27 13:00:00+00:00,0.618579337
2025-10-27 14:00:00+00:00,0.446677541
2025-10-27 15:00:00+00:00,0.243449530
2025-10-27 16:00:00+00:00,0.065915834
2025-10-27 17:00:00+00:00,0.000000000
2025-10-27 18:00:00+00:00,0.000000000
2025-10-27 19:00:00+00:00,0.000000000
2025-10-27 20:00:00+00:00,0.000000000
2025-10-27 21:00:00+00:00,0.000000000
2025-10-27 22:00:00+00:00,0.000000000
2025-10-27 23:00:00+00:00,0.000000000
2025-10-28 00:00:00+00:00,0.000000000
2025-10-28 01:00:00+00:00,0.000000000
2025-10-28 02:00:00+00:00,0.000000000
2025-10-28 03:00:00+00:00,0.000000000
2025-10-28 04:00:00+00:00,0.000000000
2025-10-28 05:00:00+00:00,0.000000000
2025-10-28 06:00:00+00:00,0.000000000
2025-10-28 07:00:00+00:00,0.059780340
2025-10-28 08:00:00+00:00,0.226653332
2025-10-28 09:00:00+00:00,0.418712352
2025-10-28 10:00:00+00:00,0.581523609
2025-10-28 11:00:00+00:00,0.674132262
2025-10-28 12:00:00+00:00,0.674132262
2025-10-28 13:00:00+00:00,0.581523609
2025-10-28 14:00:00+00:00,0.418712352
2025-10-28 15:00:00+00:00,0.226653332
2025-10-28 16:00:00+00:00,0.059780340
2025-10-28 17:00:00+00:00,0.000000000
2025-10-28 18:00:00+00:00,0.000000000
2025-10-28 19:00:00+00:00,0.000000000
2025-10-28 20:00:00+00:00,0.000000000
2025-10-28 21:00:00+00:00,0.000000000
2025-10-28 22:00:00+00:00,0.000000000
2025-10-28 23:00:00+00:00,0.000000000
2025-10-29 00:00:00+00:00,0.000000000
2025-10-29 01:00:00+00:00,0.000000000
2025-10-29 02:00:00+00:00,0.000000000
2025-10-29 03:00:00+00:00,0.000000000
2025-10-29 04:00:00+00:00,0.000000000
2025-10-29 05:00:00+00:00,0.000000000
2025-10-29 06:00:00+00:00,0.000000000
2025-10-29 07:00:00+00:00,0.051830555
2025-10-29 08:00:00+00:00,0.201895878
2025-10-29 09:00:00+00:00,0.375560401
2025-10-29 10:00:00+00:00,0.523103652
2025-10-29 11:00:00+00:00,0.607114980
2025-10-29 12:00:00+00:00,0.607114980
2025-10-29 13:00:00+00:00,0.523103652
2025-10-29 14:00:00+00:00,0.375560401
2025-10-29 15:00:00+00:00,0.201895878
2025-10-29 16:00:00+00:00,0.051830555
2025-10-29 17:00:00+00:00,0.000000000
2025-10-29 18:00:00+00:00,0.000000000
2025-10-29 19:00:00+00:00,0.000000000
2025-10-29 20:00:00+00:00,0.000000000
2025-10-29 21:00:00+00:00,0.000000000
2025-10-29 22:00:00+00:00,0.000000000
2025-10-29 23:00:00+00:00,0.000000000
2025-10-30 00:00:00+00:00,0.000000000
2025-10-30 01:00:00+00:00,0.000000000
2025-10-30 02:00:00+00:00,0.000000000
2025-10-30 03:00:00+00:00,0.000000000
2025-10-30 04:00:00+00:00,0.000000000
2025-10-30 05:00:00+00:00,0.000000000
2025-10-30 06:00:00+00:00,0.000000000
2025-10-30 07:00:00+00:00,0.063782845
2025-10-30 08:00:00+00:00,0.255475667
2025-10-30 09:00:00+00:00,0.478552703
2025-10-30 10:00:00+00:00,0.668497265
2025-10-30 11:00:00+00:00,0.776764742
2025-10-30 12:00:00+00:00,0.776764742
2025-10-30 13:00:00+00:00,0.668497265
2025-10-30 14:00:00+00:00,0.478552703
2025-10-30 15:00:00+00:00,0.255475667
2025-10-30 16:00:00+00:00,0.063782845
2025-10-30 17:00:00+00:00,0.000000000
2025-10-30 18:00:00+00:00,0.000000000
2025-10-30 19:00:00+00:00,0.000000000
2025-10-30 20:00:00+00:00,0.000000000
2025-10-30 21:00:00+00:00,0.000000000
2025-10-30 22:00:00+00:00,0.000000000
2025-10-30 23:00:00+00:00,0.000000000
2025-10-31 00:00:00+00:00,0.000000000
2025-10-31 01:00:00+00:00,0.000000000
2025-10-31 02:00:00+00:00,0.000000000
2025-10-31 03:00:00+00:00,0.000000000
2025-10-31 04:00:00+00:00,0.000000000
2025-10-31 05:00:00+00:00,0.000000000
2025-10-31 06:00:00+00:00,0.000000000
2025-10-31 07:00:00+00:00,0.045198986
2025-10-31 08:00:00+00:00,0.186319338
2025-10-31 09:00:00+00:00,0.351474788
2025-10-31 10:00:00+00:00,0.492414528
2025-10-31 11:00:00+00:00,0.572833466
2025-10-31 12:00:00+00:00,0.572833466
2025-10-31 13:00:00+00:00,0.492414528
2025-10-31 14:00:00+00:00,0.351474788
2025-10-31 15:00:00+00:00,0.186319338
2025-10-31 16:00:00+00:00,0.045198986
2025-10-31 17:00:00+00:00,0.000000000
2025-10-31 18:00:00+00:00,0.000000000
2025-10-31 19:00:00+00:00,0.000000000
2025-10-31 20:00:00+00:00,0.000000000
2025-10-31 21:00:00+00:00,0.000000000
2025-10-31 22:00:00+00:00,0.000000000
2025-10-31 23:00:00+00:00,0.000000000
2025-11-01 00:00:00+00:00,0.000000000
2025-11-01 01:00:00+00:00,0.000000000
2025-11-01 02:00:00+00:00,0.000000000
2025-11-01 03:00:00+00:00,0.000000000
2025-11-01 04:00:00+00:00,0.000000000
2025-11-01 05:00:00+00:00,0.000000000
2025-11-01 06:00:00+00:00,0.000000000
2025-11-01 07:00:00+00:00,0.046007700
2025-11-01 08:00:00+00:00,0.195360440
2025-11-01 09:00:00+00:00,0.371155417
2025-11-01 10:00:00+00:00,0.521511120
2025-11-01 11:00:00+00:00,0.607392560
2025-11-01 12:00:00+00:00,0.607392560
2025-11-01 13:00:00+00:00,0.521511120
2025-11-01 14:00:00+00:00,0.371155417
2025-11-01 15:00:00+00:00,0.195360440
2025-11-01 16:00:00+00:00,0.046007700
2025-11-01 17:00:00+00:00,0.000000000
2025-11-01 18:00:00+00:00,0.000000000
2025-11-01 19:00:00+00:00,0.000000000
2025-11-01 20:00:00+00:00,0.000000000
2025-11-01 21:00:00+00:00,0.000000000
2025-11-01 22:00:00+00:00,0.000000000
2025-11-01 23:00:00+00:00,0.000000000
2025-11-02 00:00:00+00:00,0.000000000
2025-11-02 01:00:00+00:00,0.000000000
2025-11-02 02:00:00+00:00,0.000000000
2025-11-02 03:00:00+00:00,0.000000000
2025-11-02 04:00:00+00:00,0.000000000
2025-11-02 05:00:00+00:00,0.000000000
2025-11-02 06:00:00+00:00,0.000000000
2025-11-02 07:00:00+00:00,0.048080535
2025-11-02 08:00:00+00:00,0.210503692
2025-11-02 09:00:00+00:00,0.402798110
2025-11-02 10:00:00+00:00,0.567635919
2025-11-02 11:00:00+00:00,0.661888091
2025-11-02 12:00:00+00:00,0.661888091
2025-11-02 13:00:00+00:00,0.567635919
2025-11-02 14:00:00+00:00,0.402798110
2025-11-02 15:00:00+00:00,0.210503692
2025-11-02 16:00:00+00:00,0.048080535
2025-11-02 17:00:00+00:00,0.000000000
2025-11-02 18:00:00+00:00,0.000000000
2025-11-02 19:00:00+00:00,0.000000000
2025-11-02 20:00:00+00:00,0.000000000
2025-11-02 21:00:00+00:00,0.000000000
2025-11-02 22:00:00+00:00,0.000000000
2025-11-02 23:00:00+00:00,0.000000000
2025-11-03 00:00:00+00:00,0.000000000
2025-11-03 01:00:00+00:00,0.000000000
2025-11-03 02:00:00+00:00,0.000000000
2025-11-03 03:00:00+00:00,0.000000000
2025-11-03 04:00:00+00:00,0.000000000
2025-11-03 05:00:00+00:00,0.000000000
2025-11-03 06:00:00+00:00,0.000000000
2025-11-03 07:00:00+00:00,0.049236446
2025-11-03 08:00:00+00:00,0.222476201
2025-11-03 09:00:00+00:00,0.428789295
2025-11-03 10:00:00+00:00,0.606043665
2025-11-03 11:00:00+00:00,0.707501810
2025-11-03 12:00:00+00:00,0.707501810
2025-11-03 13:00:00+00:00,0.606043665
2025-11-03 14:00:00+00:00,0.428789295
2025-11-03 15:00:00+00:00,0.222476201
2025-11-03 16:00:00+00:00,0.049236446
2025-11-03 17:00:00+00:00,0.000000000
2025-11-03 18:00:00+00:00,0.000000000
2025-11-03 19:00:00+00:00,0.000000000
2025-11-03 20:00:00+00:00,0.000000000
2025-11-03 21:00:00+00:00,0.000000000
2025-11-03 22:00:00+00:00,0.000000000
2025-11-03 23:00:00+00:00,0.000000000
2025-11-04 00:00:00+00:00,0.000000000
2025-11-04 01:00:00+00:00,0.000000000
2025-11-04 02:00:00+00:00,0.000000000
2025-11-04 03:00:00+00:00,0.000000000
2025-11-04 04:00:00+00:00,0.000000000
2025-11-04 05:00:00+00:00,0.000000000
2025-11-04 06:00:00+00:00,0.000000000
2025-11-04 07:00:00+00:00,0.044426858
2025-11-04 08:00:00+00:00,0.207389161
2025-11-04 09:00:00+00:00,0.402625846
2025-11-04 10:00:00+00:00,0.570743880
2025-11-04 11:00:00+00:00,0.667073477
2025-11-04 12:00:00+00:00,0.667073477
2025-11-04 13:00:00+00:00,0.570743880
2025-11-04 14:00:00+00:00,0.402625846
2025-11-04 15:00:00+00:00,0.207389161
2025-11-04 16:00:00+00:00,0.044426858
2025-11-04 17:00:00+00:00,0.000000000
2025-11-04 18:00:00+00:00,0.000000000
2025-11-04 19:00:00+00:00,0.000000000
2025-11-04 20:00:00+00:00,0.000000000
2025-11-04 21:00:00+00:00,0.000000000
2025-11-04 22:00:00+00:00,0.000000000
2025-11-04 23:00:00+00:00,0.000000000
2025-11-05 00:00:00+00:00,0.000000000
2025-11-05 01:00:00+00:00,0.000000000
2025-11-05 02:00:00+00:00,0.000000000
2025-11-05 03:00:00+00:00,0.000000000
2025-11-05 04:00:00+00:00,0.000000000
2025-11-05 05:00:00+00:00,0.000000000
2025-11-05 06:00:00+00:00,0.000000000
2025-11-05 07:00:00+00:00,0.047322546
2025-11-05 08:00:00+00:00,0.228457165
2025-11-05 09:00:00+00:00,0.446782777
2025-11-05 10:00:00+00:00,0.635209459
2025-11-05 11:00:00+00:00,0.743288893
2025-11-05 12:00:00+00:00,0.743288893
2025-11-05 13:00:00+00:00,0.635209459
2025-11-05 14:00:00+00:00,0.446782777
2025-11-05 15:00:00+00:00,0.228457165
2025-11-05 16:00:00+00:00,0.047322546
2025-11-05 17:00:00+00:00,0.000000000
2025-11-05 18:00:00+00:00,0.000000000
2025-11-05 19:00:00+00:00,0.000000000
2025-11-05 20:00:00+00:00,0.000000000
2025-11-05 21:00:00+00:00,0.000000000
2025-11-05 22:00:00+00:00,0.000000000
2025-11-05 23:00:00+00:00,0.000000000
2025-11-06 00:00:00+00:00,0.000000000
2025-11-06 01:00:00+00:00,0.000000000
2025-11-06 02:00:00+00:00,0.000000000
2025-11-06 03:00:00+00:00,0.000000000
2025-11-06 04:00:00+00:00,0.000000000
2025-11-06 05:00:00+00:00,0.000000000
2025-11-06 06:00:00+00:00,0.000000000
2025-11-06 07:00:00+00:00,0.038707799
2025-11-06 08:00:00+00:00,0.193463878
2025-11-06 09:00:00+00:00,0.381141749
2025-11-06 10:00:00+00:00,0.543486068
2025-11-06 11:00:00+00:00,0.636702489
2025-11-06 12:00:00+00:00,0.636702489
2025-11-06 13:00:00+00:00,0.543486068
2025-11-06 14:00:00+00:00,0.381141749
2025-11-06 15:00:00+00:00,0.193463878
2025-11-06 16:00:00+00:00,0.038707799
2025-11-06 17:00:00+00:00,0.000000000
2025-11-06 18:00:00+00:00,0.000000000
2025-11-06 19:00:00+00:00,0.000000000
2025-11-06 20:00:00+00:00,0.000000000
2025-11-06 21:00:00+00:00,0.000000000
2025-11-06 22:00:00+00:00,0.000000000
2025-11-06 23:00:00+00:00,0.000000000
2025-11-07 00:00:00+00:00,0.000000000
2025-11-07 01:00:00+00:00,0.000000000
2025-11-07 02:00:00+00:00,0.000000000
2025-11-07 03:00:00+00:00,0.000000000
2025-11-07 04:00:00+00:00,0.000000000
2025-11-07 05:00:00+00:00,0.000000000
2025-11-07 06:00:00+00:00,0.000000000
2025-11-07 07:00:00+00:00,0.043185452
2025-11-07 08:00:00+00:00,0.223711535
2025-11-07 09:00:00+00:00,0.444004049
2025-11-07 10:00:00+00:00,0.634994160
2025-11-07 11:00:00+00:00,0.744773348
2025-11-07 12:00:00+00:00,0.744773348
2025-11-07 13:00:00+00:00,0.634994160
2025-11-07 14:00:00+00:00,0.444004049
2025-11-07 15:00:00+00:00,0.223711535
2025-11-07 16:00:00+00:00,0.043185452
2025-11-07 17:00:00+00:00,0.000000000
2025-11-07 18:00:00+00:00,0.000000000
2025-11-07 19:00:00+00:00,0.000000000
2025-11-07 20:00:00+00:00,0.000000000
2025-11-07 21:00:00+00:00,0.000000000
2025-11-07 22:00:00+00:00,0.000000000
2025-11-07 23:00:00+00:00,0.000000000
2025-11-08 00:00:00+00:00,0.000000000
2025-11-08 01:00:00+00:00,0.000000000
2025-11-08 02:00:00+00:00,0.000000000
2025-11-08 03:00:00+00:00,0.000000000
2025-11-08 04:00:00+00:00,0.000000000
2025-11-08 05:00:00+00:00,0.000000000
2025-11-08 06:00:00+00:00,0.000000000
2025-11-08 07:00:00+00:00,0.028690688
2025-11-08 08:00:00+00:00,0.154220721
2025-11-08 09:00:00+00:00,0.308367034
2025-11-08 10:00:00+00:00,0.442313572
2025-11-08 11:00:00+00:00,0.519384969
2025-11-08 12:00:00+00:00,0.519384969
2025-11-08 13:00:00+00:00,0.442313572
2025-11-08 14:00:00+00:00,0.308367034
2025-11-08 15:00:00+00:00,0.154220721
2025-11-08 16:00:00+00:00,0.028690688
2025-11-08 17:00:00+00:00,0.000000000
2025-11-08 18:00:00+00:00,0.000000000
2025-11-08 19:00:00+00:00,0.000000000
2025-11-08 20:00:00+00:00,0.000000000
2025-11-08 21:00:00+00:00,0.000000000
2025-11-08 22:00:00+00:00,0.000000000
2025-11-08 23:00:00+00:00,0.000000000
2025-11-09 00:00:00+00:00,0.000000000
2025-11-09 01:00:00+00:00,0.000000000
2025-11-09 02:00:00+00:00,0.000000000
2025-11-09 03:00:00+00:00,0.000000000
2025-11-09 04:00:00+00:00,0.000000000
2025-11-09 05:00:00+00:00,0.000000000
2025-11-09 06:00:00+00:00,0.000000000
2025-11-09 07:00:00+00:00,0.033910571
2025-11-09 08:00:00+00:00,0.189367726
2025-11-09 09:00:00+00:00,0.381478661
2025-11-09 10:00:00+00:00,0.548794472
2025-11-09 11:00:00+00:00,0.645166231
2025-11-09 12:00:00+00:00,0.645166231
2025-11-09 13:00:00+00:00,0.548794472
2025-11-09 14:00:00+00:00,0.381478661
2025-11-09 15:00:00+00:00,0.189367726
2025-11-09 16:00:00+00:00,0.033910571
2025-11-09 17:00:00+00:00,0.000000000
2025-11-09 18:00:00+00:00,0.000000000
2025-11-09 19:00:00+00:00,0.000000000
2025-11-09 20:00:00+00:00,0.000000000
2025-11-09 21:00:00+00:00,0.000000000
2025-11-09 22:00:00+00:00,0.000000000
2025-11-09 23:00:00+00:00,0.000000000
2025-11-10 00:00:00+00:00,0.000000000
2025-11-10 01:00:00+00:00,0.000000000
2025-11-10 02:00:00+00:00,0.000000000
2025-11-10 03:00:00+00:00,0.000000000
2025-11-10 04:00:00+00:00,0.000000000
2025-11-10 05:00:00+00:00,0.000000000
2025-11-10 06:00:00+00:00,0.000000000
2025-11-10 07:00:00+00:00,0.038203179
2025-11-10 08:00:00+00:00,0.221908974
2025-11-10 09:00:00+00:00,0.450389354
2025-11-10 10:00:00+00:00,0.649832411
2025-11-10 11:00:00+00:00,0.764827926
2025-11-10 12:00:00+00:00,0.764827926
2025-11-10 13:00:00+00:00,0.649832411
2025-11-10 14:00:00+00:00,0.450389354
2025-11-10 15:00:00+00:00,0.221908974
2025-11-10 16:00:00+00:00,0.038203179
2025-11-10 17:00:00+00:00,0.000000000
2025-11-10 18:00:00+00:00,0.000000000
2025-11-10 19:00:00+00:00,0.000000000
2025-11-10 20:00:00+00:00,0.000000000
2025-11-10 21:00:00+00:00,0.000000000
2025-11-10 22:00:00+00:00,0.000000000
2025-11-10 23:00:00+00:00,0.000000000
2025-11-11 00:00:00+00:00,0.000000000
2025-11-11 01:00:00+00:00,0.000000000
2025-11-11 02:00:00+00:00,0.000000000
2025-11-11 03:00:00+00:00,0.000000000
2025-11-11 04:00:00+00:00,0.000000000
2025-11-11 05:00:00+00:00,0.000000000
2025-11-11 06:00:00+00:00,0.000000000
2025-11-11 07:00:00+00:00,0.026138433
2025-11-11 08:00:00+00:00,0.158129229
2025-11-11 09:00:00+00:00,0.323356499
2025-11-11 10:00:00+00:00,0.467911989
2025-11-11 11:00:00+00:00,0.551346070
2025-11-11 12:00:00+00:00,0.551346070
2025-11-11 13:00:00+00:00,0.467911989
2025-11-11 14:00:00+00:00,0.323356499
2025-11-11 15:00:00+00:00,0.158129229
2025-11-11 16:00:00+00:00,0.026138433
2025-11-11 17:00:00+00:00,0.000000000
2025-11-11 18:00:00+00:00,0.000000000
2025-11-11 19:00:00+00:00,0.000000000
2025-11-11 20:00:00+00:00,0.000000000
2025-11-11 21:00:00+00:00,0.000000000
2025-11-11 22:00:00+00:00,0.000000000
2025-11-11 23:00:00+00:00,0.000000000
2025-11-12 00:00:00+00:00,0.000000000
2025-11-12 01:00:00+00:00,0.000000000
2025-11-12 02:00:00+00:00,0.000000000
2025-11-12 03:00:00+00:00,0.000000000
2025-11-12 04:00:00+00:00,0.000000000
2025-11-12 05:00:00+00:00,0.000000000
2025-11-12 06:00:00+00:00,0.000000000
2025-11-12 07:00:00+00:00,0.031820537
2025-11-12 08:00:00+00:00,0.200755544
2025-11-12 09:00:00+00:00,0.413616216
2025-11-12 10:00:00+00:00,0.600266229
2025-11-12 11:00:00+00:00,0.708106555
2025-11-12 12:00:00+00:00,0.708106555
2025-11-12 13:00:00+00:00,0.600266229
2025-11-12 14:00:00+00:00,0.413616216
2025-11-12 15:00:00+00:00,0.200755544
2025-11-12 16:00:00+00:00,0.031820537
2025-11-12 17:00:00+00:00,0.000000000
2025-11-12 18:00:00+00:00,0.000000000
2025-11-12 19:00:00+00:00,0.000000000
2025-11-12 20:00:00+00:00,0.000000000
2025-11-12 21:00:00+00:00,0.000000000
2025-11-12 22:00:00+00:00,0.000000000
2025-11-12 23:00:00+00:00,0.000000000
2025-11-13 00:00:00+00:00,0.000000000
2025-11-13 01:00:00+00:00,0.000000000
2025-11-13 02:00:00+00:00,0.000000000
2025-11-13 03:00:00+00:00,0.000000000
2025-11-13 04:00:00+00:00,0.000000000
2025-11-13 05:00:00+00:00,0.000000000
2025-11-13 06:00:00+00:00,0.000000000
2025-11-13 07:00:00+00:00,0.024979598
2025-11-13 08:00:00+00:00,0.164573757
2025-11-13 09:00:00+00:00,0.341627258
2025-11-13 10:00:00+00:00,0.497228422
2025-11-13 11:00:00+00:00,0.587221115
2025-11-13 12:00:00+00:00,0.587221115
2025-11-13 13:00:00+00:00,0.497228422
2025-11-13 14:00:00+00:00,0.341627258
2025-11-13 15:00:00+00:00,0.164573757
2025-11-13 16:00:00+00:00,0.024979598
2025-11-13 17:00:00+00:00,0.000000000
2025-11-13 18:00:00+00:00,0.000000000
2025-11-13 19:00:00+00:00,0.000000000
2025-11-13 20:00:00+00:00,0.000000000
2025-11-13 21:00:00+00:00,0.000000000
2025-11-13 22:00:00+00:00,0.000000000
2025-11-13 23:00:00+00:00,0.000000000
2025-11-14 00:00:00+00:00,0.000000000
2025-11-14 01:00:00+00:00,0.000000000
2025-11-14 02:00:00+00:00,0.000000000
2025-11-14 03:00:00+00:00,0.000000000
2025-11-14 04:00:00+00:00,0.000000000
2025-11-14 05:00:00+00:00,0.000000000
2025-11-14 06:00:00+00:00,0.000000000
2025-11-14 07:00:00+00:00,0.030740009
2025-11-14 08:00:00+00:00,0.211786983
2025-11-14 09:00:00+00:00,0.442946505
2025-11-14 10:00:00+00:00,0.646552652
2025-11-14 11:00:00+00:00,0.764428031
2025-11-14 12:00:00+00:00,0.764428031
2025-11-14 13:00:00+00:00,0.646552652
2025-11-14 14:00:00+00:00,0.442946505
2025-11-14 15:00:00+00:00,0.211786983
2025-11-14 16:00:00+00:00,0.030740009
2025-11-14 17:00:00+00:00,0.000000000
2025-11-14 18:00:00+00:00,0.000000000
2025-11-14 19:00:00+00:00,0.000000000
2025-11-14 20:00:00+00:00,0.000000000
2025-11-14 21:00:00+00:00,0.000000000
2025-11-14 22:00:00+00:00,0.000000000
2025-11-14 23:00:00+00:00,0.000000000
2025-11-15 00:00:00+00:00,0.000000000
2025-11-15 01:00:00+00:00,0.000000000
2025-11-15 02:00:00+00:00,0.000000000
2025-11-15 03:00:00+00:00,0.000000000
2025-11-15 04:00:00+00:00,0.000000000
2025-11-15 05:00:00+00:00,0.000000000
2025-11-15 06:00:00+00:00,0.000000000
2025-11-15 07:00:00+00:00,0.025937004
2025-11-15 08:00:00+00:00,0.187136012
2025-11-15 09:00:00+00:00,0.394334023
2025-11-15 10:00:00+00:00,0.577240695
2025-11-15 11:00:00+00:00,0.683238219
2025-11-15 12:00:00+00:00,0.683238219
2025-11-15 13:00:00+00:00,0.577240695
2025-11-15 14:00:00+00:00,0.394334023
2025-11-15 15:00:00+00:00,0.187136012
2025-11-15 16:00:00+00:00,0.025937004
2025-11-15 17:00:00+00:00,0.000000000
2025-11-15 18:00:00+00:00,0.000000000
2025-11-15 19:00:00+00:00,0.000000000
2025-11-15 20:00:00+00:00,0.000000000
2025-11-15 21:00:00+00:00,0.000000000
2025-11-15 22:00:00+00:00,0.000000000
2025-11-15 23:00:00+00:00,0.000000000
2025-11-16 00:00:00+00:00,0.000000000
2025-11-16 01:00:00+00:00,0.000000000
2025-11-16 02:00:00+00:00,0.000000000
2025-11-16 03:00:00+00:00,0.000000000
2025-11-16 04:00:00+00:00,0.000000000
2025-11-16 05:00:00+00:00,0.000000000
2025-11-16 06:00:00+00:00,0.000000000
2025-11-16 07:00:00+00:00,0.025228371
2025-11-16 08:00:00+00:00,0.190900884
2025-11-16 09:00:00+00:00,0.405285354
2025-11-16 10:00:00+00:00,0.594953869
2025-11-16 11:00:00+00:00,0.704978796
2025-11-16 12:00:00+00:00,0.704978796
2025-11-16 13:00:00+00:00,0.594953869
2025-11-16 14:00:00+00:00,0.405285354
2025-11-16 15:00:00+00:00,0.190900884
2025-11-16 16:00:00+00:00,0.025228371
2025-11-16 17:00:00+00:00,0.000000000
2025-11-16 18:00:00+00:00,0.000000000
2025-11-16 19:00:00+00:00,0.000000000
2025-11-16 20:00:00+00:00,0.000000000
2025-11-16 21:00:00+00:00,0.000000000
2025-11-16 22:00:00+00:00,0.000000000
2025-11-16 23:00:00+00:00,0.000000000
2025-11-17 00:00:00+00:00,0.000000000
2025-11-17 01:00:00+00:00,0.000000000
2025-11-17 02:00:00+00:00,0.000000000
2025-11-17 03:00:00+00:00,0.000000000
2025-11-17 04:00:00+00:00,0.000000000
2025-11-17 05:00:00+00:00,0.000000000
2025-11-17 06:00:00+00:00,0.000000000
2025-11-17 07:00:00+00:00,0.018726309
2025-11-17 08:00:00+00:00,0.148835687
2025-11-17 09:00:00+00:00,0.318341773
2025-11-17 10:00:00+00:00,0.468634245
2025-11-17 11:00:00+00:00,0.555902850
2025-11-17 12:00:00+00:00,0.555902850
2025-11-17 13:00:00+00:00,0.468634245
2025-11-17 14:00:00+00:00,0.318341773
2025-11-17 15:00:00+00:00,0.148835687
2025-11-17 16:00:00+00:00,0.018726309
2025-11-17 17:00:00+00:00,0.000000000
2025-11-17 18:00:00+00:00,0.000000000
2025-11-17 19:00:00+00:00,0.000000000
2025-11-17 20:00:00+00:00,0.000000000
2025-11-17 21:00:00+00:00,0.000000000
2025-11-17 22:00:00+00:00,0.000000000
2025-11-17 23:00:00+00:00,0.000000000
2025-11-18 00:00:00+00:00,0.000000000
2025-11-18 01:00:00+00:00,0.000000000
2025-11-18 02:00:00+00:00,0.000000000
2025-11-18 03:00:00+00:00,0.000000000
2025-11-18 04:00:00+00:00,0.000000000
2025-11-18 05:00:00+00:00,0.000000000
2025-11-18 06:00:00+00:00,0.000000000
2025-11-18 07:00:00+00:00,0.023766184
2025-11-18 08:00:00+00:00,0.198710474
2025-11-18 09:00:00+00:00,0.428178132
2025-11-18 10:00:00+00:00,0.632076809
2025-11-18 11:00:00+00:00,0.750586812
2025-11-18 12:00:00+00:00,0.750586812
2025-11-18 13:00:00+00:00,0.632076809
2025-11-18 14:00:00+00:00,0.428178132
2025-11-18 15:00:00+00:00,0.198710474
2025-11-18 16:00:00+00:00,0.023766184
2025-11-18 17:00:00+00:00,0.000000000
2025-11-18 18:00:00+00:00,0.000000000
2025-11-18 19:00:00+00:00,0.000000000
2025-11-18 20:00:00+00:00,0.000000000
2025-11-18 21:00:00+00:00,0.000000000
2025-11-18 22:00:00+00:00,0.000000000
2025-11-18 23:00:00+00:00,0.000000000
2025-11-19 00:00:00+00:00,0.000000000
2025-11-19 01:00:00+00:00,0.000000000
2025-11-19 02:00:00+00:00,0.000000000
2025-11-19 03:00:00+00:00,0.000000000
2025-11-19 04:00:00+00:00,0.000000000
2025-11-19 05:00:00+00:00,0.000000000
2025-11-19 06:00:00+00:00,0.000000000
2025-11-19 07:00:00+00:00,0.020048314
2025-11-19 08:00:00+00:00,0.176615953
2025-11-19 09:00:00+00:00,0.383380768
2025-11-19 10:00:00+00:00,0.567500547
2025-11-19 11:00:00+00:00,0.674616763
2025-11-19 12:00:00+00:00,0.674616763
2025-11-19 13:00:00+00:00,0.567500547
2025-11-19 14:00:00+00:00,0.383380768
2025-11-19 15:00:00+00:00,0.176615953
2025-11-19 16:00:00+00:00,0.020048314
2025-11-19 17:00:00+00:00,0.000000000
2025-11-19 18:00:00+00:00,0.000000000
2025-11-19 19:00:00+00:00,0.000000000
2025-11-19 20:00:00+00:00,0.000000000
2025-11-19 21:00:00+00:00,0.000000000
2025-11-19 22:00:00+00:00,0.000000000
2025-11-19 23:00:00+00:00,0.000000000
2025-11-20 00:00:00+00:00,0.000000000
2025-11-20 01:00:00+00:00,0.000000000
2025-11-20 02:00:00+00:00,0.000000000
2025-11-20 03:00:00+00:00,0.000000000
2025-11-20 04:00:00+00:00,0.000000000
2025-11-20 05:00:00+00:00,0.000000000
2025-11-20 06:00:00+00:00,0.000000000
2025-11-20 07:00:00+00:00,0.020291249
2025-11-20 08:00:00+00:00,0.188646462
2025-11-20 09:00:00+00:00,0.412497178
2025-11-20 10:00:00+00:00,0.612254143
2025-11-20 11:00:00+00:00,0.728576931
2025-11-20 12:00:00+00:00,0.728576931
2025-11-20 13:00:00+00:00,0.612254143
2025-11-20 14:00:00+00:00,0.412497178
2025-11-20 15:00:00+00:00,0.188646462
2025-11-20 16:00:00+00:00,0.020291249
2025-11-20 17:00:00+00:00,0.000000000
2025-11-20 18:00:00+00:00,0.000000000
2025-11-20 19:00:00+00:00,0.000000000
2025-11-20 20:00:00+00:00,0.000000000
2025-11-20 21:00:00+00:00,0.000000000
2025-11-20 22:00:00+00:00,0.000000000
2025-11-20 23:00:00+00:00,0.000000000
2025-11-21 00:00:00+00:00,0.000000000
2025-11-21 01:00:00+00:00,0.000000000
2025-11-21 02:00:00+00:00,0.000000000
2025-11-21 03:00:00+00:00,0.000000000
2025-11-21 04:00:00+00:00,0.000000000
2025-11-21 05:00:00+00:00,0.000000000
2025-11-21 06:00:00+00:00,0.000000000
2025-11-21 07:00:00+00:00,0.019904643
2025-11-21 08:00:00+00:00,0.195609471
2025-11-21 09:00:00+00:00,0.430829024
2025-11-21 10:00:00+00:00,0.641170106
2025-11-21 11:00:00+00:00,0.763769554
2025-11-21 12:00:00+00:00,0.763769554
2025-11-21 13:00:00+00:00,0.641170106
2025-11-21 14:00:00+00:00,0.430829024
2025-11-21 15:00:00+00:00,0.195609471
2025-11-21 16:00:00+00:00,0.019904643
2025-11-21 17:00:00+00:00,0.000000000
2025-11-21 18:00:00+00:00,0.000000000
2025-11-21 19:00:00+00:00,0.000000000
2025-11-21 20:00:00+00:00,0.000000000
2025-11-21 21:00:00+00:00,0.000000000
2025-11-21 22:00:00+00:00,0.000000000
2025-11-21 23:00:00+00:00,0.000000000
2025-11-22 00:00:00+00:00,0.000000000
2025-11-22 01:00:00+00:00,0.000000000
2025-11-22 02:00:00+00:00,0.000000000
2025-11-22 03:00:00+00:00,0.000000000
2025-11-22 04:00:00+00:00,0.000000000
2025-11-22 05:00:00+00:00,0.000000000
2025-11-22 06:00:00+00:00,0.000000000
2025-11-22 07:00:00+00:00,0.017487931
2025-11-22 08:00:00+00:00,0.181964097
2025-11-22 09:00:00+00:00,0.403654504
2025-11-22 10:00:00+00:00,0.602305727
2025-11-22 11:00:00+00:00,0.718196848
2025-11-22 12:00:00+00:00,0.718196848
2025-11-22 13:00:00+00:00,0.602305727
2025-11-22 14:00:00+00:00,0.403654504
2025-11-22 15:00:00+00:00,0.181964097
2025-11-22 16:00:00+00:00,0.017487931
2025-11-22 17:00:00+00:00,0.000000000
2025-11-22 18:00:00+00:00,0.000000000
2025-11-22 19:00:00+00:00,0.000000000
2025-11-22 20:00:00+00:00,0.000000000
2025-11-22 21:00:00+00:00,0.000000000
2025-11-22 22:00:00+00:00,0.000000000
2025-11-22 23:00:00+00:00,0.000000000
2025-11-23 00:00:00+00:00,0.000000000
2025-11-23 01:00:00+00:00,0.000000000
2025-11-23 02:00:00+00:00,0.000000000
2025-11-23 03:00:00+00:00,0.000000000
2025-11-23 04:00:00+00:00,0.000000000
2025-11-23 05:00:00+00:00,0.000000000
2025-11-23 06:00:00+00:00,0.000000000
2025-11-23 07:00:00+00:00,0.012181665
2025-11-23 08:00:00+00:00,0.134427284
2025-11-23 09:00:00+00:00,0.300318503
2025-11-23 10:00:00+00:00,0.449270598
2025-11-23 11:00:00+00:00,0.536245215
2025-11-23 12:00:00+00:00,0.536245215
2025-11-23 13:00:00+00:00,0.449270598
2025-11-23 14:00:00+00:00,0.300318503
2025-11-23 15:00:00+00:00,0.134427284
2025-11-23 16:00:00+00:00,0.012181665
2025-11-23 17:00:00+00:00,0.000000000
2025-11-23 18:00:00+00:00,0.000000000
2025-11-23 19:00:00+00:00,0.000000000
2025-11-23 20:00:00+00:00,0.000000000
2025-11-23 21:00:00+00:00,0.000000000
2025-11-23 22:00:00+00:00,0.000000000
2025-11-23 23:00:00+00:00,0.000000000
2025-11-24 00:00:00+00:00,0.000000000
2025-11-24 01:00:00+00:00,0.000000000
2025-11-24 02:00:00+00:00,0.000000000
2025-11-24 03:00:00+00:00,0.000000000
2025-11-24 04:00:00+00:00,0.000000000
2025-11-24 05:00:00+00:00,0.000000000
2025-11-24 06:00:00+00:00,0.000000000
2025-11-24 07:00:00+00:00,0.009285702
2025-11-24 08:00:00+00:00,0.108856074
2025-11-24 09:00:00+00:00,0.244891993
2025-11-24 10:00:00+00:00,0.367280230
2025-11-24 11:00:00+00:00,0.438806336
2025-11-24 12:00:00+00:00,0.438806336
2025-11-24 13:00:00+00:00,0.367280230
2025-11-24 14:00:00+00:00,0.244891993
2025-11-24 15:00:00+00:00,0.108856074
2025-11-24 16:00:00+00:00,0.009285702
2025-11-24 17:00:00+00:00,0.000000000
2025-11-24 18:00:00+00:00,0.000000000
2025-11-24 19:00:00+00:00,0.000000000
2025-11-24 20:00:00+00:00,0.000000000
2025-11-24 21:00:00+00:00,0.000000000
2025-11-24 22:00:00+00:00,0.000000000
2025-11-24 23:00:00+00:00,0.000000000
2025-11-25 00:00:00+00:00,0.000000000
2025-11-25 01:00:00+00:00,0.000000000
2025-11-25 02:00:00+00:00,0.000000000
2025-11-25 03:00:00+00:00,0.000000000
2025-11-25 04:00:00+00:00,0.000000000
2025-11-25 05:00:00+00:00,0.000000000
2025-11-25 06:00:00+00:00,0.000000000
2025-11-25 07:00:00+00:00,0.012865101
2025-11-25 08:00:00+00:00,0.160483172
2025-11-25 09:00:00+00:00,0.363521731
2025-11-25 10:00:00+00:00,0.546546650
2025-11-25 11:00:00+00:00,0.653601320
2025-11-25 12:00:00+00:00,0.653601320
2025-11-25 13:00:00+00:00,0.546546650
2025-11-25 14:00:00+00:00,0.363521731
2025-11-25 15:00:00+00:00,0.160483172
2025-11-25 16:00:00+00:00,0.012865101
2025-11-25 17:00:00+00:00,0.000000000
2025-11-25 18:00:00+00:00,0.000000000
2025-11-25 19:00:00+00:00,0.000000000
2025-11-25 20:00:00+00:00,0.000000000
2025-11-25 21:00:00+00:00,0.000000000
2025-11-25 22:00:00+00:00,0.000000000
2025-11-25 23:00:00+00:00,0.000000000
2025-11-26 00:00:00+00:00,0.000000000
2025-11-26 01:00:00+00:00,0.000000000
2025-11-26 02:00:00+00:00,0.000000000
2025-11-26 03:00:00+00:00,0.000000000
2025-11-26 04:00:00+00:00,0.000000000
2025-11-26 05:00:00+00:00,0.000000000
2025-11-26 06:00:00+00:00,0.000000000
2025-11-26 07:00:00+00:00,0.011991131
2025-11-26 08:00:00+00:00,0.159429424
2025-11-26 09:00:00+00:00,0.363575757
2025-11-26 10:00:00+00:00,0.547950065
2025-11-26 11:00:00+00:00,0.655883825
2025-11-26 12:00:00+00:00,0.655883825
2025-11-26 13:00:00+00:00,0.547950065
2025-11-26 14:00:00+00:00,0.363575757
2025-11-26 15:00:00+00:00,0.159429424
2025-11-26 16:00:00+00:00,0.011991131
2025-11-26 17:00:00+00:00,0.000000000
2025-11-26 18:00:00+00:00,0.000000000
2025-11-26 19:00:00+00:00,0.000000000
2025-11-26 20:00:00+00:00,0.000000000
2025-11-26 21:00:00+00:00,0.000000000
2025-11-26 22:00:00+00:00,0.000000000
2025-11-26 23:00:00+00:00,0.000000000
2025-11-27 00:00:00+00:00,0.000000000
2025-11-27 01:00:00+00:00,0.000000000
2025-11-27 02:00:00+00:00,0.000000000
2025-11-27 03:00:00+00:00,0.000000000
2025-11-27 04:00:00+00:00,0.000000000
2025-11-27 05:00:00+00:00,0.000000000
2025-11-27 06:00:00+00:00,0.000000000
2025-11-27 07:00:00+00:00,0.012943130
2025-11-27 08:00:00+00:00,0.183712821
2025-11-27 09:00:00+00:00,0.421728429
2025-11-27 10:00:00+00:00,0.637091685
2025-11-27 11:00:00+00:00,0.763268787
2025-11-27 12:00:00+00:00,0.763268787
2025-11-27 13:00:00+00:00,0.637091685
2025-11-27 14:00:00+00:00,0.421728429
2025-11-27 15:00:00+00:00,0.183712821
2025-11-27 16:00:00+00:00,0.012943130
2025-11-27 17:00:00+00:00,0.000000000
2025-11-27 18:00:00+00:00,0.000000000
2025-11-27 19:00:00+00:00,0.000000000
2025-11-27 20:00:00+00:00,0.000000000
2025-11-27 21:00:00+00:00,0.000000000
2025-11-27 22:00:00+00:00,0.000000000
2025-11-27 23:00:00+00:00,0.000000000
2025-11-28 00:00:00+00:00,0.000000000
2025-11-28 01:00:00+00:00,0.000000000
2025-11-28 02:00:00+00:00,0.000000000
2025-11-28 03:00:00+00:00,0.000000000
2025-11-28 04:00:00+00:00,0.000000000
2025-11-28 05:00:00+00:00,0.000000000
2025-11-28 06:00:00+00:00,0.000000000
2025-11-28 07:00:00+00:00,0.008416252
2025-11-28 08:00:00+00:00,0.127728871
2025-11-28 09:00:00+00:00,0.295111129
2025-11-28 10:00:00+00:00,0.446837795
2025-11-28 11:00:00+00:00,0.535801513
2025-11-28 12:00:00+00:00,0.535801513
2025-11-28 13:00:00+00:00,0.446837795
2025-11-28 14:00:00+00:00,0.295111129
2025-11-28 15:00:00+00:00,0.127728871
2025-11-28 16:00:00+00:00,0.008416252
2025-11-28 17:00:00+00:00,0.000000000
2025-11-28 18:00:00+00:00,0.000000000
2025-11-28 19:00:00+00:00,0.000000000
2025-11-28 20:00:00+00:00,0.000000000
2025-11-28 21:00:00+00:00,0.000000000
2025-11-28 22:00:00+00:00,0.000000000
2025-11-28 23:00:00+00:00,0.000000000
2025-11-29 00:00:00+00:00,0.000000000
2025-11-29 01:00:00+00:00,0.000000000
2025-11-29 02:00:00+00:00,0.000000000
2025-11-29 03:00:00+00:00,0.000000000
2025-11-29 04:00:00+00:00,0.000000000
2025-11-29 05:00:00+00:00,0.000000000
2025-11-29 06:00:00+00:00,0.000000000
2025-11-29 07:00:00+00:00,0.010573254
2025-11-29 08:00:00+00:00,0.171829438
2025-11-29 09:00:00+00:00,0.399510294
2025-11-29 10:00:00+00:00,0.606259107
2025-11-29 11:00:00+00:00,0.727577221
2025-11-29 12:00:00+00:00,0.727577221
2025-11-29 13:00:00+00:00,0.606259107
2025-11-29 14:00:00+00:00,0.399510294
2025-11-29 15:00:00+00:00,0.171829438
2025-11-29 16:00:00+00:00,0.010573254
2025-11-29 17:00:00+00:00,0.000000000
2025-11-29 18:00:00+00:00,0.000000000
2025-11-29 19:00:00+00:00,0.000000000
2025-11-29 20:00:00+00:00,0.000000000
2025-11-29 21:00:00+00:00,0.000000000
2025-11-29 22:00:00+00:00,0.000000000
2025-11-29 23:00:00+00:00,0.000000000
2025-11-30 00:00:00+00:00,0.000000000
2025-11-30 01:00:00+00:00,0.000000000
2025-11-30 02:00:00+00:00,0.000000000
2025-11-30 03:00:00+00:00,0.000000000
2025-11-30 04:00:00+00:00,0.000000000
2025-11-30 05:00:00+00:00,0.000000000
2025-11-30 06:00:00+00:00,0.000000000
2025-11-30 07:00:00+00:00,0.007603343
2025-11-30 08:00:00+00:00,0.132501192
2025-11-30 09:00:00+00:00,0.309962738
2025-11-30 10:00:00+00:00,0.471384178
2025-11-30 11:00:00+00:00,0.566174614
2025-11-30 12:00:00+00:00,0.566174614
2025-11-30 13:00:00+00:00,0.471384178
2025-11-30 14:00:00+00:00,0.309962738
2025-11-30 15:00:00+00:00,0.132501192
2025-11-30 16:00:00+00:00,0.007603343
2025-11-30 17:00:00+00:00,0.000000000
2025-11-30 18:00:00+00:00,0.000000000
2025-11-30 19:00:00+00:00,0.000000000
2025-11-30 20:00:00+00:00,0.000000000
2025-11-30 21:00:00+00:00,0.000000000
2025-11-30 22:00:00+00:00,0.000000000
2025-11-30 23:00:00+00:00,0.000000000
2025-12-01 00:00:00+00:00,0.000000000
2025-12-01 01:00:00+00:00,0.000000000
2025-12-01 02:00:00+00:00,0.000000000
2025-12-01 03:00:00+00:00,0.000000000
2025-12-01 04:00:00+00:00,0.000000000
2025-12-01 05:00:00+00:00,0.000000000
2025-12-01 06:00:00+00:00,0.000000000
2025-12-01 07:00:00+00:00,0.008436950
2025-12-01 08:00:00+00:00,0.157863652
2025-12-01 09:00:00+00:00,0.371493438
2025-12-01 10:00:00+00:00,0.566134461
2025-12-01 11:00:00+00:00,0.680513632
2025-12-01 12:00:00+00:00,0.680513632
2025-12-01 13:00:00+00:00,0.566134461
2025-12-01 14:00:00+00:00,0.371493438
2025-12-01 15:00:00+00:00,0.157863652
2025-12-01 16:00:00+00:00,0.008436950
2025-12-01 17:00:00+00:00,0.000000000
2025-12-01 18:00:00+00:00,0.000000000
2025-12-01 19:00:00+00:00,0.000000000
2025-12-01 20:00:00+00:00,0.000000000
2025-12-01 21:00:00+00:00,0.000000000
2025-12-01 22:00:00+00:00,0.000000000
2025-12-01 23:00:00+00:00,0.000000000
2025-12-02 00:00:00+00:00,0.000000000
2025-12-02 01:00:00+00:00,0.000000000
2025-12-02 02:00:00+00:00,0.000000000
2025-12-02 03:00:00+00:00,0.000000000
2025-12-02 04:00:00+00:00,0.000000000
2025-12-02 05:00:00+00:00,0.000000000
2025-12-02 06:00:00+00:00,0.000000000
2025-12-02 07:00:00+00:00,0.007119936
2025-12-02 08:00:00+00:00,0.143199889
2025-12-02 09:00:00+00:00,0.338926536
2025-12-02 10:00:00+00:00,0.517539126
2025-12-02 11:00:00+00:00,0.622571218
2025-12-02 12:00:00+00:00,0.622571218
2025-12-02 13:00:00+00:00,0.517539126
2025-12-02 14:00:00+00:00,0.338926536
2025-12-02 15:00:00+00:00,0.143199889
2025-12-02 16:00:00+00:00,0.007119936
2025-12-02 17:00:00+00:00,0.000000000
2025-12-02 18:00:00+00:00,0.000000000
2025-12-02 19:00:00+00:00,0.000000000
2025-12-02 20:00:00+00:00,0.000000000
2025-12-02 21:00:00+00:00,0.000000000
2025-12-02 22:00:00+00:00,0.000000000
2025-12-02 23:00:00+00:00,0.000000000
2025-12-03 00:00:00+00:00,0.000000000
2025-12-03 01:00:00+00:00,0.000000000
2025-12-03 02:00:00+00:00,0.000000000
2025-12-03 03:00:00+00:00,0.000000000
2025-12-03 04:00:00+00:00,0.000000000
2025-12-03 05:00:00+00:00,0.000000000
2025-12-03 06:00:00+00:00,0.000000000
2025-12-03 07:00:00+00:00,0.008087497
2025-12-03 08:00:00+00:00,0.175007317
2025-12-03 09:00:00+00:00,0.416506904
2025-12-03 10:00:00+00:00,0.637226420
2025-12-03 11:00:00+00:00,0.767104458
2025-12-03 12:00:00+00:00,0.767104458
2025-12-03 13:00:00+00:00,0.637226420
2025-12-03 14:00:00+00:00,0.416506904
2025-12-03 15:00:00+00:00,0.175007317
2025-12-03 16:00:00+00:00,0.008087497
2025-12-03 17:00:00+00:00,0.000000000
2025-12-03 18:00:00+00:00,0.000000000
2025-12-03 19:00:00+00:00,0.000000000
2025-12-03 20:00:00+00:00,0.000000000
2025-12-03 21:00:00+00:00,0.000000000
2025-12-03 22:00:00+00:00,0.000000000
2025-12-03 23:00:00+00:00,0.000000000
2025-12-04 00:00:00+00:00,0.000000000
2025-12-04 01:00:00+00:00,0.000000000
2025-12-04 02:00:00+00:00,0.000000000
2025-12-04 03:00:00+00:00,0.000000000
2025-12-04 04:00:00+00:00,0.000000000
2025-12-04 05:00:00+00:00,0.000000000
2025-12-04 06:00:00+00:00,0.000000000
2025-12-04 07:00:00+00:00,0.006537248
2025-12-04 08:00:00+00:00,0.152305918
2025-12-04 09:00:00+00:00,0.364409564
2025-12-04 10:00:00+00:00,0.558545615
2025-12-04 11:00:00+00:00,0.672852771
2025-12-04 12:00:00+00:00,0.672852771
2025-12-04 13:00:00+00:00,0.558545615
2025-12-04 14:00:00+00:00,0.364409564
2025-12-04 15:00:00+00:00,0.152305918
2025-12-04 16:00:00+00:00,0.006537248
2025-12-04 17:00:00+00:00,0.000000000
2025-12-04 18:00:00+00:00,0.000000000
2025-12-04 19:00:00+00:00,0.000000000
2025-12-04 20:00:00+00:00,0.000000000
2025-12-04 21:00:00+00:00,0.000000000
2025-12-04 22:00:00+00:00,0.000000000
2025-12-04 23:00:00+00:00,0.000000000
2025-12-05 00:00:00+00:00,0.000000000
2025-12-05 01:00:00+00:00,0.000000000
2025-12-05 02:00:00+00:00,0.000000000
2025-12-05 03:00:00+00:00,0.000000000
2025-12-05 04:00:00+00:00,0.000000000
2025-12-05 05:00:00+00:00,0.000000000
2025-12-05 06:00:00+00:00,0.000000000
2025-12-05 07:00:00+00:00,0.005800955
2025-12-05 08:00:00+00:00,0.145573732
2025-12-05 09:00:00+00:00,0.350075427
2025-12-05 10:00:00+00:00,0.537514007
2025-12-05 11:00:00+00:00,0.647943538
2025-12-05 12:00:00+00:00,0.647943538
2025-12-05 13:00:00+00:00,0.537514007
2025-12-05 14:00:00+00:00,0.350075427
2025-12-05 15:00:00+00:00,0.145573732
2025-12-05 16:00:00+00:00,0.005800955
2025-12-05 17:00:00+00:00,0.000000000
2025-12-05 18:00:00+00:00,0.000000000
2025-12-05 19:00:00+00:00,0.000000000
2025-12-05 20:00:00+00:00,0.000000000
2025-12-05 21:00:00+00:00,0.000000000
2025-12-05 22:00:00+00:00,0.000000000
2025-12-05 23:00:00+00:00,0.000000000
2025-12-06 00:00:00+00:00,0.000000000
2025-12-06 01:00:00+00:00,0.000000000
2025-12-06 02:00:00+00:00,0.000000000
2025-12-06 03:00:00+00:00,0.000000000
2025-12-06 04:00:00+00:00,0.000000000
2025-12-06 05:00:00+00:00,0.000000000
2025-12-06 06:00:00+00:00,0.000000000
2025-12-06 07:00:00+00:00,0.005097505
2025-12-06 08:00:00+00:00,0.137796886
2025-12-06 09:00:00+00:00,0.332979213
2025-12-06 10:00:00+00:00,0.512112272
2025-12-06 11:00:00+00:00,0.617708241
2025-12-06 12:00:00+00:00,0.617708241
2025-12-06 13:00:00+00:00,0.512112272
2025-12-06 14:00:00+00:00,0.332979213
2025-12-06 15:00:00+00:00,0.137796886
2025-12-06 16:00:00+00:00,0.005097505
2025-12-06 17:00:00+00:00,0.000000000
2025-12-06 18:00:00+00:00,0.000000000
2025-12-06 19:00:00+00:00,0.000000000
2025-12-06 20:00:00+00:00,0.000000000
2025-12-06 21:00:00+00:00,0.000000000
2025-12-06 22:00:00+00:00,0.000000000
2025-12-06 23:00:00+00:00,0.000000000
2025-12-07 00:00:00+00:00,0.000000000
2025-12-07 01:00:00+00:00,0.000000000
2025-12-07 02:00:00+00:00,0.000000000
2025-12-07 03:00:00+00:00,0.000000000
2025-12-07 04:00:00+00:00,0.000000000
2025-12-07 05:00:00+00:00,0.000000000
2025-12-07 06:00:00+00:00,0.000000000
2025-12-07 07:00:00+00:00,0.004526485
2025-12-07 08:00:00+00:00,0.131767021
2025-12-07 09:00:00+00:00,0.319868910
2025-12-07 10:00:00+00:00,0.492719007
2025-12-07 11:00:00+00:00,0.594665554
2025-12-07 12:00:00+00:00,0.594665554
2025-12-07 13:00:00+00:00,0.492719007
2025-12-07 14:00:00+00:00,0.319868910
2025-12-07 15:00:00+00:00,0.131767021
2025-12-07 16:00:00+00:00,0.004526485
2025-12-07 17:00:00+00:00,0.000000000
2025-12-07 18:00:00+00:00,0.000000000
2025-12-07 19:00:00+00:00,0.000000000
2025-12-07 20:00:00+00:00,0.000000000
2025-12-07 21:00:00+00:00,0.000000000
2025-12-07 22:00:00+00:00,0.000000000
2025-12-07 23:00:00+00:00,0.000000000
2025-12-08 00:00:00+00:00,0.000000000
2025-12-08 01:00:00+00:00,0.000000000
2025-12-08 02:00:00+00:00,0.000000000
2025-12-08 03:00:00+00:00,0.000000000
2025-12-08 04:00:00+00:00,0.000000000
2025-12-08 05:00:00+00:00,0.000000000
2025-12-08 06:00:00+00:00,0.000000000
2025-12-08 07:00:00+00:00,0.004407211
2025-12-08 08:00:00+00:00,0.138051412
2025-12-08 09:00:00+00:00,0.336571512
2025-12-08 10:00:00+00:00,0.519208677
2025-12-08 11:00:00+00:00,0.626981410
2025-12-08 12:00:00+00:00,0.626981410
2025-12-08 13:00:00+00:00,0.519208677
2025-12-08 14:00:00+00:00,0.336571512
2025-12-08 15:00:00+00:00,0.138051412
2025-12-08 16:00:00+00:00,0.004407211
2025-12-08 17:00:00+00:00,0.000000000
2025-12-08 18:00:00+00:00,0.000000000
2025-12-08 19:00:00+00:00,0.000000000
2025-12-08 20:00:00+00:00,0.000000000
2025-12-08 21:00:00+00:00,0.000000000
2025-12-08 22:00:00+00:00,0.000000000
2025-12-08 23:00:00+00:00,0.000000000
2025-12-09 00:00:00+00:00,0.000000000
2025-12-09 01:00:00+00:00,0.000000000
2025-12-09 02:00:00+00:00,0.000000000
2025-12-09 03:00:00+00:00,0.000000000
2025-12-09 04:00:00+00:00,0.000000000
2025-12-09 05:00:00+00:00,0.000000000
2025-12-09 06:00:00+00:00,0.000000000
2025-12-09 07:00:00+00:00,0.003277070
2025-12-09 08:00:00+00:00,0.110314939
2025-12-09 09:00:00+00:00,0.270035576
2025-12-09 10:00:00+00:00,0.417138013
2025-12-09 11:00:00+00:00,0.503982376
2025-12-09 12:00:00+00:00,0.503982376
2025-12-09 13:00:00+00:00,0.417138013
2025-12-09 14:00:00+00:00,0.270035576
2025-12-09 15:00:00+00:00,0.110314939
2025-12-09 16:00:00+00:00,0.003277070
2025-12-09 17:00:00+00:00,0.000000000
2025-12-09 18:00:00+00:00,0.000000000
2025-12-09 19:00:00+00:00,0.000000000
2025-12-09 20:00:00+00:00,0.000000000
2025-12-09 21:00:00+00:00,0.000000000
2025-12-09 22:00:00+00:00,0.000000000
2025-12-09 23:00:00+00:00,0.000000000
2025-12-10 00:00:00+00:00,0.000000000
2025-12-10 01:00:00+00:00,0.000000000
2025-12-10 02:00:00+00:00,0.000000000
2025-12-10 03:00:00+00:00,0.000000000
2025-12-10 04:00:00+00:00,0.000000000
2025-12-10 05:00:00+00:00,0.000000000
2025-12-10 06:00:00+00:00,0.000000000
2025-12-10 07:00:00+00:00,0.003610045
2025-12-10 08:00:00+00:00,0.130351726
2025-12-10 09:00:00+00:00,0.320278734
2025-12-10 10:00:00+00:00,0.495378160
2025-12-10 11:00:00+00:00,0.598795497
2025-12-10 12:00:00+00:00,0.598795497
2025-12-10 13:00:00+00:00,0.495378160
2025-12-10 14:00:00+00:00,0.320278734
2025-12-10 15:00:00+00:00,0.130351726
2025-12-10 16:00:00+00:00,0.003610045
2025-12-10 17:00:00+00:00,0.000000000
2025-12-10 18:00:00+00:00,0.000000000
2025-12-10 19:00:00+00:00,0.000000000
2025-12-10 20:00:00+00:00,0.000000000
2025-12-10 21:00:00+00:00,0.000000000
2025-12-10 22:00:00+00:00,0.000000000
2025-12-10 23:00:00+00:00,0.000000000
2025-12-11 00:00:00+00:00,0.000000000
2025-12-11 01:00:00+00:00,0.000000000
2025-12-11 02:00:00+00:00,0.000000000
2025-12-11 03:00:00+00:00,0.000000000
2025-12-11 04:00:00+00:00,0.000000000
2025-12-11 05:00:00+00:00,0.000000000
2025-12-11 06:00:00+00:00,0.000000000
2025-12-11 07:00:00+00:00,0.004128425
2025-12-11 08:00:00+00:00,0.159493709
2025-12-11 09:00:00+00:00,0.393232896
2025-12-11 10:00:00+00:00,0.608924272
2025-12-11 11:00:00+00:00,0.736366329
2025-12-11 12:00:00+00:00,0.736366329
2025-12-11 13:00:00+00:00,0.608924272
2025-12-11 14:00:00+00:00,0.393232896
2025-12-11 15:00:00+00:00,0.159493709
2025-12-11 16:00:00+00:00,0.004128425
2025-12-11 17:00:00+00:00,0.000000000
2025-12-11 18:00:00+00:00,0.000000000
2025-12-11 19:00:00+00:00,0.000000000
2025-12-11 20:00:00+00:00,0.000000000
2025-12-11 21:00:00+00:00,0.000000000
2025-12-11 22:00:00+00:00,0.000000000
2025-12-11 23:00:00+00:00,0.000000000
2025-12-12 00:00:00+00:00,0.000000000
2025-12-12 01:00:00+00:00,0.000000000
2025-12-12 02:00:00+00:00,0.000000000
2025-12-12 03:00:00+00:00,0.000000000
2025-12-12 04:00:00+00:00,0.000000000
2025-12-12 05:00:00+00:00,0.000000000
2025-12-12 06:00:00+00:00,0.000000000
2025-12-12 07:00:00+00:00,0.002623433
2025-12-12 08:00:00+00:00,0.108086828
2025-12-12 09:00:00+00:00,0.267325510
2025-12-12 10:00:00+00:00,0.414392879
2025-12-12 11:00:00+00:00,0.501319318
2025-12-12 12:00:00+00:00,0.501319318
2025-12-12 13:00:00+00:00,0.414392879
2025-12-12 14:00:00+00:00,0.267325510
2025-12-12 15:00:00+00:00,0.108086828
2025-12-12 16:00:00+00:00,0.002623433
2025-12-12 17:00:00+00:00,0.000000000
2025-12-12 18:00:00+00:00,0.000000000
2025-12-12 19:00:00+00:00,0.000000000
2025-12-12 20:00:00+00:00,0.000000000
2025-12-12 21:00:00+00:00,0.000000000
2025-12-12 22:00:00+00:00,0.000000000
2025-12-12 23:00:00+00:00,0.000000000
2025-12-13 00:00:00+00:00,0.000000000
2025-12-13 01:00:00+00:00,0.000000000
2025-12-13 02:00:00+00:00,0.000000000
2025-12-13 03:00:00+00:00,0.000000000
2025-12-13 04:00:00+00:00,0.000000000
2025-12-13 05:00:00+00:00,0.000000000
2025-12-13 06:00:00+00:00,0.000000000
2025-12-13 07:00:00+00:00,0.003315177
2025-12-13 08:00:00+00:00,0.145080729
2025-12-13 09:00:00+00:00,0.359833386
2025-12-13 10:00:00+00:00,0.558321851
2025-12-13 11:00:00+00:00,0.675679212
2025-12-13 12:00:00+00:00,0.675679212
2025-12-13 13:00:00+00:00,0.558321851
2025-12-13 14:00:00+00:00,0.359833386
2025-12-13 15:00:00+00:00,0.145080729
2025-12-13 16:00:00+00:00,0.003315177
2025-12-13 17:00:00+00:00,0.000000000
2025-12-13 18:00:00+00:00,0.000000000
2025-12-13 19:00:00+00:00,0.000000000
2025-12-13 20:00:00+00:00,0.000000000
2025-12-13 21:00:00+00:00,0.000000000
2025-12-13 22:00:00+00:00,0.000000000
2025-12-13 23:00:00+00:00,0.000000000
2025-12-14 00:00:00+00:00,0.000000000
2025-12-14 01:00:00+00:00,0.000000000
2025-12-14 02:00:00+00:00,0.000000000
2025-12-14 03:00:00+00:00,0.000000000
2025-12-14 04:00:00+00:00,0.000000000
2025-12-14 05:00:00+00:00,0.000000000
2025-12-14 06:00:00+00:00,0.000000000
2025-12-14 07:00:00+00:00,0.003146723
2025-12-14 08:00:00+00:00,0.145569821
2025-12-14 09:00:00+00:00,0.361948358
2025-12-14 10:00:00+00:00,0.562073499
2025-12-14 11:00:00+00:00,0.680432117
2025-12-14 12:00:00+00:00,0.680432117
2025-12-14 13:00:00+00:00,0.562073499
2025-12-14 14:00:00+00:00,0.361948358
2025-12-14 15:00:00+00:00,0.145569821
2025-12-14 16:00:00+00:00,0.003146723
2025-12-14 17:00:00+00:00,0.000000000
2025-12-14 18:00:00+00:00,0.000000000
2025-12-14 19:00:00+00:00,0.000000000
2025-12-14 20:00:00+00:00,0.000000000
2025-12-14 21:00:00+00:00,0.000000000
2025-12-14 22:00:00+00:00,0.000000000
2025-12-14 23:00:00+00:00,0.000000000
2025-12-15 00:00:00+00:00,0.000000000
2025-12-15 01:00:00+00:00,0.000000000
2025-12-15 02:00:00+00:00,0.000000000
2025-12-15 03:00:00+00:00,0.000000000
2025-12-15 04:00:00+00:00,0.000000000
2025-12-15 05:00:00+00:00,0.000000000
2025-12-15 06:00:00+00:00,0.000000000
2025-12-15 07:00:00+00:00,0.002829386
2025-12-15 08:00:00+00:00,0.137585426
2025-12-15 09:00:00+00:00,0.342837016
2025-12-15 10:00:00+00:00,0.532781154
2025-12-15 11:00:00+00:00,0.645146076
2025-12-15 12:00:00+00:00,0.645146076
2025-12-15 13:00:00+00:00,0.532781154
2025-12-15 14:00:00+00:00,0.342837016
2025-12-15 15:00:00+00:00,0.137585426
2025-12-15 16:00:00+00:00,0.002829386
2025-12-15 17:00:00+00:00,0.000000000
2025-12-15 18:00:00+00:00,0.000000000
2025-12-15 19:00:00+00:00,0.000000000
2025-12-15 20:00:00+00:00,0.000000000
2025-12-15 21:00:00+00:00,0.000000000
2025-12-15 22:00:00+00:00,0.000000000
2025-12-15 23:00:00+00:00,0.000000000
2025-12-16 00:00:00+00:00,0.000000000
2025-12-16 01:00:00+00:00,0.000000000
2025-12-16 02:00:00+00:00,0.000000000
2025-12-16 03:00:00+00:00,0.000000000
2025-12-16 04:00:00+00:00,0.000000000
2025-12-16 05:00:00+00:00,0.000000000
2025-12-16 06:00:00+00:00,0.000000000
2025-12-16 07:00:00+00:00,0.003210324
2025-12-16 08:00:00+00:00,0.163045540
2025-12-16 09:00:00+00:00,0.407022195
2025-12-16 10:00:00+00:00,0.632913817
2025-12-16 11:00:00+00:00,0.766571789
2025-12-16 12:00:00+00:00,0.766571789
2025-12-16 13:00:00+00:00,0.632913817
2025-12-16 14:00:00+00:00,0.407022195
2025-12-16 15:00:00+00:00,0.163045540
2025-12-16 16:00:00+00:00,0.003210324
2025-12-16 17:00:00+00:00,0.000000000
2025-12-16 18:00:00+00:00,0.000000000
2025-12-16 19:00:00+00:00,0.000000000
2025-12-16 20:00:00+00:00,0.000000000
2025-12-16 21:00:00+00:00,0.000000000
2025-12-16 22:00:00+00:00,0.000000000
2025-12-16 23:00:00+00:00,0.000000000
2025-12-17 00:00:00+00:00,0.000000000
2025-12-17 01:00:00+00:00,0.000000000
2025-12-17 02:00:00+00:00,0.000000000
2025-12-17 03:00:00+00:00,0.000000000
2025-12-17 04:00:00+00:00,0.000000000
2025-12-17 05:00:00+00:00,0.000000000
2025-12-17 06:00:00+00:00,0.000000000
2025-12-17 07:00:00+00:00,0.002689780
2025-12-17 08:00:00+00:00,0.141658854
2025-12-17 09:00:00+00:00,0.354159139
2025-12-17 10:00:00+00:00,0.550985828
2025-12-17 11:00:00+00:00,0.667465920
2025-12-17 12:00:00+00:00,0.667465920
2025-12-17 13:00:00+00:00,0.550985828
2025-12-17 14:00:00+00:00,0.354159139
2025-12-17 15:00:00+00:00,0.141658854
2025-12-17 16:00:00+00:00,0.002689780
2025-12-17 17:00:00+00:00,0.000000000
2025-12-17 18:00:00+00:00,0.000000000
2025-12-17 19:00:00+00:00,0.000000000
2025-12-17 20:00:00+00:00,0.000000000
2025-12-17 21:00:00+00:00,0.000000000
2025-12-17 22:00:00+00:00,0.000000000
2025-12-17 23:00:00+00:00,0.000000000
2025-12-18 00:00:00+00:00,0.000000000
2025-12-18 01:00:00+00:00,0.000000000
2025-12-18 02:00:00+00:00,0.000000000
2025-12-18 03:00:00+00:00,0.000000000
2025-12-18 04:00:00+00:00,0.000000000
2025-12-18 05:00:00+00:00,0.000000000
2025-12-18 06:00:00+00:00,0.000000000
2025-12-18 07:00:00+00:00,0.002658111
2025-12-18 08:00:00+00:00,0.144033774
2025-12-18 09:00:00+00:00,0.360507654
2025-12-18 10:00:00+00:00,0.561075976
2025-12-18 11:00:00+00:00,0.679785618
2025-12-18 12:00:00+00:00,0.679785618
2025-12-18 13:00:00+00:00,0.561075976
2025-12-18 14:00:00+00:00,0.360507654
2025-12-18 15:00:00+00:00,0.144033774
2025-12-18 16:00:00+00:00,0.002658111
2025-12-18 17:00:00+00:00,0.000000000
2025-12-18 18:00:00+00:00,0.000000000
2025-12-18 19:00:00+00:00,0.000000000
2025-12-18 20:00:00+00:00,0.000000000
2025-12-18 21:00:00+00:00,0.000000000
2025-12-18 22:00:00+00:00,0.000000000
2025-12-18 23:00:00+00:00,0.000000000
2025-12-19 00:00:00+00:00,0.000000000
2025-12-19 01:00:00+00:00,0.000000000
2025-12-19 02:00:00+00:00,0.000000000
2025-12-19 03:00:00+00:00,0.000000000
2025-12-19 04:00:00+00:00,0.000000000
2025-12-19 05:00:00+00:00,0.000000000
2025-12-19 06:00:00+00:00,0.000000000
2025-12-19 07:00:00+00:00,0.002243089
2025-12-19 08:00:00+00:00,0.124010995
2025-12-19 09:00:00+00:00,0.310637739
2025-12-19 10:00:00+00:00,0.483588528
2025-12-19 11:00:00+00:00,0.585961424
2025-12-19 12:00:00+00:00,0.585961424
2025-12-19 13:00:00+00:00,0.483588528
2025-12-19 14:00:00+00:00,0.310637739
2025-12-19 15:00:00+00:00,0.124010995
2025-12-19 16:00:00+00:00,0.002243089
2025-12-19 17:00:00+00:00,0.000000000
2025-12-19 18:00:00+00:00,0.000000000
2025-12-19 19:00:00+00:00,0.000000000
2025-12-19 20:00:00+00:00,0.000000000
2025-12-19 21:00:00+00:00,0.000000000
2025-12-19 22:00:00+00:00,0.000000000
2025-12-19 23:00:00+00:00,0.000000000
2025-12-20 00:00:00+00:00,0.000000000
2025-12-20 01:00:00+00:00,0.000000000
2025-12-20 02:00:00+00:00,0.000000000
2025-12-20 03:00:00+00:00,0.000000000
2025-12-20 04:00:00+00:00,0.000000000
2025-12-20 05:00:00+00:00,0.000000000
2025-12-20 06:00:00+00:00,0.000000000
2025-12-20 07:00:00+00:00,0.002469340
2025-12-20 08:00:00+00:00,0.138070038
2025-12-20 09:00:00+00:00,0.346006954
2025-12-20 10:00:00+00:00,0.538728978
2025-12-20 11:00:00+00:00,0.652810516
2025-12-20 12:00:00+00:00,0.652810516
2025-12-20 13:00:00+00:00,0.538728978
2025-12-20 14:00:00+00:00,0.346006954
2025-12-20 15:00:00+00:00,0.138070038
2025-12-20 16:00:00+00:00,0.002469340
2025-12-20 17:00:00+00:00,0.000000000
2025-12-20 18:00:00+00:00,0.000000000
2025-12-20 19:00:00+00:00,0.000000000
2025-12-20 20:00:00+00:00,0.000000000
2025-12-20 21:00:00+00:00,0.000000000
2025-12-20 22:00:00+00:00,0.000000000
2025-12-20 23:00:00+00:00,0.000000000
2025-12-21 00:00:00+00:00,0.000000000
2025-12-21 01:00:00+00:00,0.000000000
2025-12-21 02:00:00+00:00,0.000000000
2025-12-21 03:00:00+00:00,0.000000000
2025-12-21 04:00:00+00:00,0.000000000
2025-12-21 05:00:00+00:00,0.000000000
2025-12-21 06:00:00+00:00,0.000000000
2025-12-21 07:00:00+00:00,0.002569390
2025-12-21 08:00:00+00:00,0.143990790
2025-12-21 09:00:00+00:00,0.360876330
2025-12-21 10:00:00+00:00,0.561896932
2025-12-21 11:00:00+00:00,0.680891984
2025-12-21 12:00:00+00:00,0.680891984
2025-12-21 13:00:00+00:00,0.561896932
2025-12-21 14:00:00+00:00,0.360876330
2025-12-21 15:00:00+00:00,0.143990790
2025-12-21 16:00:00+00:00,0.002569390
2025-12-21 17:00:00+00:00,0.000000000
2025-12-21 18:00:00+00:00,0.000000000
2025-12-21 19:00:00+00:00,0.000000000
2025-12-21 20:00:00+00:00,0.000000000
2025-12-21 21:00:00+00:00,0.000000000
2025-12-21 22:00:00+00:00,0.000000000
2025-12-21 23:00:00+00:00,0.000000000
2025-12-22 00:00:00+00:00,0.000000000
2025-12-22 01:00:00+00:00,0.000000000
2025-12-22 02:00:00+00:00,0.000000000
2025-12-22 03:00:00+00:00,0.000000000
2025-12-22 04:00:00+00:00,0.000000000
2025-12-22 05:00:00+00:00,0.000000000
2025-12-22 06:00:00+00:00,0.000000000
2025-12-22 07:00:00+00:00,0.002736606
2025-12-22 08:00:00+00:00,0.152322347
2025-12-22 09:00:00+00:00,0.381656300
2025-12-22 10:00:00+00:00,0.594199721
2025-12-22 11:00:00+00:00,0.720012007
2025-12-22 12:00:00+00:00,0.720012007
2025-12-22 13:00:00+00:00,0.594199721
2025-12-22 14:00:00+00:00,0.381656300
2025-12-22 15:00:00+00:00,0.152322347
2025-12-22 16:00:00+00:00,0.002736606
2025-12-22 17:00:00+00:00,0.000000000
2025-12-22 18:00:00+00:00,0.000000000
2025-12-22 19:00:00+00:00,0.000000000
2025-12-22 20:00:00+00:00,0.000000000
2025-12-22 21:00:00+00:00,0.000000000
2025-12-22 22:00:00+00:00,0.000000000
2025-12-22 23:00:00+00:00,0.000000000
2025-12-23 00:00:00+00:00,0.000000000
2025-12-23 01:00:00+00:00,0.000000000
2025-12-23 02:00:00+00:00,0.000000000
2025-12-23 03:00:00+00:00,0.000000000
2025-12-23 04:00:00+00:00,0.000000000
2025-12-23 05:00:00+00:00,0.000000000
2025-12-23 06:00:00+00:00,0.000000000
2025-12-23 07:00:00+00:00,0.002900201
2025-12-23 08:00:00+00:00,0.158908965
2025-12-23 09:00:00+00:00,0.397914256
2025-12-23 10:00:00+00:00,0.619384483
2025-12-23 11:00:00+00:00,0.750471762
2025-12-23 12:00:00+00:00,0.750471762
2025-12-23 13:00:00+00:00,0.619384483
2025-12-23 14:00:00+00:00,0.397914256
2025-12-23 15:00:00+00:00,0.158908965
2025-12-23 16:00:00+00:00,0.002900201
2025-12-23 17:00:00+00:00,0.000000000
2025-12-23 18:00:00+00:00,0.000000000
2025-12-23 19:00:00+00:00,0.000000000
2025-12-23 20:00:00+00:00,0.000000000
2025-12-23 21:00:00+00:00,0.000000000
2025-12-23 22:00:00+00:00,0.000000000
2025-12-23 23:00:00+00:00,0.000000000
2025-12-24 00:00:00+00:00,0.000000000
2025-12-24 01:00:00+00:00,0.000000000
2025-12-24 02:00:00+00:00,0.000000000
2025-12-24 03:00:00+00:00,0.000000000
2025-12-24 04:00:00+00:00,0.000000000
2025-12-24 05:00:00+00:00,0.000000000
2025-12-24 06:00:00+00:00,0.000000000
2025-12-24 07:00:00+00:00,0.002700808
2025-12-24 08:00:00+00:00,0.144425670
2025-12-24 09:00:00+00:00,0.361298114
2025-12-24 10:00:00+00:00,0.562207433
2025-12-24 11:00:00+00:00,0.681111828
2025-12-24 12:00:00+00:00,0.681111828
2025-12-24 13:00:00+00:00,0.562207433
2025-12-24 14:00:00+00:00,0.361298114
2025-12-24 15:00:00+00:00,0.144425670
2025-12-24 16:00:00+00:00,0.002700808
2025-12-24 17:00:00+00:00,0.000000000
2025-12-24 18:00:00+00:00,0.000000000
2025-12-24 19:00:00+00:00,0.000000000
2025-12-24 20:00:00+00:00,0.000000000
2025-12-24 21:00:00+00:00,0.000000000
2025-12-24 22:00:00+00:00,0.000000000
2025-12-24 23:00:00+00:00,0.000000000
2025-12-25 00:00:00+00:00,0.000000000
2025-12-25 01:00:00+00:00,0.000000000
2025-12-25 02:00:00+00:00,0.000000000
2025-12-25 03:00:00+00:00,0.000000000
2025-12-25 04:00:00+00:00,0.000000000
2025-12-25 05:00:00+00:00,0.000000000
2025-12-25 06:00:00+00:00,0.000000000
2025-12-25 07:00:00+00:00,0.002699078
2025-12-25 08:00:00+00:00,0.139722735
2025-12-25 09:00:00+00:00,0.349074151
2025-12-25 10:00:00+00:00,0.542947930
2025-12-25 11:00:00+00:00,0.657671440
2025-12-25 12:00:00+00:00,0.657671440
2025-12-25 13:00:00+00:00,0.542947930
2025-12-25 14:00:00+00:00,0.349074151
2025-12-25 15:00:00+00:00,0.139722735
2025-12-25 16:00:00+00:00,0.002699078
2025-12-25 17:00:00+00:00,0.000000000
2025-12-25 18:00:00+00:00,0.000000000
2025-12-25 19:00:00+00:00,0.000000000
2025-12-25 20:00:00+00:00,0.000000000
2025-12-25 21:00:00+00:00,0.000000000
2025-12-25 22:00:00+00:00,0.000000000
2025-12-25 23:00:00+00:00,0.000000000
2025-12-26 00:00:00+00:00,0.000000000
2025-12-26 01:00:00+00:00,0.000000000
2025-12-26 02:00:00+00:00,0.000000000
2025-12-26 03:00:00+00:00,0.000000000
2025-12-26 04:00:00+00:00,0.000000000
2025-12-26 05:00:00+00:00,0.000000000
2025-12-26 06:00:00+00:00,0.000000000
2025-12-26 07:00:00+00:00,0.002089005
2025-12-26 08:00:00+00:00,0.103903259
2025-12-26 09:00:00+00:00,0.259155126
2025-12-26 10:00:00+00:00,0.402865260
2025-12-26 11:00:00+00:00,0.487888823
2025-12-26 12:00:00+00:00,0.487888823
2025-12-26 13:00:00+00:00,0.402865260
2025-12-26 14:00:00+00:00,0.259155126
2025-12-26 15:00:00+00:00,0.103903259
2025-12-26 16:00:00+00:00,0.002089005
2025-12-26 17:00:00+00:00,0.000000000
2025-12-26 18:00:00+00:00,0.000000000
2025-12-26 19:00:00+00:00,0.000000000
2025-12-26 20:00:00+00:00,0.000000000
2025-12-26 21:00:00+00:00,0.000000000
2025-12-26 22:00:00+00:00,0.000000000
2025-12-26 23:00:00+00:00,0.000000000
2025-12-27 00:00:00+00:00,0.000000000
2025-12-27 01:00:00+00:00,0.000000000
2025-12-27 02:00:00+00:00,0.000000000
2025-12-27 03:00:00+00:00,0.000000000
2025-12-27 04:00:00+00:00,0.000000000
2025-12-27 05:00:00+00:00,0.000000000
2025-12-27 06:00:00+00:00,0.000000000
2025-12-27 07:00:00+00:00,0.003148911
2025-12-27 08:00:00+00:00,0.149463172
2025-12-27 09:00:00+00:00,0.372046801
2025-12-27 10:00:00+00:00,0.577972966
2025-12-27 11:00:00+00:00,0.699777978
2025-12-27 12:00:00+00:00,0.699777978
2025-12-27 13:00:00+00:00,0.577972966
2025-12-27 14:00:00+00:00,0.372046801
2025-12-27 15:00:00+00:00,0.149463172
2025-12-27 16:00:00+00:00,0.003148911
2025-12-27 17:00:00+00:00,0.000000000
2025-12-27 18:00:00+00:00,0.000000000
2025-12-27 19:00:00+00:00,0.000000000
2025-12-27 20:00:00+00:00,0.000000000
2025-12-27 21:00:00+00:00,0.000000000
2025-12-27 22:00:00+00:00,0.000000000
2025-12-27 23:00:00+00:00,0.000000000
2025-12-28 00:00:00+00:00,0.000000000
2025-12-28 01:00:00+00:00,0.000000000
2025-12-28 02:00:00+00:00,0.000000000
2025-12-28 03:00:00+00:00,0.000000000
2025-12-28 04:00:00+00:00,0.000000000
2025-12-28 05:00:00+00:00,0.000000000
2025-12-28 06:00:00+00:00,0.000000000
2025-12-28 07:00:00+00:00,0.002869558
2025-12-28 08:00:00+00:00,0.129198101
2025-12-28 09:00:00+00:00,0.320853948
2025-12-28 10:00:00+00:00,0.498056101
2025-12-28 11:00:00+00:00,0.602843170
2025-12-28 12:00:00+00:00,0.602843170
2025-12-28 13:00:00+00:00,0.498056101
2025-12-28 14:00:00+00:00,0.320853948
2025-12-28 15:00:00+00:00,0.129198101
2025-12-28 16:00:00+00:00,0.002869558
2025-12-28 17:00:00+00:00,0.000000000
2025-12-28 18:00:00+00:00,0.000000000
2025-12-28 19:00:00+00:00,0.000000000
2025-12-28 20:00:00+00:00,0.000000000
2025-12-28 21:00:00+00:00,0.000000000
2025-12-28 22:00:00+00:00,0.000000000
2025-12-28 23:00:00+00:00,0.000000000
2025-12-29 00:00:00+00:00,0.000000000
2025-12-29 01:00:00+00:00,0.000000000
2025-12-29 02:00:00+00:00,0.000000000
2025-12-29 03:00:00+00:00,0.000000000
2025-12-29 04:00:00+00:00,0.000000000
2025-12-29 05:00:00+00:00,0.000000000
2025-12-29 06:00:00+00:00,0.000000000
2025-12-29 07:00:00+00:00,0.003882374
2025-12-29 08:00:00+00:00,0.164945177
2025-12-29 09:00:00+00:00,0.408541963
2025-12-29 10:00:00+00:00,0.633607257
2025-12-29 11:00:00+00:00,0.766657560
2025-12-29 12:00:00+00:00,0.766657560
2025-12-29 13:00:00+00:00,0.633607257
2025-12-29 14:00:00+00:00,0.408541963
2025-12-29 15:00:00+00:00,0.164945177
2025-12-29 16:00:00+00:00,0.003882374
2025-12-29 17:00:00+00:00,0.000000000
2025-12-29 18:00:00+00:00,0.000000000
2025-12-29 19:00:00+00:00,0.000000000
2025-12-29 20:00:00+00:00,0.000000000
2025-12-29 21:00:00+00:00,0.000000000
2025-12-29 22:00:00+00:00,0.000000000
2025-12-29 23:00:00+00:00,0.000000000
2025-12-30 00:00:00+00:00,0.000000000
2025-12-30 01:00:00+00:00,0.000000000
2025-12-30 02:00:00+00:00,0.000000000
2025-12-30 03:00:00+00:00,0.000000000
2025-12-30 04:00:00+00:00,0.000000000
2025-12-30 05:00:00+00:00,0.000000000
2025-12-30 06:00:00+00:00,0.000000000
2025-12-30 07:00:00+00:00,0.003835464
2025-12-30 08:00:00+00:00,0.153089571
2025-12-30 09:00:00+00:00,0.378050225
2025-12-30 10:00:00+00:00,0.585730720
2025-12-30 11:00:00+00:00,0.708462061
2025-12-30 12:00:00+00:00,0.708462061
2025-12-30 13:00:00+00:00,0.585730720
2025-12-30 14:00:00+00:00,0.378050225
2025-12-30 15:00:00+00:00,0.153089571
2025-12-30 16:00:00+00:00,0.003835464
2025-12-30 17:00:00+00:00,0.000000000
2025-12-30 18:00:00+00:00,0.000000000
2025-12-30 19:00:00+00:00,0.000000000
2025-12-30 20:00:00+00:00,0.000000000
2025-12-30 21:00:00+00:00,0.000000000
2025-12-30 22:00:00+00:00,0.000000000
2025-12-30 23:00:00+00:00,0.000000000
2025-12-31 00:00:00+00:00,0.000000000
2025-12-31 01:00:00+00:00,0.000000000
2025-12-31 02:00:00+00:00,0.000000000
2025-12-31 03:00:00+00:00,0.000000000
2025-12-31 04:00:00+00:00,0.000000000
2025-12-31 05:00:00+00:00,0.000000000
2025-12-31 06:00:00+00:00,0.000000000
2025-12-31 07:00:00+00:00,0.004372977
2025-12-31 08:00:00+00:00,0.163386158
2025-12-31 09:00:00+00:00,0.402152270
2025-12-31 10:00:00+00:00,0.622382461
2025-12-31 11:00:00+00:00,0.752481209
2025-12-31 12:00:00+00:00,0.752481209
2025-12-31 13:00:00+00:00,0.622382461
2025-12-31 14:00:00+00:00,0.402152270
2025-12-31 15:00:00+00:00,0.163386158
2025-12-31 16:00:00+00:00,0.004372977
2025-12-31 17:00:00+00:00,0.000000000
2025-12-31 18:00:00+00:00,0.000000000
2025-12-31 19:00:00+00:00,0.000000000
2025-12-31 20:00:00+00:00,0.000000000
2025-12-31 21:00:00+00:00,0.000000000
2025-12-31 22:00:00+00:00,0.000000000
2025-12-31 23:00:00+00:00,0.000000000
